# Blender v2.79 (sub 0) OBJ File: 'aHatsuneMikuDivaBlank.blend'
# www.blender.org
mtllib goblin.mtl
o goblin
v 0.342045 1.236176 0.020596
v 0.299559 1.414045 -0.010223
v 0.240846 1.436282 0.229439
v -0.355222 1.053405 -0.140815
v -0.356250 0.964948 -0.140553
v -0.415766 1.052896 0.034776
v -0.415766 1.052896 0.034776
v -0.410259 0.956280 0.028219
v -0.346207 1.049424 0.224789
v -0.370193 1.236175 0.020596
v -0.329600 1.414045 -0.010223
v -0.321768 1.227613 -0.140809
v 0.281444 1.043117 0.329997
v 0.313608 1.122822 0.343334
v 0.290143 1.042250 0.364182
v -0.172385 1.042952 -0.246164
v -0.012293 1.029363 -0.289566
v -0.173864 0.933888 -0.257930
v -0.013011 1.064260 0.412102
v 0.171136 1.054258 0.383624
v -0.013011 1.251575 0.417541
v 0.145552 0.933888 -0.257939
v 0.147853 1.042952 -0.246144
v 0.327850 0.964949 -0.140473
v -0.014003 1.208515 -0.191818
v -0.015162 1.389286 -0.201263
v 0.151559 1.211001 -0.191388
v -0.321768 1.227613 -0.140809
v -0.288777 1.397592 -0.131691
v -0.179661 1.211002 -0.191389
v -0.014003 1.262179 0.384489
v -0.015163 1.467779 0.343293
v -0.191683 1.242929 0.325773
v -0.410858 1.265584 -0.202437
v -0.347695 1.203983 -0.144625
v -0.466875 1.288079 0.028480
v -0.179566 1.198240 -0.196673
v -0.347695 1.203983 -0.144625
v -0.212288 1.258658 -0.263010
v -0.013010 1.189355 -0.231408
v -0.179566 1.198240 -0.196673
v -0.012908 1.247946 -0.304885
v 0.186373 1.258658 -0.263009
v 0.153452 1.198239 -0.196672
v -0.012908 1.247946 -0.304885
v 0.385040 1.265585 -0.202920
v 0.321578 1.203984 -0.145085
v 0.186373 1.258658 -0.263009
v 0.370328 1.222647 0.034774
v 0.321578 1.203984 -0.145085
v 0.441168 1.288079 0.028480
v 0.290602 1.230002 0.238884
v 0.370328 1.222647 0.034774
v 0.349370 1.296945 0.273564
v 0.203141 1.307665 0.418602
v 0.166284 1.238892 0.359195
v 0.349370 1.296945 0.273564
v -0.013011 1.250491 0.391426
v 0.166284 1.238892 0.359195
v -0.012909 1.321648 0.457457
v -0.228959 1.307665 0.418600
v -0.192314 1.238892 0.359194
v -0.012909 1.321648 0.457457
v -0.316696 1.230001 0.238884
v -0.192314 1.238892 0.359194
v -0.375216 1.296944 0.273564
v -0.466875 1.288079 0.028480
v -0.396392 1.222646 0.034776
v -0.375216 1.296944 0.273564
v -0.370193 1.236175 0.020596
v -0.321768 1.227613 -0.140809
v -0.434187 1.312940 0.010770
v -0.296875 1.239952 0.241590
v -0.370193 1.236175 0.020596
v -0.351299 1.317493 0.277350
v -0.191683 1.242929 0.325773
v -0.296875 1.239952 0.241590
v -0.227967 1.321082 0.378834
v -0.014105 1.344289 0.489574
v -0.014003 1.262179 0.384489
v -0.227967 1.321082 0.378834
v 0.163644 1.242929 0.325774
v -0.014003 1.262179 0.384489
v 0.199748 1.321082 0.378835
v 0.323039 1.317494 0.277350
v 0.268760 1.239953 0.241590
v 0.199748 1.321082 0.378835
v 0.405974 1.312941 0.010770
v 0.342045 1.236176 0.020596
v 0.323039 1.317494 0.277350
v 0.351115 1.302621 -0.197791
v 0.293617 1.227614 -0.140809
v 0.405974 1.312941 0.010770
v 0.151559 1.211001 -0.191388
v 0.293617 1.227614 -0.140809
v 0.183903 1.282592 -0.256116
v -0.014003 1.208515 -0.191818
v 0.151559 1.211001 -0.191388
v -0.014104 1.279596 -0.294962
v -0.212178 1.282592 -0.256117
v -0.179661 1.211002 -0.191389
v -0.014104 1.279596 -0.294962
v -0.379377 1.302620 -0.197791
v -0.321768 1.227613 -0.140809
v -0.212178 1.282592 -0.256117
v -0.012908 1.247946 -0.304885
v -0.212288 1.258658 -0.263010
v -0.014104 1.279596 -0.294962
v -0.379377 1.302620 -0.197791
v -0.410858 1.265584 -0.202437
v -0.434187 1.312940 0.010770
v -0.375216 1.296944 0.273564
v -0.228959 1.307665 0.418600
v -0.351299 1.317493 0.277350
v -0.227967 1.321082 0.378834
v -0.228959 1.307665 0.418600
v -0.014105 1.344289 0.489574
v -0.466875 1.288079 0.028480
v -0.375216 1.296944 0.273564
v -0.434187 1.312940 0.010770
v -0.212178 1.282592 -0.256117
v -0.212288 1.258658 -0.263010
v -0.379377 1.302620 -0.197791
v 0.385040 1.265585 -0.202920
v 0.186373 1.258658 -0.263009
v 0.351115 1.302621 -0.197791
v 0.183903 1.282592 -0.256116
v 0.186373 1.258658 -0.263009
v -0.014104 1.279596 -0.294962
v 0.323039 1.317494 0.277350
v 0.349370 1.296945 0.273564
v 0.405974 1.312941 0.010770
v 0.441168 1.288079 0.028480
v 0.385040 1.265585 -0.202920
v 0.405974 1.312941 0.010770
v 0.199748 1.321082 0.378835
v 0.203141 1.307665 0.418602
v 0.323039 1.317494 0.277350
v 0.349370 1.296945 0.273564
v 0.323039 1.317494 0.277350
v 0.203141 1.307665 0.418602
v 0.351115 1.302621 -0.197791
v 0.405974 1.312941 0.010770
v 0.385040 1.265585 -0.202920
v 0.441168 1.288079 0.028480
v 0.405974 1.312941 0.010770
v 0.349370 1.296945 0.273564
v -0.012908 1.247946 -0.304885
v -0.014104 1.279596 -0.294962
v 0.186373 1.258658 -0.263009
v 0.183903 1.282592 -0.256116
v 0.351115 1.302621 -0.197791
v 0.186373 1.258658 -0.263009
v -0.410858 1.265584 -0.202437
v -0.379377 1.302620 -0.197791
v -0.212288 1.258658 -0.263010
v -0.351299 1.317493 0.277350
v -0.434187 1.312940 0.010770
v -0.375216 1.296944 0.273564
v -0.012909 1.321648 0.457457
v -0.014105 1.344289 0.489574
v -0.228959 1.307665 0.418600
v -0.227967 1.321082 0.378834
v -0.351299 1.317493 0.277350
v -0.228959 1.307665 0.418600
v -0.466875 1.288079 0.028480
v -0.434187 1.312940 0.010770
v -0.410858 1.265584 -0.202437
v -0.014104 1.279596 -0.294962
v -0.212288 1.258658 -0.263010
v -0.212178 1.282592 -0.256117
v -0.212178 1.282592 -0.256117
v -0.321768 1.227613 -0.140809
v -0.179661 1.211002 -0.191389
v -0.014104 1.279596 -0.294962
v -0.179661 1.211002 -0.191389
v -0.014003 1.208515 -0.191818
v 0.183903 1.282592 -0.256116
v -0.014104 1.279596 -0.294962
v 0.151559 1.211001 -0.191388
v 0.351115 1.302621 -0.197791
v 0.183903 1.282592 -0.256116
v 0.293617 1.227614 -0.140809
v 0.405974 1.312941 0.010770
v 0.293617 1.227614 -0.140809
v 0.342045 1.236176 0.020596
v 0.323039 1.317494 0.277350
v 0.342045 1.236176 0.020596
v 0.268760 1.239953 0.241590
v 0.199748 1.321082 0.378835
v 0.268760 1.239953 0.241590
v 0.163644 1.242929 0.325774
v -0.014105 1.344289 0.489574
v 0.199748 1.321082 0.378835
v -0.014003 1.262179 0.384489
v -0.227967 1.321082 0.378834
v -0.014003 1.262179 0.384489
v -0.191683 1.242929 0.325773
v -0.351299 1.317493 0.277350
v -0.227967 1.321082 0.378834
v -0.296875 1.239952 0.241590
v -0.434187 1.312940 0.010770
v -0.351299 1.317493 0.277350
v -0.370193 1.236175 0.020596
v -0.379377 1.302620 -0.197791
v -0.434187 1.312940 0.010770
v -0.321768 1.227613 -0.140809
v -0.375216 1.296944 0.273564
v -0.396392 1.222646 0.034776
v -0.316696 1.230001 0.238884
v -0.228959 1.307665 0.418600
v -0.375216 1.296944 0.273564
v -0.192314 1.238892 0.359194
v -0.012909 1.321648 0.457457
v -0.192314 1.238892 0.359194
v -0.013011 1.250491 0.391426
v 0.203141 1.307665 0.418602
v -0.012909 1.321648 0.457457
v 0.166284 1.238892 0.359195
v 0.349370 1.296945 0.273564
v 0.166284 1.238892 0.359195
v 0.290602 1.230002 0.238884
v 0.441168 1.288079 0.028480
v 0.349370 1.296945 0.273564
v 0.370328 1.222647 0.034774
v 0.385040 1.265585 -0.202920
v 0.441168 1.288079 0.028480
v 0.321578 1.203984 -0.145085
v 0.186373 1.258658 -0.263009
v 0.321578 1.203984 -0.145085
v 0.153452 1.198239 -0.196672
v -0.012908 1.247946 -0.304885
v 0.153452 1.198239 -0.196672
v -0.013010 1.189355 -0.231408
v -0.212288 1.258658 -0.263010
v -0.012908 1.247946 -0.304885
v -0.179566 1.198240 -0.196673
v -0.410858 1.265584 -0.202437
v -0.212288 1.258658 -0.263010
v -0.347695 1.203983 -0.144625
v -0.466875 1.288079 0.028480
v -0.347695 1.203983 -0.144625
v -0.396392 1.222646 0.034776
v 0.147853 1.042952 -0.246144
v 0.329237 1.053406 -0.140815
v 0.327850 0.964949 -0.140473
v 0.175150 1.238183 0.394342
v -0.013011 1.251575 0.417541
v 0.171136 1.054258 0.383624
v -0.173864 0.933888 -0.257930
v -0.012293 1.029363 -0.289566
v -0.014142 0.900333 -0.310558
v 0.321615 1.121943 0.377995
v 0.290143 1.042250 0.364182
v 0.313608 1.122822 0.343334
v -0.321768 1.227613 -0.140809
v -0.329600 1.414045 -0.010223
v -0.288777 1.397592 -0.131691
v -0.359234 0.935833 0.213189
v -0.346207 1.049424 0.224789
v -0.410259 0.956280 0.028219
v -0.410259 0.956280 0.028219
v -0.415766 1.052896 0.034776
v -0.356250 0.964948 -0.140553
v 0.268760 1.239953 0.241590
v 0.342045 1.236176 0.020596
v 0.240846 1.436282 0.229439
v 0.329237 1.053406 -0.140815
v 0.389738 1.052897 0.034774
v 0.327850 0.964949 -0.140473
v 0.381852 0.956281 0.028219
v 0.389738 1.052897 0.034774
v 0.320183 1.049425 0.224789
v -0.013011 1.251575 0.417541
v -0.192314 1.238892 0.359194
v -0.013011 1.064260 0.412102
v 0.320183 1.049425 0.224789
v 0.290602 1.230002 0.238884
v 0.161492 1.054947 0.349428
v 0.330844 0.935834 0.213189
v 0.320183 1.049425 0.224789
v 0.184867 0.923682 0.311471
v -0.396392 1.222646 0.034776
v -0.415766 1.052896 0.034776
v -0.316696 1.230001 0.238884
v 0.389738 1.052897 0.034774
v 0.370328 1.222647 0.034774
v 0.290602 1.230002 0.238884
v 0.321578 1.203984 -0.145085
v 0.370328 1.222647 0.034774
v 0.329237 1.053406 -0.140815
v -0.012293 1.029363 -0.289566
v -0.013010 1.189355 -0.231408
v 0.147853 1.042952 -0.246144
v 0.147853 1.042952 -0.246144
v 0.145552 0.933888 -0.257939
v -0.012293 1.029363 -0.289566
v -0.355222 1.053405 -0.140815
v -0.179566 1.198240 -0.196673
v -0.172385 1.042952 -0.246164
v -0.172385 1.042952 -0.246164
v -0.173864 0.933888 -0.257930
v -0.356250 0.964948 -0.140553
v -0.415766 1.052896 0.034776
v -0.396392 1.222646 0.034776
v -0.355222 1.053405 -0.140815
v -0.013011 1.251575 0.417541
v -0.013011 1.250491 0.391426
v -0.192314 1.238892 0.359194
v -0.187515 1.054948 0.349427
v -0.192314 1.238892 0.359194
v -0.316696 1.230001 0.238884
v -0.014003 1.262179 0.384489
v 0.163644 1.242929 0.325774
v -0.015163 1.467779 0.343293
v 0.166284 1.238892 0.359195
v 0.313608 1.122822 0.343334
v 0.161492 1.054947 0.349428
v -0.213192 0.923682 0.311470
v -0.187515 1.054948 0.349427
v -0.346207 1.049424 0.224789
v -0.014141 0.895976 0.335287
v -0.187515 1.054948 0.349427
v -0.213192 0.923682 0.311470
v -0.014141 0.895976 0.335287
v 0.161492 1.054947 0.349428
v -0.013011 1.060946 0.390338
v -0.014003 1.208515 -0.191818
v -0.179661 1.211002 -0.191389
v -0.015162 1.389286 -0.201263
v -0.012293 1.029363 -0.289566
v -0.172385 1.042952 -0.246164
v -0.013010 1.189355 -0.231408
v 0.329237 1.053406 -0.140815
v 0.153452 1.198239 -0.196672
v 0.321578 1.203984 -0.145085
v 0.293617 1.227614 -0.140809
v 0.151559 1.211001 -0.191388
v 0.258750 1.397592 -0.131490
v -0.013011 1.251575 0.417541
v 0.166284 1.238892 0.359195
v -0.013011 1.250491 0.391426
v -0.013011 1.064260 0.412102
v -0.013011 1.060946 0.390338
v 0.161492 1.054947 0.349428
v 0.171136 1.054258 0.383624
v 0.321615 1.121943 0.377995
v 0.175150 1.238183 0.394342
v 0.281444 1.043117 0.329997
v 0.171136 1.054258 0.383624
v 0.161492 1.054947 0.349428
v 0.292999 1.202759 0.373467
v 0.175150 1.238183 0.394342
v 0.321615 1.121943 0.377995
v 0.284662 1.203649 0.338331
v 0.166284 1.238892 0.359195
v 0.175150 1.238183 0.394342
v 0.281444 1.043117 0.329997
v 0.161492 1.054947 0.349428
v 0.313608 1.122822 0.343334
v 0.290143 1.042250 0.364182
v 0.321615 1.121943 0.377995
v 0.171136 1.054258 0.383624
v 0.284662 1.203649 0.338331
v 0.313608 1.122822 0.343334
v 0.166284 1.238892 0.359195
v 0.321615 1.121943 0.377995
v 0.313608 1.122822 0.343334
v 0.292999 1.202759 0.373467
v 0.199748 1.321082 0.378835
v -0.014105 1.344289 0.489574
v 0.203141 1.307665 0.418602
v -0.013011 1.064260 0.412102
v -0.187515 1.054948 0.349427
v -0.013011 1.060946 0.390338
v -0.356250 0.964948 -0.140553
v -0.343061 0.823660 -0.118068
v -0.410259 0.956280 0.028219
v 0.184867 0.923682 0.311471
v 0.161492 1.054947 0.349428
v -0.014141 0.895976 0.335287
v -0.013011 1.060946 0.390338
v -0.187515 1.054948 0.349427
v -0.014141 0.895976 0.335287
v -0.359234 0.935833 0.213189
v -0.213192 0.923682 0.311470
v -0.346207 1.049424 0.224789
v -0.346207 1.049424 0.224789
v -0.187515 1.054948 0.349427
v -0.316696 1.230001 0.238884
v -0.014142 0.734787 0.035856
v -0.014142 0.730075 0.218862
v -0.083767 0.734787 0.035856
v -0.140865 0.762904 -0.215136
v -0.014141 0.778993 -0.214152
v -0.083767 0.734787 0.035856
v -0.213192 0.923682 0.311470
v -0.359234 0.935833 0.213189
v -0.233243 0.823238 0.234693
v -0.233243 0.823238 0.234693
v -0.354562 0.832822 0.154509
v -0.267539 0.698803 0.109873
v -0.347695 1.203983 -0.144625
v -0.355222 1.053405 -0.140815
v -0.396392 1.222646 0.034776
v -0.355222 1.053405 -0.140815
v -0.172385 1.042952 -0.246164
v -0.356250 0.964948 -0.140553
v -0.347695 1.203983 -0.144625
v -0.179566 1.198240 -0.196673
v -0.355222 1.053405 -0.140815
v -0.014142 0.900333 -0.310558
v -0.012293 1.029363 -0.289566
v 0.145552 0.933888 -0.257939
v 0.153452 1.198239 -0.196672
v 0.147853 1.042952 -0.246144
v -0.013010 1.189355 -0.231408
v 0.389738 1.052897 0.034774
v 0.329237 1.053406 -0.140815
v 0.370328 1.222647 0.034774
v 0.320183 1.049425 0.224789
v 0.389738 1.052897 0.034774
v 0.290602 1.230002 0.238884
v -0.346207 1.049424 0.224789
v -0.316696 1.230001 0.238884
v -0.415766 1.052896 0.034776
v 0.161492 1.054947 0.349428
v 0.184867 0.923682 0.311471
v 0.320183 1.049425 0.224789
v 0.166284 1.238892 0.359195
v 0.161492 1.054947 0.349428
v 0.290602 1.230002 0.238884
v -0.187515 1.054948 0.349427
v -0.013011 1.064260 0.412102
v -0.192314 1.238892 0.359194
v 0.330844 0.935834 0.213189
v 0.381852 0.956281 0.028219
v 0.320183 1.049425 0.224789
v 0.381852 0.956281 0.028219
v 0.327850 0.964949 -0.140473
v 0.389738 1.052897 0.034774
v -0.218051 0.811820 -0.233605
v -0.343061 0.823660 -0.118068
v -0.173864 0.933888 -0.257930
v -0.121802 0.730075 0.218861
v -0.014141 0.895976 0.335287
v -0.233243 0.823238 0.234693
v -0.359234 0.935833 0.213189
v -0.410259 0.956280 0.028219
v -0.354562 0.832822 0.154509
v -0.140865 0.762904 -0.215136
v -0.083767 0.734787 0.035856
v -0.190427 0.711788 -0.078557
v -0.354562 0.832822 0.154509
v -0.396672 0.839876 0.003594
v -0.334521 0.709359 0.069869
v -0.121802 0.730075 0.218861
v -0.233243 0.823238 0.234693
v -0.197811 0.694908 0.084378
v -0.140865 0.762904 -0.215136
v -0.218051 0.811820 -0.233605
v -0.014142 0.900333 -0.310558
v -0.233243 0.823238 0.234693
v -0.267539 0.698803 0.109873
v -0.197811 0.694908 0.084378
v -0.396672 0.839876 0.003594
v -0.358083 0.719783 -0.007482
v -0.334521 0.709359 0.069869
v -0.218051 0.811820 -0.233605
v -0.255428 0.721463 -0.111874
v -0.343061 0.823660 -0.118068
v -0.083767 0.734787 0.035856
v -0.166380 0.700552 0.004363
v -0.190427 0.711788 -0.078557
v -0.014142 0.730075 0.218862
v -0.014141 0.895976 0.335287
v -0.121802 0.730075 0.218861
v -0.354562 0.832822 0.154509
v -0.410259 0.956280 0.028219
v -0.396672 0.839876 0.003594
v -0.014141 0.895976 0.335287
v -0.213192 0.923682 0.311470
v -0.233243 0.823238 0.234693
v -0.140865 0.762904 -0.215136
v -0.014142 0.900333 -0.310558
v -0.014141 0.778993 -0.214152
v -0.356250 0.964948 -0.140553
v -0.173864 0.933888 -0.257930
v -0.343061 0.823660 -0.118068
v -0.354562 0.832822 0.154509
v -0.233243 0.823238 0.234693
v -0.359234 0.935833 0.213189
v -0.014142 0.900333 -0.310558
v -0.218051 0.811820 -0.233605
v -0.173864 0.933888 -0.257930
v -0.083767 0.734787 0.035856
v -0.014141 0.778993 -0.214152
v -0.014142 0.734787 0.035856
v -0.121802 0.730075 0.218861
v -0.083767 0.734787 0.035856
v -0.014142 0.730075 0.218862
v -0.396672 0.839876 0.003594
v -0.410259 0.956280 0.028219
v -0.343061 0.823660 -0.118068
v -0.012909 1.321648 0.457457
v 0.203141 1.307665 0.418602
v -0.014105 1.344289 0.489574
v 0.284662 1.203649 0.338331
v 0.292999 1.202759 0.373467
v 0.313608 1.122822 0.343334
v 0.292999 1.202759 0.373467
v 0.284662 1.203649 0.338331
v 0.175150 1.238183 0.394342
v 0.290143 1.042250 0.364182
v 0.171136 1.054258 0.383624
v 0.281444 1.043117 0.329997
v 0.171136 1.054258 0.383624
v -0.013011 1.064260 0.412102
v 0.161492 1.054947 0.349428
v 0.175150 1.238183 0.394342
v 0.166284 1.238892 0.359195
v -0.013011 1.251575 0.417541
v 0.330844 0.935834 0.213189
v 0.323681 0.832823 0.154509
v 0.381852 0.956281 0.028219
v 0.147853 1.042952 -0.246144
v 0.153452 1.198239 -0.196672
v 0.329237 1.053406 -0.140815
v -0.179566 1.198240 -0.196673
v -0.013010 1.189355 -0.231408
v -0.172385 1.042952 -0.246164
v -0.014142 0.734787 0.035856
v -0.014141 0.778993 -0.214152
v 0.053059 0.734787 0.035856
v 0.091097 0.730075 0.218862
v -0.014142 0.730075 0.218862
v 0.053059 0.734787 0.035856
v 0.187295 0.811820 -0.233604
v 0.145552 0.933888 -0.257939
v 0.312168 0.823661 -0.118068
v 0.187295 0.811820 -0.233604
v 0.312168 0.823661 -0.118068
v 0.220675 0.721604 -0.113509
v 0.184867 0.923682 0.311471
v -0.014141 0.895976 0.335287
v 0.202429 0.823237 0.234695
v 0.323681 0.832823 0.154509
v 0.330844 0.935834 0.213189
v 0.202429 0.823237 0.234695
v 0.327850 0.964949 -0.140473
v 0.381852 0.956281 0.028219
v 0.312168 0.823661 -0.118068
v 0.110161 0.762904 -0.215135
v 0.187295 0.811820 -0.233604
v 0.155254 0.711856 -0.079341
v 0.312168 0.823661 -0.118068
v 0.365820 0.839877 0.003594
v 0.290211 0.724721 -0.082883
v 0.091097 0.730075 0.218862
v 0.053059 0.734787 0.035856
v 0.162729 0.694914 0.084323
v 0.145552 0.933888 -0.257939
v 0.187295 0.811820 -0.233604
v -0.014142 0.900333 -0.310558
v 0.053059 0.734787 0.035856
v 0.131037 0.700570 0.004149
v 0.162729 0.694914 0.084323
v 0.202429 0.823237 0.234695
v 0.232836 0.698823 0.109659
v 0.323681 0.832823 0.154509
v 0.365820 0.839877 0.003594
v 0.323687 0.719925 -0.009117
v 0.290211 0.724721 -0.082883
v 0.187295 0.811820 -0.233604
v 0.220675 0.721604 -0.113509
v 0.155254 0.711856 -0.079341
v 0.312168 0.823661 -0.118068
v 0.381852 0.956281 0.028219
v 0.365820 0.839877 0.003594
v 0.110161 0.762904 -0.215135
v -0.014142 0.900333 -0.310558
v 0.187295 0.811820 -0.233604
v -0.014141 0.895976 0.335287
v -0.014142 0.730075 0.218862
v 0.091097 0.730075 0.218862
v 0.330844 0.935834 0.213189
v 0.184867 0.923682 0.311471
v 0.202429 0.823237 0.234695
v 0.091097 0.730075 0.218862
v 0.202429 0.823237 0.234695
v -0.014141 0.895976 0.335287
v 0.327850 0.964949 -0.140473
v 0.312168 0.823661 -0.118068
v 0.145552 0.933888 -0.257939
v -0.014142 0.730075 0.218862
v -0.014142 0.734787 0.035856
v 0.053059 0.734787 0.035856
v 0.053059 0.734787 0.035856
v -0.014141 0.778993 -0.214152
v 0.110161 0.762904 -0.215135
v 0.365820 0.839877 0.003594
v 0.381852 0.956281 0.028219
v 0.323681 0.832823 0.154509
v 0.110161 0.762904 -0.215135
v -0.014141 0.778993 -0.214152
v -0.014142 0.900333 -0.310558
v 0.071684 1.838831 0.097508
v 0.102099 1.881884 0.038548
v 0.044051 1.926131 0.104607
v 0.092948 1.933410 -0.052143
v -0.015162 1.985273 -0.110036
v 0.063980 2.015080 -0.046492
v 0.102099 1.881884 0.038548
v 0.092948 1.933410 -0.052143
v 0.083967 1.990343 0.033522
v -0.101678 1.838831 0.097508
v -0.015163 1.797889 0.139070
v -0.073161 1.926131 0.104607
v 0.179078 1.625562 0.195187
v -0.015163 1.641305 0.249782
v -0.015163 1.467779 0.343293
v 0.071684 1.838831 0.097508
v 0.044051 1.926131 0.104607
v -0.015163 1.797889 0.139070
v -0.015163 1.797889 0.139070
v -0.015163 1.919141 0.144628
v -0.073161 1.926131 0.104607
v -0.130896 1.881990 0.038548
v -0.112879 1.990405 0.033513
v -0.121748 1.933657 -0.052143
v 0.092948 1.933410 -0.052143
v 0.063980 2.015080 -0.046492
v 0.083967 1.990343 0.033522
v -0.209071 1.625557 0.195188
v -0.015163 1.467779 0.343293
v -0.015163 1.641305 0.249782
v -0.270844 1.436282 0.229439
v -0.015163 1.467779 0.343293
v -0.209071 1.625557 0.195188
v -0.015162 1.389286 -0.201263
v -0.015162 1.577489 -0.225574
v 0.147373 1.394644 -0.200995
v -0.015162 1.826784 -0.184045
v -0.015162 1.577489 -0.225574
v -0.140916 1.630344 -0.244358
v 0.240846 1.436282 0.229439
v 0.179078 1.625562 0.195187
v -0.015163 1.467779 0.343293
v -0.140916 1.630344 -0.244358
v -0.015162 1.577489 -0.225574
v -0.177364 1.394644 -0.200874
v -0.015163 1.641305 0.249782
v 0.209618 1.786127 0.122223
v -0.015163 1.797889 0.139070
v 0.110923 1.629957 -0.244359
v 0.147373 1.394644 -0.200995
v -0.015162 1.577489 -0.225574
v 0.092948 1.933410 -0.052143
v 0.102099 1.881884 0.038548
v 0.179840 1.875389 -0.124332
v 0.179078 1.625562 0.195187
v 0.240846 1.436282 0.229439
v 0.289391 1.656763 -0.017149
v 0.179078 1.625562 0.195187
v 0.289391 1.656763 -0.017149
v 0.303222 1.703144 0.073737
v 0.147373 1.394644 -0.200995
v 0.110923 1.629957 -0.244359
v 0.249862 1.729069 -0.201526
v 0.258750 1.397592 -0.131490
v 0.249862 1.729069 -0.201526
v 0.280295 1.651875 -0.115389
v 0.179078 1.625562 0.195187
v 0.303222 1.703144 0.073737
v 0.209618 1.786127 0.122223
v 0.258750 1.397592 -0.131490
v 0.289391 1.656763 -0.017149
v 0.299559 1.414045 -0.010223
v -0.015162 1.826784 -0.184045
v 0.249862 1.729069 -0.201526
v 0.110923 1.629957 -0.244359
v 0.147373 1.394644 -0.200995
v 0.258750 1.397592 -0.131490
v 0.151559 1.211001 -0.191388
v -0.177364 1.394644 -0.200874
v -0.015162 1.389286 -0.201263
v -0.179661 1.211002 -0.191389
v 0.240846 1.436282 0.229439
v -0.015163 1.467779 0.343293
v 0.163644 1.242929 0.325774
v -0.270844 1.436282 0.229439
v -0.329600 1.414045 -0.010223
v -0.370193 1.236175 0.020596
v 0.258750 1.397592 -0.131490
v 0.299559 1.414045 -0.010223
v 0.293617 1.227614 -0.140809
v -0.270844 1.436282 0.229439
v -0.191683 1.242929 0.325773
v -0.015163 1.467779 0.343293
v 0.240846 1.436282 0.229439
v 0.163644 1.242929 0.325774
v 0.268760 1.239953 0.241590
v 0.299559 1.414045 -0.010223
v 0.342045 1.236176 0.020596
v 0.293617 1.227614 -0.140809
v -0.270844 1.436282 0.229439
v -0.370193 1.236175 0.020596
v -0.296875 1.239952 0.241590
v -0.177364 1.394644 -0.200874
v -0.179661 1.211002 -0.191389
v -0.288777 1.397592 -0.131691
v 0.147373 1.394644 -0.200995
v 0.151559 1.211001 -0.191388
v -0.015162 1.389286 -0.201263
v -0.270844 1.436282 0.229439
v -0.296875 1.239952 0.241590
v -0.191683 1.242929 0.325773
v 0.287610 1.483060 0.221710
v 0.313904 1.416086 0.208255
v 0.280965 1.486481 0.207627
v 0.237513 1.510803 0.267303
v 0.287610 1.483060 0.221710
v 0.226860 1.516443 0.256867
v 0.192958 1.483060 0.318326
v 0.237513 1.510803 0.267303
v 0.178741 1.486481 0.311971
v 0.164795 1.414147 0.340661
v 0.180046 1.416086 0.344890
v 0.178741 1.486481 0.311971
v 0.206339 1.349110 0.331435
v 0.180046 1.416086 0.344890
v 0.193192 1.341814 0.326130
v 0.247298 1.311853 0.276889
v 0.256437 1.321368 0.285842
v 0.193192 1.341814 0.326130
v 0.300991 1.349110 0.234820
v 0.256437 1.321368 0.285842
v 0.295417 1.341814 0.221785
v 0.309363 1.414148 0.193095
v 0.313904 1.416086 0.208255
v 0.295417 1.341814 0.221785
v 0.300991 1.349110 0.234820
v 0.313904 1.416086 0.208255
v 0.206339 1.349110 0.331435
v 0.180046 1.416086 0.344890
v 0.206339 1.349110 0.331435
v 0.287610 1.483060 0.221710
v 0.192958 1.483060 0.318326
v 0.180046 1.416086 0.344890
v 0.287610 1.483060 0.221710
v 0.256437 1.321368 0.285842
v 0.300991 1.349110 0.234820
v 0.206339 1.349110 0.331435
v 0.313904 1.416086 0.208255
v 0.287610 1.483060 0.221710
v 0.206339 1.349110 0.331435
v 0.178741 1.486481 0.311971
v 0.226860 1.516443 0.256867
v 0.164795 1.414147 0.340661
v 0.226860 1.516443 0.256867
v 0.280965 1.486481 0.207627
v 0.164795 1.414147 0.340661
v 0.247298 1.311853 0.276889
v 0.280965 1.486481 0.207627
v 0.295417 1.341814 0.221785
v 0.193192 1.341814 0.326130
v 0.280965 1.486481 0.207627
v 0.247298 1.311853 0.276889
v 0.164795 1.414147 0.340661
v 0.280965 1.486481 0.207627
v 0.193192 1.341814 0.326130
v 0.160644 1.682962 0.252686
v 0.187712 1.591797 0.296200
v 0.172020 1.676781 0.224612
v 0.093633 1.747522 0.190847
v 0.086695 1.749699 0.220832
v 0.172020 1.676781 0.224612
v -0.013445 1.773415 0.178488
v -0.015163 1.774126 0.209172
v 0.093633 1.747522 0.190847
v -0.115340 1.749699 0.220833
v -0.015163 1.774126 0.209172
v -0.120523 1.747522 0.190847
v -0.189289 1.682962 0.252685
v -0.115340 1.749699 0.220833
v -0.198909 1.676781 0.224612
v -0.227600 1.580146 0.270736
v -0.216356 1.591797 0.296200
v -0.198909 1.676781 0.224612
v -0.198909 1.483511 0.316862
v -0.189289 1.500632 0.339713
v -0.227600 1.580146 0.270736
v -0.115339 1.433895 0.371568
v -0.189289 1.500632 0.339713
v -0.120522 1.412770 0.350626
v -0.013444 1.386877 0.362986
v -0.015163 1.409468 0.383227
v -0.120522 1.412770 0.350626
v 0.086695 1.433895 0.371569
v -0.015163 1.409468 0.383227
v 0.093634 1.412770 0.350627
v 0.172020 1.483511 0.316861
v 0.160644 1.500632 0.339714
v 0.093634 1.412770 0.350627
v 0.187712 1.591797 0.296200
v 0.160644 1.500632 0.339714
v 0.200712 1.580146 0.270737
v 0.122871 1.591583 0.324622
v 0.104677 1.653109 0.295211
v 0.104537 1.530133 0.354004
v -0.081691 1.698210 0.273649
v -0.131609 1.653118 0.295194
v -0.013449 1.714717 0.265765
v -0.149817 1.591572 0.324608
v -0.131477 1.530103 0.353998
v -0.013449 1.714717 0.265765
v -0.131477 1.530103 0.353998
v -0.013454 1.468737 0.383358
v -0.013449 1.714717 0.265765
v -0.081560 1.485164 0.375494
v -0.013454 1.468737 0.383358
v -0.131477 1.530103 0.353998
v -0.131609 1.653118 0.295194
v -0.149817 1.591572 0.324608
v -0.013449 1.714717 0.265765
v 0.054643 1.485190 0.375495
v 0.104537 1.530133 0.354004
v -0.013454 1.468737 0.383358
v -0.013454 1.468737 0.383358
v 0.104537 1.530133 0.354004
v -0.013449 1.714717 0.265765
v -0.013449 1.714717 0.265765
v 0.104537 1.530133 0.354004
v 0.054782 1.698199 0.273661
v 0.093634 1.412770 0.350627
v -0.013445 1.773415 0.178488
v 0.172020 1.483511 0.316861
v -0.120523 1.747522 0.190847
v -0.013445 1.773415 0.178488
v -0.198909 1.676781 0.224612
v -0.013444 1.386877 0.362986
v -0.013445 1.773415 0.178488
v 0.093634 1.412770 0.350627
v -0.198909 1.676781 0.224612
v -0.013445 1.773415 0.178488
v -0.227600 1.580146 0.270736
v -0.227600 1.580146 0.270736
v -0.013445 1.773415 0.178488
v -0.198909 1.483511 0.316862
v -0.198909 1.483511 0.316862
v -0.013445 1.773415 0.178488
v -0.120522 1.412770 0.350626
v -0.120522 1.412770 0.350626
v -0.013445 1.773415 0.178488
v -0.013444 1.386877 0.362986
v 0.093633 1.747522 0.190847
v 0.172020 1.676781 0.224612
v -0.013445 1.773415 0.178488
v -0.013445 1.773415 0.178488
v 0.172020 1.676781 0.224612
v 0.172020 1.483511 0.316861
v 0.122871 1.591583 0.324622
v 0.187712 1.591797 0.296200
v 0.104677 1.653109 0.295211
v 0.104537 1.530133 0.354004
v 0.160644 1.500632 0.339714
v 0.122871 1.591583 0.324622
v 0.054643 1.485190 0.375495
v 0.086695 1.433895 0.371569
v 0.104537 1.530133 0.354004
v -0.013454 1.468737 0.383358
v -0.015163 1.409468 0.383227
v 0.054643 1.485190 0.375495
v -0.115339 1.433895 0.371568
v -0.015163 1.409468 0.383227
v -0.081560 1.485164 0.375494
v -0.189289 1.500632 0.339713
v -0.115339 1.433895 0.371568
v -0.131477 1.530103 0.353998
v -0.216356 1.591797 0.296200
v -0.189289 1.500632 0.339713
v -0.149817 1.591572 0.324608
v -0.189289 1.682962 0.252685
v -0.216356 1.591797 0.296200
v -0.131609 1.653118 0.295194
v -0.115340 1.749699 0.220833
v -0.189289 1.682962 0.252685
v -0.081691 1.698210 0.273649
v -0.015163 1.774126 0.209172
v -0.115340 1.749699 0.220833
v -0.013449 1.714717 0.265765
v 0.054782 1.698199 0.273661
v 0.086695 1.749699 0.220832
v -0.013449 1.714717 0.265765
v 0.104677 1.653109 0.295211
v 0.160644 1.682962 0.252686
v 0.054782 1.698199 0.273661
v -0.205388 1.486482 0.310529
v -0.219982 1.481493 0.318627
v -0.190839 1.414148 0.338918
v -0.254661 1.516443 0.256454
v -0.265176 1.509923 0.267221
v -0.205388 1.486482 0.310529
v -0.315757 1.482436 0.223104
v -0.265176 1.509923 0.267221
v -0.309794 1.486482 0.208367
v -0.342086 1.416075 0.210326
v -0.315757 1.482436 0.223104
v -0.338492 1.414148 0.194438
v -0.323943 1.341814 0.222828
v -0.328738 1.349715 0.236370
v -0.338492 1.414148 0.194438
v -0.283534 1.322226 0.285981
v -0.328738 1.349715 0.236370
v -0.274671 1.311853 0.276904
v -0.232953 1.349714 0.330097
v -0.283534 1.322226 0.285981
v -0.219538 1.341815 0.324990
v -0.190839 1.414148 0.338918
v -0.206625 1.416075 0.342876
v -0.219538 1.341815 0.324990
v -0.206625 1.416075 0.342876
v -0.219982 1.481493 0.318627
v -0.315757 1.482436 0.223104
v -0.232953 1.349714 0.330097
v -0.206625 1.416075 0.342876
v -0.315757 1.482436 0.223104
v -0.283534 1.322226 0.285981
v -0.232953 1.349714 0.330097
v -0.328738 1.349715 0.236370
v -0.342086 1.416075 0.210326
v -0.232953 1.349714 0.330097
v -0.315757 1.482436 0.223104
v -0.328738 1.349715 0.236370
v -0.232953 1.349714 0.330097
v -0.342086 1.416075 0.210326
v -0.254661 1.516443 0.256454
v -0.205388 1.486482 0.310529
v -0.309794 1.486482 0.208367
v -0.274671 1.311853 0.276904
v -0.205388 1.486482 0.310529
v -0.219538 1.341815 0.324990
v -0.323943 1.341814 0.222828
v -0.205388 1.486482 0.310529
v -0.274671 1.311853 0.276904
v -0.309794 1.486482 0.208367
v -0.205388 1.486482 0.310529
v -0.338492 1.414148 0.194438
v -0.338492 1.414148 0.194438
v -0.205388 1.486482 0.310529
v -0.323943 1.341814 0.222828
v -0.219538 1.341815 0.324990
v -0.205388 1.486482 0.310529
v -0.190839 1.414148 0.338918
v -0.265176 1.509923 0.267221
v -0.315757 1.482436 0.223104
v -0.219982 1.481493 0.318627
v -0.219538 1.341815 0.324990
v -0.206625 1.416075 0.342876
v -0.232953 1.349714 0.330097
v -0.274671 1.311853 0.276904
v -0.219538 1.341815 0.324990
v -0.283534 1.322226 0.285981
v -0.323943 1.341814 0.222828
v -0.274671 1.311853 0.276904
v -0.328738 1.349715 0.236370
v -0.338492 1.414148 0.194438
v -0.328738 1.349715 0.236370
v -0.342086 1.416075 0.210326
v -0.309794 1.486482 0.208367
v -0.338492 1.414148 0.194438
v -0.315757 1.482436 0.223104
v -0.254661 1.516443 0.256454
v -0.309794 1.486482 0.208367
v -0.265176 1.509923 0.267221
v -0.205388 1.486482 0.310529
v -0.265176 1.509923 0.267221
v -0.219982 1.481493 0.318627
v -0.190839 1.414148 0.338918
v -0.219982 1.481493 0.318627
v -0.206625 1.416075 0.342876
v 0.054782 1.698199 0.273661
v 0.160644 1.682962 0.252686
v 0.086695 1.749699 0.220832
v -0.013449 1.714717 0.265765
v 0.086695 1.749699 0.220832
v -0.015163 1.774126 0.209172
v -0.081691 1.698210 0.273649
v -0.013449 1.714717 0.265765
v -0.115340 1.749699 0.220833
v -0.131609 1.653118 0.295194
v -0.081691 1.698210 0.273649
v -0.189289 1.682962 0.252685
v -0.149817 1.591572 0.324608
v -0.131609 1.653118 0.295194
v -0.216356 1.591797 0.296200
v -0.131477 1.530103 0.353998
v -0.149817 1.591572 0.324608
v -0.189289 1.500632 0.339713
v -0.081560 1.485164 0.375494
v -0.131477 1.530103 0.353998
v -0.115339 1.433895 0.371568
v -0.013454 1.468737 0.383358
v -0.081560 1.485164 0.375494
v -0.015163 1.409468 0.383227
v 0.054643 1.485190 0.375495
v -0.015163 1.409468 0.383227
v 0.086695 1.433895 0.371569
v 0.104537 1.530133 0.354004
v 0.086695 1.433895 0.371569
v 0.160644 1.500632 0.339714
v 0.122871 1.591583 0.324622
v 0.160644 1.500632 0.339714
v 0.187712 1.591797 0.296200
v 0.104677 1.653109 0.295211
v 0.187712 1.591797 0.296200
v 0.160644 1.682962 0.252686
v 0.172020 1.483511 0.316861
v 0.172020 1.676781 0.224612
v 0.200712 1.580146 0.270737
v 0.054782 1.698199 0.273661
v 0.104537 1.530133 0.354004
v 0.104677 1.653109 0.295211
v 0.172020 1.483511 0.316861
v 0.200712 1.580146 0.270737
v 0.160644 1.500632 0.339714
v 0.093634 1.412770 0.350627
v 0.160644 1.500632 0.339714
v 0.086695 1.433895 0.371569
v -0.013444 1.386877 0.362986
v 0.093634 1.412770 0.350627
v -0.015163 1.409468 0.383227
v -0.120522 1.412770 0.350626
v -0.015163 1.409468 0.383227
v -0.115339 1.433895 0.371568
v -0.198909 1.483511 0.316862
v -0.120522 1.412770 0.350626
v -0.189289 1.500632 0.339713
v -0.227600 1.580146 0.270736
v -0.189289 1.500632 0.339713
v -0.216356 1.591797 0.296200
v -0.198909 1.676781 0.224612
v -0.216356 1.591797 0.296200
v -0.189289 1.682962 0.252685
v -0.120523 1.747522 0.190847
v -0.198909 1.676781 0.224612
v -0.115340 1.749699 0.220833
v -0.013445 1.773415 0.178488
v -0.120523 1.747522 0.190847
v -0.015163 1.774126 0.209172
v 0.093633 1.747522 0.190847
v -0.015163 1.774126 0.209172
v 0.086695 1.749699 0.220832
v 0.172020 1.676781 0.224612
v 0.086695 1.749699 0.220832
v 0.160644 1.682962 0.252686
v 0.200712 1.580146 0.270737
v 0.172020 1.676781 0.224612
v 0.187712 1.591797 0.296200
v 0.295417 1.341814 0.221785
v 0.280965 1.486481 0.207627
v 0.309363 1.414148 0.193095
v 0.237513 1.510803 0.267303
v 0.192958 1.483060 0.318326
v 0.287610 1.483060 0.221710
v 0.295417 1.341814 0.221785
v 0.313904 1.416086 0.208255
v 0.300991 1.349110 0.234820
v 0.247298 1.311853 0.276889
v 0.295417 1.341814 0.221785
v 0.256437 1.321368 0.285842
v 0.193192 1.341814 0.326130
v 0.256437 1.321368 0.285842
v 0.206339 1.349110 0.331435
v 0.164795 1.414147 0.340661
v 0.193192 1.341814 0.326130
v 0.180046 1.416086 0.344890
v 0.178741 1.486481 0.311971
v 0.180046 1.416086 0.344890
v 0.192958 1.483060 0.318326
v 0.226860 1.516443 0.256867
v 0.178741 1.486481 0.311971
v 0.237513 1.510803 0.267303
v 0.280965 1.486481 0.207627
v 0.226860 1.516443 0.256867
v 0.287610 1.483060 0.221710
v 0.309363 1.414148 0.193095
v 0.280965 1.486481 0.207627
v 0.313904 1.416086 0.208255
v -0.015162 1.577489 -0.225574
v -0.015162 1.826784 -0.184045
v 0.110923 1.629957 -0.244359
v -0.121748 1.933657 -0.052143
v -0.209769 1.875387 -0.124880
v -0.130896 1.881990 0.038548
v -0.015162 1.389286 -0.201263
v -0.177364 1.394644 -0.200874
v -0.015162 1.577489 -0.225574
v -0.101678 1.838831 0.097508
v -0.239649 1.786128 0.122224
v -0.015163 1.797889 0.139070
v -0.177364 1.394644 -0.200874
v -0.288777 1.397592 -0.131691
v -0.279892 1.735414 -0.201526
v -0.329600 1.414045 -0.010223
v -0.319421 1.656762 -0.017149
v -0.288777 1.397592 -0.131691
v -0.101678 1.838831 0.097508
v -0.207619 1.853308 0.069186
v -0.239649 1.786128 0.122224
v -0.209071 1.625557 0.195188
v -0.319421 1.656762 -0.017149
v -0.270844 1.436282 0.229439
v -0.101678 1.838831 0.097508
v -0.130896 1.881990 0.038548
v -0.207619 1.853308 0.069186
v -0.015162 1.936800 -0.133683
v -0.209769 1.875387 -0.124880
v -0.121748 1.933657 -0.052143
v -0.209071 1.625557 0.195188
v -0.239649 1.786128 0.122224
v -0.333252 1.703144 0.073738
v -0.015163 1.641305 0.249782
v -0.015163 1.797889 0.139070
v -0.239649 1.786128 0.122224
v -0.015163 1.641305 0.249782
v -0.239649 1.786128 0.122224
v -0.209071 1.625557 0.195188
v -0.270844 1.436282 0.229439
v -0.319421 1.656762 -0.017149
v -0.329600 1.414045 -0.010223
v -0.130896 1.881990 0.038548
v -0.209769 1.875387 -0.124880
v -0.207619 1.853308 0.069186
v 0.063980 2.015080 -0.046492
v -0.015162 2.043216 -0.098728
v 0.064590 2.140915 -0.079830
v 0.044051 1.926131 0.104607
v 0.083967 1.990343 0.033522
v 0.051016 1.997438 0.128903
v -0.073161 1.926131 0.104607
v -0.015163 1.919141 0.144628
v -0.080215 1.997438 0.128902
v 0.083967 1.990343 0.033522
v 0.063980 2.015080 -0.046492
v 0.100739 2.070224 0.051204
v -0.015162 2.043216 -0.098728
v -0.092814 2.015175 -0.046492
v -0.093692 2.140915 -0.079830
v -0.015163 1.919141 0.144628
v -0.015163 1.985702 0.164742
v -0.080215 1.997438 0.128902
v 0.044051 1.926131 0.104607
v 0.051016 1.997438 0.128903
v -0.015163 1.919141 0.144628
v -0.015162 2.043216 -0.098728
v 0.063980 2.015080 -0.046492
v -0.015162 1.985273 -0.110036
v -0.015162 1.985273 -0.110036
v -0.015162 1.936800 -0.133683
v -0.121748 1.933657 -0.052143
v -0.015162 2.043216 -0.098728
v -0.015162 1.985273 -0.110036
v -0.092814 2.015175 -0.046492
v -0.112879 1.990405 0.033513
v -0.130896 1.881990 0.038548
v -0.073161 1.926131 0.104607
v -0.092814 2.015175 -0.046492
v -0.121748 1.933657 -0.052143
v -0.112879 1.990405 0.033513
v -0.015163 1.919141 0.144628
v -0.015163 1.797889 0.139070
v 0.044051 1.926131 0.104607
v -0.073161 1.926131 0.104607
v -0.130896 1.881990 0.038548
v -0.101678 1.838831 0.097508
v -0.092814 2.015175 -0.046492
v -0.015162 1.985273 -0.110036
v -0.121748 1.933657 -0.052143
v 0.083967 1.990343 0.033522
v 0.044051 1.926131 0.104607
v 0.102099 1.881884 0.038548
v -0.015162 1.985273 -0.110036
v 0.092948 1.933410 -0.052143
v -0.015162 1.936800 -0.133683
v 0.272007 2.375463 0.285055
v 0.286009 2.397309 0.201079
v 0.273112 2.258733 0.259031
v 0.282787 2.379145 0.281590
v 0.272007 2.375463 0.285055
v 0.284482 2.259456 0.255566
v -0.156087 2.652866 -0.086837
v -0.209064 2.602595 -0.025909
v -0.148827 2.704733 0.019390
v -0.218970 2.457086 -0.118195
v -0.209064 2.602595 -0.025909
v -0.161927 2.530713 -0.155292
v -0.015162 2.399468 -0.234909
v -0.218970 2.457086 -0.118195
v -0.006439 2.486479 -0.211953
v 0.149050 2.530713 -0.155293
v 0.189625 2.457086 -0.118195
v -0.006439 2.486479 -0.211953
v 0.179717 2.602595 -0.025908
v 0.189625 2.457086 -0.118195
v 0.150836 2.652866 -0.082491
v 0.135948 2.704733 0.019390
v 0.174816 2.689313 0.115874
v 0.150836 2.652866 -0.082491
v -0.174476 2.691328 -0.158970
v -0.156087 2.652866 -0.086837
v -0.107265 2.755837 -0.083749
v 0.151997 2.684347 -0.129409
v 0.150836 2.652866 -0.082491
v 0.115274 2.589122 -0.195221
v 0.135948 2.704733 0.019390
v 0.150836 2.652866 -0.082491
v 0.094387 2.755837 -0.083749
v -0.107265 2.755837 -0.083749
v -0.148827 2.704733 0.019390
v -0.006440 2.789131 -0.017846
v -0.174476 2.691328 -0.158970
v -0.107265 2.755837 -0.083749
v -0.119717 2.723046 -0.160757
v -0.102462 2.662711 -0.221733
v -0.178612 2.574858 -0.207443
v -0.119717 2.723046 -0.160757
v -0.008007 2.658811 -0.266246
v -0.006439 2.559395 -0.280421
v -0.102462 2.662711 -0.221733
v 0.086447 2.662711 -0.221733
v 0.115274 2.589122 -0.195221
v -0.008007 2.658811 -0.266246
v 0.151997 2.684347 -0.129409
v 0.115274 2.589122 -0.195221
v 0.103703 2.723046 -0.160757
v 0.080194 2.770997 -0.113114
v 0.094387 2.755837 -0.083749
v 0.103703 2.723046 -0.160757
v -0.006440 2.789131 -0.017846
v 0.094387 2.755837 -0.083749
v -0.008007 2.794906 -0.129918
v -0.096208 2.770997 -0.113115
v -0.107265 2.755837 -0.083749
v -0.008007 2.794906 -0.129918
v -0.054611 2.738650 -0.258935
v -0.119717 2.723046 -0.160757
v -0.052350 2.768113 -0.182875
v -0.008007 2.658811 -0.266246
v -0.102462 2.662711 -0.221733
v -0.008007 2.690076 -0.312348
v 0.038597 2.738650 -0.258935
v 0.086447 2.662711 -0.221733
v -0.008007 2.690076 -0.312348
v 0.103703 2.723046 -0.160757
v 0.086447 2.662711 -0.221733
v 0.038597 2.738650 -0.258935
v 0.080194 2.770997 -0.113114
v 0.103703 2.723046 -0.160757
v 0.036336 2.768113 -0.182874
v -0.008007 2.770185 -0.254225
v -0.008007 2.794906 -0.129918
v 0.036336 2.768113 -0.182874
v -0.096208 2.770997 -0.113115
v -0.008007 2.794906 -0.129918
v -0.052350 2.768113 -0.182875
v -0.015162 2.283549 -0.215187
v -0.015162 2.399468 -0.234909
v 0.147800 2.283340 -0.115699
v -0.015162 2.283549 -0.215187
v -0.177145 2.283339 -0.115698
v -0.015162 2.399468 -0.234909
v 0.149050 2.530713 -0.155293
v -0.006439 2.486479 -0.211953
v 0.115274 2.589122 -0.195221
v -0.006439 2.559395 -0.280421
v -0.006439 2.486479 -0.211953
v -0.178612 2.574858 -0.207443
v -0.161927 2.530713 -0.155292
v -0.156087 2.652866 -0.086837
v -0.178612 2.574858 -0.207443
v -0.204163 2.689313 0.115874
v -0.015163 2.737298 0.023345
v -0.148827 2.704733 0.019390
v -0.006440 2.789131 -0.017846
v -0.015163 2.737298 0.023345
v 0.135948 2.704733 0.019390
v -0.008007 2.690076 -0.312348
v -0.008007 2.770185 -0.254225
v 0.038597 2.738650 -0.258935
v -0.008007 2.690076 -0.312348
v -0.054611 2.738650 -0.258935
v -0.008007 2.770185 -0.254225
v 0.036336 2.768113 -0.182874
v 0.038597 2.738650 -0.258935
v -0.008007 2.770185 -0.254225
v -0.052350 2.768113 -0.182875
v -0.008007 2.770185 -0.254225
v -0.054611 2.738650 -0.258935
v -0.008007 2.770185 -0.254225
v -0.052350 2.768113 -0.182875
v -0.008007 2.794906 -0.129918
v 0.036336 2.768113 -0.182874
v -0.008007 2.794906 -0.129918
v 0.080194 2.770997 -0.113114
v 0.038597 2.738650 -0.258935
v 0.036336 2.768113 -0.182874
v 0.103703 2.723046 -0.160757
v -0.008007 2.690076 -0.312348
v 0.086447 2.662711 -0.221733
v -0.008007 2.658811 -0.266246
v -0.054611 2.738650 -0.258935
v -0.008007 2.690076 -0.312348
v -0.102462 2.662711 -0.221733
v -0.054611 2.738650 -0.258935
v -0.102462 2.662711 -0.221733
v -0.119717 2.723046 -0.160757
v -0.052350 2.768113 -0.182875
v -0.119717 2.723046 -0.160757
v -0.096208 2.770997 -0.113115
v -0.008007 2.794906 -0.129918
v -0.107265 2.755837 -0.083749
v -0.006440 2.789131 -0.017846
v 0.080194 2.770997 -0.113114
v -0.008007 2.794906 -0.129918
v 0.094387 2.755837 -0.083749
v 0.103703 2.723046 -0.160757
v 0.094387 2.755837 -0.083749
v 0.151997 2.684347 -0.129409
v 0.086447 2.662711 -0.221733
v 0.103703 2.723046 -0.160757
v 0.115274 2.589122 -0.195221
v -0.008007 2.658811 -0.266246
v 0.115274 2.589122 -0.195221
v -0.006439 2.559395 -0.280421
v -0.102462 2.662711 -0.221733
v -0.006439 2.559395 -0.280421
v -0.178612 2.574858 -0.207443
v -0.119717 2.723046 -0.160757
v -0.178612 2.574858 -0.207443
v -0.174476 2.691328 -0.158970
v -0.096208 2.770997 -0.113115
v -0.119717 2.723046 -0.160757
v -0.107265 2.755837 -0.083749
v 0.094387 2.755837 -0.083749
v -0.006440 2.789131 -0.017846
v 0.135948 2.704733 0.019390
v 0.151997 2.684347 -0.129409
v 0.094387 2.755837 -0.083749
v 0.150836 2.652866 -0.082491
v 0.115274 2.589122 -0.195221
v 0.150836 2.652866 -0.082491
v 0.149050 2.530713 -0.155293
v -0.006439 2.559395 -0.280421
v 0.115274 2.589122 -0.195221
v -0.006439 2.486479 -0.211953
v -0.178612 2.574858 -0.207443
v -0.006439 2.486479 -0.211953
v -0.161927 2.530713 -0.155292
v -0.174476 2.691328 -0.158970
v -0.178612 2.574858 -0.207443
v -0.156087 2.652866 -0.086837
v -0.107265 2.755837 -0.083749
v -0.156087 2.652866 -0.086837
v -0.148827 2.704733 0.019390
v -0.006440 2.789131 -0.017846
v -0.148827 2.704733 0.019390
v -0.015163 2.737298 0.023345
v 0.135948 2.704733 0.019390
v -0.015163 2.737298 0.023345
v 0.174816 2.689313 0.115874
v 0.150836 2.652866 -0.082491
v 0.174816 2.689313 0.115874
v 0.179717 2.602595 -0.025908
v 0.149050 2.530713 -0.155293
v 0.150836 2.652866 -0.082491
v 0.189625 2.457086 -0.118195
v -0.006439 2.486479 -0.211953
v 0.189625 2.457086 -0.118195
v -0.015162 2.399468 -0.234909
v -0.161927 2.530713 -0.155292
v -0.006439 2.486479 -0.211953
v -0.218970 2.457086 -0.118195
v -0.156087 2.652866 -0.086837
v -0.161927 2.530713 -0.155292
v -0.209064 2.602595 -0.025909
v -0.148827 2.704733 0.019390
v -0.209064 2.602595 -0.025909
v -0.204163 2.689313 0.115874
v 0.282787 2.379145 0.281590
v 0.234378 2.433425 0.307278
v 0.272007 2.375463 0.285055
v -0.310322 2.381086 0.288346
v -0.301353 2.375463 0.285055
v -0.263724 2.433425 0.307278
v 0.258005 2.353621 0.369032
v 0.272007 2.375463 0.285055
v 0.234378 2.433425 0.307278
v -0.287350 2.353621 0.369031
v -0.263724 2.433425 0.307278
v -0.301353 2.375463 0.285055
v 0.220945 2.308026 0.095273
v 0.258435 2.313601 0.174316
v 0.213272 2.202394 0.176203
v -0.204162 2.201338 0.238813
v -0.287781 2.313601 0.174316
v -0.241844 2.202393 0.176203
v -0.217544 2.121542 0.114389
v -0.220700 2.081109 0.206705
v -0.241844 2.202393 0.176203
v 0.212133 2.203444 0.100643
v 0.213272 2.202394 0.176203
v 0.188199 2.121542 0.114389
v 0.188199 2.121542 0.114389
v 0.191356 2.081109 0.206705
v 0.094111 2.039674 0.177641
v 0.176740 2.202599 0.333697
v 0.258435 2.313601 0.174316
v 0.226845 2.283672 0.368828
v -0.205102 2.201478 0.334858
v -0.255673 2.283165 0.369408
v -0.287781 2.313601 0.174316
v 0.176364 2.201338 0.238814
v 0.258435 2.313601 0.174316
v 0.176740 2.202599 0.333697
v -0.204162 2.201338 0.238813
v -0.205102 2.201478 0.334858
v -0.287781 2.313601 0.174316
v 0.147800 2.283340 -0.115699
v 0.064590 2.140915 -0.079830
v -0.015162 2.143209 -0.136503
v -0.015162 2.283549 -0.215187
v -0.015162 2.143209 -0.136503
v -0.177145 2.283339 -0.115698
v -0.177145 2.283339 -0.115698
v -0.093692 2.140915 -0.079830
v -0.181911 2.164711 0.066303
v -0.241844 2.202393 0.176203
v -0.250291 2.308026 0.095273
v -0.241480 2.203444 0.100644
v -0.181911 2.164711 0.066303
v -0.123456 2.039674 0.177641
v -0.217544 2.121542 0.114389
v 0.152565 2.164711 0.066303
v 0.188199 2.121542 0.114389
v 0.094111 2.039674 0.177641
v 0.152565 2.164711 0.066303
v 0.220945 2.308026 0.095273
v 0.212133 2.203444 0.100643
v 0.152565 2.164711 0.066303
v 0.212133 2.203444 0.100643
v 0.188199 2.121542 0.114389
v -0.181911 2.164711 0.066303
v -0.217544 2.121542 0.114389
v -0.241480 2.203444 0.100644
v -0.015163 2.405925 0.465009
v -0.015163 2.457199 0.473073
v -0.038564 2.405925 0.465009
v -0.082862 2.116997 0.224968
v -0.097377 2.065295 0.222274
v -0.015163 2.126332 0.249505
v 0.234378 2.433425 0.307278
v 0.268154 2.453767 0.180469
v 0.232239 2.568364 0.278939
v -0.263724 2.433425 0.307278
v -0.261585 2.568364 0.278939
v -0.297500 2.453767 0.180469
v 0.209670 2.399014 0.364772
v 0.258005 2.353621 0.369032
v 0.234378 2.433425 0.307278
v 0.122759 2.705414 0.223408
v 0.120144 2.611682 0.350866
v 0.232239 2.568364 0.278939
v 0.147800 2.283340 -0.115699
v 0.220945 2.308026 0.095273
v 0.152565 2.164711 0.066303
v -0.129874 2.070235 0.051204
v -0.123456 2.039674 0.177641
v -0.181911 2.164711 0.066303
v -0.239016 2.399014 0.364772
v -0.287350 2.353621 0.369031
v -0.119591 2.344953 0.454167
v -0.180082 2.411509 0.425613
v -0.111207 2.364422 0.415664
v -0.102803 2.398762 0.438398
v -0.218970 2.457086 -0.118195
v -0.271260 2.373718 0.091888
v -0.209064 2.602595 -0.025909
v -0.261585 2.568364 0.278939
v -0.288297 2.492586 0.151036
v -0.297500 2.453767 0.180469
v 0.174816 2.689313 0.115874
v 0.232239 2.568364 0.278939
v 0.258951 2.492586 0.151036
v 0.100739 2.070224 0.051204
v 0.064590 2.140915 -0.079830
v 0.152565 2.164711 0.066303
v -0.067880 2.378766 0.417430
v -0.111207 2.364422 0.415664
v -0.056882 2.352561 0.458638
v 0.081862 2.364422 0.415663
v 0.027537 2.352561 0.458638
v 0.090246 2.344953 0.454168
v -0.152105 2.705414 0.223407
v -0.204163 2.689313 0.115874
v -0.261585 2.568364 0.278939
v 0.232239 2.568364 0.278939
v 0.174816 2.689313 0.115874
v 0.122759 2.705414 0.223408
v -0.111207 2.364422 0.415664
v -0.239016 2.399014 0.364772
v -0.119591 2.344953 0.454167
v 0.199138 2.405840 0.367886
v 0.081862 2.364422 0.415663
v 0.209670 2.399014 0.364772
v 0.038534 2.378766 0.417430
v 0.009219 2.405925 0.465009
v 0.027537 2.352561 0.458638
v -0.297500 2.453767 0.180469
v -0.315355 2.397309 0.201079
v -0.263724 2.433425 0.307278
v -0.261585 2.568364 0.278939
v -0.149489 2.611681 0.350866
v -0.152105 2.705414 0.223407
v -0.149489 2.611681 0.350866
v -0.015163 2.624345 0.411135
v -0.015163 2.732042 0.228142
v 0.122759 2.705414 0.223408
v -0.015163 2.732042 0.228142
v 0.120144 2.611682 0.350866
v 0.234378 2.433425 0.307278
v 0.282787 2.379145 0.281590
v 0.286009 2.397309 0.201079
v -0.287350 2.353621 0.369031
v -0.239016 2.399014 0.364772
v -0.263724 2.433425 0.307278
v -0.287350 2.353621 0.369031
v -0.201003 2.307988 0.439334
v -0.119591 2.344953 0.454167
v 0.090246 2.344953 0.454168
v 0.258005 2.353621 0.369032
v 0.209670 2.399014 0.364772
v 0.272007 2.375463 0.285055
v 0.226845 2.283672 0.368828
v 0.258435 2.313601 0.174316
v 0.068032 2.065295 0.222274
v 0.114222 2.068814 0.375545
v 0.053516 2.116997 0.224968
v -0.097377 2.065295 0.222274
v -0.082862 2.116997 0.224968
v -0.143567 2.068814 0.375545
v -0.241844 2.202393 0.176203
v -0.220700 2.081109 0.206705
v -0.204162 2.201338 0.238813
v 0.176364 2.201338 0.238814
v 0.213272 2.202394 0.176203
v 0.258435 2.313601 0.174316
v 0.143397 2.072042 0.352859
v 0.176364 2.201338 0.238814
v 0.176740 2.202599 0.333697
v 0.174816 2.689313 0.115874
v -0.015163 2.737298 0.023345
v -0.015163 2.732042 0.228142
v -0.015163 2.732042 0.228142
v -0.204163 2.689313 0.115874
v -0.152105 2.705414 0.223407
v -0.015162 2.399468 -0.234909
v -0.177145 2.283339 -0.115698
v -0.218970 2.457086 -0.118195
v 0.241914 2.373718 0.091888
v 0.147800 2.283340 -0.115699
v 0.189625 2.457086 -0.118195
v -0.177145 2.283339 -0.115698
v -0.250291 2.308026 0.095273
v -0.271260 2.373718 0.091888
v -0.172709 2.071978 0.352887
v -0.205102 2.201478 0.334858
v -0.204162 2.201338 0.238813
v -0.287781 2.313601 0.174316
v -0.255673 2.283165 0.369408
v -0.301353 2.375463 0.285055
v 0.272007 2.375463 0.285055
v 0.258435 2.313601 0.174316
v 0.286009 2.397309 0.201079
v -0.149489 2.611681 0.350866
v -0.015163 2.513029 0.442761
v -0.015163 2.624345 0.411135
v -0.080215 1.997438 0.128902
v -0.015163 1.985702 0.164742
v -0.123456 2.039674 0.177641
v -0.015163 2.042082 0.246812
v 0.068032 2.065295 0.222274
v -0.015163 2.126332 0.249505
v -0.301353 2.375463 0.285055
v -0.255673 2.283165 0.369408
v -0.287350 2.353621 0.369031
v 0.258005 2.353621 0.369032
v 0.090246 2.344953 0.454168
v 0.181652 2.303946 0.432936
v -0.015163 2.405925 0.465009
v 0.009219 2.405925 0.465009
v -0.015163 2.457199 0.473073
v 0.189625 2.457086 -0.118195
v 0.179717 2.602595 -0.025908
v 0.241914 2.373718 0.091888
v 0.258951 2.492586 0.151036
v 0.179717 2.602595 -0.025908
v 0.174816 2.689313 0.115874
v 0.189625 2.457086 -0.118195
v 0.147800 2.283340 -0.115699
v -0.015162 2.399468 -0.234909
v -0.218970 2.457086 -0.118195
v -0.177145 2.283339 -0.115698
v -0.271260 2.373718 0.091888
v -0.288297 2.492586 0.151036
v -0.204163 2.689313 0.115874
v -0.209064 2.602595 -0.025909
v 0.272721 2.402671 0.172881
v 0.286009 2.397309 0.201079
v 0.258435 2.313601 0.174316
v -0.181911 2.164711 0.066303
v -0.241480 2.203444 0.100644
v -0.250291 2.308026 0.095273
v 0.051016 1.997438 0.128903
v 0.100739 2.070224 0.051204
v 0.094111 2.039674 0.177641
v -0.310322 2.381086 0.288346
v -0.315355 2.397309 0.201079
v -0.310465 2.277111 0.272637
v -0.143567 2.068814 0.375545
v -0.142560 2.061801 0.398289
v -0.015163 2.042082 0.246812
v -0.097377 2.065295 0.222274
v -0.143567 2.068814 0.375545
v -0.015163 2.042082 0.246812
v 0.114222 2.068814 0.375545
v -0.015163 2.042082 0.246812
v 0.113213 2.061800 0.398289
v 0.068032 2.065295 0.222274
v -0.015163 2.042082 0.246812
v 0.114222 2.068814 0.375545
v 0.258005 2.353621 0.369032
v 0.226845 2.283672 0.368828
v 0.272007 2.375463 0.285055
v 0.268154 2.453767 0.180469
v 0.234378 2.433425 0.307278
v 0.286009 2.397309 0.201079
v -0.015163 2.624345 0.411135
v 0.120144 2.611682 0.350866
v -0.015163 2.732042 0.228142
v -0.152105 2.705414 0.223407
v -0.149489 2.611681 0.350866
v -0.015163 2.732042 0.228142
v -0.310322 2.381086 0.288346
v -0.263724 2.433425 0.307278
v -0.315355 2.397309 0.201079
v -0.056882 2.352561 0.458638
v -0.038564 2.405925 0.465009
v -0.067880 2.378766 0.417430
v 0.090246 2.344953 0.454168
v 0.209670 2.399014 0.364772
v 0.081862 2.364422 0.415663
v -0.228484 2.405840 0.367886
v -0.239016 2.399014 0.364772
v -0.111207 2.364422 0.415664
v 0.038534 2.378766 0.417430
v 0.027537 2.352561 0.458638
v 0.081862 2.364422 0.415663
v -0.119591 2.344953 0.454167
v -0.056882 2.352561 0.458638
v -0.111207 2.364422 0.415664
v 0.213272 2.202394 0.176203
v 0.176364 2.201338 0.238814
v 0.191356 2.081109 0.206705
v -0.217544 2.121542 0.114389
v -0.123456 2.039674 0.177641
v -0.220700 2.081109 0.206705
v 0.147800 2.283340 -0.115699
v 0.152565 2.164711 0.066303
v 0.064590 2.140915 -0.079830
v 0.268154 2.453767 0.180469
v 0.258951 2.492586 0.151036
v 0.232239 2.568364 0.278939
v -0.204163 2.689313 0.115874
v -0.288297 2.492586 0.151036
v -0.261585 2.568364 0.278939
v -0.288297 2.492586 0.151036
v -0.209064 2.602595 -0.025909
v -0.271260 2.373718 0.091888
v 0.073458 2.398762 0.438398
v 0.081862 2.364422 0.415663
v 0.150737 2.411509 0.425613
v 0.199138 2.405840 0.367886
v 0.150737 2.411509 0.425613
v 0.081862 2.364422 0.415663
v 0.038534 2.378766 0.417430
v 0.081862 2.364422 0.415663
v 0.073458 2.398762 0.438398
v -0.228484 2.405840 0.367886
v -0.111207 2.364422 0.415664
v -0.180082 2.411509 0.425613
v -0.067880 2.378766 0.417430
v -0.102803 2.398762 0.438398
v -0.111207 2.364422 0.415664
v -0.080215 1.997438 0.128902
v -0.123456 2.039674 0.177641
v -0.129874 2.070235 0.051204
v 0.241914 2.373718 0.091888
v 0.220945 2.308026 0.095273
v 0.147800 2.283340 -0.115699
v -0.015163 2.042082 0.246812
v -0.015163 2.126332 0.249505
v -0.097377 2.065295 0.222274
v -0.287781 2.313601 0.174316
v -0.250291 2.308026 0.095273
v -0.241844 2.202393 0.176203
v -0.129874 2.070235 0.051204
v -0.181911 2.164711 0.066303
v -0.093692 2.140915 -0.079830
v -0.093692 2.140915 -0.079830
v -0.177145 2.283339 -0.115698
v -0.015162 2.143209 -0.136503
v -0.015162 2.283549 -0.215187
v 0.147800 2.283340 -0.115699
v -0.015162 2.143209 -0.136503
v 0.191356 2.081109 0.206705
v 0.188199 2.121542 0.114389
v 0.213272 2.202394 0.176203
v -0.241480 2.203444 0.100644
v -0.217544 2.121542 0.114389
v -0.241844 2.202393 0.176203
v 0.212133 2.203444 0.100643
v 0.220945 2.308026 0.095273
v 0.213272 2.202394 0.176203
v 0.094111 2.039674 0.177641
v 0.130669 2.022542 0.238332
v 0.092282 1.982555 0.329187
v -0.123456 2.039674 0.177641
v -0.121629 1.982555 0.329187
v -0.160014 2.022543 0.238332
v 0.143397 2.072042 0.352859
v 0.144741 2.040705 0.299222
v 0.176364 2.201338 0.238814
v -0.172709 2.071978 0.352887
v -0.204162 2.201338 0.238813
v -0.174085 2.040705 0.299222
v 0.114222 2.068814 0.375545
v 0.113213 2.061800 0.398289
v 0.143397 2.072042 0.352859
v -0.143567 2.068814 0.375545
v -0.172709 2.071978 0.352887
v -0.142560 2.061801 0.398289
v -0.015163 2.042082 0.246812
v -0.142560 2.061801 0.398289
v -0.100868 2.058301 0.436397
v -0.123456 2.039674 0.177641
v -0.015191 2.009321 0.207449
v -0.015191 1.904983 0.291143
v 0.094111 2.039674 0.177641
v 0.092282 1.982555 0.329187
v 0.045289 1.916562 0.295712
v -0.015163 1.985702 0.164742
v 0.094111 2.039674 0.177641
v -0.015191 2.009321 0.207449
v -0.015163 2.042082 0.246812
v -0.015191 2.066374 0.471333
v 0.071521 2.058301 0.436397
v 0.093222 2.289578 0.425194
v 0.042345 2.255558 0.464720
v -0.015163 2.257507 0.452013
v -0.015163 2.624345 0.411135
v -0.015163 2.513029 0.442761
v 0.120144 2.611682 0.350866
v -0.181911 2.164711 0.066303
v -0.250291 2.308026 0.095273
v -0.177145 2.283339 -0.115698
v -0.015163 2.737298 0.023345
v -0.204163 2.689313 0.115874
v -0.015163 2.732042 0.228142
v 0.122759 2.705414 0.223408
v 0.174816 2.689313 0.115874
v -0.015163 2.732042 0.228142
v 0.009219 2.405925 0.465009
v -0.015163 2.405925 0.465009
v 0.020133 2.377069 0.533743
v 0.009219 2.405925 0.465009
v 0.020133 2.377069 0.533743
v 0.027537 2.352561 0.458638
v -0.122568 2.289578 0.425195
v -0.142435 2.293723 0.491604
v -0.119591 2.344953 0.454167
v -0.122568 2.289578 0.425195
v -0.015163 2.257507 0.452013
v -0.071692 2.255558 0.464720
v 0.090246 2.344953 0.454168
v 0.027537 2.352561 0.458638
v 0.024510 2.338952 0.563053
v -0.119591 2.344953 0.454167
v -0.142435 2.293723 0.491604
v -0.053857 2.338952 0.563053
v 0.093222 2.289578 0.425194
v 0.090246 2.344953 0.454168
v 0.113088 2.293723 0.491604
v -0.038564 2.405925 0.465009
v -0.049478 2.377069 0.533743
v -0.015163 2.405925 0.465009
v -0.123449 2.206520 0.446777
v -0.121159 2.096865 0.450668
v -0.015163 2.203889 0.473376
v 0.094106 2.206520 0.446778
v -0.015163 2.203889 0.473376
v 0.091814 2.096865 0.450668
v 0.093222 2.289578 0.425194
v -0.015163 2.257507 0.452013
v 0.094106 2.206520 0.446778
v -0.082862 2.116997 0.224968
v -0.015163 2.126332 0.249505
v -0.141980 2.076553 0.393895
v -0.172709 2.071978 0.352887
v -0.121159 2.096865 0.450668
v -0.162260 2.206210 0.374794
v 0.143397 2.072042 0.352859
v 0.091814 2.096865 0.450668
v 0.112636 2.076553 0.393895
v -0.122568 2.289578 0.425195
v -0.123449 2.206520 0.446777
v -0.015163 2.257507 0.452013
v 0.143397 2.072042 0.352859
v 0.132962 2.206210 0.374794
v 0.091814 2.096865 0.450668
v 0.094106 2.206520 0.446778
v 0.091814 2.096865 0.450668
v 0.132962 2.206210 0.374794
v -0.015163 2.203889 0.473376
v -0.015163 2.257507 0.452013
v -0.123449 2.206520 0.446777
v -0.205102 2.201478 0.334858
v -0.172709 2.071978 0.352887
v -0.162260 2.206210 0.374794
v -0.162260 2.206210 0.374794
v -0.122568 2.289578 0.425195
v -0.119591 2.344953 0.454167
v -0.172709 2.071978 0.352887
v -0.141980 2.076553 0.393895
v -0.121159 2.096865 0.450668
v 0.093222 2.289578 0.425194
v 0.132962 2.206210 0.374794
v 0.090246 2.344953 0.454168
v -0.123449 2.206520 0.446777
v -0.162260 2.206210 0.374794
v -0.121159 2.096865 0.450668
v -0.162260 2.206210 0.374794
v -0.119591 2.344953 0.454167
v -0.201003 2.307988 0.439334
v -0.122568 2.289578 0.425195
v -0.162260 2.206210 0.374794
v -0.123449 2.206520 0.446777
v 0.132962 2.206210 0.374794
v 0.143397 2.072042 0.352859
v 0.176740 2.202599 0.333697
v -0.015163 2.126332 0.249505
v -0.104465 2.080956 0.428736
v -0.141980 2.076553 0.393895
v 0.053516 2.116997 0.224968
v 0.112636 2.076553 0.393895
v -0.015163 2.126332 0.249505
v -0.015163 2.257507 0.452013
v -0.015163 2.203889 0.473376
v 0.094106 2.206520 0.446778
v 0.093222 2.289578 0.425194
v 0.094106 2.206520 0.446778
v 0.132962 2.206210 0.374794
v -0.205102 2.201478 0.334858
v -0.162260 2.206210 0.374794
v -0.201003 2.307988 0.439334
v 0.176740 2.202599 0.333697
v 0.181652 2.303946 0.432936
v 0.132962 2.206210 0.374794
v -0.015163 2.126332 0.249505
v -0.015190 2.089049 0.455479
v -0.104465 2.080956 0.428736
v 0.132962 2.206210 0.374794
v 0.181652 2.303946 0.432936
v 0.090246 2.344953 0.454168
v -0.271260 2.373718 0.091888
v -0.480847 2.429027 -0.000635
v -0.288297 2.492586 0.151036
v -0.288297 2.492586 0.151036
v -0.470505 2.608919 0.086045
v -0.297500 2.453767 0.180469
v -0.315355 2.397309 0.201079
v -0.287781 2.313601 0.174316
v -0.301353 2.375463 0.285055
v 0.053516 2.116997 0.224968
v -0.015163 2.126332 0.249505
v 0.068032 2.065295 0.222274
v 0.051016 1.997438 0.128903
v 0.094111 2.039674 0.177641
v -0.015163 1.985702 0.164742
v -0.302067 2.402671 0.172880
v -0.322907 2.388628 0.115462
v -0.287781 2.313601 0.174316
v -0.250291 2.308026 0.095273
v -0.382160 2.298589 0.055287
v -0.271260 2.373718 0.091888
v -0.302067 2.402671 0.172880
v -0.315355 2.397309 0.201079
v -0.537862 2.592710 0.153228
v -0.093692 2.140915 -0.079830
v -0.092814 2.015175 -0.046492
v -0.129874 2.070235 0.051204
v 0.152565 2.164711 0.066303
v 0.094111 2.039674 0.177641
v 0.100739 2.070224 0.051204
v -0.315355 2.397309 0.201079
v -0.302067 2.402671 0.172880
v -0.287781 2.313601 0.174316
v 0.258951 2.492586 0.151036
v 0.241914 2.373718 0.091888
v 0.179717 2.602595 -0.025908
v -0.129874 2.070235 0.051204
v -0.112879 1.990405 0.033513
v -0.080215 1.997438 0.128902
v -0.015163 1.985702 0.164742
v -0.015163 1.919141 0.144628
v 0.051016 1.997438 0.128903
v -0.015162 2.143209 -0.136503
v -0.015162 2.043216 -0.098728
v -0.093692 2.140915 -0.079830
v 0.100739 2.070224 0.051204
v 0.063980 2.015080 -0.046492
v 0.064590 2.140915 -0.079830
v 0.100739 2.070224 0.051204
v 0.051016 1.997438 0.128903
v 0.083967 1.990343 0.033522
v -0.080215 1.997438 0.128902
v -0.112879 1.990405 0.033513
v -0.073161 1.926131 0.104607
v -0.015162 2.143209 -0.136503
v 0.064590 2.140915 -0.079830
v -0.015162 2.043216 -0.098728
v -0.129874 2.070235 0.051204
v -0.092814 2.015175 -0.046492
v -0.112879 1.990405 0.033513
v 0.220945 2.308026 0.095273
v 0.284292 2.269289 0.101357
v 0.258435 2.313601 0.174316
v 0.272721 2.402671 0.172881
v 0.293560 2.388628 0.115462
v 0.510415 2.590372 0.152813
v 0.241914 2.373718 0.091888
v 0.352813 2.298590 0.055288
v 0.220945 2.308026 0.095273
v 0.286009 2.397309 0.201079
v 0.510415 2.590372 0.152813
v 0.268154 2.453767 0.180469
v 0.272721 2.402671 0.172881
v 0.510415 2.590372 0.152813
v 0.286009 2.397309 0.201079
v 0.220945 2.308026 0.095273
v 0.352813 2.298590 0.055288
v 0.284292 2.269289 0.101357
v 0.258435 2.313601 0.174316
v 0.293560 2.388628 0.115462
v 0.272721 2.402671 0.172881
v -0.102803 2.398762 0.438398
v -0.067880 2.378766 0.417430
v -0.056988 2.419166 0.416760
v -0.263724 2.433425 0.307278
v -0.253440 2.443816 0.377696
v -0.220824 2.530639 0.423238
v -0.220824 2.530639 0.423238
v -0.235070 2.453885 0.441409
v -0.115186 2.547687 0.441218
v -0.065185 2.513029 0.442761
v -0.015163 2.513029 0.442761
v -0.149489 2.611681 0.350866
v -0.038564 2.405925 0.465009
v -0.177986 2.443751 0.422671
v -0.056988 2.419166 0.416760
v -0.180082 2.411509 0.425613
v -0.177986 2.443751 0.422671
v -0.241223 2.442700 0.378490
v -0.263724 2.433425 0.307278
v -0.220824 2.530639 0.423238
v -0.261585 2.568364 0.278939
v -0.115186 2.547687 0.441218
v -0.149489 2.611681 0.350866
v -0.220824 2.530639 0.423238
v -0.015163 2.457199 0.473073
v -0.015163 2.513029 0.442761
v -0.065185 2.513029 0.442761
v -0.180082 2.411509 0.425613
v -0.102803 2.398762 0.438398
v -0.177986 2.443751 0.422671
v -0.228484 2.405840 0.367886
v -0.253440 2.443816 0.377696
v -0.239016 2.399014 0.364772
v -0.263724 2.433425 0.307278
v -0.239016 2.399014 0.364772
v -0.253440 2.443816 0.377696
v -0.149489 2.611681 0.350866
v -0.261585 2.568364 0.278939
v -0.220824 2.530639 0.423238
v -0.115186 2.547687 0.441218
v -0.065185 2.513029 0.442761
v -0.149489 2.611681 0.350866
v -0.115186 2.547687 0.441218
v -0.235070 2.453885 0.441409
v -0.147529 2.446019 0.481856
v -0.038564 2.405925 0.465009
v -0.015163 2.457199 0.473073
v -0.054577 2.420269 0.496817
v 0.258005 2.353621 0.369032
v 0.181652 2.303946 0.432936
v 0.226845 2.283672 0.368828
v 0.176740 2.202599 0.333697
v 0.226845 2.283672 0.368828
v 0.181652 2.303946 0.432936
v -0.205102 2.201478 0.334858
v -0.201003 2.307988 0.439334
v -0.255673 2.283165 0.369408
v -0.287350 2.353621 0.369031
v -0.255673 2.283165 0.369408
v -0.201003 2.307988 0.439334
v 0.073458 2.398762 0.438398
v 0.148639 2.443750 0.422672
v 0.021486 2.418999 0.419310
v 0.073458 2.398762 0.438398
v 0.021486 2.418999 0.419310
v 0.038534 2.378766 0.417430
v 0.209670 2.399014 0.364772
v 0.224094 2.443815 0.377696
v 0.199138 2.405840 0.367886
v 0.150737 2.411509 0.425613
v 0.148639 2.443750 0.422672
v 0.073458 2.398762 0.438398
v 0.234378 2.433425 0.307278
v 0.232239 2.568364 0.278939
v 0.191479 2.530639 0.423239
v 0.191479 2.530639 0.423239
v 0.224094 2.443815 0.377696
v 0.234378 2.433425 0.307278
v 0.150737 2.411509 0.425613
v 0.211876 2.442698 0.378490
v 0.148639 2.443750 0.422672
v 0.191479 2.530639 0.423239
v 0.232239 2.568364 0.278939
v 0.120144 2.611682 0.350866
v -0.015163 2.513029 0.442761
v 0.035839 2.513029 0.442761
v 0.120144 2.611682 0.350866
v 0.120144 2.611682 0.350866
v 0.035839 2.513029 0.442761
v 0.085840 2.547687 0.441217
v 0.085840 2.547687 0.441217
v 0.035839 2.513029 0.442761
v 0.118182 2.446019 0.481856
v 0.191479 2.530639 0.423239
v 0.085840 2.547687 0.441217
v 0.205724 2.453884 0.441408
v 0.120144 2.611682 0.350866
v 0.085840 2.547687 0.441217
v 0.191479 2.530639 0.423239
v -0.015163 2.457199 0.473073
v 0.035839 2.513029 0.442761
v -0.015163 2.513029 0.442761
v 0.009219 2.405925 0.465009
v 0.118182 2.446019 0.481856
v 0.025231 2.420268 0.496817
v -0.502663 2.627525 0.168790
v -0.537862 2.592710 0.153228
v -0.297500 2.453767 0.180469
v -0.313638 2.269289 0.101357
v -0.382160 2.298589 0.055287
v -0.250291 2.308026 0.095273
v -0.322907 2.388628 0.115462
v -0.313638 2.269289 0.101357
v -0.287781 2.313601 0.174316
v -0.537862 2.592710 0.153228
v -0.315355 2.397309 0.201079
v -0.297500 2.453767 0.180469
v -0.502663 2.627525 0.168790
v -0.297500 2.453767 0.180469
v -0.470505 2.608919 0.086045
v -0.470505 2.608919 0.086045
v -0.288297 2.492586 0.151036
v -0.480847 2.429027 -0.000635
v -0.382160 2.298589 0.055287
v -0.480847 2.429027 -0.000635
v -0.271260 2.373718 0.091888
v -0.313638 2.269289 0.101357
v -0.250291 2.308026 0.095273
v -0.287781 2.313601 0.174316
v -0.509355 2.588186 0.112200
v -0.480847 2.429027 -0.000635
v -0.322907 2.388628 0.115462
v -0.537862 2.592710 0.153228
v -0.322907 2.388628 0.115462
v -0.302067 2.402671 0.172880
v -0.322907 2.388628 0.115462
v -0.382160 2.298589 0.055287
v -0.313638 2.269289 0.101357
v -0.509355 2.588186 0.112200
v -0.322907 2.388628 0.115462
v -0.537862 2.592710 0.153228
v -0.382160 2.298589 0.055287
v -0.322907 2.388628 0.115462
v -0.480847 2.429027 -0.000635
v -0.470505 2.608919 0.086045
v -0.480847 2.429027 -0.000635
v -0.749888 2.597543 0.024406
v -0.509355 2.588186 0.112200
v -0.732090 2.573454 0.039917
v -0.480847 2.429027 -0.000635
v -0.537862 2.592710 0.153228
v -0.758512 2.567857 0.066151
v -0.509355 2.588186 0.112200
v -0.732090 2.573454 0.039917
v -0.509355 2.588186 0.112200
v -0.758512 2.567857 0.066151
v -0.732090 2.573454 0.039917
v -0.758512 2.567857 0.066151
v -0.924860 2.528452 -0.025018
v -0.915167 2.543446 -0.006562
v -0.725830 2.600971 0.072039
v -0.910596 2.541979 -0.043107
v -0.758512 2.567857 0.066151
v -0.537862 2.592710 0.153228
v -0.725830 2.600971 0.072039
v -0.749888 2.597543 0.024406
v -0.725830 2.600971 0.072039
v -0.470505 2.608919 0.086045
v -0.910596 2.541979 -0.043107
v -0.924860 2.528452 -0.025018
v -0.915167 2.543446 -0.006562
v -0.725830 2.600971 0.072039
v -0.502663 2.627525 0.168790
v -0.470505 2.608919 0.086045
v -0.725830 2.600971 0.072039
v -0.537862 2.592710 0.153228
v -0.502663 2.627525 0.168790
v -0.721870 2.559503 -0.014328
v -0.480847 2.429027 -0.000635
v -0.732090 2.573454 0.039917
v -0.721870 2.559503 -0.014328
v -0.749888 2.597543 0.024406
v -0.480847 2.429027 -0.000635
v -0.924860 2.528452 -0.025018
v -0.910596 2.541979 -0.043107
v -0.721870 2.559503 -0.014328
v -0.749888 2.597543 0.024406
v -0.721870 2.559503 -0.014328
v -0.910596 2.541979 -0.043107
v -0.910596 2.541979 -0.043107
v -0.725830 2.600971 0.072039
v -0.749888 2.597543 0.024406
v -0.915167 2.543446 -0.006562
v -0.758512 2.567857 0.066151
v -0.725830 2.600971 0.072039
v -0.915167 2.543446 -0.006562
v -0.924860 2.528452 -0.025018
v -0.758512 2.567857 0.066151
v -0.721870 2.559503 -0.014328
v -0.732090 2.573454 0.039917
v -0.924860 2.528452 -0.025018
v 0.481907 2.585847 0.111785
v 0.453399 2.426689 -0.001050
v 0.724404 2.554391 0.036527
v 0.481907 2.585847 0.111785
v 0.293560 2.388628 0.115462
v 0.453399 2.426689 -0.001050
v 0.475211 2.625187 0.168375
v 0.725634 2.586310 0.069432
v 0.443056 2.606581 0.085630
v 0.475211 2.625187 0.168375
v 0.510415 2.590372 0.152813
v 0.725634 2.586310 0.069432
v 0.510415 2.590372 0.152813
v 0.481907 2.585847 0.111785
v 0.750726 2.546665 0.062382
v 0.293560 2.388628 0.115462
v 0.481907 2.585847 0.111785
v 0.510415 2.590372 0.152813
v 0.352813 2.298590 0.055288
v 0.453399 2.426689 -0.001050
v 0.293560 2.388628 0.115462
v 0.284292 2.269289 0.101357
v 0.352813 2.298590 0.055288
v 0.293560 2.388628 0.115462
v 0.284292 2.269289 0.101357
v 0.293560 2.388628 0.115462
v 0.258435 2.313601 0.174316
v 0.443056 2.606581 0.085630
v 0.453399 2.426689 -0.001050
v 0.258951 2.492586 0.151036
v 0.475211 2.625187 0.168375
v 0.443056 2.606581 0.085630
v 0.268154 2.453767 0.180469
v 0.453399 2.426689 -0.001050
v 0.352813 2.298590 0.055288
v 0.241914 2.373718 0.091888
v 0.475211 2.625187 0.168375
v 0.268154 2.453767 0.180469
v 0.510415 2.590372 0.152813
v 0.443056 2.606581 0.085630
v 0.258951 2.492586 0.151036
v 0.268154 2.453767 0.180469
v 0.453399 2.426689 -0.001050
v 0.241914 2.373718 0.091888
v 0.258951 2.492586 0.151036
v 0.747249 2.579792 0.021250
v 0.725634 2.586310 0.069432
v 0.906691 2.499501 -0.050661
v 0.908484 2.498822 -0.014883
v 0.750726 2.546665 0.062382
v 0.918508 2.483551 -0.033001
v 0.697785 2.531332 -0.019337
v 0.453399 2.426689 -0.001050
v 0.747249 2.579792 0.021250
v 0.918508 2.483551 -0.033001
v 0.906691 2.499501 -0.050661
v 0.908484 2.498822 -0.014883
v 0.724404 2.554391 0.036527
v 0.697785 2.531332 -0.019337
v 0.918508 2.483551 -0.033001
v 0.750726 2.546665 0.062382
v 0.481907 2.585847 0.111785
v 0.724404 2.554391 0.036527
v 0.750726 2.546665 0.062382
v 0.725634 2.586310 0.069432
v 0.510415 2.590372 0.152813
v 0.747249 2.579792 0.021250
v 0.443056 2.606581 0.085630
v 0.725634 2.586310 0.069432
v 0.747249 2.579792 0.021250
v 0.453399 2.426689 -0.001050
v 0.443056 2.606581 0.085630
v 0.918508 2.483551 -0.033001
v 0.697785 2.531332 -0.019337
v 0.906691 2.499501 -0.050661
v 0.724404 2.554391 0.036527
v 0.918508 2.483551 -0.033001
v 0.750726 2.546665 0.062382
v 0.908484 2.498822 -0.014883
v 0.725634 2.586310 0.069432
v 0.750726 2.546665 0.062382
v 0.906691 2.499501 -0.050661
v 0.697785 2.531332 -0.019337
v 0.747249 2.579792 0.021250
v 0.908484 2.498822 -0.014883
v 0.906691 2.499501 -0.050661
v 0.725634 2.586310 0.069432
v 0.697785 2.531332 -0.019337
v 0.724404 2.554391 0.036527
v 0.453399 2.426689 -0.001050
v -0.056988 2.419166 0.416760
v -0.177986 2.443751 0.422671
v -0.102803 2.398762 0.438398
v -0.253440 2.443816 0.377696
v -0.177986 2.443751 0.422671
v -0.235070 2.453885 0.441409
v -0.054577 2.420269 0.496817
v -0.147529 2.446019 0.481856
v -0.038564 2.405925 0.465009
v -0.241223 2.442700 0.378490
v -0.253440 2.443816 0.377696
v -0.228484 2.405840 0.367886
v -0.241223 2.442700 0.378490
v -0.228484 2.405840 0.367886
v -0.180082 2.411509 0.425613
v -0.241223 2.442700 0.378490
v -0.177986 2.443751 0.422671
v -0.253440 2.443816 0.377696
v -0.056988 2.419166 0.416760
v -0.067880 2.378766 0.417430
v -0.038564 2.405925 0.465009
v -0.235070 2.453885 0.441409
v -0.220824 2.530639 0.423238
v -0.253440 2.443816 0.377696
v -0.147529 2.446019 0.481856
v -0.065185 2.513029 0.442761
v -0.115186 2.547687 0.441218
v -0.177986 2.443751 0.422671
v -0.038564 2.405925 0.465009
v -0.147529 2.446019 0.481856
v -0.147529 2.446019 0.481856
v -0.235070 2.453885 0.441409
v -0.177986 2.443751 0.422671
v -0.054577 2.420269 0.496817
v -0.065185 2.513029 0.442761
v -0.147529 2.446019 0.481856
v -0.054577 2.420269 0.496817
v -0.015163 2.457199 0.473073
v -0.065185 2.513029 0.442761
v 0.118182 2.446019 0.481856
v 0.148639 2.443750 0.422672
v 0.205724 2.453884 0.441408
v 0.148639 2.443750 0.422672
v 0.118182 2.446019 0.481856
v 0.009219 2.405925 0.465009
v 0.118182 2.446019 0.481856
v 0.205724 2.453884 0.441408
v 0.085840 2.547687 0.441217
v 0.021486 2.418999 0.419310
v 0.009219 2.405925 0.465009
v 0.038534 2.378766 0.417430
v 0.224094 2.443815 0.377696
v 0.148639 2.443750 0.422672
v 0.211876 2.442698 0.378490
v 0.205724 2.453884 0.441408
v 0.224094 2.443815 0.377696
v 0.191479 2.530639 0.423239
v 0.025231 2.420268 0.496817
v -0.015163 2.457199 0.473073
v 0.009219 2.405925 0.465009
v 0.211876 2.442698 0.378490
v 0.150737 2.411509 0.425613
v 0.199138 2.405840 0.367886
v 0.021486 2.418999 0.419310
v 0.148639 2.443750 0.422672
v 0.009219 2.405925 0.465009
v 0.211876 2.442698 0.378490
v 0.199138 2.405840 0.367886
v 0.224094 2.443815 0.377696
v 0.224094 2.443815 0.377696
v 0.209670 2.399014 0.364772
v 0.234378 2.433425 0.307278
v 0.025231 2.420268 0.496817
v 0.035839 2.513029 0.442761
v -0.015163 2.457199 0.473073
v 0.025231 2.420268 0.496817
v 0.118182 2.446019 0.481856
v 0.035839 2.513029 0.442761
v 0.224094 2.443815 0.377696
v 0.205724 2.453884 0.441408
v 0.148639 2.443750 0.422672
v -0.015190 2.389881 0.536019
v -0.015163 2.405925 0.465009
v -0.049478 2.377069 0.533743
v -0.071692 2.255558 0.464720
v -0.093393 2.238326 0.532700
v -0.122568 2.289578 0.425195
v -0.015191 2.255558 0.464720
v -0.071692 2.255558 0.464720
v -0.015163 2.257507 0.452013
v 0.113088 2.293723 0.491604
v 0.064047 2.238326 0.532700
v 0.093222 2.289578 0.425194
v -0.053857 2.338952 0.563053
v -0.049478 2.377069 0.533743
v -0.056882 2.352561 0.458638
v -0.049478 2.377069 0.533743
v -0.038564 2.405925 0.465009
v -0.056882 2.352561 0.458638
v 0.024510 2.338952 0.563053
v 0.027537 2.352561 0.458638
v 0.020133 2.377069 0.533743
v 0.020133 2.377069 0.533743
v -0.015163 2.405925 0.465009
v -0.015190 2.389881 0.536019
v 0.042345 2.255558 0.464720
v 0.093222 2.289578 0.425194
v 0.064047 2.238326 0.532700
v 0.064047 2.238326 0.532700
v 0.113088 2.293723 0.491604
v 0.024510 2.338952 0.563053
v -0.093393 2.238326 0.532700
v -0.142435 2.293723 0.491604
v -0.122568 2.289578 0.425195
v -0.053857 2.338952 0.563053
v -0.056882 2.352561 0.458638
v -0.119591 2.344953 0.454167
v 0.024510 2.338952 0.563053
v 0.113088 2.293723 0.491604
v 0.090246 2.344953 0.454168
v -0.093393 2.238326 0.532700
v -0.053857 2.338952 0.563053
v -0.142435 2.293723 0.491604
v 0.042345 2.255558 0.464720
v -0.015191 2.255558 0.464720
v -0.015163 2.257507 0.452013
v -0.015191 2.333546 0.586470
v 0.024510 2.338952 0.563053
v -0.015190 2.389881 0.536019
v -0.049478 2.377069 0.533743
v -0.053857 2.338952 0.563053
v -0.015190 2.389881 0.536019
v -0.015191 2.333546 0.586470
v -0.015190 2.389881 0.536019
v -0.053857 2.338952 0.563053
v 0.020133 2.377069 0.533743
v -0.015190 2.389881 0.536019
v 0.024510 2.338952 0.563053
v -0.053857 2.338952 0.563053
v -0.092669 2.253606 0.668707
v -0.015191 2.333546 0.586470
v -0.015191 2.255558 0.464720
v 0.042345 2.255558 0.464720
v -0.015191 2.134107 0.559101
v -0.093393 2.238326 0.532700
v -0.080769 2.156084 0.561077
v -0.112856 2.160835 0.644868
v -0.093393 2.238326 0.532700
v -0.112856 2.160835 0.644868
v -0.092669 2.253606 0.668707
v 0.064047 2.238326 0.532700
v 0.083509 2.160834 0.644868
v 0.051421 2.156084 0.561078
v 0.064047 2.238326 0.532700
v 0.063322 2.253606 0.668706
v 0.083509 2.160834 0.644868
v 0.042345 2.255558 0.464720
v 0.064047 2.238326 0.532700
v 0.051421 2.156084 0.561078
v -0.015191 2.255558 0.464720
v -0.015191 2.134107 0.559101
v -0.071692 2.255558 0.464720
v -0.053857 2.338952 0.563053
v -0.093393 2.238326 0.532700
v -0.092669 2.253606 0.668707
v 0.024510 2.338952 0.563053
v -0.015191 2.333546 0.586470
v 0.063322 2.253606 0.668706
v -0.078517 2.104290 0.614171
v -0.080769 2.156084 0.561077
v -0.015191 2.061269 0.617019
v -0.015191 2.269687 0.689237
v 0.063322 2.253606 0.668706
v -0.015191 2.333546 0.586470
v -0.015191 2.064402 0.794460
v 0.059322 2.083345 0.757032
v -0.015191 2.167043 0.741850
v -0.015191 2.007908 0.721025
v 0.046919 2.039777 0.713352
v -0.015191 2.064402 0.794460
v -0.088669 2.083345 0.757031
v -0.076266 2.039777 0.713352
v -0.015191 2.064402 0.794460
v -0.015191 2.269687 0.689237
v -0.092669 2.253606 0.668707
v -0.015191 2.167043 0.741850
v -0.015191 2.134107 0.559101
v 0.051421 2.156084 0.561078
v -0.015191 2.061269 0.617019
v -0.080769 2.156084 0.561077
v -0.071692 2.255558 0.464720
v -0.015191 2.134107 0.559101
v 0.067064 2.168085 0.713107
v 0.063322 2.253606 0.668706
v -0.015191 2.167043 0.741850
v -0.096411 2.168085 0.713107
v -0.088669 2.083345 0.757031
v -0.015191 2.167043 0.741850
v -0.015191 2.007908 0.721025
v -0.076266 2.039777 0.713352
v -0.015191 2.061269 0.617019
v 0.049170 2.104289 0.614170
v 0.046919 2.039777 0.713352
v -0.015191 2.061269 0.617019
v 0.049170 2.104289 0.614170
v 0.051421 2.156084 0.561078
v 0.083509 2.160834 0.644868
v 0.063322 2.253606 0.668706
v 0.064047 2.238326 0.532700
v 0.024510 2.338952 0.563053
v 0.067064 2.168085 0.713107
v 0.083509 2.160834 0.644868
v 0.063322 2.253606 0.668706
v 0.049170 2.104289 0.614170
v 0.083509 2.160834 0.644868
v 0.046919 2.039777 0.713352
v -0.088669 2.083345 0.757031
v -0.112856 2.160835 0.644868
v -0.076266 2.039777 0.713352
v -0.076266 2.039777 0.713352
v -0.112856 2.160835 0.644868
v -0.078517 2.104290 0.614171
v -0.015191 2.007908 0.721025
v -0.015191 2.061269 0.617019
v 0.046919 2.039777 0.713352
v -0.076266 2.039777 0.713352
v -0.078517 2.104290 0.614171
v -0.015191 2.061269 0.617019
v -0.092669 2.253606 0.668707
v -0.112856 2.160835 0.644868
v -0.096411 2.168085 0.713107
v -0.015191 2.064402 0.794460
v -0.015191 2.167043 0.741850
v -0.088669 2.083345 0.757031
v -0.015191 2.269687 0.689237
v -0.015191 2.167043 0.741850
v 0.063322 2.253606 0.668706
v -0.078517 2.104290 0.614171
v -0.112856 2.160835 0.644868
v -0.080769 2.156084 0.561077
v 0.049170 2.104289 0.614170
v -0.015191 2.061269 0.617019
v 0.051421 2.156084 0.561078
v 0.051421 2.156084 0.561078
v -0.015191 2.134107 0.559101
v 0.042345 2.255558 0.464720
v -0.096411 2.168085 0.713107
v -0.015191 2.167043 0.741850
v -0.092669 2.253606 0.668707
v -0.076266 2.039777 0.713352
v -0.015191 2.007908 0.721025
v -0.015191 2.064402 0.794460
v 0.059322 2.083345 0.757032
v -0.015191 2.064402 0.794460
v 0.046919 2.039777 0.713352
v 0.067064 2.168085 0.713107
v -0.015191 2.167043 0.741850
v 0.059322 2.083345 0.757032
v 0.046919 2.039777 0.713352
v 0.083509 2.160834 0.644868
v 0.059322 2.083345 0.757032
v -0.015191 2.269687 0.689237
v -0.015191 2.333546 0.586470
v -0.092669 2.253606 0.668707
v 0.083509 2.160834 0.644868
v 0.067064 2.168085 0.713107
v 0.059322 2.083345 0.757032
v -0.080769 2.156084 0.561077
v -0.093393 2.238326 0.532700
v -0.071692 2.255558 0.464720
v -0.096411 2.168085 0.713107
v -0.112856 2.160835 0.644868
v -0.088669 2.083345 0.757031
v -0.015191 2.061269 0.617019
v -0.080769 2.156084 0.561077
v -0.015191 2.134107 0.559101
v -0.104465 2.080956 0.428736
v -0.015190 2.089049 0.455479
v -0.121159 2.096865 0.450668
v -0.141980 2.076553 0.393895
v -0.143567 2.068814 0.375545
v -0.082862 2.116997 0.224968
v 0.112636 2.076553 0.393895
v 0.053516 2.116997 0.224968
v 0.114222 2.068814 0.375545
v 0.075120 2.080956 0.428736
v -0.015163 2.126332 0.249505
v 0.112636 2.076553 0.393895
v -0.015190 2.089049 0.455479
v -0.015163 2.126332 0.249505
v 0.075120 2.080956 0.428736
v -0.015190 2.106155 0.479484
v -0.015190 2.089049 0.455479
v 0.091814 2.096865 0.450668
v -0.104465 2.080956 0.428736
v -0.121159 2.096865 0.450668
v -0.141980 2.076553 0.393895
v 0.112636 2.076553 0.393895
v 0.114222 2.068814 0.375545
v 0.143397 2.072042 0.352859
v 0.112636 2.076553 0.393895
v 0.091814 2.096865 0.450668
v 0.075120 2.080956 0.428736
v -0.141980 2.076553 0.393895
v -0.172709 2.071978 0.352887
v -0.143567 2.068814 0.375545
v 0.075120 2.080956 0.428736
v 0.091814 2.096865 0.450668
v -0.015190 2.089049 0.455479
v 0.091814 2.096865 0.450668
v -0.015163 2.203889 0.473376
v -0.015190 2.106155 0.479484
v -0.015190 2.106155 0.479484
v -0.015163 2.203889 0.473376
v -0.121159 2.096865 0.450668
v -0.015190 2.106155 0.479484
v -0.121159 2.096865 0.450668
v -0.015190 2.089049 0.455479
v 0.071521 2.058301 0.436397
v -0.015191 2.066374 0.471333
v 0.065419 2.043654 0.467532
v -0.015191 2.009321 0.207449
v -0.123456 2.039674 0.177641
v -0.015163 1.985702 0.164742
v 0.065419 2.043654 0.467532
v -0.015191 2.055046 0.492465
v 0.050710 1.996572 0.460443
v 0.092282 1.982555 0.329187
v 0.104164 2.013860 0.415054
v 0.043246 1.992817 0.409708
v -0.015191 1.904983 0.291143
v 0.045289 1.916562 0.295712
v -0.015191 1.917463 0.403741
v -0.015191 1.917463 0.403741
v 0.038876 1.932014 0.365397
v -0.015191 1.996496 0.435878
v -0.015191 2.001824 0.484309
v -0.080057 1.996572 0.460443
v -0.015191 1.996496 0.435878
v -0.080057 1.996572 0.460443
v -0.133511 2.013860 0.415054
v -0.072593 1.992818 0.409708
v -0.015191 1.904983 0.291143
v -0.015191 1.917463 0.403741
v -0.074636 1.916562 0.295712
v -0.015191 2.009321 0.207449
v 0.094111 2.039674 0.177641
v -0.015191 1.904983 0.291143
v -0.074636 1.916562 0.295712
v -0.123456 2.039674 0.177641
v -0.015191 1.904983 0.291143
v -0.174085 2.040705 0.299222
v -0.204162 2.201338 0.238813
v -0.220700 2.081109 0.206705
v -0.015191 2.066374 0.471333
v -0.015163 2.042082 0.246812
v -0.100868 2.058301 0.436397
v -0.015191 2.055046 0.492465
v -0.015191 2.066374 0.471333
v -0.094766 2.043654 0.467532
v -0.015191 2.001824 0.484309
v -0.015191 2.055046 0.492465
v -0.080057 1.996572 0.460443
v 0.043246 1.992817 0.409708
v 0.050710 1.996572 0.460443
v -0.015191 1.996496 0.435878
v -0.072593 1.992818 0.409708
v -0.068223 1.932014 0.365397
v -0.015191 1.996496 0.435878
v 0.130669 2.022542 0.238332
v 0.094111 2.039674 0.177641
v 0.191356 2.081109 0.206705
v -0.174085 2.040705 0.299222
v -0.220700 2.081109 0.206705
v -0.160014 2.022543 0.238332
v -0.174085 2.040705 0.299222
v -0.142560 2.061801 0.398289
v -0.172709 2.071978 0.352887
v 0.144741 2.040705 0.299222
v 0.143397 2.072042 0.352859
v 0.113213 2.061800 0.398289
v -0.133511 2.013860 0.415054
v -0.142560 2.061801 0.398289
v -0.174085 2.040705 0.299222
v -0.068223 1.932014 0.365397
v -0.072593 1.992818 0.409708
v -0.121629 1.982555 0.329187
v 0.038876 1.932014 0.365397
v 0.092282 1.982555 0.329187
v 0.043246 1.992817 0.409708
v -0.015191 1.917463 0.403741
v -0.015191 1.996496 0.435878
v -0.068223 1.932014 0.365397
v -0.015191 2.001824 0.484309
v -0.015191 1.996496 0.435878
v 0.050710 1.996572 0.460443
v -0.094766 2.043654 0.467532
v -0.080057 1.996572 0.460443
v -0.015191 2.055046 0.492465
v 0.092282 1.982555 0.329187
v 0.130669 2.022542 0.238332
v 0.144741 2.040705 0.299222
v -0.068223 1.932014 0.365397
v -0.121629 1.982555 0.329187
v -0.074636 1.916562 0.295712
v -0.160014 2.022543 0.238332
v -0.220700 2.081109 0.206705
v -0.123456 2.039674 0.177641
v 0.144741 2.040705 0.299222
v 0.191356 2.081109 0.206705
v 0.176364 2.201338 0.238814
v -0.174085 2.040705 0.299222
v -0.160014 2.022543 0.238332
v -0.121629 1.982555 0.329187
v -0.074636 1.916562 0.295712
v -0.121629 1.982555 0.329187
v -0.123456 2.039674 0.177641
v 0.144741 2.040705 0.299222
v 0.104164 2.013860 0.415054
v 0.092282 1.982555 0.329187
v 0.092282 1.982555 0.329187
v 0.038876 1.932014 0.365397
v 0.045289 1.916562 0.295712
v 0.071521 2.058301 0.436397
v 0.065419 2.043654 0.467532
v 0.113213 2.061800 0.398289
v -0.100868 2.058301 0.436397
v -0.094766 2.043654 0.467532
v -0.015191 2.066374 0.471333
v 0.065419 2.043654 0.467532
v 0.050710 1.996572 0.460443
v 0.104164 2.013860 0.415054
v 0.071521 2.058301 0.436397
v 0.113213 2.061800 0.398289
v -0.015163 2.042082 0.246812
v 0.130669 2.022542 0.238332
v 0.191356 2.081109 0.206705
v 0.144741 2.040705 0.299222
v 0.045289 1.916562 0.295712
v -0.015191 1.904983 0.291143
v 0.094111 2.039674 0.177641
v -0.068223 1.932014 0.365397
v -0.074636 1.916562 0.295712
v -0.015191 1.917463 0.403741
v -0.121629 1.982555 0.329187
v -0.072593 1.992818 0.409708
v -0.133511 2.013860 0.415054
v -0.072593 1.992818 0.409708
v -0.015191 1.996496 0.435878
v -0.080057 1.996572 0.460443
v 0.043246 1.992817 0.409708
v -0.015191 1.996496 0.435878
v 0.038876 1.932014 0.365397
v 0.038876 1.932014 0.365397
v -0.015191 1.917463 0.403741
v 0.045289 1.916562 0.295712
v -0.094766 2.043654 0.467532
v -0.133511 2.013860 0.415054
v -0.080057 1.996572 0.460443
v -0.174085 2.040705 0.299222
v -0.121629 1.982555 0.329187
v -0.133511 2.013860 0.415054
v -0.142560 2.061801 0.398289
v -0.094766 2.043654 0.467532
v -0.100868 2.058301 0.436397
v -0.133511 2.013860 0.415054
v -0.094766 2.043654 0.467532
v -0.142560 2.061801 0.398289
v 0.043246 1.992817 0.409708
v 0.104164 2.013860 0.415054
v 0.050710 1.996572 0.460443
v 0.104164 2.013860 0.415054
v 0.113213 2.061800 0.398289
v 0.065419 2.043654 0.467532
v 0.144741 2.040705 0.299222
v 0.113213 2.061800 0.398289
v 0.104164 2.013860 0.415054
v -0.015191 2.001824 0.484309
v 0.050710 1.996572 0.460443
v -0.015191 2.055046 0.492465
v -0.015191 2.055046 0.492465
v 0.065419 2.043654 0.467532
v -0.015191 2.066374 0.471333
v -0.330384 2.290765 0.188126
v -0.299998 2.275527 0.269347
v -0.323438 2.153033 0.198220
v -0.299998 2.275527 0.269347
v -0.301353 2.375463 0.285055
v -0.310465 2.277111 0.272637
v -0.330384 2.290765 0.188126
v -0.315355 2.397309 0.201079
v -0.299998 2.275527 0.269347
v -0.299998 2.275527 0.269347
v -0.315355 2.397309 0.201079
v -0.301353 2.375463 0.285055
v -0.310465 2.277111 0.272637
v -0.301353 2.375463 0.285055
v -0.310322 2.381086 0.288346
v -0.330384 2.290765 0.188126
v -0.310465 2.277111 0.272637
v -0.315355 2.397309 0.201079
v -0.313827 1.987298 0.233201
v -0.298307 2.004424 0.281192
v -0.327733 1.989036 0.236657
v -0.312270 2.140161 0.265994
v -0.310465 2.277111 0.272637
v -0.332278 2.153815 0.200361
v -0.301892 2.138578 0.263439
v -0.299998 2.275527 0.269347
v -0.312270 2.140161 0.265994
v -0.298307 2.004424 0.281192
v -0.301892 2.138578 0.263439
v -0.313385 2.006752 0.284953
v -0.332278 2.153815 0.200361
v -0.323438 2.153033 0.198220
v -0.342081 2.026846 0.188362
v -0.327733 1.989036 0.236657
v -0.342081 2.026846 0.188362
v -0.313827 1.987298 0.233201
v -0.301892 2.138578 0.263439
v -0.313827 1.987298 0.233201
v -0.323438 2.153033 0.198220
v -0.312270 2.140161 0.265994
v -0.332278 2.153815 0.200361
v -0.327733 1.989036 0.236657
v -0.313385 2.006752 0.284953
v -0.312270 2.140161 0.265994
v -0.327733 1.989036 0.236657
v -0.329346 2.025699 0.185211
v -0.323438 2.153033 0.198220
v -0.313827 1.987298 0.233201
v -0.329346 2.025699 0.185211
v -0.313827 1.987298 0.233201
v -0.342081 2.026846 0.188362
v -0.329346 2.025699 0.185211
v -0.342081 2.026846 0.188362
v -0.323438 2.153033 0.198220
v -0.298307 2.004424 0.281192
v -0.313827 1.987298 0.233201
v -0.301892 2.138578 0.263439
v -0.313385 2.006752 0.284953
v -0.301892 2.138578 0.263439
v -0.312270 2.140161 0.265994
v -0.342081 2.026846 0.188362
v -0.327733 1.989036 0.236657
v -0.332278 2.153815 0.200361
v -0.323438 2.153033 0.198220
v -0.332278 2.153815 0.200361
v -0.330384 2.290765 0.188126
v -0.301892 2.138578 0.263439
v -0.323438 2.153033 0.198220
v -0.299998 2.275527 0.269347
v -0.312270 2.140161 0.265994
v -0.299998 2.275527 0.269347
v -0.310465 2.277111 0.272637
v -0.332278 2.153815 0.200361
v -0.310465 2.277111 0.272637
v -0.330384 2.290765 0.188126
v -0.327733 1.989036 0.236657
v -0.298307 2.004424 0.281192
v -0.313385 2.006752 0.284953
v 0.302682 2.276186 0.171222
v 0.284482 2.259456 0.255566
v 0.297873 2.139449 0.178366
v 0.302682 2.276186 0.171222
v 0.286009 2.397309 0.201079
v 0.284482 2.259456 0.255566
v 0.273112 2.258733 0.259031
v 0.284482 2.259456 0.255566
v 0.272007 2.375463 0.285055
v 0.302682 2.276186 0.171222
v 0.273112 2.258733 0.259031
v 0.286009 2.397309 0.201079
v 0.284482 2.259456 0.255566
v 0.286009 2.397309 0.201079
v 0.282787 2.379145 0.281590
v 0.275821 1.973706 0.203846
v 0.289680 2.013977 0.155856
v 0.291449 1.974275 0.199674
v 0.268303 2.121994 0.246561
v 0.273112 2.258733 0.259031
v 0.287544 2.139401 0.181342
v 0.279671 2.122720 0.243870
v 0.284482 2.259456 0.255566
v 0.268303 2.121994 0.246561
v 0.287544 2.139401 0.181342
v 0.297873 2.139449 0.178366
v 0.289680 2.013977 0.155856
v 0.279671 2.122720 0.243870
v 0.268303 2.121994 0.246561
v 0.278339 1.989727 0.247875
v 0.291449 1.974275 0.199674
v 0.278339 1.989727 0.247875
v 0.275821 1.973706 0.203846
v 0.279671 2.122720 0.243870
v 0.291449 1.974275 0.199674
v 0.297873 2.139449 0.178366
v 0.268303 2.121994 0.246561
v 0.287544 2.139401 0.181342
v 0.275821 1.973706 0.203846
v 0.261961 1.988660 0.251836
v 0.268303 2.121994 0.246561
v 0.275821 1.973706 0.203846
v 0.304560 2.013884 0.151474
v 0.297873 2.139449 0.178366
v 0.291449 1.974275 0.199674
v 0.261961 1.988660 0.251836
v 0.275821 1.973706 0.203846
v 0.278339 1.989727 0.247875
v 0.261961 1.988660 0.251836
v 0.278339 1.989727 0.247875
v 0.268303 2.121994 0.246561
v 0.289680 2.013977 0.155856
v 0.275821 1.973706 0.203846
v 0.287544 2.139401 0.181342
v 0.304560 2.013884 0.151474
v 0.289680 2.013977 0.155856
v 0.297873 2.139449 0.178366
v 0.278339 1.989727 0.247875
v 0.291449 1.974275 0.199674
v 0.279671 2.122720 0.243870
v 0.268303 2.121994 0.246561
v 0.284482 2.259456 0.255566
v 0.273112 2.258733 0.259031
v 0.287544 2.139401 0.181342
v 0.273112 2.258733 0.259031
v 0.302682 2.276186 0.171222
v 0.297873 2.139449 0.178366
v 0.287544 2.139401 0.181342
v 0.302682 2.276186 0.171222
v 0.279671 2.122720 0.243870
v 0.297873 2.139449 0.178366
v 0.284482 2.259456 0.255566
v 0.291449 1.974275 0.199674
v 0.289680 2.013977 0.155856
v 0.304560 2.013884 0.151474
v 0.179840 1.875389 -0.124332
v -0.015162 1.936800 -0.133683
v 0.092948 1.933410 -0.052143
v 0.249862 1.729069 -0.201526
v 0.258750 1.397592 -0.131490
v 0.147373 1.394644 -0.200995
v 0.177589 1.853306 0.069185
v 0.179840 1.875389 -0.124332
v 0.102099 1.881884 0.038548
v 0.280295 1.651875 -0.115389
v 0.289391 1.656763 -0.017149
v 0.258750 1.397592 -0.131490
v 0.177589 1.853306 0.069185
v 0.102099 1.881884 0.038548
v 0.071684 1.838831 0.097508
v 0.209618 1.786127 0.122223
v -0.015163 1.641305 0.249782
v 0.179078 1.625562 0.195187
v 0.209618 1.786127 0.122223
v 0.071684 1.838831 0.097508
v -0.015163 1.797889 0.139070
v 0.289391 1.656763 -0.017149
v 0.240846 1.436282 0.229439
v 0.299559 1.414045 -0.010223
v 0.209618 1.786127 0.122223
v 0.177589 1.853306 0.069185
v 0.071684 1.838831 0.097508
v 0.249862 1.729069 -0.201526
v -0.015162 1.826784 -0.184045
v 0.179840 1.875389 -0.124332
v 0.179840 1.875389 -0.124332
v -0.015162 1.826784 -0.184045
v -0.015162 1.936800 -0.133683
v 0.477449 1.791233 0.082111
v 0.526244 1.862355 -0.021809
v 0.472700 1.824312 0.077139
v 0.356981 1.806578 0.150677
v 0.355943 1.772612 0.136469
v 0.472700 1.824312 0.077139
v 0.188192 1.829790 0.154229
v 0.179089 1.796985 0.140198
v 0.356981 1.806578 0.150677
v 0.141448 1.933730 0.059033
v 0.129636 1.886217 0.063081
v 0.188192 1.829790 0.154229
v 0.142487 1.933731 -0.122716
v 0.128695 1.910140 -0.130557
v 0.141448 1.933730 0.059033
v 0.221341 1.785579 -0.165459
v 0.128695 1.910140 -0.130557
v 0.228788 1.818927 -0.182692
v 0.359970 1.806964 -0.199778
v 0.359082 1.773017 -0.183398
v 0.228788 1.818927 -0.182692
v 0.479496 1.854409 -0.126667
v 0.359082 1.773017 -0.183398
v 0.474651 1.884478 -0.121697
v 0.519171 1.892048 -0.021832
v 0.526244 1.862355 -0.021809
v 0.474651 1.884478 -0.121697
v 0.519171 1.892048 -0.021832
v 0.421237 1.886442 0.069133
v 0.472700 1.824312 0.077139
v 0.396103 1.920256 -0.096081
v 0.519171 1.892048 -0.021832
v 0.474651 1.884478 -0.121697
v 0.298431 1.920251 -0.145751
v 0.359970 1.806964 -0.199778
v 0.228788 1.818927 -0.182692
v 0.218578 1.951460 0.033643
v 0.235354 1.957970 -0.051421
v 0.141448 1.933730 0.059033
v 0.373624 1.886649 0.074416
v 0.207475 1.910501 0.091981
v 0.377253 1.851900 0.101833
v 0.526244 1.862355 -0.021809
v 0.231958 1.885932 -0.021404
v 0.479496 1.854409 -0.126667
v 0.355943 1.772612 0.136469
v 0.231958 1.885932 -0.021404
v 0.477449 1.791233 0.082111
v 0.179089 1.796985 0.140198
v 0.231958 1.885932 -0.021404
v 0.355943 1.772612 0.136469
v 0.129636 1.886217 0.063081
v 0.231958 1.885932 -0.021404
v 0.179089 1.796985 0.140198
v 0.128695 1.910140 -0.130557
v 0.231958 1.885932 -0.021404
v 0.129636 1.886217 0.063081
v 0.359082 1.773017 -0.183398
v 0.231958 1.885932 -0.021404
v 0.221341 1.785579 -0.165459
v 0.479496 1.854409 -0.126667
v 0.231958 1.885932 -0.021404
v 0.359082 1.773017 -0.183398
v 0.426193 1.921560 -0.022745
v 0.344022 1.928994 0.053625
v 0.421237 1.886442 0.069133
v 0.347608 1.944719 -0.060139
v 0.370111 1.941579 -0.032603
v 0.396103 1.920256 -0.096081
v 0.298431 1.920251 -0.145751
v 0.307556 1.950662 -0.059728
v 0.345536 1.933043 -0.100712
v 0.287117 1.956485 -0.027505
v 0.307556 1.950662 -0.059728
v 0.235354 1.957970 -0.051421
v 0.247562 1.938516 0.063079
v 0.304560 1.950660 0.002019
v 0.218578 1.951460 0.033643
v 0.344022 1.928994 0.053625
v 0.350050 1.943347 0.000288
v 0.247562 1.938516 0.063079
v 0.370111 1.941579 -0.032603
v 0.350050 1.943347 0.000288
v 0.426193 1.921560 -0.022745
v 0.183181 1.938002 0.063065
v 0.218578 1.951460 0.033643
v 0.141448 1.933730 0.059033
v 0.188192 1.829790 0.154229
v 0.207475 1.910501 0.091981
v 0.141448 1.933730 0.059033
v 0.235354 1.957970 -0.051421
v 0.229106 1.951645 -0.099123
v 0.142487 1.933731 -0.122716
v 0.257127 1.932794 -0.140136
v 0.229106 1.951645 -0.099123
v 0.298431 1.920251 -0.145751
v 0.228788 1.818927 -0.182692
v 0.226402 1.904179 -0.148700
v 0.298431 1.920251 -0.145751
v 0.191005 1.938393 -0.139314
v 0.226402 1.904179 -0.148700
v 0.142487 1.933731 -0.122716
v 0.345536 1.933043 -0.100712
v 0.366334 1.910441 -0.124455
v 0.298431 1.920251 -0.145751
v 0.474651 1.884478 -0.121697
v 0.424559 1.893780 -0.126851
v 0.396103 1.920256 -0.096081
v 0.383692 1.878161 -0.149584
v 0.424559 1.893780 -0.126851
v 0.359970 1.806964 -0.199778
v 0.377253 1.851900 0.101833
v 0.207475 1.910501 0.091981
v 0.188192 1.829790 0.154229
v 0.423376 1.851908 0.082696
v 0.356981 1.806578 0.150677
v 0.472700 1.824312 0.077139
v 0.344022 1.928994 0.053625
v 0.373624 1.886649 0.074416
v 0.421237 1.886442 0.069133
v 0.404033 1.914747 0.112942
v 0.423376 1.851908 0.082696
v 0.421237 1.886442 0.069133
v 0.404033 1.914747 0.112942
v 0.377253 1.851900 0.101833
v 0.423376 1.851908 0.082696
v 0.404033 1.914747 0.112942
v 0.373624 1.886649 0.074416
v 0.377253 1.851900 0.101833
v 0.404033 1.914747 0.112942
v 0.421237 1.886442 0.069133
v 0.373624 1.886649 0.074416
v 0.210490 1.987076 0.093328
v 0.207475 1.910501 0.091981
v 0.247562 1.938516 0.063079
v 0.210490 1.987076 0.093328
v 0.183181 1.938002 0.063065
v 0.207475 1.910501 0.091981
v 0.210490 1.987076 0.093328
v 0.218578 1.951460 0.033643
v 0.183181 1.938002 0.063065
v 0.210490 1.987076 0.093328
v 0.247562 1.938516 0.063079
v 0.218578 1.951460 0.033643
v 0.228212 1.964724 -0.160179
v 0.191005 1.938393 -0.139314
v 0.229106 1.951645 -0.099123
v 0.228212 1.964724 -0.160179
v 0.226402 1.904179 -0.148700
v 0.191005 1.938393 -0.139314
v 0.228212 1.964724 -0.160179
v 0.257127 1.932794 -0.140136
v 0.226402 1.904179 -0.148700
v 0.228212 1.964724 -0.160179
v 0.229106 1.951645 -0.099123
v 0.257127 1.932794 -0.140136
v 0.398642 1.934520 -0.143591
v 0.383692 1.878161 -0.149584
v 0.366334 1.910441 -0.124455
v 0.398642 1.934520 -0.143591
v 0.424559 1.893780 -0.126851
v 0.383692 1.878161 -0.149584
v 0.398642 1.934520 -0.143591
v 0.396103 1.920256 -0.096081
v 0.424559 1.893780 -0.126851
v 0.398642 1.934520 -0.143591
v 0.366334 1.910441 -0.124455
v 0.396103 1.920256 -0.096081
v 0.423376 1.851908 0.082696
v 0.472700 1.824312 0.077139
v 0.421237 1.886442 0.069133
v 0.377253 1.851900 0.101833
v 0.356981 1.806578 0.150677
v 0.423376 1.851908 0.082696
v 0.188192 1.829790 0.154229
v 0.356981 1.806578 0.150677
v 0.377253 1.851900 0.101833
v 0.424559 1.893780 -0.126851
v 0.474651 1.884478 -0.121697
v 0.359970 1.806964 -0.199778
v 0.366334 1.910441 -0.124455
v 0.345536 1.933043 -0.100712
v 0.396103 1.920256 -0.096081
v 0.383692 1.878161 -0.149584
v 0.298431 1.920251 -0.145751
v 0.366334 1.910441 -0.124455
v 0.226402 1.904179 -0.148700
v 0.228788 1.818927 -0.182692
v 0.142487 1.933731 -0.122716
v 0.257127 1.932794 -0.140136
v 0.298431 1.920251 -0.145751
v 0.226402 1.904179 -0.148700
v 0.229106 1.951645 -0.099123
v 0.235354 1.957970 -0.051421
v 0.298431 1.920251 -0.145751
v 0.191005 1.938393 -0.139314
v 0.142487 1.933731 -0.122716
v 0.229106 1.951645 -0.099123
v 0.183181 1.938002 0.063065
v 0.141448 1.933730 0.059033
v 0.207475 1.910501 0.091981
v 0.207475 1.910501 0.091981
v 0.344022 1.928994 0.053625
v 0.247562 1.938516 0.063079
v 0.344654 2.035548 -0.023713
v 0.304560 1.950660 0.002019
v 0.350050 1.943347 0.000288
v 0.344654 2.035548 -0.023713
v 0.287117 1.956485 -0.027505
v 0.304560 1.950660 0.002019
v 0.344654 2.035548 -0.023713
v 0.307556 1.950662 -0.059728
v 0.287117 1.956485 -0.027505
v 0.344654 2.035548 -0.023713
v 0.347608 1.944719 -0.060139
v 0.307556 1.950662 -0.059728
v 0.344654 2.035548 -0.023713
v 0.370111 1.941579 -0.032603
v 0.347608 1.944719 -0.060139
v 0.344654 2.035548 -0.023713
v 0.350050 1.943347 0.000288
v 0.370111 1.941579 -0.032603
v 0.304560 1.950660 0.002019
v 0.247562 1.938516 0.063079
v 0.350050 1.943347 0.000288
v 0.287117 1.956485 -0.027505
v 0.218578 1.951460 0.033643
v 0.304560 1.950660 0.002019
v 0.287117 1.956485 -0.027505
v 0.235354 1.957970 -0.051421
v 0.218578 1.951460 0.033643
v 0.307556 1.950662 -0.059728
v 0.298431 1.920251 -0.145751
v 0.235354 1.957970 -0.051421
v 0.347608 1.944719 -0.060139
v 0.345536 1.933043 -0.100712
v 0.307556 1.950662 -0.059728
v 0.347608 1.944719 -0.060139
v 0.396103 1.920256 -0.096081
v 0.345536 1.933043 -0.100712
v 0.370111 1.941579 -0.032603
v 0.426193 1.921560 -0.022745
v 0.396103 1.920256 -0.096081
v 0.344022 1.928994 0.053625
v 0.426193 1.921560 -0.022745
v 0.350050 1.943347 0.000288
v 0.231958 1.885932 -0.021404
v 0.128695 1.910140 -0.130557
v 0.221341 1.785579 -0.165459
v 0.231958 1.885932 -0.021404
v 0.526244 1.862355 -0.021809
v 0.477449 1.791233 0.082111
v 0.207475 1.910501 0.091981
v 0.373624 1.886649 0.074416
v 0.344022 1.928994 0.053625
v 0.235354 1.957970 -0.051421
v 0.142487 1.933731 -0.122716
v 0.141448 1.933730 0.059033
v 0.383692 1.878161 -0.149584
v 0.359970 1.806964 -0.199778
v 0.298431 1.920251 -0.145751
v 0.426193 1.921560 -0.022745
v 0.519171 1.892048 -0.021832
v 0.396103 1.920256 -0.096081
v 0.421237 1.886442 0.069133
v 0.519171 1.892048 -0.021832
v 0.426193 1.921560 -0.022745
v 0.479496 1.854409 -0.126667
v 0.474651 1.884478 -0.121697
v 0.526244 1.862355 -0.021809
v 0.359082 1.773017 -0.183398
v 0.359970 1.806964 -0.199778
v 0.474651 1.884478 -0.121697
v 0.221341 1.785579 -0.165459
v 0.228788 1.818927 -0.182692
v 0.359082 1.773017 -0.183398
v 0.128695 1.910140 -0.130557
v 0.142487 1.933731 -0.122716
v 0.228788 1.818927 -0.182692
v 0.129636 1.886217 0.063081
v 0.141448 1.933730 0.059033
v 0.128695 1.910140 -0.130557
v 0.179089 1.796985 0.140198
v 0.188192 1.829790 0.154229
v 0.129636 1.886217 0.063081
v 0.355943 1.772612 0.136469
v 0.356981 1.806578 0.150677
v 0.179089 1.796985 0.140198
v 0.477449 1.791233 0.082111
v 0.472700 1.824312 0.077139
v 0.355943 1.772612 0.136469
v 0.526244 1.862355 -0.021809
v 0.519171 1.892048 -0.021832
v 0.472700 1.824312 0.077139
v 0.179840 1.875389 -0.124332
v 0.280258 1.882672 0.042830
v 0.296481 1.876060 -0.117258
v 0.289391 1.656763 -0.017149
v 0.280295 1.651875 -0.115389
v 0.401701 1.697980 -0.042190
v 0.280295 1.651875 -0.115389
v 0.249862 1.729069 -0.201526
v 0.380954 1.731489 -0.149957
v 0.179840 1.875389 -0.124332
v 0.260297 1.817118 -0.200664
v 0.249862 1.729069 -0.201526
v 0.179840 1.875389 -0.124332
v 0.177589 1.853306 0.069185
v 0.280258 1.882672 0.042830
v 0.401701 1.697980 -0.042190
v 0.659414 1.694723 -0.067231
v 0.669928 1.717868 0.013056
v 0.669928 1.717868 0.013056
v 0.659747 1.805567 0.006019
v 0.413594 1.731073 0.043396
v 0.607105 1.823180 -0.131443
v 0.646812 1.860201 -0.069845
v 0.647897 1.826485 -0.157261
v 0.659747 1.805567 0.006019
v 0.379566 1.799650 0.063445
v 0.413594 1.731073 0.043396
v 0.669928 1.717868 0.013056
v 0.413594 1.731073 0.043396
v 0.401701 1.697980 -0.042190
v 0.296481 1.876060 -0.117258
v 0.280258 1.882672 0.042830
v 0.411584 1.852657 -0.020070
v 0.397454 1.818433 -0.134925
v 0.380954 1.731489 -0.149957
v 0.260297 1.817118 -0.200664
v 0.659747 1.805567 0.006019
v 0.411584 1.852657 -0.020070
v 0.379566 1.799650 0.063445
v 0.397454 1.818433 -0.134925
v 0.411584 1.852657 -0.020070
v 0.607105 1.823180 -0.131443
v 0.594922 1.732950 -0.157790
v 0.380954 1.731489 -0.149957
v 0.607105 1.823180 -0.131443
v 0.659747 1.805567 0.006019
v 0.863101 1.721479 0.027249
v 0.844931 1.834157 -0.004241
v 0.260297 1.817118 -0.200664
v 0.380954 1.731489 -0.149957
v 0.249862 1.729069 -0.201526
v 0.296481 1.876060 -0.117258
v 0.397454 1.818433 -0.134925
v 0.260297 1.817118 -0.200664
v 0.296481 1.876060 -0.117258
v 0.260297 1.817118 -0.200664
v 0.179840 1.875389 -0.124332
v 0.397454 1.818433 -0.134925
v 0.607105 1.823180 -0.131443
v 0.380954 1.731489 -0.149957
v 0.411584 1.852657 -0.020070
v 0.280258 1.882672 0.042830
v 0.379566 1.799650 0.063445
v 0.413594 1.731073 0.043396
v 0.303222 1.703144 0.073737
v 0.401701 1.697980 -0.042190
v 0.411584 1.852657 -0.020070
v 0.397454 1.818433 -0.134925
v 0.296481 1.876060 -0.117258
v 0.380954 1.731489 -0.149957
v 0.594922 1.732950 -0.157790
v 0.401701 1.697980 -0.042190
v 0.280258 1.882672 0.042830
v 0.177589 1.853306 0.069185
v 0.209618 1.786127 0.122223
v 0.379566 1.799650 0.063445
v 0.209618 1.786127 0.122223
v 0.303222 1.703144 0.073737
v 0.380954 1.731489 -0.149957
v 0.401701 1.697980 -0.042190
v 0.280295 1.651875 -0.115389
v 0.401701 1.697980 -0.042190
v 0.303222 1.703144 0.073737
v 0.289391 1.656763 -0.017149
v 0.413594 1.731073 0.043396
v 0.379566 1.799650 0.063445
v 0.303222 1.703144 0.073737
v 0.379566 1.799650 0.063445
v 0.280258 1.882672 0.042830
v 0.209618 1.786127 0.122223
v 1.058039 1.871339 -0.106603
v 1.260607 1.845224 -0.158202
v 1.069461 1.816110 -0.218038
v 0.823814 1.878008 -0.106765
v 0.646812 1.860201 -0.069845
v 0.844931 1.834157 -0.004241
v 0.864214 1.705009 -0.220154
v 0.700859 1.736892 -0.175179
v 0.851846 1.826419 -0.195516
v 1.012295 1.865383 -0.104031
v 1.058039 1.871339 -0.106603
v 1.027027 1.812639 -0.189075
v 0.659414 1.694723 -0.067231
v 0.700859 1.736892 -0.175179
v 0.839920 1.658512 -0.096092
v 1.027027 1.812639 -0.189075
v 1.069461 1.816110 -0.218038
v 1.039673 1.703410 -0.205625
v 0.823814 1.878008 -0.106765
v 1.012295 1.865383 -0.104031
v 0.851846 1.826419 -0.195516
v 1.008784 1.832502 -0.005047
v 1.057280 1.844666 -0.001253
v 1.012295 1.865383 -0.104031
v 1.017346 1.739843 0.025886
v 1.056902 1.741938 0.033198
v 1.008784 1.832502 -0.005047
v 1.029779 1.674971 -0.093812
v 1.056902 1.741938 0.033198
v 1.017346 1.739843 0.025886
v 1.027027 1.812639 -0.189075
v 1.039673 1.703410 -0.205625
v 0.851846 1.826419 -0.195516
v 0.851846 1.826419 -0.195516
v 0.688730 1.828298 -0.148568
v 0.823814 1.878008 -0.106765
v 1.008784 1.832502 -0.005047
v 1.012295 1.865383 -0.104031
v 0.844931 1.834157 -0.004241
v 1.017346 1.739843 0.025886
v 1.008784 1.832502 -0.005047
v 0.863101 1.721479 0.027249
v 0.839920 1.658512 -0.096092
v 1.029779 1.674971 -0.093812
v 0.863101 1.721479 0.027249
v 1.039673 1.703410 -0.205625
v 1.029779 1.674971 -0.093812
v 0.864214 1.705009 -0.220154
v 1.029779 1.674971 -0.093812
v 0.839920 1.658512 -0.096092
v 0.864214 1.705009 -0.220154
v 1.017346 1.739843 0.025886
v 0.863101 1.721479 0.027249
v 1.029779 1.674971 -0.093812
v 1.008784 1.832502 -0.005047
v 0.844931 1.834157 -0.004241
v 0.863101 1.721479 0.027249
v 1.012295 1.865383 -0.104031
v 0.823814 1.878008 -0.106765
v 0.844931 1.834157 -0.004241
v 0.646812 1.860201 -0.069845
v 0.823814 1.878008 -0.106765
v 0.688730 1.828298 -0.148568
v 1.039673 1.703410 -0.205625
v 0.864214 1.705009 -0.220154
v 0.851846 1.826419 -0.195516
v 1.058039 1.871339 -0.106603
v 1.012295 1.865383 -0.104031
v 1.057280 1.844666 -0.001253
v 0.851846 1.826419 -0.195516
v 1.012295 1.865383 -0.104031
v 1.027027 1.812639 -0.189075
v 0.864214 1.705009 -0.220154
v 0.839920 1.658512 -0.096092
v 0.700859 1.736892 -0.175179
v 0.851846 1.826419 -0.195516
v 0.700859 1.736892 -0.175179
v 0.688730 1.828298 -0.148568
v 0.659414 1.694723 -0.067231
v 0.647871 1.735530 -0.183740
v 0.700859 1.736892 -0.175179
v 0.647871 1.735530 -0.183740
v 0.688730 1.828298 -0.148568
v 0.700859 1.736892 -0.175179
v 0.646812 1.860201 -0.069845
v 0.607105 1.823180 -0.131443
v 0.411584 1.852657 -0.020070
v 0.646812 1.860201 -0.069845
v 0.411584 1.852657 -0.020070
v 0.659747 1.805567 0.006019
v 0.647871 1.735530 -0.183740
v 0.594922 1.732950 -0.157790
v 0.647897 1.826485 -0.157261
v 0.647897 1.826485 -0.157261
v 0.688730 1.828298 -0.148568
v 0.647871 1.735530 -0.183740
v 0.659414 1.694723 -0.067231
v 0.401701 1.697980 -0.042190
v 0.594922 1.732950 -0.157790
v 0.647871 1.735530 -0.183740
v 0.659414 1.694723 -0.067231
v 0.594922 1.732950 -0.157790
v 0.647897 1.826485 -0.157261
v 0.594922 1.732950 -0.157790
v 0.607105 1.823180 -0.131443
v 0.688730 1.828298 -0.148568
v 0.647897 1.826485 -0.157261
v 0.646812 1.860201 -0.069845
v 0.863101 1.721479 0.027249
v 0.669928 1.717868 0.013056
v 0.839920 1.658512 -0.096092
v 0.839920 1.658512 -0.096092
v 0.669928 1.717868 0.013056
v 0.659414 1.694723 -0.067231
v 0.863101 1.721479 0.027249
v 0.659747 1.805567 0.006019
v 0.669928 1.717868 0.013056
v 0.844931 1.834157 -0.004241
v 0.646812 1.860201 -0.069845
v 0.659747 1.805567 0.006019
v 1.263527 1.912825 -0.304704
v 1.343362 1.912825 -0.085366
v 1.279212 1.868731 -0.317865
v 1.064940 1.868731 -0.441575
v 1.061385 1.912825 -0.421412
v 1.279212 1.868731 -0.317865
v 0.821279 1.868731 -0.398612
v 0.831516 1.912826 -0.380881
v 1.064940 1.868731 -0.441575
v 0.662238 1.868731 -0.209078
v 0.681477 1.912825 -0.202075
v 0.821279 1.868731 -0.398612
v 0.681476 1.912825 0.031340
v 0.681477 1.912825 -0.202075
v 0.662237 1.868731 0.038343
v 0.821278 1.868731 0.227878
v 0.831515 1.912825 0.210147
v 0.662237 1.868731 0.038343
v 1.061383 1.912825 0.250679
v 0.831515 1.912825 0.210147
v 1.064938 1.868731 0.270842
v 1.279211 1.868731 0.147133
v 1.263526 1.912825 0.133972
v 1.064938 1.868731 0.270842
v 1.343362 1.912825 -0.085366
v 1.263526 1.912825 0.133972
v 1.363835 1.868731 -0.085366
v 1.279212 1.868731 -0.317865
v 1.363835 1.868731 -0.085366
v 1.064940 1.868731 -0.441575
v 1.064940 1.868731 -0.441575
v 1.363835 1.868731 -0.085366
v 1.064938 1.868731 0.270842
v 0.821278 1.868731 0.227878
v 1.064940 1.868731 -0.441575
v 1.064938 1.868731 0.270842
v 0.821279 1.868731 -0.398612
v 1.064940 1.868731 -0.441575
v 0.662238 1.868731 -0.209078
v 0.662238 1.868731 -0.209078
v 1.064940 1.868731 -0.441575
v 0.662237 1.868731 0.038343
v 0.662237 1.868731 0.038343
v 1.064940 1.868731 -0.441575
v 0.821278 1.868731 0.227878
v 1.229996 1.912825 -0.085367
v 1.343362 1.912825 -0.085366
v 1.176684 1.912824 -0.231836
v 1.263526 1.912825 0.133972
v 1.343362 1.912825 -0.085366
v 1.176684 1.912825 0.061104
v 1.041696 1.912825 0.139038
v 1.061383 1.912825 0.250679
v 1.176684 1.912825 0.061104
v 0.888195 1.912825 0.111972
v 0.831515 1.912825 0.210147
v 1.041696 1.912825 0.139038
v 0.681476 1.912825 0.031340
v 0.831515 1.912825 0.210147
v 0.788003 1.912826 -0.007432
v 0.788003 1.912826 -0.163302
v 0.681477 1.912825 -0.202075
v 0.788003 1.912826 -0.007432
v 0.888197 1.912825 -0.282706
v 0.831516 1.912826 -0.380881
v 0.788003 1.912826 -0.163302
v 1.041697 1.912825 -0.309771
v 1.061385 1.912825 -0.421412
v 0.888197 1.912825 -0.282706
v 1.263527 1.912825 -0.304704
v 1.061385 1.912825 -0.421412
v 1.176684 1.912824 -0.231836
v 1.067814 1.949178 -0.085367
v 1.229996 1.912825 -0.085367
v 1.052446 1.949178 -0.127587
v 1.176684 1.912825 0.061104
v 1.229996 1.912825 -0.085367
v 1.052445 1.949178 -0.043146
v 1.013534 1.949178 -0.020681
v 1.041696 1.912825 0.139038
v 1.052445 1.949178 -0.043146
v 0.969287 1.949178 -0.028483
v 0.888195 1.912825 0.111972
v 1.013534 1.949178 -0.020681
v 0.788003 1.912826 -0.007432
v 0.888195 1.912825 0.111972
v 0.940408 1.949179 -0.062901
v 0.788003 1.912826 -0.163302
v 0.788003 1.912826 -0.007432
v 0.940408 1.949179 -0.107832
v 0.969287 1.949178 -0.142251
v 0.888197 1.912825 -0.282706
v 0.940408 1.949179 -0.107832
v 1.013534 1.949178 -0.150053
v 1.041697 1.912825 -0.309771
v 0.969287 1.949178 -0.142251
v 1.176684 1.912824 -0.231836
v 1.041697 1.912825 -0.309771
v 1.052446 1.949178 -0.127587
v 1.002131 2.059152 -0.085367
v 1.052446 1.949178 -0.127587
v 1.013534 1.949178 -0.150053
v 1.002131 2.059152 -0.085367
v 1.013534 1.949178 -0.150053
v 0.969287 1.949178 -0.142251
v 1.002131 2.059152 -0.085367
v 0.969287 1.949178 -0.142251
v 0.940408 1.949179 -0.107832
v 1.002131 2.059152 -0.085367
v 0.940408 1.949179 -0.107832
v 0.940408 1.949179 -0.062901
v 1.002131 2.059152 -0.085367
v 0.940408 1.949179 -0.062901
v 0.969287 1.949178 -0.028483
v 1.002131 2.059152 -0.085367
v 0.969287 1.949178 -0.028483
v 1.013534 1.949178 -0.020681
v 1.002131 2.059152 -0.085367
v 1.013534 1.949178 -0.020681
v 1.052445 1.949178 -0.043146
v 1.002131 2.059152 -0.085367
v 1.052445 1.949178 -0.043146
v 1.067814 1.949178 -0.085367
v 1.002131 2.059152 -0.085367
v 1.067814 1.949178 -0.085367
v 1.052446 1.949178 -0.127587
v 1.013534 1.949178 -0.150053
v 1.052446 1.949178 -0.127587
v 1.041697 1.912825 -0.309771
v 0.969287 1.949178 -0.142251
v 1.041697 1.912825 -0.309771
v 0.888197 1.912825 -0.282706
v 0.940408 1.949179 -0.107832
v 0.888197 1.912825 -0.282706
v 0.788003 1.912826 -0.163302
v 0.940408 1.949179 -0.062901
v 0.940408 1.949179 -0.107832
v 0.788003 1.912826 -0.007432
v 0.969287 1.949178 -0.028483
v 0.940408 1.949179 -0.062901
v 0.888195 1.912825 0.111972
v 1.013534 1.949178 -0.020681
v 0.888195 1.912825 0.111972
v 1.041696 1.912825 0.139038
v 1.052445 1.949178 -0.043146
v 1.041696 1.912825 0.139038
v 1.176684 1.912825 0.061104
v 1.067814 1.949178 -0.085367
v 1.052445 1.949178 -0.043146
v 1.229996 1.912825 -0.085367
v 1.052446 1.949178 -0.127587
v 1.229996 1.912825 -0.085367
v 1.176684 1.912824 -0.231836
v 1.041697 1.912825 -0.309771
v 1.176684 1.912824 -0.231836
v 1.061385 1.912825 -0.421412
v 0.888197 1.912825 -0.282706
v 1.061385 1.912825 -0.421412
v 0.831516 1.912826 -0.380881
v 0.788003 1.912826 -0.163302
v 0.831516 1.912826 -0.380881
v 0.681477 1.912825 -0.202075
v 0.788003 1.912826 -0.007432
v 0.681477 1.912825 -0.202075
v 0.681476 1.912825 0.031340
v 0.888195 1.912825 0.111972
v 0.788003 1.912826 -0.007432
v 0.831515 1.912825 0.210147
v 1.041696 1.912825 0.139038
v 0.831515 1.912825 0.210147
v 1.061383 1.912825 0.250679
v 1.176684 1.912825 0.061104
v 1.061383 1.912825 0.250679
v 1.263526 1.912825 0.133972
v 1.229996 1.912825 -0.085367
v 1.176684 1.912825 0.061104
v 1.343362 1.912825 -0.085366
v 1.176684 1.912824 -0.231836
v 1.343362 1.912825 -0.085366
v 1.263527 1.912825 -0.304704
v 1.279211 1.868731 0.147133
v 1.064938 1.868731 0.270842
v 1.363835 1.868731 -0.085366
v 1.279211 1.868731 0.147133
v 1.363835 1.868731 -0.085366
v 1.263526 1.912825 0.133972
v 1.064938 1.868731 0.270842
v 1.263526 1.912825 0.133972
v 1.061383 1.912825 0.250679
v 0.821278 1.868731 0.227878
v 1.064938 1.868731 0.270842
v 0.831515 1.912825 0.210147
v 0.662237 1.868731 0.038343
v 0.831515 1.912825 0.210147
v 0.681476 1.912825 0.031340
v 0.662238 1.868731 -0.209078
v 0.662237 1.868731 0.038343
v 0.681477 1.912825 -0.202075
v 0.821279 1.868731 -0.398612
v 0.681477 1.912825 -0.202075
v 0.831516 1.912826 -0.380881
v 1.064940 1.868731 -0.441575
v 0.831516 1.912826 -0.380881
v 1.061385 1.912825 -0.421412
v 1.279212 1.868731 -0.317865
v 1.061385 1.912825 -0.421412
v 1.263527 1.912825 -0.304704
v 1.363835 1.868731 -0.085366
v 1.279212 1.868731 -0.317865
v 1.343362 1.912825 -0.085366
v 1.069461 1.816110 -0.218038
v 1.237935 1.817944 -0.226793
v 1.039673 1.703410 -0.205625
v 1.253237 1.838062 0.023334
v 1.057280 1.844666 -0.001253
v 1.207217 1.792827 0.077860
v 1.117562 1.687003 -0.158719
v 1.029779 1.674971 -0.093812
v 1.039673 1.703410 -0.205625
v 1.135869 1.678194 0.027832
v 1.029779 1.674971 -0.093812
v 1.117562 1.687003 -0.158719
v 1.056902 1.741938 0.033198
v 1.029779 1.674971 -0.093812
v 1.135869 1.678194 0.027832
v 1.057280 1.844666 -0.001253
v 1.008784 1.832502 -0.005047
v 1.056902 1.741938 0.033198
v 1.117562 1.687003 -0.158719
v 1.039673 1.703410 -0.205625
v 1.252100 1.740249 -0.228575
v 1.145373 1.731716 0.092237
v 1.056902 1.741938 0.033198
v 1.135869 1.678194 0.027832
v 1.069461 1.816110 -0.218038
v 1.027027 1.812639 -0.189075
v 1.058039 1.871339 -0.106603
v 1.207217 1.792827 0.077860
v 1.057280 1.844666 -0.001253
v 1.145373 1.731716 0.092237
v 1.237935 1.817944 -0.226793
v 1.069461 1.816110 -0.218038
v 1.260607 1.845224 -0.158202
v 1.252100 1.740249 -0.228575
v 1.039673 1.703410 -0.205625
v 1.237935 1.817944 -0.226793
v 1.260607 1.845224 -0.158202
v 1.058039 1.871339 -0.106603
v 1.272529 1.855738 -0.076569
v 1.272529 1.855738 -0.076569
v 1.058039 1.871339 -0.106603
v 1.057280 1.844666 -0.001253
v 1.135869 1.678194 0.027832
v 1.117562 1.687003 -0.158719
v 1.289703 1.748262 -0.067683
v 1.215975 1.752881 0.013881
v 1.276501 1.791383 0.023228
v 1.207217 1.792827 0.077860
v 1.117562 1.687003 -0.158719
v 1.276149 1.737762 -0.157647
v 1.289703 1.748262 -0.067683
v 1.057280 1.844666 -0.001253
v 1.056902 1.741938 0.033198
v 1.145373 1.731716 0.092237
v 1.276501 1.791383 0.023228
v 1.289703 1.748262 -0.067683
v 1.398962 1.777077 0.012435
v 1.276501 1.791383 0.023228
v 1.215975 1.752881 0.013881
v 1.289703 1.748262 -0.067683
v 1.253237 1.838062 0.023334
v 1.272529 1.855738 -0.076569
v 1.057280 1.844666 -0.001253
v 1.252100 1.740249 -0.228575
v 1.276149 1.737762 -0.157647
v 1.117562 1.687003 -0.158719
v 1.253237 1.838062 0.023334
v 1.276501 1.791383 0.023228
v 1.294518 1.844822 0.004575
v 1.215975 1.752881 0.013881
v 1.264101 1.743328 0.051010
v 1.186578 1.682227 0.052760
v 1.289703 1.748262 -0.067683
v 1.215975 1.752881 0.013881
v 1.135869 1.678194 0.027832
v 1.207217 1.792827 0.077860
v 1.276501 1.791383 0.023228
v 1.253237 1.838062 0.023334
v 1.272529 1.855738 -0.076569
v 1.289703 1.748262 -0.067683
v 1.305888 1.849029 -0.084126
v 1.260607 1.845224 -0.158202
v 1.297514 1.840839 -0.156285
v 1.276149 1.737762 -0.157647
v 1.237935 1.817944 -0.226793
v 1.282771 1.809512 -0.233454
v 1.252100 1.740249 -0.228575
v 1.257637 1.759624 0.082641
v 1.264101 1.743328 0.051010
v 1.207217 1.792827 0.077860
v 1.247326 1.719434 0.109866
v 1.207217 1.792827 0.077860
v 1.175169 1.724604 0.101230
v 1.175169 1.724604 0.101230
v 1.207217 1.792827 0.077860
v 1.145373 1.731716 0.092237
v 1.186578 1.682227 0.052760
v 1.175169 1.724604 0.101230
v 1.135869 1.678194 0.027832
v 1.175169 1.724604 0.101230
v 1.145373 1.731716 0.092237
v 1.135869 1.678194 0.027832
v 1.186578 1.682227 0.052760
v 1.135869 1.678194 0.027832
v 1.215975 1.752881 0.013881
v 1.257637 1.759624 0.082641
v 1.207217 1.792827 0.077860
v 1.247326 1.719434 0.109866
v 1.264101 1.743328 0.051010
v 1.215975 1.752881 0.013881
v 1.207217 1.792827 0.077860
v 1.255688 1.684705 0.070970
v 1.186578 1.682227 0.052760
v 1.264101 1.743328 0.051010
v 1.247326 1.719434 0.109866
v 1.175169 1.724604 0.101230
v 1.186578 1.682227 0.052760
v 1.247326 1.719434 0.109866
v 1.255688 1.684705 0.070970
v 1.312068 1.715806 0.119595
v 1.247326 1.719434 0.109866
v 1.312068 1.715806 0.119595
v 1.257637 1.759624 0.082641
v 1.255688 1.684705 0.070970
v 1.247326 1.719434 0.109866
v 1.186578 1.682227 0.052760
v 1.317236 1.730641 0.052949
v 1.317671 1.757426 0.091971
v 1.360486 1.733313 0.080281
v 1.360486 1.733313 0.080281
v 1.358297 1.697634 0.076767
v 1.317236 1.730641 0.052949
v 1.313891 1.673714 0.082368
v 1.317236 1.730641 0.052949
v 1.358297 1.697634 0.076767
v 1.317671 1.757426 0.091971
v 1.312068 1.715806 0.119595
v 1.357077 1.713942 0.101518
v 1.357077 1.713942 0.101518
v 1.360486 1.733313 0.080281
v 1.317671 1.757426 0.091971
v 1.312068 1.715806 0.119595
v 1.313891 1.673714 0.082368
v 1.357077 1.713942 0.101518
v 1.358297 1.697634 0.076767
v 1.357077 1.713942 0.101518
v 1.313891 1.673714 0.082368
v 1.317236 1.730641 0.052949
v 1.313891 1.673714 0.082368
v 1.264101 1.743328 0.051010
v 1.317671 1.757426 0.091971
v 1.264101 1.743328 0.051010
v 1.257637 1.759624 0.082641
v 1.360486 1.733313 0.080281
v 1.357077 1.713942 0.101518
v 1.358297 1.697634 0.076767
v 1.317671 1.757426 0.091971
v 1.257637 1.759624 0.082641
v 1.312068 1.715806 0.119595
v 1.317236 1.730641 0.052949
v 1.264101 1.743328 0.051010
v 1.317671 1.757426 0.091971
v 1.313891 1.673714 0.082368
v 1.255688 1.684705 0.070970
v 1.264101 1.743328 0.051010
v 1.313891 1.673714 0.082368
v 1.312068 1.715806 0.119595
v 1.255688 1.684705 0.070970
v 1.300884 1.847026 -0.047108
v 1.289703 1.748262 -0.067683
v 1.272529 1.855738 -0.076569
v 1.300884 1.847026 -0.047108
v 1.272529 1.855738 -0.076569
v 1.294518 1.844822 0.004575
v 1.294518 1.844822 0.004575
v 1.276501 1.791383 0.023228
v 1.385042 1.840037 0.008630
v 1.385042 1.840037 0.008630
v 1.389281 1.840700 -0.042051
v 1.294518 1.844822 0.004575
v 1.294518 1.844822 0.004575
v 1.272529 1.855738 -0.076569
v 1.253237 1.838062 0.023334
v 1.405059 1.781841 -0.042260
v 1.289703 1.748262 -0.067683
v 1.389281 1.840700 -0.042051
v 1.389281 1.840700 -0.042051
v 1.289703 1.748262 -0.067683
v 1.300884 1.847026 -0.047108
v 1.405059 1.781841 -0.042260
v 1.398962 1.777077 0.012435
v 1.289703 1.748262 -0.067683
v 1.398962 1.777077 0.012435
v 1.385042 1.840037 0.008630
v 1.276501 1.791383 0.023228
v 1.389281 1.840700 -0.042051
v 1.300884 1.847026 -0.047108
v 1.294518 1.844822 0.004575
v 1.389281 1.840700 -0.042051
v 1.431473 1.827806 -0.041234
v 1.405059 1.781841 -0.042260
v 1.389281 1.840700 -0.042051
v 1.385042 1.840037 0.008630
v 1.431473 1.827806 -0.041234
v 1.429812 1.824034 0.007082
v 1.431473 1.827806 -0.041234
v 1.385042 1.840037 0.008630
v 1.429812 1.824034 0.007082
v 1.385042 1.840037 0.008630
v 1.398962 1.777077 0.012435
v 1.431473 1.827806 -0.041234
v 1.429812 1.824034 0.007082
v 1.505476 1.802166 -0.031532
v 1.492316 1.761344 0.004518
v 1.502944 1.801822 0.002618
v 1.398962 1.777077 0.012435
v 1.495109 1.763079 -0.037336
v 1.492316 1.761344 0.004518
v 1.405059 1.781841 -0.042260
v 1.431473 1.827806 -0.041234
v 1.505476 1.802166 -0.031532
v 1.405059 1.781841 -0.042260
v 1.505476 1.802166 -0.031532
v 1.502944 1.801822 0.002618
v 1.495109 1.763079 -0.037336
v 1.492316 1.761344 0.004518
v 1.495109 1.763079 -0.037336
v 1.502944 1.801822 0.002618
v 1.495109 1.763079 -0.037336
v 1.405059 1.781841 -0.042260
v 1.505476 1.802166 -0.031532
v 1.492316 1.761344 0.004518
v 1.398962 1.777077 0.012435
v 1.405059 1.781841 -0.042260
v 1.502944 1.801822 0.002618
v 1.429812 1.824034 0.007082
v 1.398962 1.777077 0.012435
v 1.502944 1.801822 0.002618
v 1.505476 1.802166 -0.031532
v 1.429812 1.824034 0.007082
v 1.297514 1.840839 -0.156285
v 1.376324 1.827596 -0.155610
v 1.276149 1.737762 -0.157647
v 1.305888 1.849029 -0.084126
v 1.260607 1.845224 -0.158202
v 1.272529 1.855738 -0.076569
v 1.384553 1.837542 -0.099582
v 1.297514 1.840839 -0.156285
v 1.305888 1.849029 -0.084126
v 1.305888 1.849029 -0.084126
v 1.289703 1.748262 -0.067683
v 1.384553 1.837542 -0.099582
v 1.396971 1.779382 -0.090534
v 1.289703 1.748262 -0.067683
v 1.387684 1.776645 -0.142919
v 1.387684 1.776645 -0.142919
v 1.276149 1.737762 -0.157647
v 1.376324 1.827596 -0.155610
v 1.387684 1.776645 -0.142919
v 1.289703 1.748262 -0.067683
v 1.276149 1.737762 -0.157647
v 1.396971 1.779382 -0.090534
v 1.384553 1.837542 -0.099582
v 1.289703 1.748262 -0.067683
v 1.297514 1.840839 -0.156285
v 1.260607 1.845224 -0.158202
v 1.305888 1.849029 -0.084126
v 1.376324 1.827596 -0.155610
v 1.428887 1.815568 -0.153163
v 1.387684 1.776645 -0.142919
v 1.376324 1.827596 -0.155610
v 1.384553 1.837542 -0.099582
v 1.428887 1.815568 -0.153163
v 1.376324 1.827596 -0.155610
v 1.297514 1.840839 -0.156285
v 1.384553 1.837542 -0.099582
v 1.433034 1.820443 -0.103456
v 1.428887 1.815568 -0.153163
v 1.384553 1.837542 -0.099582
v 1.433034 1.820443 -0.103456
v 1.384553 1.837542 -0.099582
v 1.396971 1.779382 -0.090534
v 1.428887 1.815568 -0.153163
v 1.433034 1.820443 -0.103456
v 1.509155 1.788501 -0.151521
v 1.501991 1.749643 -0.103389
v 1.513643 1.791331 -0.114445
v 1.396971 1.779382 -0.090534
v 1.501991 1.749643 -0.103389
v 1.396971 1.779382 -0.090534
v 1.494209 1.745109 -0.149571
v 1.428887 1.815568 -0.153163
v 1.509155 1.788501 -0.151521
v 1.387684 1.776645 -0.142919
v 1.509155 1.788501 -0.151521
v 1.513643 1.791331 -0.114445
v 1.494209 1.745109 -0.149571
v 1.501991 1.749643 -0.103389
v 1.494209 1.745109 -0.149571
v 1.513643 1.791331 -0.114445
v 1.494209 1.745109 -0.149571
v 1.387684 1.776645 -0.142919
v 1.509155 1.788501 -0.151521
v 1.494209 1.745109 -0.149571
v 1.396971 1.779382 -0.090534
v 1.387684 1.776645 -0.142919
v 1.513643 1.791331 -0.114445
v 1.433034 1.820443 -0.103456
v 1.396971 1.779382 -0.090534
v 1.513643 1.791331 -0.114445
v 1.509155 1.788501 -0.151521
v 1.433034 1.820443 -0.103456
v 1.353423 1.795045 -0.243639
v 1.364973 1.806922 -0.191836
v 1.389233 1.791256 -0.245758
v 1.353423 1.795045 -0.243639
v 1.389233 1.791256 -0.245758
v 1.370829 1.751542 -0.242144
v 1.353423 1.795045 -0.243639
v 1.282771 1.809512 -0.233454
v 1.297431 1.825604 -0.170357
v 1.282771 1.809512 -0.233454
v 1.237935 1.817944 -0.226793
v 1.260607 1.845224 -0.158202
v 1.282771 1.809512 -0.233454
v 1.353423 1.795045 -0.243639
v 1.252100 1.740249 -0.228575
v 1.370829 1.751542 -0.242144
v 1.252100 1.740249 -0.228575
v 1.353423 1.795045 -0.243639
v 1.364973 1.806922 -0.191836
v 1.297431 1.825604 -0.170357
v 1.276149 1.737762 -0.157647
v 1.364973 1.806922 -0.191836
v 1.353423 1.795045 -0.243639
v 1.297431 1.825604 -0.170357
v 1.370829 1.751542 -0.242144
v 1.377487 1.757307 -0.190325
v 1.252100 1.740249 -0.228575
v 1.377487 1.757307 -0.190325
v 1.276149 1.737762 -0.157647
v 1.252100 1.740249 -0.228575
v 1.297431 1.825604 -0.170357
v 1.282771 1.809512 -0.233454
v 1.260607 1.845224 -0.158202
v 1.377487 1.757307 -0.190325
v 1.364973 1.806922 -0.191836
v 1.276149 1.737762 -0.157647
v 1.297431 1.825604 -0.170357
v 1.260607 1.845224 -0.158202
v 1.276149 1.737762 -0.157647
v 1.389233 1.791256 -0.245758
v 1.466178 1.778194 -0.217073
v 1.457371 1.768659 -0.251103
v 1.389233 1.791256 -0.245758
v 1.457371 1.768659 -0.251103
v 1.370829 1.751542 -0.242144
v 1.401847 1.800921 -0.200029
v 1.389233 1.791256 -0.245758
v 1.364973 1.806922 -0.191836
v 1.401847 1.800921 -0.200029
v 1.364973 1.806922 -0.191836
v 1.377487 1.757307 -0.190325
v 1.448948 1.730414 -0.202660
v 1.466178 1.778194 -0.217073
v 1.377487 1.757307 -0.190325
v 1.448948 1.730414 -0.202660
v 1.377487 1.757307 -0.190325
v 1.444325 1.726583 -0.246032
v 1.444325 1.726583 -0.246032
v 1.466178 1.778194 -0.217073
v 1.448948 1.730414 -0.202660
v 1.466178 1.778194 -0.217073
v 1.444325 1.726583 -0.246032
v 1.457371 1.768659 -0.251103
v 1.444325 1.726583 -0.246032
v 1.370829 1.751542 -0.242144
v 1.457371 1.768659 -0.251103
v 1.444325 1.726583 -0.246032
v 1.377487 1.757307 -0.190325
v 1.370829 1.751542 -0.242144
v 1.466178 1.778194 -0.217073
v 1.401847 1.800921 -0.200029
v 1.377487 1.757307 -0.190325
v 1.466178 1.778194 -0.217073
v 1.389233 1.791256 -0.245758
v 1.401847 1.800921 -0.200029
v -0.209769 1.875387 -0.124880
v -0.326547 1.876060 -0.117257
v -0.310325 1.882672 0.042831
v -0.319421 1.656762 -0.017149
v -0.431767 1.697979 -0.042189
v -0.310325 1.666662 -0.115387
v -0.310325 1.666662 -0.115387
v -0.411020 1.731488 -0.149957
v -0.279892 1.735414 -0.201526
v -0.209769 1.875387 -0.124880
v -0.279892 1.735414 -0.201526
v -0.290363 1.817117 -0.200663
v -0.209769 1.875387 -0.124880
v -0.310325 1.882672 0.042831
v -0.207619 1.853308 0.069186
v -0.508818 1.791233 0.082112
v -0.504070 1.824311 0.077140
v -0.557613 1.862356 -0.021808
v -0.388351 1.806577 0.150678
v -0.504070 1.824311 0.077140
v -0.387312 1.772612 0.136470
v -0.219561 1.829789 0.154230
v -0.388351 1.806577 0.150678
v -0.210459 1.796984 0.140198
v -0.172819 1.933731 0.059033
v -0.219561 1.829789 0.154230
v -0.161005 1.886216 0.063082
v -0.173857 1.933730 -0.122716
v -0.172819 1.933731 0.059033
v -0.160064 1.910140 -0.130556
v -0.252711 1.785579 -0.165458
v -0.260157 1.818927 -0.182691
v -0.160064 1.910140 -0.130556
v -0.391338 1.806963 -0.199777
v -0.260157 1.818927 -0.182691
v -0.390451 1.773018 -0.183397
v -0.510866 1.854408 -0.126666
v -0.506019 1.884479 -0.121696
v -0.390451 1.773018 -0.183397
v -0.550541 1.892047 -0.021832
v -0.506019 1.884479 -0.121696
v -0.557613 1.862356 -0.021808
v -0.550541 1.892047 -0.021832
v -0.504070 1.824311 0.077140
v -0.452606 1.886441 0.069134
v -0.427472 1.920256 -0.096080
v -0.506019 1.884479 -0.121696
v -0.550541 1.892047 -0.021832
v -0.329801 1.920250 -0.145749
v -0.260157 1.818927 -0.182691
v -0.391338 1.806963 -0.199777
v -0.249948 1.951460 0.033643
v -0.172819 1.933731 0.059033
v -0.266723 1.957971 -0.051420
v -0.404993 1.886649 0.074417
v -0.408622 1.851901 0.101834
v -0.238844 1.910501 0.091981
v -0.557613 1.862356 -0.021808
v -0.510866 1.854408 -0.126666
v -0.263327 1.885932 -0.021404
v -0.387312 1.772612 0.136470
v -0.508818 1.791233 0.082112
v -0.263327 1.885932 -0.021404
v -0.210459 1.796984 0.140198
v -0.387312 1.772612 0.136470
v -0.263327 1.885932 -0.021404
v -0.161005 1.886216 0.063082
v -0.210459 1.796984 0.140198
v -0.263327 1.885932 -0.021404
v -0.160064 1.910140 -0.130556
v -0.161005 1.886216 0.063082
v -0.263327 1.885932 -0.021404
v -0.390451 1.773018 -0.183397
v -0.252711 1.785579 -0.165458
v -0.263327 1.885932 -0.021404
v -0.510866 1.854408 -0.126666
v -0.390451 1.773018 -0.183397
v -0.263327 1.885932 -0.021404
v -0.457563 1.921559 -0.022744
v -0.452606 1.886441 0.069134
v -0.375391 1.928994 0.053626
v -0.378977 1.944718 -0.060138
v -0.427472 1.920256 -0.096080
v -0.401481 1.941579 -0.032602
v -0.329801 1.920250 -0.145749
v -0.376906 1.933042 -0.100711
v -0.338926 1.950661 -0.059727
v -0.318486 1.956485 -0.027504
v -0.266723 1.957971 -0.051420
v -0.338926 1.950661 -0.059727
v -0.278932 1.938517 0.063079
v -0.249948 1.951460 0.033643
v -0.335930 1.950661 0.002020
v -0.375391 1.928994 0.053626
v -0.278932 1.938517 0.063079
v -0.381419 1.943347 0.000288
v -0.401481 1.941579 -0.032602
v -0.457563 1.921559 -0.022744
v -0.381419 1.943347 0.000288
v -0.214551 1.938002 0.063066
v -0.172819 1.933731 0.059033
v -0.249948 1.951460 0.033643
v -0.219561 1.829789 0.154230
v -0.172819 1.933731 0.059033
v -0.238844 1.910501 0.091981
v -0.266723 1.957971 -0.051420
v -0.173857 1.933730 -0.122716
v -0.260476 1.951644 -0.099123
v -0.288496 1.932793 -0.140134
v -0.329801 1.920250 -0.145749
v -0.260476 1.951644 -0.099123
v -0.260157 1.818927 -0.182691
v -0.329801 1.920250 -0.145749
v -0.257772 1.904179 -0.148700
v -0.222375 1.938393 -0.139314
v -0.173857 1.933730 -0.122716
v -0.257772 1.904179 -0.148700
v -0.376906 1.933042 -0.100711
v -0.329801 1.920250 -0.145749
v -0.397703 1.910441 -0.124454
v -0.506019 1.884479 -0.121696
v -0.427472 1.920256 -0.096080
v -0.455929 1.893779 -0.126850
v -0.415061 1.878161 -0.149583
v -0.391338 1.806963 -0.199777
v -0.455929 1.893779 -0.126850
v -0.408622 1.851901 0.101834
v -0.219561 1.829789 0.154230
v -0.238844 1.910501 0.091981
v -0.454745 1.851909 0.082697
v -0.504070 1.824311 0.077140
v -0.388351 1.806577 0.150678
v -0.375391 1.928994 0.053626
v -0.452606 1.886441 0.069134
v -0.404993 1.886649 0.074417
v -0.435402 1.914748 0.112943
v -0.452606 1.886441 0.069134
v -0.454745 1.851909 0.082697
v -0.435402 1.914748 0.112943
v -0.454745 1.851909 0.082697
v -0.408622 1.851901 0.101834
v -0.435402 1.914748 0.112943
v -0.408622 1.851901 0.101834
v -0.404993 1.886649 0.074417
v -0.435402 1.914748 0.112943
v -0.404993 1.886649 0.074417
v -0.452606 1.886441 0.069134
v -0.241859 1.987076 0.093328
v -0.278932 1.938517 0.063079
v -0.238844 1.910501 0.091981
v -0.241859 1.987076 0.093328
v -0.238844 1.910501 0.091981
v -0.214551 1.938002 0.063066
v -0.241859 1.987076 0.093328
v -0.214551 1.938002 0.063066
v -0.249948 1.951460 0.033643
v -0.241859 1.987076 0.093328
v -0.249948 1.951460 0.033643
v -0.278932 1.938517 0.063079
v -0.259581 1.964725 -0.160179
v -0.260476 1.951644 -0.099123
v -0.222375 1.938393 -0.139314
v -0.259581 1.964725 -0.160179
v -0.222375 1.938393 -0.139314
v -0.257772 1.904179 -0.148700
v -0.259581 1.964725 -0.160179
v -0.257772 1.904179 -0.148700
v -0.288496 1.932793 -0.140134
v -0.259581 1.964725 -0.160179
v -0.288496 1.932793 -0.140134
v -0.260476 1.951644 -0.099123
v -0.430010 1.934520 -0.143590
v -0.397703 1.910441 -0.124454
v -0.415061 1.878161 -0.149583
v -0.430010 1.934520 -0.143590
v -0.415061 1.878161 -0.149583
v -0.455929 1.893779 -0.126850
v -0.430010 1.934520 -0.143590
v -0.455929 1.893779 -0.126850
v -0.427472 1.920256 -0.096080
v -0.430010 1.934520 -0.143590
v -0.427472 1.920256 -0.096080
v -0.397703 1.910441 -0.124454
v -0.454745 1.851909 0.082697
v -0.452606 1.886441 0.069134
v -0.504070 1.824311 0.077140
v -0.408622 1.851901 0.101834
v -0.454745 1.851909 0.082697
v -0.388351 1.806577 0.150678
v -0.219561 1.829789 0.154230
v -0.408622 1.851901 0.101834
v -0.388351 1.806577 0.150678
v -0.455929 1.893779 -0.126850
v -0.391338 1.806963 -0.199777
v -0.506019 1.884479 -0.121696
v -0.397703 1.910441 -0.124454
v -0.427472 1.920256 -0.096080
v -0.376906 1.933042 -0.100711
v -0.415061 1.878161 -0.149583
v -0.397703 1.910441 -0.124454
v -0.329801 1.920250 -0.145749
v -0.257772 1.904179 -0.148700
v -0.173857 1.933730 -0.122716
v -0.260157 1.818927 -0.182691
v -0.288496 1.932793 -0.140134
v -0.257772 1.904179 -0.148700
v -0.329801 1.920250 -0.145749
v -0.260476 1.951644 -0.099123
v -0.329801 1.920250 -0.145749
v -0.266723 1.957971 -0.051420
v -0.222375 1.938393 -0.139314
v -0.260476 1.951644 -0.099123
v -0.173857 1.933730 -0.122716
v -0.214551 1.938002 0.063066
v -0.238844 1.910501 0.091981
v -0.172819 1.933731 0.059033
v -0.238844 1.910501 0.091981
v -0.278932 1.938517 0.063079
v -0.375391 1.928994 0.053626
v -0.376023 2.035547 -0.023712
v -0.381419 1.943347 0.000288
v -0.335930 1.950661 0.002020
v -0.376023 2.035547 -0.023712
v -0.335930 1.950661 0.002020
v -0.318486 1.956485 -0.027504
v -0.376023 2.035547 -0.023712
v -0.318486 1.956485 -0.027504
v -0.338926 1.950661 -0.059727
v -0.376023 2.035547 -0.023712
v -0.338926 1.950661 -0.059727
v -0.378977 1.944718 -0.060138
v -0.376023 2.035547 -0.023712
v -0.378977 1.944718 -0.060138
v -0.401481 1.941579 -0.032602
v -0.376023 2.035547 -0.023712
v -0.401481 1.941579 -0.032602
v -0.381419 1.943347 0.000288
v -0.335930 1.950661 0.002020
v -0.381419 1.943347 0.000288
v -0.278932 1.938517 0.063079
v -0.318486 1.956485 -0.027504
v -0.335930 1.950661 0.002020
v -0.249948 1.951460 0.033643
v -0.318486 1.956485 -0.027504
v -0.249948 1.951460 0.033643
v -0.266723 1.957971 -0.051420
v -0.338926 1.950661 -0.059727
v -0.266723 1.957971 -0.051420
v -0.329801 1.920250 -0.145749
v -0.378977 1.944718 -0.060138
v -0.338926 1.950661 -0.059727
v -0.376906 1.933042 -0.100711
v -0.378977 1.944718 -0.060138
v -0.376906 1.933042 -0.100711
v -0.427472 1.920256 -0.096080
v -0.401481 1.941579 -0.032602
v -0.427472 1.920256 -0.096080
v -0.457563 1.921559 -0.022744
v -0.375391 1.928994 0.053626
v -0.381419 1.943347 0.000288
v -0.457563 1.921559 -0.022744
v -0.263327 1.885932 -0.021404
v -0.252711 1.785579 -0.165458
v -0.160064 1.910140 -0.130556
v -0.263327 1.885932 -0.021404
v -0.508818 1.791233 0.082112
v -0.557613 1.862356 -0.021808
v -0.238844 1.910501 0.091981
v -0.375391 1.928994 0.053626
v -0.404993 1.886649 0.074417
v -0.266723 1.957971 -0.051420
v -0.172819 1.933731 0.059033
v -0.173857 1.933730 -0.122716
v -0.415061 1.878161 -0.149583
v -0.329801 1.920250 -0.145749
v -0.391338 1.806963 -0.199777
v -0.457563 1.921559 -0.022744
v -0.427472 1.920256 -0.096080
v -0.550541 1.892047 -0.021832
v -0.452606 1.886441 0.069134
v -0.457563 1.921559 -0.022744
v -0.550541 1.892047 -0.021832
v -0.510866 1.854408 -0.126666
v -0.557613 1.862356 -0.021808
v -0.506019 1.884479 -0.121696
v -0.390451 1.773018 -0.183397
v -0.506019 1.884479 -0.121696
v -0.391338 1.806963 -0.199777
v -0.252711 1.785579 -0.165458
v -0.390451 1.773018 -0.183397
v -0.260157 1.818927 -0.182691
v -0.160064 1.910140 -0.130556
v -0.260157 1.818927 -0.182691
v -0.173857 1.933730 -0.122716
v -0.161005 1.886216 0.063082
v -0.160064 1.910140 -0.130556
v -0.172819 1.933731 0.059033
v -0.210459 1.796984 0.140198
v -0.161005 1.886216 0.063082
v -0.219561 1.829789 0.154230
v -0.387312 1.772612 0.136470
v -0.210459 1.796984 0.140198
v -0.388351 1.806577 0.150678
v -0.508818 1.791233 0.082112
v -0.387312 1.772612 0.136470
v -0.504070 1.824311 0.077140
v -0.557613 1.862356 -0.021808
v -0.504070 1.824311 0.077140
v -0.550541 1.892047 -0.021832
v -0.279892 1.735414 -0.201526
v -0.015162 1.826784 -0.184045
v -0.140916 1.630344 -0.244358
v -0.333252 1.703144 0.073738
v -0.319421 1.656762 -0.017149
v -0.209071 1.625557 0.195188
v -0.209769 1.875387 -0.124880
v -0.015162 1.826784 -0.184045
v -0.279892 1.735414 -0.201526
v -0.279892 1.735414 -0.201526
v -0.140916 1.630344 -0.244358
v -0.177364 1.394644 -0.200874
v -0.310325 1.666662 -0.115387
v -0.279892 1.735414 -0.201526
v -0.288777 1.397592 -0.131691
v -0.310325 1.666662 -0.115387
v -0.288777 1.397592 -0.131691
v -0.319421 1.656762 -0.017149
v -0.209769 1.875387 -0.124880
v -0.015162 1.936800 -0.133683
v -0.015162 1.826784 -0.184045
v -0.689781 1.805567 0.006020
v -0.874934 1.834157 -0.004241
v -0.893103 1.721479 0.027248
v -0.441650 1.852656 -0.020069
v -0.326547 1.876060 -0.117257
v -0.427520 1.818432 -0.134925
v -0.411020 1.731488 -0.149957
v -0.431767 1.697979 -0.042189
v -0.624987 1.732949 -0.157790
v -0.431767 1.697979 -0.042189
v -0.699962 1.717867 0.013056
v -0.689447 1.694722 -0.067230
v -0.699962 1.717867 0.013056
v -0.443660 1.731073 0.043397
v -0.689781 1.805567 0.006020
v -0.637171 1.823181 -0.131443
v -0.677963 1.826484 -0.157261
v -0.676846 1.860201 -0.069845
v -0.689781 1.805567 0.006020
v -0.443660 1.731073 0.043397
v -0.409633 1.799650 0.063445
v -0.699962 1.717867 0.013056
v -0.431767 1.697979 -0.042189
v -0.443660 1.731073 0.043397
v -0.326547 1.876060 -0.117257
v -0.441650 1.852656 -0.020069
v -0.310325 1.882672 0.042831
v -0.427520 1.818432 -0.134925
v -0.290363 1.817117 -0.200663
v -0.411020 1.731488 -0.149957
v -0.689781 1.805567 0.006020
v -0.409633 1.799650 0.063445
v -0.441650 1.852656 -0.020069
v -0.427520 1.818432 -0.134925
v -0.637171 1.823181 -0.131443
v -0.441650 1.852656 -0.020069
v -0.624987 1.732949 -0.157790
v -0.637171 1.823181 -0.131443
v -0.411020 1.731488 -0.149957
v -0.290363 1.817117 -0.200663
v -0.279892 1.735414 -0.201526
v -0.411020 1.731488 -0.149957
v -0.326547 1.876060 -0.117257
v -0.290363 1.817117 -0.200663
v -0.427520 1.818432 -0.134925
v -0.326547 1.876060 -0.117257
v -0.209769 1.875387 -0.124880
v -0.290363 1.817117 -0.200663
v -0.427520 1.818432 -0.134925
v -0.411020 1.731488 -0.149957
v -0.637171 1.823181 -0.131443
v -0.441650 1.852656 -0.020069
v -0.409633 1.799650 0.063445
v -0.310325 1.882672 0.042831
v -0.443660 1.731073 0.043397
v -0.431767 1.697979 -0.042189
v -0.333252 1.703144 0.073738
v -0.310325 1.882672 0.042831
v -0.239649 1.786128 0.122224
v -0.207619 1.853308 0.069186
v -0.409633 1.799650 0.063445
v -0.333252 1.703144 0.073738
v -0.239649 1.786128 0.122224
v -0.411020 1.731488 -0.149957
v -0.310325 1.666662 -0.115387
v -0.431767 1.697979 -0.042189
v -0.431767 1.697979 -0.042189
v -0.319421 1.656762 -0.017149
v -0.333252 1.703144 0.073738
v -0.443660 1.731073 0.043397
v -0.333252 1.703144 0.073738
v -0.409633 1.799650 0.063445
v -0.409633 1.799650 0.063445
v -0.239649 1.786128 0.122224
v -0.310325 1.882672 0.042831
v -1.042296 1.865383 -0.104032
v -1.057029 1.812639 -0.189075
v -1.088041 1.871340 -0.106604
v -0.689447 1.694722 -0.067230
v -0.869921 1.658511 -0.096093
v -0.730860 1.736893 -0.175178
v -1.057029 1.812639 -0.189075
v -1.069675 1.703410 -0.205626
v -1.099463 1.816110 -0.218039
v -0.853816 1.878008 -0.106765
v -0.881848 1.826419 -0.195516
v -1.042296 1.865383 -0.104032
v -1.038786 1.832502 -0.005047
v -1.042296 1.865383 -0.104032
v -1.087281 1.844665 -0.001254
v -1.047347 1.739843 0.025887
v -1.038786 1.832502 -0.005047
v -1.086904 1.741938 0.033198
v -1.059781 1.674971 -0.093813
v -1.047347 1.739843 0.025887
v -1.086904 1.741938 0.033198
v -1.057029 1.812639 -0.189075
v -0.881848 1.826419 -0.195516
v -1.069675 1.703410 -0.205626
v -0.881848 1.826419 -0.195516
v -0.853816 1.878008 -0.106765
v -0.718764 1.828298 -0.148569
v -1.038786 1.832502 -0.005047
v -0.874934 1.834157 -0.004241
v -1.042296 1.865383 -0.104032
v -1.047347 1.739843 0.025887
v -0.893103 1.721479 0.027248
v -1.038786 1.832502 -0.005047
v -0.869921 1.658511 -0.096093
v -0.893103 1.721479 0.027248
v -1.059781 1.674971 -0.093813
v -1.069675 1.703410 -0.205626
v -0.894216 1.705008 -0.220155
v -1.059781 1.674971 -0.093813
v -1.059781 1.674971 -0.093813
v -0.894216 1.705008 -0.220155
v -0.869921 1.658511 -0.096093
v -1.047347 1.739843 0.025887
v -1.059781 1.674971 -0.093813
v -0.893103 1.721479 0.027248
v -1.038786 1.832502 -0.005047
v -0.893103 1.721479 0.027248
v -0.874934 1.834157 -0.004241
v -1.042296 1.865383 -0.104032
v -0.874934 1.834157 -0.004241
v -0.853816 1.878008 -0.106765
v -0.676846 1.860201 -0.069845
v -0.718764 1.828298 -0.148569
v -0.853816 1.878008 -0.106765
v -1.069675 1.703410 -0.205626
v -0.881848 1.826419 -0.195516
v -0.894216 1.705008 -0.220155
v -0.881848 1.826419 -0.195516
v -1.057029 1.812639 -0.189075
v -1.042296 1.865383 -0.104032
v -0.894216 1.705008 -0.220155
v -0.730860 1.736893 -0.175178
v -0.869921 1.658511 -0.096093
v -0.881848 1.826419 -0.195516
v -0.718764 1.828298 -0.148569
v -0.730860 1.736893 -0.175178
v -0.676846 1.860201 -0.069845
v -0.441650 1.852656 -0.020069
v -0.637171 1.823181 -0.131443
v -0.676846 1.860201 -0.069845
v -0.689781 1.805567 0.006020
v -0.441650 1.852656 -0.020069
v -0.853816 1.878008 -0.106765
v -0.874934 1.834157 -0.004241
v -0.676846 1.860201 -0.069845
v -0.894216 1.705008 -0.220155
v -0.881848 1.826419 -0.195516
v -0.730860 1.736893 -0.175178
v -0.893103 1.721479 0.027248
v -0.869921 1.658511 -0.096093
v -0.699962 1.717867 0.013056
v -0.677936 1.735531 -0.183740
v -0.677963 1.826484 -0.157261
v -0.624987 1.732949 -0.157790
v -0.677963 1.826484 -0.157261
v -0.677936 1.735531 -0.183740
v -0.718764 1.828298 -0.148569
v -0.730860 1.736893 -0.175178
v -0.677936 1.735531 -0.183740
v -0.689447 1.694722 -0.067230
v -0.730860 1.736893 -0.175178
v -0.718764 1.828298 -0.148569
v -0.677936 1.735531 -0.183740
v -0.689447 1.694722 -0.067230
v -0.624987 1.732949 -0.157790
v -0.431767 1.697979 -0.042189
v -0.677936 1.735531 -0.183740
v -0.624987 1.732949 -0.157790
v -0.689447 1.694722 -0.067230
v -0.677963 1.826484 -0.157261
v -0.637171 1.823181 -0.131443
v -0.624987 1.732949 -0.157790
v -0.869921 1.658511 -0.096093
v -0.689447 1.694722 -0.067230
v -0.699962 1.717867 0.013056
v -0.893103 1.721479 0.027248
v -0.699962 1.717867 0.013056
v -0.689781 1.805567 0.006020
v -0.874934 1.834157 -0.004241
v -0.689781 1.805567 0.006020
v -0.676846 1.860201 -0.069845
v -0.718764 1.828298 -0.148569
v -0.676846 1.860201 -0.069845
v -0.677963 1.826484 -0.157261
v -1.099463 1.816110 -0.218039
v -1.069675 1.703410 -0.205626
v -1.267937 1.817944 -0.226794
v -1.088041 1.871340 -0.106604
v -1.099463 1.816110 -0.218039
v -1.290608 1.845223 -0.158203
v -1.283239 1.838062 0.023332
v -1.237220 1.792827 0.077859
v -1.087281 1.844665 -0.001254
v -1.147564 1.687003 -0.158720
v -1.069675 1.703410 -0.205626
v -1.059781 1.674971 -0.093813
v -1.165872 1.678195 0.027832
v -1.147564 1.687003 -0.158720
v -1.059781 1.674971 -0.093813
v -1.086904 1.741938 0.033198
v -1.165872 1.678195 0.027832
v -1.059781 1.674971 -0.093813
v -1.087281 1.844665 -0.001254
v -1.086904 1.741938 0.033198
v -1.038786 1.832502 -0.005047
v -1.088041 1.871340 -0.106604
v -1.087281 1.844665 -0.001254
v -1.042296 1.865383 -0.104032
v -1.147564 1.687003 -0.158720
v -1.282101 1.740249 -0.228576
v -1.069675 1.703410 -0.205626
v -1.175375 1.731716 0.092237
v -1.165872 1.678195 0.027832
v -1.086904 1.741938 0.033198
v -1.099463 1.816110 -0.218039
v -1.088041 1.871340 -0.106604
v -1.057029 1.812639 -0.189075
v -1.237220 1.792827 0.077859
v -1.175375 1.731716 0.092237
v -1.087281 1.844665 -0.001254
v -1.267937 1.817944 -0.226794
v -1.290608 1.845223 -0.158203
v -1.099463 1.816110 -0.218039
v -1.282101 1.740249 -0.228576
v -1.267937 1.817944 -0.226794
v -1.069675 1.703410 -0.205626
v -1.290608 1.845223 -0.158203
v -1.302532 1.855738 -0.076569
v -1.088041 1.871340 -0.106604
v -1.302532 1.855738 -0.076569
v -1.087281 1.844665 -0.001254
v -1.088041 1.871340 -0.106604
v -1.165872 1.678195 0.027832
v -1.319705 1.748261 -0.067684
v -1.147564 1.687003 -0.158720
v -1.245977 1.752881 0.013881
v -1.237220 1.792827 0.077859
v -1.306504 1.791383 0.023227
v -1.147564 1.687003 -0.158720
v -1.319705 1.748261 -0.067684
v -1.306151 1.737761 -0.157647
v -1.087281 1.844665 -0.001254
v -1.175375 1.731716 0.092237
v -1.086904 1.741938 0.033198
v -1.306504 1.791383 0.023227
v -1.428964 1.777077 0.012433
v -1.319705 1.748261 -0.067684
v -1.306504 1.791383 0.023227
v -1.319705 1.748261 -0.067684
v -1.245977 1.752881 0.013881
v -1.283239 1.838062 0.023332
v -1.087281 1.844665 -0.001254
v -1.302532 1.855738 -0.076569
v -1.282101 1.740249 -0.228576
v -1.147564 1.687003 -0.158720
v -1.306151 1.737761 -0.157647
v -1.283239 1.838062 0.023332
v -1.324520 1.844822 0.004574
v -1.306504 1.791383 0.023227
v -1.245977 1.752881 0.013881
v -1.216579 1.682227 0.052759
v -1.294103 1.743328 0.051008
v -1.319705 1.748261 -0.067684
v -1.165872 1.678195 0.027832
v -1.245977 1.752881 0.013881
v -1.237220 1.792827 0.077859
v -1.283239 1.838062 0.023332
v -1.306504 1.791383 0.023227
v -1.302532 1.855738 -0.076569
v -1.335889 1.849029 -0.084127
v -1.319705 1.748261 -0.067684
v -1.290608 1.845223 -0.158203
v -1.306151 1.737761 -0.157647
v -1.327515 1.840838 -0.156285
v -1.267937 1.817944 -0.226794
v -1.282101 1.740249 -0.228576
v -1.312772 1.809513 -0.233455
v -1.400979 1.725059 0.103564
v -1.288248 1.725113 0.119499
v -1.396742 1.735835 0.120083
v -1.175513 1.770052 0.103415
v -1.288247 1.770105 0.119350
v -1.179748 1.759387 0.120005
v -1.408655 1.748787 0.471188
v -1.420565 1.749963 0.822331
v -1.288248 1.773648 0.580132
v -1.250562 1.734777 -0.291815
v -1.288248 1.734777 -0.291815
v -1.250562 1.757686 -0.291892
v -1.325934 1.734777 -0.291816
v -1.325934 1.757686 -0.291891
v -1.288248 1.734777 -0.291815
v -1.325934 1.757686 -0.291891
v -1.288248 1.757685 -0.291892
v -1.288248 1.734777 -0.291815
v -1.175512 1.725059 0.103563
v -1.175513 1.770052 0.103415
v -1.179749 1.735835 0.120083
v -1.400978 1.770052 0.103416
v -1.400979 1.725059 0.103564
v -1.396742 1.759386 0.120005
v -1.288248 1.773648 0.580132
v -1.288247 1.770105 0.119350
v -1.396742 1.759386 0.120005
v -1.288247 1.724656 0.580298
v -1.288248 1.725113 0.119499
v -1.179749 1.735835 0.120083
v -1.288247 1.750500 0.982558
v -1.155926 1.749963 0.822331
v -1.288248 1.773648 0.580132
v -1.400978 1.770052 0.103416
v -1.288247 1.770105 0.119350
v -1.400979 1.769960 0.076033
v -1.500273 1.767274 0.075824
v -1.500274 1.727652 0.075955
v -1.500273 1.767367 0.103642
v -1.288248 1.724914 0.060250
v -1.288248 1.725113 0.119499
v -1.400979 1.724967 0.076186
v -1.175512 1.725059 0.103563
v -1.288248 1.725113 0.119499
v -1.175513 1.724968 0.076186
v -1.076222 1.727746 0.103773
v -1.076222 1.727653 0.075954
v -1.076222 1.767367 0.103642
v -1.288248 1.769906 0.060098
v -1.288247 1.770105 0.119350
v -1.175513 1.769960 0.076033
v -1.400979 1.769960 0.076033
v -1.288248 1.769906 0.060098
v -1.334392 1.757354 0.040576
v -1.334392 1.737335 0.040641
v -1.400979 1.724967 0.076186
v -1.334392 1.757354 0.040576
v -1.288248 1.729184 0.040672
v -1.288248 1.724914 0.060250
v -1.334392 1.737335 0.040641
v -1.242099 1.737335 0.040642
v -1.175513 1.724968 0.076186
v -1.288248 1.729184 0.040672
v -1.242099 1.757354 0.040576
v -1.175513 1.769960 0.076033
v -1.242099 1.737335 0.040642
v -1.288248 1.769906 0.060098
v -1.175513 1.769960 0.076033
v -1.288248 1.765505 0.040550
v -1.334392 1.757354 0.040576
v -1.288248 1.765505 0.040550
v -1.334393 1.756512 -0.211078
v -1.334392 1.737335 0.040641
v -1.334392 1.757354 0.040576
v -1.334393 1.736492 -0.211010
v -1.288248 1.729184 0.040672
v -1.334392 1.737335 0.040641
v -1.288248 1.728342 -0.210983
v -1.242099 1.737335 0.040642
v -1.288248 1.729184 0.040672
v -1.242099 1.736492 -0.211010
v -1.242099 1.756512 -0.211078
v -1.242099 1.757354 0.040576
v -1.242099 1.736492 -0.211010
v -1.288248 1.764663 -0.211105
v -1.288248 1.765505 0.040550
v -1.242099 1.756512 -0.211078
v -1.347998 1.764571 -0.238593
v -1.334393 1.756512 -0.211078
v -1.288248 1.764570 -0.238594
v -1.334393 1.736492 -0.211010
v -1.334393 1.756512 -0.211078
v -1.347998 1.728249 -0.238471
v -1.288248 1.728342 -0.210983
v -1.334393 1.736492 -0.211010
v -1.288248 1.728249 -0.238472
v -1.228497 1.728250 -0.238471
v -1.242099 1.736492 -0.211010
v -1.288248 1.728249 -0.238472
v -1.242099 1.756512 -0.211078
v -1.242099 1.736492 -0.211010
v -1.228498 1.764571 -0.238593
v -1.288248 1.764663 -0.211105
v -1.242099 1.756512 -0.211078
v -1.288248 1.764570 -0.238594
v -1.126240 1.724968 0.076185
v -1.175513 1.724968 0.076186
v -1.126240 1.769960 0.076033
v -1.175512 1.725059 0.103563
v -1.175513 1.724968 0.076186
v -1.126240 1.725060 0.103563
v -1.175513 1.770052 0.103415
v -1.175512 1.725059 0.103563
v -1.126241 1.770052 0.103415
v -1.175513 1.769960 0.076033
v -1.175513 1.770052 0.103415
v -1.126240 1.769960 0.076033
v -1.400979 1.769960 0.076033
v -1.400979 1.724967 0.076186
v -1.450251 1.769960 0.076033
v -1.400978 1.770052 0.103416
v -1.400979 1.769960 0.076033
v -1.450251 1.770051 0.103415
v -1.400979 1.725059 0.103564
v -1.400978 1.770052 0.103416
v -1.450251 1.725059 0.103564
v -1.450251 1.724967 0.076185
v -1.400979 1.724967 0.076186
v -1.450251 1.725059 0.103564
v -1.103661 1.718846 0.068320
v -1.126240 1.724968 0.076185
v -1.103661 1.776029 0.068133
v -1.126240 1.725060 0.103563
v -1.126240 1.724968 0.076185
v -1.103661 1.718991 0.111468
v -1.126241 1.770052 0.103415
v -1.126240 1.725060 0.103563
v -1.103662 1.776174 0.111276
v -1.103661 1.776029 0.068133
v -1.126240 1.769960 0.076033
v -1.103662 1.776174 0.111276
v -1.450251 1.769960 0.076033
v -1.450251 1.724967 0.076185
v -1.472829 1.776028 0.068133
v -1.450251 1.770051 0.103415
v -1.450251 1.769960 0.076033
v -1.472830 1.776173 0.111276
v -1.472829 1.718990 0.111468
v -1.450251 1.725059 0.103564
v -1.472830 1.776173 0.111276
v -1.450251 1.724967 0.076185
v -1.450251 1.725059 0.103564
v -1.472829 1.718846 0.068321
v -1.103661 1.718846 0.068320
v -1.103661 1.776029 0.068133
v -1.076222 1.727653 0.075954
v -1.103661 1.718991 0.111468
v -1.103661 1.718846 0.068320
v -1.076222 1.727746 0.103773
v -1.076222 1.767367 0.103642
v -1.103662 1.776174 0.111276
v -1.076222 1.727746 0.103773
v -1.103661 1.776029 0.068133
v -1.103662 1.776174 0.111276
v -1.076222 1.767275 0.075824
v -1.500273 1.767274 0.075824
v -1.472829 1.776028 0.068133
v -1.500274 1.727652 0.075955
v -1.472830 1.776173 0.111276
v -1.472829 1.776028 0.068133
v -1.500273 1.767367 0.103642
v -1.472829 1.718990 0.111468
v -1.472830 1.776173 0.111276
v -1.500273 1.727744 0.103773
v -1.472829 1.718846 0.068321
v -1.472829 1.718990 0.111468
v -1.500274 1.727652 0.075955
v -1.396742 1.735835 0.120083
v -1.288247 1.724656 0.580298
v -1.408655 1.748787 0.471188
v -1.179748 1.759387 0.120005
v -1.288248 1.773648 0.580132
v -1.167839 1.748787 0.471188
v -1.167839 1.748787 0.471188
v -1.155926 1.749963 0.822331
v -1.288247 1.724656 0.580298
v -1.288247 1.750500 0.982558
v -1.420565 1.749963 0.822331
v -1.288247 1.724656 0.580298
v -1.347998 1.764571 -0.238593
v -1.288248 1.764570 -0.238594
v -1.325934 1.757686 -0.291891
v -1.325934 1.734777 -0.291816
v -1.347998 1.728249 -0.238471
v -1.325934 1.757686 -0.291891
v -1.288248 1.734777 -0.291815
v -1.288248 1.728249 -0.238472
v -1.325934 1.734777 -0.291816
v -1.228497 1.728250 -0.238471
v -1.288248 1.728249 -0.238472
v -1.250562 1.734777 -0.291815
v -1.250562 1.757686 -0.291892
v -1.228498 1.764571 -0.238593
v -1.250562 1.734777 -0.291815
v -1.288248 1.757685 -0.291892
v -1.288248 1.764570 -0.238594
v -1.250562 1.757686 -0.291892
v -1.250562 1.757686 -0.291892
v -1.288248 1.764570 -0.238594
v -1.228498 1.764571 -0.238593
v -1.250562 1.734777 -0.291815
v -1.228498 1.764571 -0.238593
v -1.228497 1.728250 -0.238471
v -1.288248 1.734777 -0.291815
v -1.250562 1.734777 -0.291815
v -1.288248 1.728249 -0.238472
v -1.325934 1.734777 -0.291816
v -1.288248 1.728249 -0.238472
v -1.347998 1.728249 -0.238471
v -1.325934 1.757686 -0.291891
v -1.347998 1.728249 -0.238471
v -1.347998 1.764571 -0.238593
v -1.288248 1.757685 -0.291892
v -1.325934 1.757686 -0.291891
v -1.288248 1.764570 -0.238594
v -1.420565 1.749963 0.822331
v -1.408655 1.748787 0.471188
v -1.288247 1.724656 0.580298
v -1.288247 1.750500 0.982558
v -1.288247 1.724656 0.580298
v -1.155926 1.749963 0.822331
v -1.167839 1.748787 0.471188
v -1.179749 1.735835 0.120083
v -1.179748 1.759387 0.120005
v -1.408655 1.748787 0.471188
v -1.288248 1.773648 0.580132
v -1.396742 1.759386 0.120005
v -1.408655 1.748787 0.471188
v -1.396742 1.759386 0.120005
v -1.396742 1.735835 0.120083
v -1.167839 1.748787 0.471188
v -1.288247 1.724656 0.580298
v -1.179749 1.735835 0.120083
v -1.500273 1.727744 0.103773
v -1.500274 1.727652 0.075955
v -1.472829 1.718990 0.111468
v -1.500273 1.767367 0.103642
v -1.500273 1.727744 0.103773
v -1.472830 1.776173 0.111276
v -1.500273 1.767274 0.075824
v -1.500273 1.767367 0.103642
v -1.472829 1.776028 0.068133
v -1.500274 1.727652 0.075955
v -1.472829 1.776028 0.068133
v -1.472829 1.718846 0.068321
v -1.076222 1.767367 0.103642
v -1.076222 1.767275 0.075824
v -1.103662 1.776174 0.111276
v -1.076222 1.727746 0.103773
v -1.103662 1.776174 0.111276
v -1.103661 1.718991 0.111468
v -1.076222 1.727653 0.075954
v -1.076222 1.727746 0.103773
v -1.103661 1.718846 0.068320
v -1.076222 1.767275 0.075824
v -1.076222 1.727653 0.075954
v -1.103661 1.776029 0.068133
v -1.472829 1.718990 0.111468
v -1.472829 1.718846 0.068321
v -1.450251 1.725059 0.103564
v -1.472830 1.776173 0.111276
v -1.450251 1.725059 0.103564
v -1.450251 1.770051 0.103415
v -1.472829 1.776028 0.068133
v -1.472830 1.776173 0.111276
v -1.450251 1.769960 0.076033
v -1.472829 1.718846 0.068321
v -1.472829 1.776028 0.068133
v -1.450251 1.724967 0.076185
v -1.103662 1.776174 0.111276
v -1.126240 1.769960 0.076033
v -1.126241 1.770052 0.103415
v -1.103661 1.718991 0.111468
v -1.103662 1.776174 0.111276
v -1.126240 1.725060 0.103563
v -1.103661 1.718846 0.068320
v -1.103661 1.718991 0.111468
v -1.126240 1.724968 0.076185
v -1.103661 1.776029 0.068133
v -1.126240 1.724968 0.076185
v -1.126240 1.769960 0.076033
v -1.450251 1.725059 0.103564
v -1.400979 1.724967 0.076186
v -1.400979 1.725059 0.103564
v -1.450251 1.770051 0.103415
v -1.450251 1.725059 0.103564
v -1.400978 1.770052 0.103416
v -1.450251 1.769960 0.076033
v -1.450251 1.770051 0.103415
v -1.400979 1.769960 0.076033
v -1.450251 1.724967 0.076185
v -1.450251 1.769960 0.076033
v -1.400979 1.724967 0.076186
v -1.126241 1.770052 0.103415
v -1.126240 1.769960 0.076033
v -1.175513 1.770052 0.103415
v -1.126240 1.725060 0.103563
v -1.126241 1.770052 0.103415
v -1.175512 1.725059 0.103563
v -1.126240 1.724968 0.076185
v -1.126240 1.725060 0.103563
v -1.175513 1.724968 0.076186
v -1.126240 1.769960 0.076033
v -1.175513 1.724968 0.076186
v -1.175513 1.769960 0.076033
v -1.228498 1.764571 -0.238593
v -1.288248 1.764570 -0.238594
v -1.242099 1.756512 -0.211078
v -1.228497 1.728250 -0.238471
v -1.228498 1.764571 -0.238593
v -1.242099 1.736492 -0.211010
v -1.288248 1.728249 -0.238472
v -1.242099 1.736492 -0.211010
v -1.288248 1.728342 -0.210983
v -1.347998 1.728249 -0.238471
v -1.288248 1.728249 -0.238472
v -1.334393 1.736492 -0.211010
v -1.347998 1.764571 -0.238593
v -1.347998 1.728249 -0.238471
v -1.334393 1.756512 -0.211078
v -1.288248 1.764570 -0.238594
v -1.334393 1.756512 -0.211078
v -1.288248 1.764663 -0.211105
v -1.242099 1.756512 -0.211078
v -1.288248 1.765505 0.040550
v -1.242099 1.757354 0.040576
v -1.242099 1.736492 -0.211010
v -1.242099 1.757354 0.040576
v -1.242099 1.737335 0.040642
v -1.288248 1.728342 -0.210983
v -1.242099 1.736492 -0.211010
v -1.288248 1.729184 0.040672
v -1.334393 1.736492 -0.211010
v -1.288248 1.728342 -0.210983
v -1.334392 1.737335 0.040641
v -1.334393 1.756512 -0.211078
v -1.334393 1.736492 -0.211010
v -1.334392 1.757354 0.040576
v -1.288248 1.764663 -0.211105
v -1.334393 1.756512 -0.211078
v -1.288248 1.765505 0.040550
v -1.242099 1.757354 0.040576
v -1.288248 1.765505 0.040550
v -1.175513 1.769960 0.076033
v -1.242099 1.737335 0.040642
v -1.175513 1.769960 0.076033
v -1.175513 1.724968 0.076186
v -1.288248 1.729184 0.040672
v -1.175513 1.724968 0.076186
v -1.288248 1.724914 0.060250
v -1.334392 1.737335 0.040641
v -1.288248 1.724914 0.060250
v -1.400979 1.724967 0.076186
v -1.334392 1.757354 0.040576
v -1.400979 1.724967 0.076186
v -1.400979 1.769960 0.076033
v -1.288248 1.765505 0.040550
v -1.334392 1.757354 0.040576
v -1.288248 1.769906 0.060098
v -1.175513 1.769960 0.076033
v -1.288247 1.770105 0.119350
v -1.175513 1.770052 0.103415
v -1.076222 1.767275 0.075824
v -1.076222 1.767367 0.103642
v -1.076222 1.727653 0.075954
v -1.288248 1.724914 0.060250
v -1.175513 1.724968 0.076186
v -1.288248 1.725113 0.119499
v -1.400979 1.724967 0.076186
v -1.288248 1.725113 0.119499
v -1.400979 1.725059 0.103564
v -1.500273 1.727744 0.103773
v -1.500273 1.767367 0.103642
v -1.500274 1.727652 0.075955
v -1.288248 1.769906 0.060098
v -1.400979 1.769960 0.076033
v -1.288247 1.770105 0.119350
v -1.167839 1.748787 0.471188
v -1.288248 1.773648 0.580132
v -1.155926 1.749963 0.822331
v -1.175512 1.725059 0.103563
v -1.179749 1.735835 0.120083
v -1.288248 1.725113 0.119499
v -1.400978 1.770052 0.103416
v -1.396742 1.759386 0.120005
v -1.288247 1.770105 0.119350
v -1.400979 1.725059 0.103564
v -1.396742 1.735835 0.120083
v -1.396742 1.759386 0.120005
v -1.175513 1.770052 0.103415
v -1.179748 1.759387 0.120005
v -1.179749 1.735835 0.120083
v -1.250562 1.757686 -0.291892
v -1.288248 1.734777 -0.291815
v -1.288248 1.757685 -0.291892
v -1.288248 1.773648 0.580132
v -1.420565 1.749963 0.822331
v -1.288247 1.750500 0.982558
v -1.288248 1.773648 0.580132
v -1.179748 1.759387 0.120005
v -1.288247 1.770105 0.119350
v -1.288247 1.724656 0.580298
v -1.396742 1.735835 0.120083
v -1.288248 1.725113 0.119499
v -1.287639 1.759624 0.082640
v -1.237220 1.792827 0.077859
v -1.294103 1.743328 0.051008
v -1.277328 1.719434 0.109865
v -1.205170 1.724604 0.101230
v -1.237220 1.792827 0.077859
v -1.205170 1.724604 0.101230
v -1.175375 1.731716 0.092237
v -1.237220 1.792827 0.077859
v -1.216579 1.682227 0.052759
v -1.165872 1.678195 0.027832
v -1.205170 1.724604 0.101230
v -1.205170 1.724604 0.101230
v -1.165872 1.678195 0.027832
v -1.175375 1.731716 0.092237
v -1.216579 1.682227 0.052759
v -1.245977 1.752881 0.013881
v -1.165872 1.678195 0.027832
v -1.287639 1.759624 0.082640
v -1.277328 1.719434 0.109865
v -1.237220 1.792827 0.077859
v -1.294103 1.743328 0.051008
v -1.237220 1.792827 0.077859
v -1.245977 1.752881 0.013881
v -1.285690 1.684705 0.070968
v -1.294103 1.743328 0.051008
v -1.216579 1.682227 0.052759
v -1.277328 1.719434 0.109865
v -1.216579 1.682227 0.052759
v -1.205170 1.724604 0.101230
v -1.277328 1.719434 0.109865
v -1.342068 1.715807 0.119594
v -1.285690 1.684705 0.070968
v -1.277328 1.719434 0.109865
v -1.287639 1.759624 0.082640
v -1.342068 1.715807 0.119594
v -1.285690 1.684705 0.070968
v -1.216579 1.682227 0.052759
v -1.277328 1.719434 0.109865
v -1.347237 1.730641 0.052948
v -1.390488 1.733313 0.080280
v -1.347672 1.757426 0.091969
v -1.390488 1.733313 0.080280
v -1.347237 1.730641 0.052948
v -1.388298 1.697634 0.076766
v -1.343892 1.673714 0.082367
v -1.388298 1.697634 0.076766
v -1.347237 1.730641 0.052948
v -1.347672 1.757426 0.091969
v -1.387078 1.713943 0.101518
v -1.342068 1.715807 0.119594
v -1.387078 1.713943 0.101518
v -1.347672 1.757426 0.091969
v -1.390488 1.733313 0.080280
v -1.342068 1.715807 0.119594
v -1.387078 1.713943 0.101518
v -1.343892 1.673714 0.082367
v -1.388298 1.697634 0.076766
v -1.343892 1.673714 0.082367
v -1.387078 1.713943 0.101518
v -1.347237 1.730641 0.052948
v -1.294103 1.743328 0.051008
v -1.343892 1.673714 0.082367
v -1.347672 1.757426 0.091969
v -1.287639 1.759624 0.082640
v -1.294103 1.743328 0.051008
v -1.390488 1.733313 0.080280
v -1.388298 1.697634 0.076766
v -1.387078 1.713943 0.101518
v -1.347672 1.757426 0.091969
v -1.342068 1.715807 0.119594
v -1.287639 1.759624 0.082640
v -1.347237 1.730641 0.052948
v -1.347672 1.757426 0.091969
v -1.294103 1.743328 0.051008
v -1.343892 1.673714 0.082367
v -1.294103 1.743328 0.051008
v -1.285690 1.684705 0.070968
v -1.343892 1.673714 0.082367
v -1.285690 1.684705 0.070968
v -1.342068 1.715807 0.119594
v -1.330885 1.847026 -0.047109
v -1.302532 1.855738 -0.076569
v -1.319705 1.748261 -0.067684
v -1.330885 1.847026 -0.047109
v -1.324520 1.844822 0.004574
v -1.302532 1.855738 -0.076569
v -1.324520 1.844822 0.004574
v -1.415044 1.840036 0.008629
v -1.306504 1.791383 0.023227
v -1.415044 1.840036 0.008629
v -1.324520 1.844822 0.004574
v -1.419283 1.840699 -0.042052
v -1.324520 1.844822 0.004574
v -1.283239 1.838062 0.023332
v -1.302532 1.855738 -0.076569
v -1.435061 1.781841 -0.042261
v -1.419283 1.840699 -0.042052
v -1.319705 1.748261 -0.067684
v -1.419283 1.840699 -0.042052
v -1.330885 1.847026 -0.047109
v -1.319705 1.748261 -0.067684
v -1.435061 1.781841 -0.042261
v -1.319705 1.748261 -0.067684
v -1.428964 1.777077 0.012433
v -1.428964 1.777077 0.012433
v -1.306504 1.791383 0.023227
v -1.415044 1.840036 0.008629
v -1.419283 1.840699 -0.042052
v -1.324520 1.844822 0.004574
v -1.330885 1.847026 -0.047109
v -1.419283 1.840699 -0.042052
v -1.435061 1.781841 -0.042261
v -1.461475 1.827805 -0.041235
v -1.419283 1.840699 -0.042052
v -1.461475 1.827805 -0.041235
v -1.415044 1.840036 0.008629
v -1.459813 1.824035 0.007081
v -1.415044 1.840036 0.008629
v -1.461475 1.827805 -0.041235
v -1.459813 1.824035 0.007081
v -1.428964 1.777077 0.012433
v -1.415044 1.840036 0.008629
v -1.461475 1.827805 -0.041235
v -1.535478 1.802166 -0.031534
v -1.459813 1.824035 0.007081
v -1.522319 1.761344 0.004516
v -1.428964 1.777077 0.012433
v -1.532946 1.801822 0.002616
v -1.525111 1.763079 -0.037338
v -1.435061 1.781841 -0.042261
v -1.522319 1.761344 0.004516
v -1.461475 1.827805 -0.041235
v -1.435061 1.781841 -0.042261
v -1.535478 1.802166 -0.031534
v -1.535478 1.802166 -0.031534
v -1.525111 1.763079 -0.037338
v -1.532946 1.801822 0.002616
v -1.522319 1.761344 0.004516
v -1.532946 1.801822 0.002616
v -1.525111 1.763079 -0.037338
v -1.525111 1.763079 -0.037338
v -1.535478 1.802166 -0.031534
v -1.435061 1.781841 -0.042261
v -1.522319 1.761344 0.004516
v -1.435061 1.781841 -0.042261
v -1.428964 1.777077 0.012433
v -1.532946 1.801822 0.002616
v -1.428964 1.777077 0.012433
v -1.459813 1.824035 0.007081
v -1.532946 1.801822 0.002616
v -1.459813 1.824035 0.007081
v -1.535478 1.802166 -0.031534
v -1.327515 1.840838 -0.156285
v -1.306151 1.737761 -0.157647
v -1.406326 1.827596 -0.155610
v -1.335889 1.849029 -0.084127
v -1.302532 1.855738 -0.076569
v -1.290608 1.845223 -0.158203
v -1.414554 1.837542 -0.099583
v -1.335889 1.849029 -0.084127
v -1.327515 1.840838 -0.156285
v -1.335889 1.849029 -0.084127
v -1.414554 1.837542 -0.099583
v -1.319705 1.748261 -0.067684
v -1.426973 1.779383 -0.090536
v -1.417686 1.776645 -0.142921
v -1.319705 1.748261 -0.067684
v -1.417686 1.776645 -0.142921
v -1.406326 1.827596 -0.155610
v -1.306151 1.737761 -0.157647
v -1.417686 1.776645 -0.142921
v -1.306151 1.737761 -0.157647
v -1.319705 1.748261 -0.067684
v -1.426973 1.779383 -0.090536
v -1.319705 1.748261 -0.067684
v -1.414554 1.837542 -0.099583
v -1.327515 1.840838 -0.156285
v -1.335889 1.849029 -0.084127
v -1.290608 1.845223 -0.158203
v -1.406326 1.827596 -0.155610
v -1.417686 1.776645 -0.142921
v -1.458889 1.815568 -0.153163
v -1.406326 1.827596 -0.155610
v -1.458889 1.815568 -0.153163
v -1.414554 1.837542 -0.099583
v -1.406326 1.827596 -0.155610
v -1.414554 1.837542 -0.099583
v -1.327515 1.840838 -0.156285
v -1.463035 1.820442 -0.103457
v -1.414554 1.837542 -0.099583
v -1.458889 1.815568 -0.153163
v -1.463035 1.820442 -0.103457
v -1.426973 1.779383 -0.090536
v -1.414554 1.837542 -0.099583
v -1.458889 1.815568 -0.153163
v -1.539157 1.788501 -0.151522
v -1.463035 1.820442 -0.103457
v -1.531993 1.749643 -0.103390
v -1.426973 1.779383 -0.090536
v -1.543644 1.791331 -0.114446
v -1.531993 1.749643 -0.103390
v -1.524211 1.745109 -0.149572
v -1.426973 1.779383 -0.090536
v -1.458889 1.815568 -0.153163
v -1.417686 1.776645 -0.142921
v -1.539157 1.788501 -0.151522
v -1.539157 1.788501 -0.151522
v -1.524211 1.745109 -0.149572
v -1.543644 1.791331 -0.114446
v -1.531993 1.749643 -0.103390
v -1.543644 1.791331 -0.114446
v -1.524211 1.745109 -0.149572
v -1.524211 1.745109 -0.149572
v -1.539157 1.788501 -0.151522
v -1.417686 1.776645 -0.142921
v -1.524211 1.745109 -0.149572
v -1.417686 1.776645 -0.142921
v -1.426973 1.779383 -0.090536
v -1.543644 1.791331 -0.114446
v -1.426973 1.779383 -0.090536
v -1.463035 1.820442 -0.103457
v -1.543644 1.791331 -0.114446
v -1.463035 1.820442 -0.103457
v -1.539157 1.788501 -0.151522
v -1.383425 1.795045 -0.243639
v -1.419235 1.791256 -0.245759
v -1.394974 1.806921 -0.191837
v -1.383425 1.795045 -0.243639
v -1.400831 1.751542 -0.242145
v -1.419235 1.791256 -0.245759
v -1.383425 1.795045 -0.243639
v -1.327434 1.825605 -0.170359
v -1.312772 1.809513 -0.233455
v -1.312772 1.809513 -0.233455
v -1.290608 1.845223 -0.158203
v -1.267937 1.817944 -0.226794
v -1.312772 1.809513 -0.233455
v -1.282101 1.740249 -0.228576
v -1.383425 1.795045 -0.243639
v -1.400831 1.751542 -0.242145
v -1.383425 1.795045 -0.243639
v -1.282101 1.740249 -0.228576
v -1.394974 1.806921 -0.191837
v -1.306151 1.737761 -0.157647
v -1.327434 1.825605 -0.170359
v -1.394974 1.806921 -0.191837
v -1.327434 1.825605 -0.170359
v -1.383425 1.795045 -0.243639
v -1.400831 1.751542 -0.242145
v -1.282101 1.740249 -0.228576
v -1.407488 1.757306 -0.190325
v -1.407488 1.757306 -0.190325
v -1.282101 1.740249 -0.228576
v -1.306151 1.737761 -0.157647
v -1.327434 1.825605 -0.170359
v -1.290608 1.845223 -0.158203
v -1.312772 1.809513 -0.233455
v -1.407488 1.757306 -0.190325
v -1.306151 1.737761 -0.157647
v -1.394974 1.806921 -0.191837
v -1.327434 1.825605 -0.170359
v -1.306151 1.737761 -0.157647
v -1.290608 1.845223 -0.158203
v -1.419235 1.791256 -0.245759
v -1.487372 1.768659 -0.251104
v -1.496179 1.778194 -0.217074
v -1.419235 1.791256 -0.245759
v -1.400831 1.751542 -0.242145
v -1.487372 1.768659 -0.251104
v -1.431847 1.800921 -0.200030
v -1.394974 1.806921 -0.191837
v -1.419235 1.791256 -0.245759
v -1.431847 1.800921 -0.200030
v -1.407488 1.757306 -0.190325
v -1.394974 1.806921 -0.191837
v -1.478949 1.730414 -0.202661
v -1.407488 1.757306 -0.190325
v -1.496179 1.778194 -0.217074
v -1.478949 1.730414 -0.202661
v -1.474326 1.726583 -0.246034
v -1.407488 1.757306 -0.190325
v -1.474326 1.726583 -0.246034
v -1.478949 1.730414 -0.202661
v -1.496179 1.778194 -0.217074
v -1.496179 1.778194 -0.217074
v -1.487372 1.768659 -0.251104
v -1.474326 1.726583 -0.246034
v -1.474326 1.726583 -0.246034
v -1.487372 1.768659 -0.251104
v -1.400831 1.751542 -0.242145
v -1.474326 1.726583 -0.246034
v -1.400831 1.751542 -0.242145
v -1.407488 1.757306 -0.190325
v -1.496179 1.778194 -0.217074
v -1.407488 1.757306 -0.190325
v -1.431847 1.800921 -0.200030
v -1.496179 1.778194 -0.217074
v -1.431847 1.800921 -0.200030
v -1.419235 1.791256 -0.245759
v 0.221609 0.498362 0.079966
v 0.217937 0.391027 0.139289
v 0.275400 0.508936 0.043703
v 0.293221 0.522513 -0.027436
v 0.312686 0.441015 -0.034541
v 0.266249 0.532055 -0.093916
v 0.208850 0.534498 -0.119491
v 0.220675 0.721604 -0.113509
v 0.266249 0.532055 -0.093916
v 0.323687 0.719925 -0.009117
v 0.300042 0.709426 0.069084
v 0.293221 0.522513 -0.027436
v 0.134925 0.510580 -0.015834
v 0.131037 0.700570 0.004149
v 0.153829 0.526552 -0.088110
v 0.232836 0.698823 0.109659
v 0.162729 0.694914 0.084323
v 0.221609 0.498362 0.079966
v 0.266249 0.532055 -0.093916
v 0.290211 0.724721 -0.082883
v 0.293221 0.522513 -0.027436
v 0.300042 0.709426 0.069084
v 0.232836 0.698823 0.109659
v 0.275400 0.508936 0.043703
v 0.153829 0.526552 -0.088110
v 0.155254 0.711856 -0.079341
v 0.208850 0.534498 -0.119491
v 0.162729 0.694914 0.084323
v 0.131037 0.700570 0.004149
v 0.163126 0.498406 0.055526
v 0.153829 0.526552 -0.088110
v 0.100579 0.448629 -0.134373
v 0.134925 0.510580 -0.015834
v 0.131037 0.700570 0.004149
v 0.134925 0.510580 -0.015834
v 0.163126 0.498406 0.055526
v 0.220675 0.721604 -0.113509
v 0.208850 0.534498 -0.119491
v 0.155254 0.711856 -0.079341
v 0.232836 0.698823 0.109659
v 0.221609 0.498362 0.079966
v 0.275400 0.508936 0.043703
v 0.323687 0.719925 -0.009117
v 0.293221 0.522513 -0.027436
v 0.290211 0.724721 -0.082883
v 0.163126 0.498406 0.055526
v 0.221609 0.498362 0.079966
v 0.162729 0.694914 0.084323
v 0.153829 0.526552 -0.088110
v 0.131037 0.700570 0.004149
v 0.155254 0.711856 -0.079341
v 0.275400 0.508936 0.043703
v 0.293221 0.522513 -0.027436
v 0.300042 0.709426 0.069084
v 0.266249 0.532055 -0.093916
v 0.220675 0.721604 -0.113509
v 0.290211 0.724721 -0.082883
v 0.153829 0.526552 -0.088110
v 0.208850 0.534498 -0.119491
v 0.100579 0.448629 -0.134373
v 0.163126 0.498406 0.055526
v 0.134925 0.510580 -0.015834
v 0.123292 0.377272 0.090074
v 0.323687 0.719925 -0.009117
v 0.365820 0.839877 0.003594
v 0.300042 0.709426 0.069084
v 0.131037 0.700570 0.004149
v 0.053059 0.734787 0.035856
v 0.155254 0.711856 -0.079341
v 0.232836 0.698823 0.109659
v 0.202429 0.823237 0.234695
v 0.162729 0.694914 0.084323
v 0.300042 0.709426 0.069084
v 0.323681 0.832823 0.154509
v 0.232836 0.698823 0.109659
v 0.162729 0.694914 0.084323
v 0.202429 0.823237 0.234695
v 0.091097 0.730075 0.218862
v 0.290211 0.724721 -0.082883
v 0.220675 0.721604 -0.113509
v 0.312168 0.823661 -0.118068
v 0.155254 0.711856 -0.079341
v 0.053059 0.734787 0.035856
v 0.110161 0.762904 -0.215135
v 0.300042 0.709426 0.069084
v 0.365820 0.839877 0.003594
v 0.323681 0.832823 0.154509
v 0.092180 0.413904 -0.037748
v 0.123292 0.377272 0.090074
v 0.134925 0.510580 -0.015834
v 0.202672 0.462353 -0.186412
v 0.100579 0.448629 -0.134373
v 0.208850 0.534498 -0.119491
v 0.279322 0.429398 -0.148225
v 0.202672 0.462353 -0.186412
v 0.266249 0.532055 -0.093916
v 0.298924 0.391656 0.045683
v 0.312686 0.441015 -0.034541
v 0.275400 0.508936 0.043703
v 0.123292 0.377272 0.090074
v 0.217937 0.391027 0.139289
v 0.163126 0.498406 0.055526
v 0.092180 0.413904 -0.037748
v 0.134925 0.510580 -0.015834
v 0.100579 0.448629 -0.134373
v 0.217937 0.391027 0.139289
v 0.221609 0.498362 0.079966
v 0.163126 0.498406 0.055526
v 0.312686 0.441015 -0.034541
v 0.293221 0.522513 -0.027436
v 0.275400 0.508936 0.043703
v 0.202672 0.462353 -0.186412
v 0.208850 0.534498 -0.119491
v 0.266249 0.532055 -0.093916
v 0.279322 0.429398 -0.148225
v 0.266249 0.532055 -0.093916
v 0.312686 0.441015 -0.034541
v 0.298924 0.391656 0.045683
v 0.275400 0.508936 0.043703
v 0.217937 0.391027 0.139289
v 0.279322 0.429398 -0.148225
v 0.312686 0.441015 -0.034541
v 0.263096 0.469491 -0.080355
v 0.158760 0.478113 -0.087181
v 0.100579 0.448629 -0.134373
v 0.202434 0.482528 -0.131837
v 0.192635 0.452895 0.034044
v 0.123292 0.377272 0.090074
v 0.148952 0.458073 -0.025826
v 0.298924 0.391656 0.045683
v 0.217937 0.391027 0.139289
v 0.264080 0.453374 0.000584
v 0.202434 0.482528 -0.131837
v 0.202672 0.462353 -0.186412
v 0.263096 0.469491 -0.080355
v 0.264080 0.453374 0.000584
v 0.217937 0.391027 0.139289
v 0.192635 0.452895 0.034044
v 0.148952 0.458073 -0.025826
v 0.092180 0.413904 -0.037748
v 0.100579 0.448629 -0.134373
v 0.263096 0.469491 -0.080355
v 0.312686 0.441015 -0.034541
v 0.264080 0.453374 0.000584
v 0.264080 0.453374 0.000584
v 0.209024 0.315750 0.044475
v 0.263946 0.292354 -0.022830
v 0.263946 0.292354 -0.022830
v 0.263096 0.469491 -0.080355
v 0.264080 0.453374 0.000584
v 0.245330 0.319795 -0.100270
v 0.202434 0.482528 -0.131837
v 0.263096 0.469491 -0.080355
v 0.166824 0.299035 0.029223
v 0.209024 0.315750 0.044475
v 0.192635 0.452895 0.034044
v 0.192635 0.452895 0.034044
v 0.143502 0.315121 -0.027216
v 0.166824 0.299035 0.029223
v 0.143502 0.315121 -0.027216
v 0.148952 0.458073 -0.025826
v 0.165679 0.312738 -0.084784
v 0.202434 0.482528 -0.131837
v 0.201899 0.339242 -0.129901
v 0.158760 0.478113 -0.087181
v 0.165679 0.312738 -0.084784
v 0.158760 0.478113 -0.087181
v 0.201899 0.339242 -0.129901
v 0.158760 0.478113 -0.087181
v 0.165679 0.312738 -0.084784
v 0.148952 0.458073 -0.025826
v 0.148952 0.458073 -0.025826
v 0.143502 0.315121 -0.027216
v 0.192635 0.452895 0.034044
v 0.264080 0.453374 0.000584
v 0.192635 0.452895 0.034044
v 0.209024 0.315750 0.044475
v 0.201899 0.339242 -0.129901
v 0.202434 0.482528 -0.131837
v 0.245330 0.319795 -0.100270
v 0.245330 0.319795 -0.100270
v 0.263096 0.469491 -0.080355
v 0.263946 0.292354 -0.022830
v 0.245330 0.319795 -0.100270
v 0.263946 0.292354 -0.022830
v 0.288497 0.201995 -0.049759
v 0.298924 0.391656 0.045683
v 0.264080 0.453374 0.000584
v 0.312686 0.441015 -0.034541
v 0.158760 0.478113 -0.087181
v 0.148952 0.458073 -0.025826
v 0.100579 0.448629 -0.134373
v 0.209024 0.315750 0.044475
v 0.166824 0.299035 0.029223
v 0.218190 0.230510 0.141225
v 0.123292 0.377272 0.090074
v 0.192635 0.452895 0.034044
v 0.217937 0.391027 0.139289
v 0.201899 0.339242 -0.129901
v 0.245330 0.319795 -0.100270
v 0.210325 0.250957 -0.170440
v 0.279322 0.429398 -0.148225
v 0.263096 0.469491 -0.080355
v 0.202672 0.462353 -0.186412
v 0.092180 0.413904 -0.037748
v 0.148952 0.458073 -0.025826
v 0.123292 0.377272 0.090074
v 0.202672 0.462353 -0.186412
v 0.202434 0.482528 -0.131837
v 0.100579 0.448629 -0.134373
v 0.165679 0.312738 -0.084784
v 0.201899 0.339242 -0.129901
v 0.210325 0.250957 -0.170440
v 0.263946 0.292354 -0.022830
v 0.209024 0.315750 0.044475
v 0.218190 0.230510 0.141225
v 0.166824 0.299035 0.029223
v 0.143502 0.315121 -0.027216
v 0.134084 0.219600 0.020322
v 0.331364 0.007266 0.099119
v 0.373987 0.006120 0.437465
v 0.127338 0.002795 0.150291
v 0.149168 0.167033 0.135643
v 0.111471 0.118880 0.498261
v 0.218190 0.230510 0.141225
v 0.286948 0.158089 0.089999
v 0.218190 0.230510 0.141225
v 0.350900 0.085156 0.423815
v 0.149168 0.167033 0.135643
v 0.134084 0.219600 0.020322
v 0.107332 0.026033 0.146993
v 0.248130 0.202582 -0.109800
v 0.288497 0.201995 -0.049759
v 0.333966 0.029785 -0.119534
v 0.331364 0.007266 0.099119
v 0.350895 0.031289 0.089898
v 0.373987 0.006120 0.437465
v 0.342431 0.030539 -0.014818
v 0.350895 0.031289 0.089898
v 0.323326 0.006555 -0.000316
v 0.333966 0.029785 -0.119534
v 0.342431 0.030539 -0.014818
v 0.315743 0.005835 -0.092885
v 0.154523 -0.003452 -0.104922
v 0.138102 0.019481 -0.134111
v 0.226181 0.036550 -0.210588
v 0.114579 -0.000302 0.020334
v 0.093532 0.022757 0.006442
v 0.154523 -0.003452 -0.104922
v 0.127338 0.002795 0.150291
v 0.107332 0.026033 0.146993
v 0.114579 -0.000302 0.020334
v 0.114579 -0.000302 0.020334
v 0.323326 0.006555 -0.000316
v 0.127338 0.002795 0.150291
v 0.154523 -0.003452 -0.104922
v 0.315743 0.005835 -0.092885
v 0.114579 -0.000302 0.020334
v 0.315743 0.005835 -0.092885
v 0.323326 0.006555 -0.000316
v 0.114579 -0.000302 0.020334
v 0.226181 0.036550 -0.210588
v 0.315743 0.005835 -0.092885
v 0.154523 -0.003452 -0.104922
v 0.323326 0.006555 -0.000316
v 0.331364 0.007266 0.099119
v 0.127338 0.002795 0.150291
v 0.127338 0.002795 0.150291
v 0.100534 0.006120 0.491080
v 0.107332 0.026033 0.146993
v 0.114579 -0.000302 0.020334
v 0.107332 0.026033 0.146993
v 0.093532 0.022757 0.006442
v 0.154523 -0.003452 -0.104922
v 0.093532 0.022757 0.006442
v 0.138102 0.019481 -0.134111
v 0.315743 0.005835 -0.092885
v 0.226181 0.036550 -0.210588
v 0.333966 0.029785 -0.119534
v 0.323326 0.006555 -0.000316
v 0.315743 0.005835 -0.092885
v 0.342431 0.030539 -0.014818
v 0.331364 0.007266 0.099119
v 0.323326 0.006555 -0.000316
v 0.350895 0.031289 0.089898
v 0.333966 0.029785 -0.119534
v 0.288497 0.201995 -0.049759
v 0.342431 0.030539 -0.014818
v 0.107332 0.026033 0.146993
v 0.134084 0.219600 0.020322
v 0.093532 0.022757 0.006442
v 0.138102 0.019481 -0.134111
v 0.093532 0.022757 0.006442
v 0.162365 0.197704 -0.062713
v 0.342431 0.030539 -0.014818
v 0.288497 0.201995 -0.049759
v 0.350895 0.031289 0.089898
v 0.286948 0.158089 0.089999
v 0.350895 0.031289 0.089898
v 0.288497 0.201995 -0.049759
v 0.134084 0.219600 0.020322
v 0.143502 0.315121 -0.027216
v 0.162365 0.197704 -0.062713
v 0.149168 0.167033 0.135643
v 0.166824 0.299035 0.029223
v 0.134084 0.219600 0.020322
v 0.134084 0.219600 0.020322
v 0.162365 0.197704 -0.062713
v 0.093532 0.022757 0.006442
v 0.286948 0.158089 0.089999
v 0.263946 0.292354 -0.022830
v 0.218190 0.230510 0.141225
v 0.162365 0.197704 -0.062713
v 0.165679 0.312738 -0.084784
v 0.210325 0.250957 -0.170440
v 0.162365 0.197704 -0.062713
v 0.210325 0.250957 -0.170440
v 0.138102 0.019481 -0.134111
v 0.138102 0.019481 -0.134111
v 0.210325 0.250957 -0.170440
v 0.226181 0.036550 -0.210588
v 0.333966 0.029785 -0.119534
v 0.210325 0.250957 -0.170440
v 0.248130 0.202582 -0.109800
v 0.248130 0.202582 -0.109800
v 0.210325 0.250957 -0.170440
v 0.245330 0.319795 -0.100270
v 0.226181 0.036550 -0.210588
v 0.210325 0.250957 -0.170440
v 0.333966 0.029785 -0.119534
v 0.149168 0.167033 0.135643
v 0.218190 0.230510 0.141225
v 0.166824 0.299035 0.029223
v 0.162365 0.197704 -0.062713
v 0.143502 0.315121 -0.027216
v 0.165679 0.312738 -0.084784
v 0.248130 0.202582 -0.109800
v 0.245330 0.319795 -0.100270
v 0.288497 0.201995 -0.049759
v 0.286948 0.158089 0.089999
v 0.288497 0.201995 -0.049759
v 0.263946 0.292354 -0.022830
v 0.202448 0.120276 0.560820
v 0.133719 0.135867 0.629483
v 0.207618 0.033048 0.627996
v 0.379211 0.033855 0.537373
v 0.396487 0.030684 0.451749
v 0.339613 0.104686 0.523597
v 0.350900 0.085156 0.423815
v 0.231186 0.119504 0.461039
v 0.339613 0.104686 0.523597
v 0.135477 0.047771 0.699839
v 0.133719 0.135867 0.629483
v 0.078735 0.029069 0.510323
v 0.078735 0.029069 0.510323
v 0.111471 0.118880 0.498261
v 0.107332 0.026033 0.146993
v 0.396487 0.030684 0.451749
v 0.350895 0.031289 0.089898
v 0.350900 0.085156 0.423815
v 0.202448 0.120276 0.560820
v 0.207618 0.033048 0.627996
v 0.339613 0.104686 0.523597
v 0.202652 0.009090 0.588936
v 0.207618 0.033048 0.627996
v 0.135477 0.047771 0.699839
v 0.360199 0.009762 0.505794
v 0.379211 0.033855 0.537373
v 0.202652 0.009090 0.588936
v 0.373987 0.006120 0.437465
v 0.396487 0.030684 0.451749
v 0.360199 0.009762 0.505794
v 0.078735 0.029069 0.510323
v 0.107332 0.026033 0.146993
v 0.100534 0.006120 0.491080
v 0.202652 0.009090 0.588936
v 0.100534 0.006120 0.491080
v 0.360199 0.009762 0.505794
v 0.360199 0.009762 0.505794
v 0.100534 0.006120 0.491080
v 0.373987 0.006120 0.437465
v 0.135477 0.047771 0.699839
v 0.100534 0.006120 0.491080
v 0.202652 0.009090 0.588936
v 0.100534 0.006120 0.491080
v 0.135477 0.047771 0.699839
v 0.078735 0.029069 0.510323
v 0.373987 0.006120 0.437465
v 0.350895 0.031289 0.089898
v 0.396487 0.030684 0.451749
v 0.360199 0.009762 0.505794
v 0.396487 0.030684 0.451749
v 0.379211 0.033855 0.537373
v 0.202652 0.009090 0.588936
v 0.379211 0.033855 0.537373
v 0.207618 0.033048 0.627996
v 0.379211 0.033855 0.537373
v 0.339613 0.104686 0.523597
v 0.207618 0.033048 0.627996
v 0.350900 0.085156 0.423815
v 0.350895 0.031289 0.089898
v 0.286948 0.158089 0.089999
v 0.111471 0.118880 0.498261
v 0.149168 0.167033 0.135643
v 0.107332 0.026033 0.146993
v 0.350900 0.085156 0.423815
v 0.218190 0.230510 0.141225
v 0.231186 0.119504 0.461039
v 0.133719 0.135867 0.629483
v 0.111471 0.118880 0.498261
v 0.078735 0.029069 0.510323
v 0.339613 0.104686 0.523597
v 0.231186 0.119504 0.461039
v 0.202448 0.120276 0.560820
v 0.339613 0.104686 0.523597
v 0.396487 0.030684 0.451749
v 0.350900 0.085156 0.423815
v 0.231186 0.119504 0.461039
v 0.218190 0.230510 0.141225
v 0.111471 0.118880 0.498261
v 0.133719 0.135867 0.629483
v 0.202448 0.120276 0.560820
v 0.111471 0.118880 0.498261
v 0.231186 0.119504 0.461039
v 0.111471 0.118880 0.498261
v 0.202448 0.120276 0.560820
v 0.373987 0.006120 0.437465
v 0.100534 0.006120 0.491080
v 0.127338 0.002795 0.150291
v 0.135477 0.047771 0.699839
v 0.207618 0.033048 0.627996
v 0.133719 0.135867 0.629483
v -0.255923 0.498454 0.079971
v -0.310682 0.508935 0.043703
v -0.253219 0.391026 0.139289
v -0.328502 0.522512 -0.027436
v -0.301530 0.532054 -0.093916
v -0.347967 0.441014 -0.034540
v -0.244131 0.534497 -0.119491
v -0.301530 0.532054 -0.093916
v -0.255428 0.721463 -0.111874
v -0.358083 0.719783 -0.007482
v -0.328502 0.522512 -0.027436
v -0.334521 0.709359 0.069869
v -0.170207 0.510579 -0.015834
v -0.189111 0.526551 -0.088109
v -0.166380 0.700552 0.004363
v -0.267539 0.698803 0.109873
v -0.255923 0.498454 0.079971
v -0.197811 0.694908 0.084378
v -0.301530 0.532054 -0.093916
v -0.328502 0.522512 -0.027436
v -0.324678 0.724543 -0.080809
v -0.334521 0.709359 0.069869
v -0.310682 0.508935 0.043703
v -0.267539 0.698803 0.109873
v -0.189111 0.526551 -0.088109
v -0.244131 0.534497 -0.119491
v -0.190427 0.711788 -0.078557
v -0.197811 0.694908 0.084378
v -0.198407 0.498405 0.055526
v -0.166380 0.700552 0.004363
v -0.189111 0.526551 -0.088109
v -0.170207 0.510579 -0.015834
v -0.135860 0.448628 -0.134373
v -0.166380 0.700552 0.004363
v -0.198407 0.498405 0.055526
v -0.170207 0.510579 -0.015834
v -0.255428 0.721463 -0.111874
v -0.190427 0.711788 -0.078557
v -0.244131 0.534497 -0.119491
v -0.267539 0.698803 0.109873
v -0.310682 0.508935 0.043703
v -0.255923 0.498454 0.079971
v -0.358083 0.719783 -0.007482
v -0.324678 0.724543 -0.080809
v -0.328502 0.522512 -0.027436
v -0.198407 0.498405 0.055526
v -0.197811 0.694908 0.084378
v -0.255923 0.498454 0.079971
v -0.189111 0.526551 -0.088109
v -0.190427 0.711788 -0.078557
v -0.166380 0.700552 0.004363
v -0.310682 0.508935 0.043703
v -0.334521 0.709359 0.069869
v -0.328502 0.522512 -0.027436
v -0.301530 0.532054 -0.093916
v -0.324678 0.724543 -0.080809
v -0.255428 0.721463 -0.111874
v -0.189111 0.526551 -0.088109
v -0.135860 0.448628 -0.134373
v -0.244131 0.534497 -0.119491
v -0.198407 0.498405 0.055526
v -0.158572 0.377271 0.090075
v -0.170207 0.510579 -0.015834
v -0.358083 0.719783 -0.007482
v -0.396672 0.839876 0.003594
v -0.324678 0.724543 -0.080809
v -0.166380 0.700552 0.004363
v -0.083767 0.734787 0.035856
v -0.197811 0.694908 0.084378
v -0.255428 0.721463 -0.111874
v -0.218051 0.811820 -0.233605
v -0.190427 0.711788 -0.078557
v -0.324678 0.724543 -0.080809
v -0.343061 0.823660 -0.118068
v -0.255428 0.721463 -0.111874
v -0.334521 0.709359 0.069869
v -0.267539 0.698803 0.109873
v -0.354562 0.832822 0.154509
v -0.190427 0.711788 -0.078557
v -0.218051 0.811820 -0.233605
v -0.140865 0.762904 -0.215136
v -0.197811 0.694908 0.084378
v -0.083767 0.734787 0.035856
v -0.121802 0.730075 0.218861
v -0.324678 0.724543 -0.080809
v -0.396672 0.839876 0.003594
v -0.343061 0.823660 -0.118068
v -0.127461 0.413904 -0.037747
v -0.170207 0.510579 -0.015834
v -0.158572 0.377271 0.090075
v -0.237953 0.462352 -0.186412
v -0.244131 0.534497 -0.119491
v -0.135860 0.448628 -0.134373
v -0.314603 0.429397 -0.148224
v -0.301530 0.532054 -0.093916
v -0.237953 0.462352 -0.186412
v -0.334206 0.391655 0.045683
v -0.310682 0.508935 0.043703
v -0.347967 0.441014 -0.034540
v -0.158572 0.377271 0.090075
v -0.198407 0.498405 0.055526
v -0.253219 0.391026 0.139289
v -0.127461 0.413904 -0.037747
v -0.135860 0.448628 -0.134373
v -0.170207 0.510579 -0.015834
v -0.253219 0.391026 0.139289
v -0.198407 0.498405 0.055526
v -0.255923 0.498454 0.079971
v -0.347967 0.441014 -0.034540
v -0.310682 0.508935 0.043703
v -0.328502 0.522512 -0.027436
v -0.237953 0.462352 -0.186412
v -0.301530 0.532054 -0.093916
v -0.244131 0.534497 -0.119491
v -0.314603 0.429397 -0.148224
v -0.347967 0.441014 -0.034540
v -0.301530 0.532054 -0.093916
v -0.334206 0.391655 0.045683
v -0.253219 0.391026 0.139289
v -0.310682 0.508935 0.043703
v -0.314603 0.429397 -0.148224
v -0.298378 0.469491 -0.080355
v -0.347967 0.441014 -0.034540
v -0.194042 0.478112 -0.087180
v -0.237715 0.482527 -0.131836
v -0.135860 0.448628 -0.134373
v -0.227917 0.452893 0.034045
v -0.184234 0.458072 -0.025825
v -0.158572 0.377271 0.090075
v -0.334206 0.391655 0.045683
v -0.299361 0.453372 0.000585
v -0.253219 0.391026 0.139289
v -0.237715 0.482527 -0.131836
v -0.298378 0.469491 -0.080355
v -0.237953 0.462352 -0.186412
v -0.299361 0.453372 0.000585
v -0.227917 0.452893 0.034045
v -0.253219 0.391026 0.139289
v -0.184234 0.458072 -0.025825
v -0.135860 0.448628 -0.134373
v -0.127461 0.413904 -0.037747
v -0.298378 0.469491 -0.080355
v -0.299361 0.453372 0.000585
v -0.347967 0.441014 -0.034540
v -0.299361 0.453372 0.000585
v -0.299228 0.292354 -0.022830
v -0.244305 0.315749 0.044476
v -0.299228 0.292354 -0.022830
v -0.299361 0.453372 0.000585
v -0.298378 0.469491 -0.080355
v -0.280612 0.319795 -0.100270
v -0.298378 0.469491 -0.080355
v -0.237715 0.482527 -0.131836
v -0.202106 0.299034 0.029222
v -0.227917 0.452893 0.034045
v -0.244305 0.315749 0.044476
v -0.227917 0.452893 0.034045
v -0.202106 0.299034 0.029222
v -0.178783 0.315121 -0.027215
v -0.178783 0.315121 -0.027215
v -0.205694 0.312737 -0.084784
v -0.184234 0.458072 -0.025825
v -0.237715 0.482527 -0.131836
v -0.194042 0.478112 -0.087180
v -0.237181 0.339242 -0.129901
v -0.205694 0.312737 -0.084784
v -0.237181 0.339242 -0.129901
v -0.194042 0.478112 -0.087180
v -0.194042 0.478112 -0.087180
v -0.184234 0.458072 -0.025825
v -0.205694 0.312737 -0.084784
v -0.184234 0.458072 -0.025825
v -0.227917 0.452893 0.034045
v -0.178783 0.315121 -0.027215
v -0.299361 0.453372 0.000585
v -0.244305 0.315749 0.044476
v -0.227917 0.452893 0.034045
v -0.237181 0.339242 -0.129901
v -0.280612 0.319795 -0.100270
v -0.237715 0.482527 -0.131836
v -0.280612 0.319795 -0.100270
v -0.299228 0.292354 -0.022830
v -0.298378 0.469491 -0.080355
v -0.280612 0.319795 -0.100270
v -0.323778 0.201994 -0.049759
v -0.299228 0.292354 -0.022830
v -0.334206 0.391655 0.045683
v -0.347967 0.441014 -0.034540
v -0.299361 0.453372 0.000585
v -0.194042 0.478112 -0.087180
v -0.135860 0.448628 -0.134373
v -0.184234 0.458072 -0.025825
v -0.244305 0.315749 0.044476
v -0.252938 0.230509 0.141287
v -0.202106 0.299034 0.029222
v -0.158572 0.377271 0.090075
v -0.253219 0.391026 0.139289
v -0.227917 0.452893 0.034045
v -0.237181 0.339242 -0.129901
v -0.245607 0.250955 -0.170439
v -0.280612 0.319795 -0.100270
v -0.314603 0.429397 -0.148224
v -0.237953 0.462352 -0.186412
v -0.298378 0.469491 -0.080355
v -0.127461 0.413904 -0.037747
v -0.158572 0.377271 0.090075
v -0.184234 0.458072 -0.025825
v -0.237953 0.462352 -0.186412
v -0.135860 0.448628 -0.134373
v -0.237715 0.482527 -0.131836
v -0.205694 0.312737 -0.084784
v -0.245607 0.250955 -0.170439
v -0.237181 0.339242 -0.129901
v -0.299228 0.292354 -0.022830
v -0.252938 0.230509 0.141287
v -0.244305 0.315749 0.044476
v -0.202106 0.299034 0.029222
v -0.169366 0.219599 0.020323
v -0.178783 0.315121 -0.027215
v -0.366645 0.007265 0.099119
v -0.162619 0.002794 0.150292
v -0.409269 0.006119 0.437466
v -0.184449 0.167032 0.135643
v -0.252938 0.230509 0.141287
v -0.146753 0.118879 0.498262
v -0.322229 0.158088 0.089999
v -0.386181 0.085154 0.423816
v -0.252938 0.230509 0.141287
v -0.184449 0.167032 0.135643
v -0.142613 0.026032 0.146993
v -0.169366 0.219599 0.020323
v -0.283411 0.202581 -0.109799
v -0.369246 0.029784 -0.119534
v -0.323778 0.201994 -0.049759
v -0.366645 0.007265 0.099119
v -0.409269 0.006119 0.437466
v -0.386176 0.031288 0.089898
v -0.377712 0.030538 -0.014818
v -0.358607 0.006554 -0.000315
v -0.386176 0.031288 0.089898
v -0.369246 0.029784 -0.119534
v -0.351024 0.005834 -0.092884
v -0.377712 0.030538 -0.014818
v -0.189804 -0.003453 -0.104921
v -0.261462 0.036549 -0.210587
v -0.173383 0.019480 -0.134111
v -0.149860 -0.000303 0.020335
v -0.189804 -0.003453 -0.104921
v -0.128813 0.022756 0.006442
v -0.162619 0.002794 0.150292
v -0.149860 -0.000303 0.020335
v -0.142613 0.026032 0.146993
v -0.149860 -0.000303 0.020335
v -0.162619 0.002794 0.150292
v -0.358607 0.006554 -0.000315
v -0.189804 -0.003453 -0.104921
v -0.149860 -0.000303 0.020335
v -0.351024 0.005834 -0.092884
v -0.351024 0.005834 -0.092884
v -0.149860 -0.000303 0.020335
v -0.358607 0.006554 -0.000315
v -0.261462 0.036549 -0.210587
v -0.189804 -0.003453 -0.104921
v -0.351024 0.005834 -0.092884
v -0.358607 0.006554 -0.000315
v -0.162619 0.002794 0.150292
v -0.366645 0.007265 0.099119
v -0.162619 0.002794 0.150292
v -0.142613 0.026032 0.146993
v -0.135815 0.006120 0.491081
v -0.149860 -0.000303 0.020335
v -0.128813 0.022756 0.006442
v -0.142613 0.026032 0.146993
v -0.189804 -0.003453 -0.104921
v -0.173383 0.019480 -0.134111
v -0.128813 0.022756 0.006442
v -0.351024 0.005834 -0.092884
v -0.369246 0.029784 -0.119534
v -0.261462 0.036549 -0.210587
v -0.358607 0.006554 -0.000315
v -0.377712 0.030538 -0.014818
v -0.351024 0.005834 -0.092884
v -0.366645 0.007265 0.099119
v -0.386176 0.031288 0.089898
v -0.358607 0.006554 -0.000315
v -0.369246 0.029784 -0.119534
v -0.377712 0.030538 -0.014818
v -0.323778 0.201994 -0.049759
v -0.142613 0.026032 0.146993
v -0.128813 0.022756 0.006442
v -0.169366 0.219599 0.020323
v -0.173383 0.019480 -0.134111
v -0.197646 0.197703 -0.062713
v -0.128813 0.022756 0.006442
v -0.377712 0.030538 -0.014818
v -0.386176 0.031288 0.089898
v -0.323778 0.201994 -0.049759
v -0.322229 0.158088 0.089999
v -0.323778 0.201994 -0.049759
v -0.386176 0.031288 0.089898
v -0.169366 0.219599 0.020323
v -0.197646 0.197703 -0.062713
v -0.178783 0.315121 -0.027215
v -0.184449 0.167032 0.135643
v -0.169366 0.219599 0.020323
v -0.202106 0.299034 0.029222
v -0.169366 0.219599 0.020323
v -0.128813 0.022756 0.006442
v -0.197646 0.197703 -0.062713
v -0.322229 0.158088 0.089999
v -0.252938 0.230509 0.141287
v -0.299228 0.292354 -0.022830
v -0.197646 0.197703 -0.062713
v -0.245607 0.250955 -0.170439
v -0.205694 0.312737 -0.084784
v -0.197646 0.197703 -0.062713
v -0.173383 0.019480 -0.134111
v -0.245607 0.250955 -0.170439
v -0.173383 0.019480 -0.134111
v -0.261462 0.036549 -0.210587
v -0.245607 0.250955 -0.170439
v -0.369246 0.029784 -0.119534
v -0.283411 0.202581 -0.109799
v -0.245607 0.250955 -0.170439
v -0.283411 0.202581 -0.109799
v -0.280612 0.319795 -0.100270
v -0.245607 0.250955 -0.170439
v -0.261462 0.036549 -0.210587
v -0.369246 0.029784 -0.119534
v -0.245607 0.250955 -0.170439
v -0.184449 0.167032 0.135643
v -0.202106 0.299034 0.029222
v -0.252938 0.230509 0.141287
v -0.197646 0.197703 -0.062713
v -0.205694 0.312737 -0.084784
v -0.178783 0.315121 -0.027215
v -0.283411 0.202581 -0.109799
v -0.323778 0.201994 -0.049759
v -0.280612 0.319795 -0.100270
v -0.322229 0.158088 0.089999
v -0.299228 0.292354 -0.022830
v -0.323778 0.201994 -0.049759
v -0.237729 0.120275 0.560821
v -0.242899 0.033047 0.627997
v -0.169001 0.135867 0.629484
v -0.414492 0.033854 0.537373
v -0.374894 0.104685 0.523597
v -0.431768 0.030683 0.451749
v -0.386181 0.085154 0.423816
v -0.374894 0.104685 0.523597
v -0.266467 0.119503 0.461039
v -0.170759 0.047771 0.699839
v -0.114017 0.029069 0.510323
v -0.169001 0.135867 0.629484
v -0.114017 0.029069 0.510323
v -0.142613 0.026032 0.146993
v -0.146753 0.118879 0.498262
v -0.431768 0.030683 0.451749
v -0.386181 0.085154 0.423816
v -0.386176 0.031288 0.089898
v -0.237729 0.120275 0.560821
v -0.374894 0.104685 0.523597
v -0.242899 0.033047 0.627997
v -0.237933 0.009089 0.588937
v -0.170759 0.047771 0.699839
v -0.242899 0.033047 0.627997
v -0.395480 0.009761 0.505794
v -0.237933 0.009089 0.588937
v -0.414492 0.033854 0.537373
v -0.409269 0.006119 0.437466
v -0.395480 0.009761 0.505794
v -0.431768 0.030683 0.451749
v -0.114017 0.029069 0.510323
v -0.135815 0.006120 0.491081
v -0.142613 0.026032 0.146993
v -0.237933 0.009089 0.588937
v -0.395480 0.009761 0.505794
v -0.135815 0.006120 0.491081
v -0.395480 0.009761 0.505794
v -0.409269 0.006119 0.437466
v -0.135815 0.006120 0.491081
v -0.170759 0.047771 0.699839
v -0.237933 0.009089 0.588937
v -0.135815 0.006120 0.491081
v -0.135815 0.006120 0.491081
v -0.114017 0.029069 0.510323
v -0.170759 0.047771 0.699839
v -0.409269 0.006119 0.437466
v -0.431768 0.030683 0.451749
v -0.386176 0.031288 0.089898
v -0.395480 0.009761 0.505794
v -0.414492 0.033854 0.537373
v -0.431768 0.030683 0.451749
v -0.237933 0.009089 0.588937
v -0.242899 0.033047 0.627997
v -0.414492 0.033854 0.537373
v -0.414492 0.033854 0.537373
v -0.242899 0.033047 0.627997
v -0.374894 0.104685 0.523597
v -0.386181 0.085154 0.423816
v -0.322229 0.158088 0.089999
v -0.386176 0.031288 0.089898
v -0.146753 0.118879 0.498262
v -0.142613 0.026032 0.146993
v -0.184449 0.167032 0.135643
v -0.386181 0.085154 0.423816
v -0.266467 0.119503 0.461039
v -0.252938 0.230509 0.141287
v -0.169001 0.135867 0.629484
v -0.114017 0.029069 0.510323
v -0.146753 0.118879 0.498262
v -0.374894 0.104685 0.523597
v -0.237729 0.120275 0.560821
v -0.266467 0.119503 0.461039
v -0.374894 0.104685 0.523597
v -0.386181 0.085154 0.423816
v -0.431768 0.030683 0.451749
v -0.266467 0.119503 0.461039
v -0.146753 0.118879 0.498262
v -0.252938 0.230509 0.141287
v -0.169001 0.135867 0.629484
v -0.146753 0.118879 0.498262
v -0.237729 0.120275 0.560821
v -0.266467 0.119503 0.461039
v -0.237729 0.120275 0.560821
v -0.146753 0.118879 0.498262
v -0.409269 0.006119 0.437466
v -0.162619 0.002794 0.150292
v -0.135815 0.006120 0.491081
v -0.170759 0.047771 0.699839
v -0.169001 0.135867 0.629484
v -0.242899 0.033047 0.627997
vt 0.287597 0.771843
vt 0.282396 0.831638
vt 0.232680 0.839113
vt 0.272675 0.154023
vt 0.273002 0.121229
vt 0.303399 0.153834
vt 0.026575 0.645371
vt 0.028499 0.618843
vt 0.050866 0.644077
vt 0.293872 0.269276
vt 0.279428 0.328960
vt 0.259024 0.261772
vt 0.863482 0.948768
vt 0.837427 0.959220
vt 0.863774 0.951585
vt 0.219039 0.150148
vt 0.163548 0.145110
vt 0.219551 0.109714
vt 0.859959 0.848401
vt 0.863271 0.913436
vt 0.786419 0.846208
vt 0.108836 0.109714
vt 0.108039 0.150148
vt 0.058040 0.116493
vt 0.165245 0.255363
vt 0.161690 0.320652
vt 0.118676 0.256198
vt 0.259024 0.261772
vt 0.249869 0.323439
vt 0.216887 0.256198
vt 0.170808 0.780585
vt 0.170455 0.849702
vt 0.124629 0.771848
vt 0.300943 0.220714
vt 0.279479 0.199763
vt 0.319978 0.228365
vt 0.222345 0.197809
vt 0.279479 0.199763
vt 0.233465 0.218359
vt 0.165746 0.194787
vt 0.222345 0.197809
vt 0.165711 0.214715
vt 0.097992 0.218359
vt 0.109179 0.197809
vt 0.165711 0.214715
vt 0.028546 0.223083
vt 0.048821 0.198184
vt 0.097992 0.218359
vt 0.028385 0.201374
vt 0.048821 0.198184
vt 0.008182 0.227576
vt 0.271153 0.712282
vt 0.298449 0.709856
vt 0.291273 0.734365
vt 0.241210 0.737901
vt 0.228591 0.715215
vt 0.291273 0.734365
vt 0.167208 0.719041
vt 0.228591 0.715215
vt 0.167242 0.742514
vt 0.093275 0.737901
vt 0.105821 0.715215
vt 0.167242 0.742514
vt 0.063237 0.712282
vt 0.105821 0.715215
vt 0.043202 0.734365
vt 0.011821 0.731440
vt 0.035952 0.709856
vt 0.043202 0.734365
vt 0.287124 0.210712
vt 0.270668 0.207800
vt 0.308871 0.236821
vt 0.070023 0.715565
vt 0.044921 0.714319
vt 0.051390 0.741143
vt 0.106037 0.716547
vt 0.070023 0.715565
vt 0.093614 0.742327
vt 0.166833 0.749983
vt 0.166868 0.722897
vt 0.093614 0.742327
vt 0.227688 0.716547
vt 0.166868 0.722897
vt 0.240048 0.742327
vt 0.282259 0.741143
vt 0.263675 0.715565
vt 0.240048 0.742327
vt 0.310653 0.739642
vt 0.288766 0.714319
vt 0.282259 0.741143
vt 0.038784 0.232522
vt 0.061548 0.207800
vt 0.020141 0.236032
vt 0.109822 0.202150
vt 0.061548 0.207800
vt 0.098831 0.226499
vt 0.166083 0.201304
vt 0.109822 0.202150
vt 0.166118 0.225480
vt 0.233427 0.226499
vt 0.222377 0.202150
vt 0.166118 0.225480
vt 0.290245 0.233311
vt 0.270668 0.207800
vt 0.233427 0.226499
vt 0.165711 0.214715
vt 0.233465 0.218359
vt 0.166118 0.225480
vt 0.290245 0.233311
vt 0.300943 0.220714
vt 0.308871 0.236821
vt 0.043202 0.734365
vt 0.093275 0.737901
vt 0.051390 0.741143
vt 0.093614 0.742327
vt 0.093275 0.737901
vt 0.166833 0.749983
vt 0.011821 0.731440
vt 0.043202 0.734365
vt 0.023012 0.739642
vt 0.233427 0.226499
vt 0.233465 0.218359
vt 0.290245 0.233311
vt 0.028546 0.223083
vt 0.097992 0.218359
vt 0.038784 0.232522
vt 0.098831 0.226499
vt 0.097992 0.218359
vt 0.166118 0.225480
vt 0.282259 0.741143
vt 0.291273 0.734365
vt 0.310653 0.739642
vt 0.008182 0.227576
vt 0.028546 0.223083
vt 0.020141 0.236032
vt 0.240048 0.742327
vt 0.241210 0.737901
vt 0.282259 0.741143
vt 0.291273 0.734365
vt 0.282259 0.741143
vt 0.241210 0.737901
vt 0.038784 0.232522
vt 0.020141 0.236032
vt 0.028546 0.223083
vt 0.322702 0.731440
vt 0.310653 0.739642
vt 0.291273 0.734365
vt 0.165711 0.214715
vt 0.166118 0.225480
vt 0.097992 0.218359
vt 0.098831 0.226499
vt 0.038784 0.232522
vt 0.097992 0.218359
vt 0.300943 0.220714
vt 0.290245 0.233311
vt 0.233465 0.218359
vt 0.051390 0.741143
vt 0.023012 0.739642
vt 0.043202 0.734365
vt 0.167242 0.742514
vt 0.166833 0.749983
vt 0.093275 0.737901
vt 0.093614 0.742327
vt 0.051390 0.741143
vt 0.093275 0.737901
vt 0.319978 0.228365
vt 0.308871 0.236821
vt 0.300943 0.220714
vt 0.166118 0.225480
vt 0.233465 0.218359
vt 0.233427 0.226499
vt 0.233427 0.226499
vt 0.270668 0.207800
vt 0.222377 0.202150
vt 0.166118 0.225480
vt 0.222377 0.202150
vt 0.166083 0.201304
vt 0.098831 0.226499
vt 0.166118 0.225480
vt 0.109822 0.202150
vt 0.038784 0.232522
vt 0.098831 0.226499
vt 0.061548 0.207800
vt 0.020141 0.236032
vt 0.061548 0.207800
vt 0.042511 0.212291
vt 0.282259 0.741143
vt 0.288766 0.714319
vt 0.263675 0.715565
vt 0.240048 0.742327
vt 0.263675 0.715565
vt 0.227688 0.716547
vt 0.166833 0.749983
vt 0.240048 0.742327
vt 0.166868 0.722897
vt 0.093614 0.742327
vt 0.166868 0.722897
vt 0.106037 0.716547
vt 0.051390 0.741143
vt 0.093614 0.742327
vt 0.070023 0.715565
vt 0.023012 0.739642
vt 0.051390 0.741143
vt 0.044921 0.714319
vt 0.290245 0.233311
vt 0.308871 0.236821
vt 0.270668 0.207800
vt 0.043202 0.734365
vt 0.035952 0.709856
vt 0.063237 0.712282
vt 0.093275 0.737901
vt 0.043202 0.734365
vt 0.105821 0.715215
vt 0.167242 0.742514
vt 0.105821 0.715215
vt 0.167208 0.719041
vt 0.241210 0.737901
vt 0.167242 0.742514
vt 0.228591 0.715215
vt 0.291273 0.734365
vt 0.228591 0.715215
vt 0.271153 0.712282
vt 0.322702 0.731440
vt 0.291273 0.734365
vt 0.298449 0.709856
vt 0.028546 0.223083
vt 0.008182 0.227576
vt 0.048821 0.198184
vt 0.097992 0.218359
vt 0.048821 0.198184
vt 0.109179 0.197809
vt 0.165711 0.214715
vt 0.109179 0.197809
vt 0.165746 0.194787
vt 0.233465 0.218359
vt 0.165711 0.214715
vt 0.222345 0.197809
vt 0.300943 0.220714
vt 0.233465 0.218359
vt 0.279479 0.199763
vt 0.319978 0.228365
vt 0.279479 0.199763
vt 0.296027 0.206110
vt 0.108039 0.150148
vt 0.053729 0.151655
vt 0.058040 0.116493
vt 0.791856 0.912584
vt 0.786419 0.846208
vt 0.863271 0.913436
vt 0.219551 0.109714
vt 0.163548 0.145110
vt 0.164189 0.097275
vt 0.837723 0.961814
vt 0.863774 0.951585
vt 0.837427 0.959220
vt 0.259024 0.261772
vt 0.279428 0.328960
vt 0.249869 0.323439
vt 0.046317 0.611221
vt 0.050866 0.644077
vt 0.028499 0.618843
vt 0.301490 0.118016
vt 0.303399 0.153834
vt 0.273002 0.121229
vt 0.242824 0.770847
vt 0.287597 0.771843
vt 0.232680 0.839113
vt 0.053729 0.151655
vt 0.024197 0.149887
vt 0.058040 0.116493
vt 0.305112 0.618843
vt 0.306457 0.652270
vt 0.282168 0.650975
vt 0.167208 0.719399
vt 0.105821 0.715215
vt 0.167222 0.649607
vt 0.282168 0.650975
vt 0.271153 0.712282
vt 0.228160 0.646135
vt 0.287300 0.611221
vt 0.282168 0.650975
vt 0.236323 0.606692
vt 0.035952 0.709856
vt 0.026575 0.645371
vt 0.063237 0.712282
vt 0.306457 0.652270
vt 0.298449 0.709856
vt 0.271153 0.712282
vt 0.048821 0.198184
vt 0.028385 0.201374
vt 0.053729 0.151655
vt 0.163548 0.145110
vt 0.165746 0.194787
vt 0.108039 0.150148
vt 0.108039 0.150148
vt 0.108836 0.109714
vt 0.163548 0.145110
vt 0.272675 0.154023
vt 0.222345 0.197809
vt 0.219039 0.150148
vt 0.219039 0.150148
vt 0.219551 0.109714
vt 0.273002 0.121229
vt 0.303399 0.153834
vt 0.296027 0.206110
vt 0.272675 0.154023
vt 0.167208 0.719399
vt 0.167208 0.719041
vt 0.105821 0.715215
vt 0.106283 0.646135
vt 0.105821 0.715215
vt 0.063237 0.712282
vt 0.170808 0.780585
vt 0.216932 0.771848
vt 0.170455 0.849702
vt 0.791619 0.909715
vt 0.837427 0.959220
vt 0.863041 0.910316
vt 0.097316 0.606692
vt 0.106283 0.646135
vt 0.050866 0.644077
vt 0.166827 0.596364
vt 0.106283 0.646135
vt 0.097316 0.606692
vt 0.166827 0.596364
vt 0.228160 0.646135
vt 0.167222 0.648371
vt 0.165245 0.255363
vt 0.216887 0.256198
vt 0.161690 0.320652
vt 0.163548 0.145110
vt 0.219039 0.150148
vt 0.165746 0.194787
vt 0.053729 0.151655
vt 0.109179 0.197809
vt 0.048821 0.198184
vt 0.076554 0.261772
vt 0.118676 0.256198
vt 0.090792 0.323439
vt 0.167208 0.719399
vt 0.228591 0.715215
vt 0.167208 0.719041
vt 0.859959 0.848401
vt 0.861095 0.848447
vt 0.863041 0.910316
vt 0.863271 0.913436
vt 0.837723 0.961814
vt 0.791856 0.912584
vt 0.863482 0.948768
vt 0.863271 0.913436
vt 0.863041 0.910316
vt 0.808752 0.952258
vt 0.791856 0.912584
vt 0.837723 0.961814
vt 0.808452 0.949557
vt 0.791619 0.909715
vt 0.791856 0.912584
vt 0.863482 0.948768
vt 0.863041 0.910316
vt 0.837427 0.959220
vt 0.863774 0.951585
vt 0.837723 0.961814
vt 0.863271 0.913436
vt 0.808452 0.949557
vt 0.837427 0.959220
vt 0.791619 0.909715
vt 0.837723 0.961814
vt 0.837427 0.959220
vt 0.808752 0.952258
vt 0.240048 0.742327
vt 0.166833 0.749983
vt 0.241210 0.737901
vt 0.167222 0.649607
vt 0.106283 0.646135
vt 0.167222 0.648371
vt 0.273002 0.121229
vt 0.268808 0.068850
vt 0.301490 0.118016
vt 0.236323 0.606692
vt 0.228160 0.646135
vt 0.166827 0.596364
vt 0.167222 0.648371
vt 0.106283 0.646135
vt 0.166827 0.596364
vt 0.046317 0.611221
vt 0.097316 0.606692
vt 0.050866 0.644077
vt 0.050866 0.644077
vt 0.106283 0.646135
vt 0.063237 0.712282
vt 0.166827 0.536280
vt 0.166827 0.534524
vt 0.142513 0.536280
vt 0.208114 0.046325
vt 0.164189 0.052290
vt 0.188322 0.035901
vt 0.097316 0.606692
vt 0.046317 0.611221
vt 0.090314 0.569250
vt 0.090314 0.569250
vt 0.047948 0.572823
vt 0.078338 0.522867
vt 0.279479 0.199763
vt 0.272675 0.154023
vt 0.296027 0.206110
vt 0.272675 0.154023
vt 0.219039 0.150148
vt 0.273002 0.121229
vt 0.279479 0.199763
vt 0.222345 0.197809
vt 0.272675 0.154023
vt 0.164189 0.097275
vt 0.163548 0.145110
vt 0.108836 0.109714
vt 0.109179 0.197809
vt 0.108039 0.150148
vt 0.165746 0.194787
vt 0.024197 0.149887
vt 0.053729 0.151655
vt 0.028385 0.201374
vt 0.282168 0.650975
vt 0.306457 0.652270
vt 0.271153 0.712282
vt 0.050866 0.644077
vt 0.063237 0.712282
vt 0.026575 0.645371
vt 0.228160 0.646135
vt 0.236323 0.606692
vt 0.282168 0.650975
vt 0.228591 0.715215
vt 0.228160 0.646135
vt 0.271153 0.712282
vt 0.106283 0.646135
vt 0.167222 0.649607
vt 0.105821 0.715215
vt 0.287300 0.611221
vt 0.305112 0.618843
vt 0.282168 0.650975
vt 0.025641 0.114069
vt 0.058040 0.116493
vt 0.024197 0.149887
vt 0.234868 0.064460
vt 0.268808 0.068850
vt 0.219551 0.109714
vt 0.129231 0.534524
vt 0.166827 0.596364
vt 0.090314 0.569250
vt 0.046317 0.611221
vt 0.028499 0.618843
vt 0.047948 0.572823
vt 0.208114 0.046325
vt 0.188322 0.035901
vt 0.225292 0.027375
vt 0.047948 0.572823
vt 0.033243 0.575453
vt 0.054947 0.526802
vt 0.129231 0.534524
vt 0.090314 0.569250
vt 0.102688 0.521415
vt 0.208114 0.046325
vt 0.234868 0.064460
vt 0.164189 0.097275
vt 0.090314 0.569250
vt 0.078338 0.522867
vt 0.102688 0.521415
vt 0.033243 0.575453
vt 0.046719 0.530687
vt 0.054947 0.526802
vt 0.234868 0.064460
vt 0.247823 0.030962
vt 0.268808 0.068850
vt 0.188322 0.035901
vt 0.216958 0.023210
vt 0.225292 0.027375
vt 0.166827 0.534524
vt 0.166827 0.596364
vt 0.129231 0.534524
vt 0.047948 0.572823
vt 0.028499 0.618843
vt 0.033243 0.575453
vt 0.166827 0.596364
vt 0.097316 0.606692
vt 0.090314 0.569250
vt 0.208114 0.046325
vt 0.164189 0.097275
vt 0.164189 0.052290
vt 0.273002 0.121229
vt 0.219551 0.109714
vt 0.268808 0.068850
vt 0.047948 0.572823
vt 0.090314 0.569250
vt 0.046317 0.611221
vt 0.164189 0.097275
vt 0.234868 0.064460
vt 0.219551 0.109714
vt 0.188322 0.035901
vt 0.164189 0.052290
vt 0.164189 0.035901
vt 0.129231 0.534524
vt 0.142513 0.536280
vt 0.166827 0.534524
vt 0.296780 0.074861
vt 0.301490 0.118016
vt 0.268808 0.068850
vt 0.167242 0.742514
vt 0.241210 0.737901
vt 0.166833 0.749983
vt 0.808452 0.949557
vt 0.808752 0.952258
vt 0.837427 0.959220
vt 0.808752 0.952258
vt 0.808452 0.949557
vt 0.791856 0.912584
vt 0.863774 0.951585
vt 0.863271 0.913436
vt 0.863482 0.948768
vt 0.863271 0.913436
vt 0.859959 0.848401
vt 0.863041 0.910316
vt 0.791856 0.912584
vt 0.791619 0.909715
vt 0.786419 0.846208
vt 0.287300 0.611221
vt 0.284798 0.572823
vt 0.305112 0.618843
vt 0.108039 0.150148
vt 0.109179 0.197809
vt 0.053729 0.151655
vt 0.222345 0.197809
vt 0.165746 0.194787
vt 0.219039 0.150148
vt 0.164189 0.035901
vt 0.164189 0.052290
vt 0.140896 0.035901
vt 0.203577 0.534524
vt 0.166827 0.534524
vt 0.190294 0.536280
vt 0.094368 0.064460
vt 0.108836 0.109714
vt 0.060447 0.068850
vt 0.094368 0.064460
vt 0.060447 0.068850
vt 0.082797 0.031014
vt 0.236323 0.606692
vt 0.166827 0.596364
vt 0.242456 0.569250
vt 0.284798 0.572823
vt 0.287300 0.611221
vt 0.242456 0.569250
vt 0.058040 0.116493
vt 0.025641 0.114069
vt 0.060447 0.068850
vt 0.121104 0.046325
vt 0.094368 0.064460
vt 0.105473 0.027400
vt 0.060447 0.068850
vt 0.029263 0.074072
vt 0.067429 0.032170
vt 0.203577 0.534524
vt 0.190294 0.536280
vt 0.228592 0.521417
vt 0.108836 0.109714
vt 0.094368 0.064460
vt 0.164189 0.097275
vt 0.190294 0.536280
vt 0.217525 0.523525
vt 0.228592 0.521417
vt 0.242456 0.569250
vt 0.253074 0.522874
vt 0.284798 0.572823
vt 0.029263 0.074072
vt 0.047092 0.030392
vt 0.067429 0.032170
vt 0.094368 0.064460
vt 0.082797 0.031014
vt 0.105473 0.027400
vt 0.060447 0.068850
vt 0.025641 0.114069
vt 0.029263 0.074072
vt 0.121104 0.046325
vt 0.164189 0.097275
vt 0.094368 0.064460
vt 0.166827 0.596364
vt 0.166827 0.534524
vt 0.203577 0.534524
vt 0.287300 0.611221
vt 0.236323 0.606692
vt 0.242456 0.569250
vt 0.203577 0.534524
vt 0.242456 0.569250
vt 0.166827 0.596364
vt 0.058040 0.116493
vt 0.060447 0.068850
vt 0.108836 0.109714
vt 0.166827 0.534524
vt 0.166827 0.536280
vt 0.190294 0.536280
vt 0.140896 0.035901
vt 0.164189 0.052290
vt 0.121104 0.046325
vt 0.299514 0.575453
vt 0.305112 0.618843
vt 0.284798 0.572823
vt 0.121104 0.046325
vt 0.164189 0.052290
vt 0.164189 0.097275
vt 0.749555 0.690892
vt 0.770813 0.708015
vt 0.747643 0.715880
vt 0.805661 0.713126
vt 0.827735 0.734757
vt 0.802445 0.756614
vt 0.770813 0.708015
vt 0.805661 0.713126
vt 0.776376 0.740611
vt 0.749555 0.690892
vt 0.731482 0.670533
vt 0.747643 0.715880
vt 0.229485 0.902744
vt 0.170455 0.908037
vt 0.170455 0.849702
vt 0.749555 0.690892
vt 0.747643 0.715880
vt 0.731482 0.670533
vt 0.731482 0.670533
vt 0.732827 0.713842
vt 0.747643 0.715880
vt 0.770815 0.708053
vt 0.776377 0.740635
vt 0.805666 0.713217
vt 0.805661 0.713126
vt 0.802445 0.756614
vt 0.776376 0.740611
vt 0.111424 0.902743
vt 0.170455 0.849702
vt 0.170455 0.908037
vt 0.108306 0.839113
vt 0.170455 0.849702
vt 0.111424 0.902743
vt 0.161690 0.320652
vt 0.161690 0.383803
vt 0.111417 0.322450
vt 0.164964 0.467453
vt 0.161690 0.383803
vt 0.205741 0.401538
vt 0.232680 0.839113
vt 0.229485 0.902744
vt 0.170455 0.849702
vt 0.205741 0.401538
vt 0.161690 0.383803
vt 0.217866 0.322450
vt 0.170455 0.908037
vt 0.256167 0.960498
vt 0.169838 0.964452
vt 0.117639 0.401409
vt 0.111417 0.322450
vt 0.161690 0.383803
vt 0.805661 0.713126
vt 0.770813 0.708015
vt 0.830766 0.689203
vt 0.229485 0.902744
vt 0.232680 0.839113
vt 0.282479 0.913233
vt 0.229485 0.902744
vt 0.282479 0.913233
vt 0.287402 0.928825
vt 0.111417 0.322450
vt 0.117639 0.401409
vt 0.065861 0.430811
vt 0.090792 0.323439
vt 0.065861 0.430811
vt 0.063083 0.404909
vt 0.229485 0.902744
vt 0.287402 0.928825
vt 0.256167 0.960498
vt 0.090792 0.323439
vt 0.052875 0.401912
vt 0.055563 0.328960
vt 0.164964 0.467453
vt 0.065861 0.430811
vt 0.117639 0.401409
vt 0.111417 0.322450
vt 0.090792 0.323439
vt 0.118676 0.256198
vt 0.217866 0.322450
vt 0.161690 0.320652
vt 0.216887 0.256198
vt 0.232680 0.839113
vt 0.170455 0.849702
vt 0.216932 0.771848
vt 0.108306 0.839113
vt 0.058496 0.831638
vt 0.053968 0.771843
vt 0.090792 0.323439
vt 0.055563 0.328960
vt 0.076554 0.261772
vt 0.108306 0.839113
vt 0.124629 0.771848
vt 0.170455 0.849702
vt 0.232680 0.839113
vt 0.216932 0.771848
vt 0.242824 0.770847
vt 0.055563 0.328960
vt 0.040447 0.269276
vt 0.076554 0.261772
vt 0.108306 0.839113
vt 0.053968 0.771843
vt 0.098716 0.770847
vt 0.217866 0.322450
vt 0.216887 0.256198
vt 0.249869 0.323439
vt 0.111417 0.322450
vt 0.118676 0.256198
vt 0.161690 0.320652
vt 0.108306 0.839113
vt 0.098716 0.770847
vt 0.124629 0.771848
vt 0.823980 0.636474
vt 0.843253 0.592457
vt 0.827129 0.641195
vt 0.778079 0.649776
vt 0.823980 0.636474
vt 0.775714 0.657603
vt 0.741465 0.634044
vt 0.778079 0.649776
vt 0.728711 0.636333
vt 0.707570 0.592781
vt 0.721251 0.594078
vt 0.728711 0.636333
vt 0.744838 0.549250
vt 0.721251 0.594078
vt 0.733044 0.544366
vt 0.781582 0.524313
vt 0.789781 0.530681
vt 0.733044 0.544366
vt 0.814362 0.556834
vt 0.789781 0.530681
vt 0.824750 0.544366
vt 0.850686 0.592781
vt 0.843253 0.592457
vt 0.824750 0.544366
vt 0.814362 0.556834
vt 0.843253 0.592457
vt 0.744838 0.549250
vt 0.721251 0.594078
vt 0.744838 0.549250
vt 0.823980 0.636474
vt 0.741465 0.634044
vt 0.721251 0.594078
vt 0.823980 0.636474
vt 0.789781 0.530681
vt 0.814362 0.556834
vt 0.744838 0.549250
vt 0.843253 0.592457
vt 0.823980 0.636474
vt 0.744838 0.549250
vt 0.728711 0.636333
vt 0.775714 0.657603
vt 0.707570 0.592781
vt 0.775714 0.657603
vt 0.827129 0.641195
vt 0.707570 0.592781
vt 0.781582 0.524313
vt 0.827129 0.641195
vt 0.824750 0.544366
vt 0.733044 0.544366
vt 0.827129 0.641195
vt 0.781582 0.524313
vt 0.707570 0.592781
vt 0.827129 0.641195
vt 0.733044 0.544366
vt 0.835663 0.621948
vt 0.844359 0.593164
vt 0.841270 0.624581
vt 0.816089 0.649142
vt 0.812298 0.642730
vt 0.841270 0.624581
vt 0.780519 0.656220
vt 0.781018 0.651211
vt 0.816089 0.649142
vt 0.749738 0.644163
vt 0.781018 0.651211
vt 0.746511 0.650097
vt 0.724030 0.621948
vt 0.749738 0.644163
vt 0.717425 0.627448
vt 0.706647 0.591508
vt 0.712601 0.590774
vt 0.717425 0.627448
vt 0.714302 0.556045
vt 0.719345 0.560078
vt 0.706647 0.591508
vt 0.743881 0.538341
vt 0.719345 0.560078
vt 0.739483 0.531484
vt 0.779738 0.522017
vt 0.779456 0.529860
vt 0.739483 0.531484
vt 0.811907 0.538341
vt 0.779456 0.529860
vt 0.814136 0.531007
vt 0.839708 0.555567
vt 0.835663 0.561512
vt 0.814136 0.531007
vt 0.844359 0.593164
vt 0.835663 0.561512
vt 0.848925 0.589118
vt 0.824700 0.591178
vt 0.818856 0.612539
vt 0.818811 0.569843
vt 0.758985 0.628198
vt 0.742949 0.612542
vt 0.780908 0.633929
vt 0.735929 0.593086
vt 0.742992 0.569832
vt 0.780908 0.633929
vt 0.742992 0.569832
vt 0.780906 0.548527
vt 0.780908 0.633929
vt 0.759027 0.554230
vt 0.780906 0.548527
vt 0.742992 0.569832
vt 0.742949 0.612542
vt 0.735929 0.593086
vt 0.780908 0.633929
vt 0.802782 0.554239
vt 0.818811 0.569843
vt 0.780906 0.548527
vt 0.780906 0.548527
vt 0.818811 0.569843
vt 0.780908 0.633929
vt 0.780908 0.633929
vt 0.818811 0.569843
vt 0.802827 0.628194
vt 0.814136 0.531007
vt 0.780519 0.656220
vt 0.839708 0.555567
vt 0.746511 0.650097
vt 0.780519 0.656220
vt 0.717425 0.627448
vt 0.779738 0.522017
vt 0.780519 0.656220
vt 0.814136 0.531007
vt 0.717425 0.627448
vt 0.780519 0.656220
vt 0.706647 0.591508
vt 0.706647 0.591508
vt 0.780519 0.656220
vt 0.714302 0.556045
vt 0.714302 0.556045
vt 0.780519 0.656220
vt 0.739483 0.531484
vt 0.739483 0.531484
vt 0.780519 0.656220
vt 0.779738 0.522017
vt 0.816089 0.649142
vt 0.841270 0.624581
vt 0.780519 0.656220
vt 0.780519 0.656220
vt 0.841270 0.624581
vt 0.839708 0.555567
vt 0.824700 0.591178
vt 0.844359 0.593164
vt 0.818856 0.612539
vt 0.818811 0.569843
vt 0.835663 0.561512
vt 0.824700 0.591178
vt 0.802782 0.554239
vt 0.811907 0.538341
vt 0.818811 0.569843
vt 0.780906 0.548527
vt 0.779456 0.529860
vt 0.802782 0.554239
vt 0.743881 0.538341
vt 0.779456 0.529860
vt 0.759027 0.554230
vt 0.719345 0.560078
vt 0.743881 0.538341
vt 0.742992 0.569832
vt 0.712601 0.590774
vt 0.719345 0.560078
vt 0.735929 0.593086
vt 0.724030 0.621948
vt 0.712601 0.590774
vt 0.742949 0.612542
vt 0.749738 0.644163
vt 0.724030 0.621948
vt 0.758985 0.628198
vt 0.781018 0.651211
vt 0.749738 0.644163
vt 0.780908 0.633929
vt 0.802827 0.628194
vt 0.812298 0.642730
vt 0.780908 0.633929
vt 0.818856 0.612539
vt 0.835663 0.621948
vt 0.802827 0.628194
vt 0.728334 0.636333
vt 0.741426 0.632995
vt 0.706652 0.592781
vt 0.776372 0.657603
vt 0.778613 0.649188
vt 0.728334 0.636333
vt 0.823989 0.636461
vt 0.778613 0.649188
vt 0.828709 0.641195
vt 0.844252 0.592450
vt 0.823989 0.636461
vt 0.852536 0.592781
vt 0.826059 0.544367
vt 0.814971 0.557238
vt 0.852536 0.592781
vt 0.789808 0.531256
vt 0.814971 0.557238
vt 0.781857 0.524313
vt 0.744431 0.549654
vt 0.789808 0.531256
vt 0.732397 0.544366
vt 0.706652 0.592781
vt 0.720812 0.594071
vt 0.732397 0.544366
vt 0.720812 0.594071
vt 0.741426 0.632995
vt 0.823989 0.636461
vt 0.744431 0.549654
vt 0.720812 0.594071
vt 0.823989 0.636461
vt 0.789808 0.531256
vt 0.744431 0.549654
vt 0.814971 0.557238
vt 0.844252 0.592450
vt 0.744431 0.549654
vt 0.823989 0.636461
vt 0.814971 0.557238
vt 0.744431 0.549654
vt 0.844252 0.592450
vt 0.776372 0.657603
vt 0.728334 0.636333
vt 0.828709 0.641195
vt 0.781857 0.524313
vt 0.728334 0.636333
vt 0.732397 0.544366
vt 0.826059 0.544367
vt 0.728334 0.636333
vt 0.781857 0.524313
vt 0.828709 0.641195
vt 0.728334 0.636333
vt 0.852536 0.592781
vt 0.852536 0.592781
vt 0.728334 0.636333
vt 0.826059 0.544367
vt 0.732397 0.544366
vt 0.728334 0.636333
vt 0.706652 0.592781
vt 0.778613 0.649188
vt 0.823989 0.636461
vt 0.741426 0.632995
vt 0.732397 0.544366
vt 0.720812 0.594071
vt 0.744431 0.549654
vt 0.781857 0.524313
vt 0.732397 0.544366
vt 0.789808 0.531256
vt 0.826059 0.544367
vt 0.781857 0.524313
vt 0.814971 0.557238
vt 0.852536 0.592781
vt 0.814971 0.557238
vt 0.844252 0.592450
vt 0.828709 0.641195
vt 0.852536 0.592781
vt 0.823989 0.636461
vt 0.776372 0.657603
vt 0.828709 0.641195
vt 0.778613 0.649188
vt 0.728334 0.636333
vt 0.778613 0.649188
vt 0.741426 0.632995
vt 0.706652 0.592781
vt 0.741426 0.632995
vt 0.720812 0.594071
vt 0.802827 0.628194
vt 0.835663 0.621948
vt 0.812298 0.642730
vt 0.780908 0.633929
vt 0.812298 0.642730
vt 0.781018 0.651211
vt 0.758985 0.628198
vt 0.780908 0.633929
vt 0.749738 0.644163
vt 0.742949 0.612542
vt 0.758985 0.628198
vt 0.724030 0.621948
vt 0.735929 0.593086
vt 0.742949 0.612542
vt 0.712601 0.590774
vt 0.742992 0.569832
vt 0.735929 0.593086
vt 0.719345 0.560078
vt 0.759027 0.554230
vt 0.742992 0.569832
vt 0.743881 0.538341
vt 0.780906 0.548527
vt 0.759027 0.554230
vt 0.779456 0.529860
vt 0.802782 0.554239
vt 0.779456 0.529860
vt 0.811907 0.538341
vt 0.818811 0.569843
vt 0.811907 0.538341
vt 0.835663 0.561512
vt 0.824700 0.591178
vt 0.835663 0.561512
vt 0.844359 0.593164
vt 0.818856 0.612539
vt 0.844359 0.593164
vt 0.835663 0.621948
vt 0.839708 0.555567
vt 0.841270 0.624581
vt 0.848925 0.589118
vt 0.802827 0.628194
vt 0.818811 0.569843
vt 0.818856 0.612539
vt 0.839708 0.555567
vt 0.848925 0.589118
vt 0.835663 0.561512
vt 0.814136 0.531007
vt 0.835663 0.561512
vt 0.811907 0.538341
vt 0.779738 0.522017
vt 0.814136 0.531007
vt 0.779456 0.529860
vt 0.739483 0.531484
vt 0.779456 0.529860
vt 0.743881 0.538341
vt 0.714302 0.556045
vt 0.739483 0.531484
vt 0.719345 0.560078
vt 0.706647 0.591508
vt 0.719345 0.560078
vt 0.712601 0.590774
vt 0.717425 0.627448
vt 0.712601 0.590774
vt 0.724030 0.621948
vt 0.746511 0.650097
vt 0.717425 0.627448
vt 0.749738 0.644163
vt 0.780519 0.656220
vt 0.746511 0.650097
vt 0.781018 0.651211
vt 0.816089 0.649142
vt 0.781018 0.651211
vt 0.812298 0.642730
vt 0.841270 0.624581
vt 0.812298 0.642730
vt 0.835663 0.621948
vt 0.848925 0.589118
vt 0.841270 0.624581
vt 0.844359 0.593164
vt 0.824750 0.544366
vt 0.827129 0.641195
vt 0.850686 0.592781
vt 0.778079 0.649776
vt 0.741465 0.634044
vt 0.823980 0.636474
vt 0.824750 0.544366
vt 0.843253 0.592457
vt 0.814362 0.556834
vt 0.781582 0.524313
vt 0.824750 0.544366
vt 0.789781 0.530681
vt 0.733044 0.544366
vt 0.789781 0.530681
vt 0.744838 0.549250
vt 0.707570 0.592781
vt 0.733044 0.544366
vt 0.721251 0.594078
vt 0.728711 0.636333
vt 0.721251 0.594078
vt 0.741465 0.634044
vt 0.775714 0.657603
vt 0.728711 0.636333
vt 0.778079 0.649776
vt 0.827129 0.641195
vt 0.775714 0.657603
vt 0.823980 0.636474
vt 0.850686 0.592781
vt 0.827129 0.641195
vt 0.843253 0.592457
vt 0.161690 0.383803
vt 0.164964 0.467453
vt 0.117639 0.401409
vt 0.805666 0.713217
vt 0.830963 0.689195
vt 0.770815 0.708053
vt 0.161690 0.320652
vt 0.217866 0.322450
vt 0.161690 0.383803
vt 0.137756 0.978215
vt 0.083494 0.960498
vt 0.169838 0.964452
vt 0.217866 0.322450
vt 0.249869 0.323439
vt 0.259679 0.432898
vt 0.279428 0.328960
vt 0.279590 0.397281
vt 0.249869 0.323439
vt 0.137756 0.978215
vt 0.097039 0.983082
vt 0.083494 0.960498
vt 0.111424 0.902743
vt 0.062118 0.913233
vt 0.108306 0.839113
vt 0.749555 0.690892
vt 0.770815 0.708053
vt 0.771648 0.683649
vt 0.167487 0.508228
vt 0.240619 0.476799
vt 0.207364 0.506402
vt 0.111424 0.902743
vt 0.083494 0.960498
vt 0.057196 0.928825
vt 0.170455 0.908037
vt 0.169838 0.964452
vt 0.083494 0.960498
vt 0.170455 0.908037
vt 0.083494 0.960498
vt 0.111424 0.902743
vt 0.108306 0.839113
vt 0.062118 0.913233
vt 0.058496 0.831638
vt 0.770815 0.708053
vt 0.830963 0.689195
vt 0.771648 0.683649
vt 0.674845 0.708400
vt 0.692325 0.717733
vt 0.686001 0.750143
vt 0.747643 0.715880
vt 0.776376 0.740611
vt 0.747160 0.743208
vt 0.747643 0.715880
vt 0.732827 0.713842
vt 0.747160 0.743208
vt 0.648053 0.700195
vt 0.674845 0.708400
vt 0.642153 0.726693
vt 0.692325 0.717733
vt 0.674845 0.708431
vt 0.686001 0.750143
vt 0.732827 0.713842
vt 0.725514 0.743154
vt 0.747160 0.743208
vt 0.747643 0.715880
vt 0.747160 0.743208
vt 0.732827 0.713842
vt 0.821697 0.764150
vt 0.802445 0.756614
vt 0.827735 0.734757
vt 0.827735 0.734757
vt 0.835285 0.716657
vt 0.805666 0.713217
vt 0.821697 0.764150
vt 0.827735 0.734757
vt 0.802447 0.756649
vt 0.776377 0.740635
vt 0.770815 0.708053
vt 0.747643 0.715880
vt 0.802447 0.756649
vt 0.805666 0.713217
vt 0.776377 0.740635
vt 0.732827 0.713842
vt 0.731482 0.670533
vt 0.747643 0.715880
vt 0.747643 0.715880
vt 0.770815 0.708053
vt 0.749555 0.690892
vt 0.802447 0.756649
vt 0.827735 0.734757
vt 0.805666 0.713217
vt 0.776376 0.740611
vt 0.747643 0.715880
vt 0.770813 0.708015
vt 0.827735 0.734757
vt 0.805661 0.713126
vt 0.835285 0.716657
vt 0.750998 0.771649
vt 0.753783 0.812262
vt 0.777075 0.773710
vt 0.750839 0.773212
vt 0.750998 0.771649
vt 0.777391 0.775146
vt 0.688346 0.919975
vt 0.667957 0.903299
vt 0.652799 0.937182
vt 0.698839 0.855028
vt 0.667957 0.903299
vt 0.711253 0.879453
vt 0.737896 0.835915
vt 0.698839 0.855028
vt 0.730214 0.864779
vt 0.711253 0.879453
vt 0.698839 0.855028
vt 0.730214 0.864779
vt 0.667957 0.903299
vt 0.698839 0.855028
vt 0.686892 0.919975
vt 0.652799 0.937182
vt 0.620512 0.932066
vt 0.686892 0.919975
vt 0.712484 0.932735
vt 0.688346 0.919975
vt 0.687313 0.954135
vt 0.702592 0.930419
vt 0.686892 0.919975
vt 0.724615 0.898829
vt 0.652799 0.937182
vt 0.686892 0.919975
vt 0.687313 0.954135
vt 0.687313 0.954135
vt 0.652799 0.937182
vt 0.665259 0.965179
vt 0.712484 0.932735
vt 0.687313 0.954135
vt 0.713082 0.943257
vt 0.733486 0.923241
vt 0.728705 0.894098
vt 0.713082 0.943257
vt 0.748382 0.921948
vt 0.753125 0.888968
vt 0.733486 0.923241
vt 0.733486 0.923241
vt 0.724615 0.898829
vt 0.748382 0.921948
vt 0.702592 0.930419
vt 0.724615 0.898829
vt 0.713082 0.943257
vt 0.697139 0.959164
vt 0.687313 0.954135
vt 0.713082 0.943257
vt 0.665259 0.965179
vt 0.687313 0.954135
vt 0.702762 0.967095
vt 0.697139 0.959164
vt 0.687313 0.954135
vt 0.702762 0.967095
vt 0.745935 0.948433
vt 0.713082 0.943257
vt 0.720483 0.958207
vt 0.748382 0.921948
vt 0.733486 0.923241
vt 0.763809 0.932319
vt 0.745935 0.948433
vt 0.733486 0.923241
vt 0.763809 0.932319
vt 0.713082 0.943257
vt 0.733486 0.923241
vt 0.745935 0.948433
vt 0.697139 0.959164
vt 0.713082 0.943257
vt 0.720483 0.958207
vt 0.744359 0.958894
vt 0.702762 0.967095
vt 0.720483 0.958207
vt 0.697139 0.959164
vt 0.702762 0.967095
vt 0.720483 0.958207
vt 0.731296 0.797460
vt 0.737896 0.835915
vt 0.698004 0.797391
vt 0.731296 0.797460
vt 0.698004 0.797391
vt 0.737896 0.835915
vt 0.711253 0.879453
vt 0.730214 0.864779
vt 0.724615 0.898829
vt 0.753125 0.888968
vt 0.730214 0.864779
vt 0.728705 0.894098
vt 0.711253 0.879453
vt 0.688346 0.919975
vt 0.728705 0.894098
vt 0.620512 0.932066
vt 0.651476 0.947985
vt 0.652799 0.937182
vt 0.665259 0.965179
vt 0.651476 0.947985
vt 0.652799 0.937182
vt 0.763809 0.932319
vt 0.744359 0.958894
vt 0.745935 0.948433
vt 0.763809 0.932319
vt 0.745935 0.948433
vt 0.744359 0.958894
vt 0.720483 0.958207
vt 0.745935 0.948433
vt 0.744359 0.958894
vt 0.720483 0.958207
vt 0.744359 0.958894
vt 0.745935 0.948433
vt 0.744359 0.958894
vt 0.720483 0.958207
vt 0.702762 0.967095
vt 0.720483 0.958207
vt 0.702762 0.967095
vt 0.697139 0.959164
vt 0.745935 0.948433
vt 0.720483 0.958207
vt 0.713082 0.943257
vt 0.763809 0.932319
vt 0.733486 0.923241
vt 0.748382 0.921948
vt 0.745935 0.948433
vt 0.763809 0.932319
vt 0.733486 0.923241
vt 0.745935 0.948433
vt 0.733486 0.923241
vt 0.713082 0.943257
vt 0.720483 0.958207
vt 0.713082 0.943257
vt 0.697139 0.959164
vt 0.702762 0.967095
vt 0.687313 0.954135
vt 0.665259 0.965179
vt 0.697139 0.959164
vt 0.702762 0.967095
vt 0.687313 0.954135
vt 0.713082 0.943257
vt 0.687313 0.954135
vt 0.702592 0.930419
vt 0.733486 0.923241
vt 0.713082 0.943257
vt 0.724615 0.898829
vt 0.748382 0.921948
vt 0.724615 0.898829
vt 0.753125 0.888968
vt 0.733486 0.923241
vt 0.753125 0.888968
vt 0.728705 0.894098
vt 0.713082 0.943257
vt 0.728705 0.894098
vt 0.712484 0.932735
vt 0.697139 0.959164
vt 0.713082 0.943257
vt 0.687313 0.954135
vt 0.687313 0.954135
vt 0.665259 0.965179
vt 0.652799 0.937182
vt 0.702592 0.930419
vt 0.687313 0.954135
vt 0.686892 0.919975
vt 0.724615 0.898829
vt 0.686892 0.919975
vt 0.711253 0.879453
vt 0.753125 0.888968
vt 0.724615 0.898829
vt 0.730214 0.864779
vt 0.728705 0.894098
vt 0.730214 0.864779
vt 0.711253 0.879453
vt 0.712484 0.932735
vt 0.728705 0.894098
vt 0.688346 0.919975
vt 0.687313 0.954135
vt 0.688346 0.919975
vt 0.652799 0.937182
vt 0.665259 0.965179
vt 0.652799 0.937182
vt 0.651476 0.947985
vt 0.652799 0.937182
vt 0.651476 0.947985
vt 0.620512 0.932066
vt 0.686892 0.919975
vt 0.620512 0.932066
vt 0.667957 0.903299
vt 0.711253 0.879453
vt 0.686892 0.919975
vt 0.698839 0.855028
vt 0.730214 0.864779
vt 0.698839 0.855028
vt 0.737896 0.835915
vt 0.711253 0.879453
vt 0.730214 0.864779
vt 0.698839 0.855028
vt 0.688346 0.919975
vt 0.711253 0.879453
vt 0.667957 0.903299
vt 0.652799 0.937182
vt 0.667957 0.903299
vt 0.620512 0.932066
vt 0.565059 0.829172
vt 0.556463 0.847179
vt 0.563899 0.827951
vt 0.562798 0.829816
vt 0.563899 0.827951
vt 0.556463 0.847179
vt 0.516913 0.832409
vt 0.536815 0.840557
vt 0.525229 0.862180
vt 0.321394 0.832409
vt 0.313078 0.862180
vt 0.301491 0.840557
vt 0.627406 0.805580
vt 0.600956 0.807429
vt 0.600325 0.770538
vt 0.579373 0.770188
vt 0.600956 0.807429
vt 0.600325 0.770538
vt 0.621009 0.743716
vt 0.590118 0.730303
vt 0.600325 0.770538
vt 0.625609 0.770887
vt 0.600325 0.770538
vt 0.621009 0.743716
vt 0.621009 0.743716
vt 0.590118 0.730303
vt 0.599843 0.716558
vt 0.547622 0.770606
vt 0.600956 0.807429
vt 0.535866 0.797501
vt 0.547234 0.770234
vt 0.535672 0.797333
vt 0.600956 0.807429
vt 0.579373 0.770187
vt 0.600956 0.807429
vt 0.547622 0.770606
vt 0.579373 0.770188
vt 0.547234 0.770234
vt 0.600956 0.807429
vt 0.698004 0.797391
vt 0.686001 0.750143
vt 0.704966 0.750905
vt 0.731296 0.797460
vt 0.704966 0.750905
vt 0.698004 0.797391
vt 0.698004 0.797391
vt 0.686001 0.750143
vt 0.637101 0.758037
vt 0.600325 0.770538
vt 0.627406 0.805580
vt 0.625609 0.770887
vt 0.637101 0.758037
vt 0.599843 0.716558
vt 0.621009 0.743716
vt 0.637101 0.758037
vt 0.621009 0.743716
vt 0.599843 0.716558
vt 0.637101 0.758037
vt 0.627406 0.805580
vt 0.625609 0.770887
vt 0.637101 0.758037
vt 0.625609 0.770887
vt 0.621009 0.743716
vt 0.637101 0.758037
vt 0.621009 0.743716
vt 0.625609 0.770887
vt 0.419154 0.851921
vt 0.419154 0.871049
vt 0.409903 0.851921
vt 0.325655 0.085548
vt 0.322151 0.086221
vt 0.342116 0.079417
vt 0.556463 0.847179
vt 0.598897 0.853927
vt 0.565946 0.891943
vt 0.556463 0.847179
vt 0.565946 0.891943
vt 0.598897 0.853927
vt 0.506484 0.848203
vt 0.516913 0.832409
vt 0.525229 0.862180
vt 0.480349 0.963645
vt 0.478541 0.924163
vt 0.520493 0.912519
vt 0.698004 0.797391
vt 0.627406 0.805580
vt 0.637101 0.758037
vt 0.642153 0.726696
vt 0.599843 0.716558
vt 0.637101 0.758037
vt 0.332754 0.848203
vt 0.321394 0.832409
vt 0.378064 0.824049
vt 0.355107 0.854004
vt 0.381776 0.832451
vt 0.385030 0.849249
vt 0.698839 0.855028
vt 0.628539 0.827372
vt 0.667957 0.903299
vt 0.565946 0.891943
vt 0.608746 0.866805
vt 0.598897 0.853927
vt 0.620512 0.932066
vt 0.565946 0.891943
vt 0.608746 0.866805
vt 0.642153 0.726693
vt 0.686001 0.750143
vt 0.637101 0.758037
vt 0.404225 0.841789
vt 0.381776 0.832451
vt 0.407310 0.827457
vt 0.456531 0.832451
vt 0.430997 0.827457
vt 0.459312 0.824049
vt 0.584528 0.937407
vt 0.620512 0.932066
vt 0.565946 0.891943
vt 0.565946 0.891943
vt 0.620512 0.932066
vt 0.584528 0.937407
vt 0.381776 0.832451
vt 0.332754 0.848203
vt 0.378064 0.824049
vt 0.498765 0.851889
vt 0.456531 0.832451
vt 0.506484 0.848203
vt 0.434082 0.841789
vt 0.428404 0.851921
vt 0.430997 0.827457
vt 0.598897 0.853927
vt 0.592000 0.835198
vt 0.556463 0.847179
vt 0.317814 0.912519
vt 0.357613 0.924163
vt 0.357958 0.963645
vt 0.357613 0.924163
vt 0.419377 0.920128
vt 0.419153 0.973579
vt 0.480349 0.963645
vt 0.419153 0.973579
vt 0.478541 0.924163
vt 0.556463 0.847179
vt 0.565059 0.829172
vt 0.592000 0.835198
vt 0.321394 0.832409
vt 0.332754 0.848203
vt 0.313078 0.862180
vt 0.321394 0.832409
vt 0.347007 0.815386
vt 0.378064 0.824049
vt 0.459312 0.824049
vt 0.516913 0.832409
vt 0.506484 0.848203
vt 0.563899 0.827951
vt 0.535866 0.797501
vt 0.600956 0.807429
vt 0.362082 0.086221
vt 0.373232 0.047924
vt 0.358578 0.085548
vt 0.322151 0.086221
vt 0.325655 0.085548
vt 0.311000 0.047924
vt 0.600325 0.770538
vt 0.590118 0.730303
vt 0.579373 0.770188
vt 0.579373 0.770187
vt 0.600325 0.770538
vt 0.600956 0.807429
vt 0.541210 0.727296
vt 0.579373 0.770187
vt 0.547622 0.770606
vt 0.620512 0.932066
vt 0.651476 0.947985
vt 0.582944 0.946241
vt 0.582944 0.946241
vt 0.620512 0.932066
vt 0.584528 0.937407
vt 0.737896 0.835915
vt 0.698004 0.797391
vt 0.698839 0.855028
vt 0.628539 0.827372
vt 0.698004 0.797391
vt 0.698839 0.855028
vt 0.698004 0.797391
vt 0.627406 0.805580
vt 0.628539 0.827372
vt 0.541201 0.727274
vt 0.547234 0.770234
vt 0.579373 0.770188
vt 0.600956 0.807429
vt 0.535672 0.797333
vt 0.563899 0.827951
vt 0.563899 0.827951
vt 0.600956 0.807429
vt 0.592000 0.835198
vt 0.357613 0.924163
vt 0.419377 0.884483
vt 0.419377 0.920128
vt 0.616153 0.702547
vt 0.604160 0.698654
vt 0.599843 0.716558
vt 0.342116 0.080090
vt 0.362082 0.086221
vt 0.342116 0.079417
vt 0.301491 0.840557
vt 0.319300 0.806126
vt 0.321394 0.832409
vt 0.516913 0.832409
vt 0.459312 0.824049
vt 0.495170 0.813878
vt 0.419154 0.851921
vt 0.428404 0.851921
vt 0.419154 0.871049
vt 0.698839 0.855028
vt 0.667957 0.903299
vt 0.628539 0.827372
vt 0.608746 0.866805
vt 0.667957 0.903299
vt 0.620512 0.932066
vt 0.698839 0.855028
vt 0.698004 0.797391
vt 0.737896 0.835915
vt 0.698839 0.855028
vt 0.698004 0.797391
vt 0.628539 0.827372
vt 0.608746 0.866805
vt 0.620512 0.932066
vt 0.667957 0.903299
vt 0.601436 0.836977
vt 0.592000 0.835198
vt 0.600956 0.807429
vt 0.637101 0.758037
vt 0.625609 0.770887
vt 0.627406 0.805580
vt 0.616153 0.702547
vt 0.642153 0.726693
vt 0.599843 0.716558
vt 0.750874 0.771758
vt 0.753783 0.812262
vt 0.776839 0.773532
vt 0.311000 0.047924
vt 0.311244 0.042241
vt 0.342116 0.080090
vt 0.322151 0.086221
vt 0.311000 0.047924
vt 0.342116 0.080090
vt 0.373232 0.047924
vt 0.342116 0.080090
vt 0.372989 0.042241
vt 0.362082 0.086221
vt 0.342116 0.080090
vt 0.373232 0.047924
vt 0.516913 0.832409
vt 0.519207 0.806314
vt 0.536815 0.840557
vt 0.598897 0.853927
vt 0.556463 0.847179
vt 0.592000 0.835198
vt 0.419377 0.920128
vt 0.478541 0.924163
vt 0.419153 0.973579
vt 0.357958 0.963645
vt 0.357613 0.924163
vt 0.419153 0.973579
vt 0.562798 0.829816
vt 0.556463 0.847179
vt 0.592000 0.835198
vt 0.407310 0.827457
vt 0.409903 0.851921
vt 0.404225 0.841789
vt 0.459312 0.824049
vt 0.506484 0.848203
vt 0.456531 0.832451
vt 0.340007 0.851889
vt 0.332754 0.848203
vt 0.381776 0.832451
vt 0.434082 0.841789
vt 0.430997 0.827457
vt 0.456531 0.832451
vt 0.378064 0.824049
vt 0.407310 0.827457
vt 0.381776 0.832451
vt 0.600325 0.770538
vt 0.579373 0.770187
vt 0.590118 0.730303
vt 0.621009 0.743716
vt 0.599843 0.716558
vt 0.590118 0.730303
vt 0.698004 0.797391
vt 0.637101 0.758037
vt 0.686001 0.750143
vt 0.598897 0.853927
vt 0.608746 0.866805
vt 0.565946 0.891943
vt 0.620512 0.932066
vt 0.608746 0.866805
vt 0.565946 0.891943
vt 0.608746 0.866805
vt 0.667957 0.903299
vt 0.628539 0.827372
vt 0.453277 0.849249
vt 0.456531 0.832451
vt 0.483200 0.854004
vt 0.498765 0.851889
vt 0.483200 0.854004
vt 0.456531 0.832451
vt 0.434082 0.841789
vt 0.456531 0.832451
vt 0.453277 0.849249
vt 0.340007 0.851889
vt 0.381776 0.832451
vt 0.355107 0.854004
vt 0.404225 0.841789
vt 0.385030 0.849249
vt 0.381776 0.832451
vt 0.616153 0.702547
vt 0.599843 0.716558
vt 0.642153 0.726696
vt 0.628539 0.827372
vt 0.627406 0.805580
vt 0.698004 0.797391
vt 0.342116 0.080090
vt 0.342116 0.079417
vt 0.322151 0.086221
vt 0.600956 0.807429
vt 0.627406 0.805580
vt 0.600325 0.770538
vt 0.642153 0.726696
vt 0.637101 0.758037
vt 0.686001 0.750143
vt 0.686001 0.750143
vt 0.698004 0.797391
vt 0.704966 0.750905
vt 0.731296 0.797460
vt 0.698004 0.797391
vt 0.704966 0.750905
vt 0.590118 0.730303
vt 0.621009 0.743716
vt 0.600325 0.770538
vt 0.625609 0.770887
vt 0.621009 0.743716
vt 0.600325 0.770538
vt 0.625609 0.770887
vt 0.627406 0.805580
vt 0.600325 0.770538
vt 0.599843 0.716558
vt 0.579535 0.710875
vt 0.549132 0.697610
vt 0.599843 0.716558
vt 0.549132 0.697610
vt 0.579535 0.710875
vt 0.541210 0.727296
vt 0.559226 0.716890
vt 0.579373 0.770187
vt 0.541201 0.727274
vt 0.579373 0.770188
vt 0.559226 0.716890
vt 0.469061 0.726162
vt 0.468671 0.723545
vt 0.491378 0.727366
vt 0.369246 0.726162
vt 0.349963 0.727342
vt 0.369636 0.723545
vt 0.342116 0.080090
vt 0.311244 0.042241
vt 0.321309 0.032719
vt 0.599843 0.716558
vt 0.589868 0.706489
vt 0.561862 0.671876
vt 0.599843 0.716558
vt 0.549132 0.697610
vt 0.560333 0.675717
vt 0.604160 0.698654
vt 0.599843 0.716558
vt 0.589868 0.706489
vt 0.342116 0.080090
vt 0.342116 0.023989
vt 0.362924 0.032719
vt 0.458197 0.808518
vt 0.443496 0.811537
vt 0.419154 0.797478
vt 0.419377 0.920128
vt 0.419377 0.884483
vt 0.478541 0.924163
vt 0.637101 0.758037
vt 0.627406 0.805580
vt 0.698004 0.797391
vt 0.651476 0.947985
vt 0.620512 0.932066
vt 0.582944 0.946241
vt 0.584528 0.937407
vt 0.620512 0.932066
vt 0.582944 0.946241
vt 0.361716 0.542642
vt 0.350010 0.542642
vt 0.367062 0.516421
vt 0.361716 0.542642
vt 0.367062 0.516421
vt 0.378051 0.520549
vt 0.297148 0.496698
vt 0.287415 0.488000
vt 0.298607 0.518709
vt 0.380110 0.808518
vt 0.419154 0.797478
vt 0.399341 0.811537
vt 0.401413 0.518709
vt 0.378051 0.520549
vt 0.369208 0.495785
vt 0.298607 0.518709
vt 0.287415 0.488000
vt 0.330813 0.495785
vt 0.402872 0.496698
vt 0.401413 0.518709
vt 0.412605 0.488000
vt 0.338305 0.542642
vt 0.332958 0.516421
vt 0.350010 0.542642
vt 0.377036 0.777533
vt 0.377922 0.741247
vt 0.419154 0.776552
vt 0.461272 0.777533
vt 0.419154 0.776552
vt 0.460385 0.741247
vt 0.458197 0.808518
vt 0.419154 0.797478
vt 0.461272 0.777533
vt 0.325655 0.085548
vt 0.342116 0.079417
vt 0.311384 0.043339
vt 0.349963 0.727342
vt 0.377922 0.741247
vt 0.362008 0.777418
vt 0.491378 0.727366
vt 0.460385 0.741247
vt 0.468447 0.729049
vt 0.380110 0.808518
vt 0.377036 0.777533
vt 0.419154 0.797478
vt 0.491378 0.727366
vt 0.476317 0.777418
vt 0.460385 0.741247
vt 0.461272 0.777533
vt 0.460385 0.741247
vt 0.476317 0.777418
vt 0.419154 0.776552
vt 0.419154 0.797478
vt 0.377036 0.777533
vt 0.335810 0.775652
vt 0.349963 0.727342
vt 0.362008 0.777418
vt 0.362008 0.777418
vt 0.380110 0.808518
vt 0.378064 0.824049
vt 0.349963 0.727342
vt 0.369860 0.729049
vt 0.377922 0.741247
vt 0.458197 0.808518
vt 0.476317 0.777418
vt 0.459312 0.824049
vt 0.377036 0.777533
vt 0.362008 0.777418
vt 0.377922 0.741247
vt 0.362008 0.777418
vt 0.378064 0.824049
vt 0.347007 0.815386
vt 0.380110 0.808518
vt 0.362008 0.777418
vt 0.377036 0.777533
vt 0.476317 0.777418
vt 0.491378 0.727366
vt 0.502878 0.776071
vt 0.342116 0.079417
vt 0.320440 0.034633
vt 0.311384 0.043339
vt 0.358578 0.085548
vt 0.372849 0.043339
vt 0.342116 0.079417
vt 0.419154 0.797478
vt 0.419154 0.776552
vt 0.461272 0.777533
vt 0.458197 0.808518
vt 0.461272 0.777533
vt 0.476317 0.777418
vt 0.335810 0.775652
vt 0.362008 0.777418
vt 0.347007 0.815386
vt 0.502878 0.776071
vt 0.495170 0.813878
vt 0.476317 0.777418
vt 0.342116 0.079417
vt 0.342116 0.027951
vt 0.320440 0.034633
vt 0.476317 0.777418
vt 0.495170 0.813878
vt 0.459312 0.824049
vt 0.531595 0.558431
vt 0.460647 0.569043
vt 0.526328 0.598676
vt 0.526328 0.598676
vt 0.463746 0.635386
vt 0.524456 0.590385
vt 0.592000 0.835198
vt 0.600956 0.807429
vt 0.563899 0.827951
vt 0.358578 0.085548
vt 0.342116 0.079417
vt 0.362082 0.086221
vt 0.616153 0.702547
vt 0.599843 0.716558
vt 0.604160 0.698654
vt 0.601436 0.836977
vt 0.620651 0.832319
vt 0.600956 0.807429
vt 0.537534 0.537501
vt 0.494958 0.528083
vt 0.531595 0.558431
vt 0.512834 0.584336
vt 0.523257 0.582559
vt 0.452891 0.634013
vt 0.686001 0.750143
vt 0.674845 0.708431
vt 0.642153 0.726696
vt 0.637101 0.758037
vt 0.599843 0.716558
vt 0.642153 0.726693
vt 0.592000 0.835198
vt 0.601436 0.836977
vt 0.600956 0.807429
vt 0.608746 0.866805
vt 0.628539 0.827372
vt 0.667957 0.903299
vt 0.642153 0.726696
vt 0.648053 0.700217
vt 0.616153 0.702547
vt 0.725514 0.743154
vt 0.732827 0.713842
vt 0.747160 0.743208
vt 0.704966 0.750905
vt 0.692325 0.717733
vt 0.686001 0.750143
vt 0.642153 0.726693
vt 0.674845 0.708400
vt 0.686001 0.750143
vt 0.642153 0.726693
vt 0.616153 0.702547
vt 0.648053 0.700195
vt 0.747160 0.743208
vt 0.776377 0.740635
vt 0.747643 0.715880
vt 0.704966 0.750905
vt 0.686001 0.750143
vt 0.692325 0.717733
vt 0.642153 0.726696
vt 0.674845 0.708431
vt 0.648053 0.700217
vt 0.537772 0.537524
vt 0.516889 0.519517
vt 0.523150 0.536268
vt 0.513072 0.584359
vt 0.508608 0.567241
vt 0.452547 0.634075
vt 0.531832 0.558454
vt 0.495196 0.528106
vt 0.537772 0.537524
vt 0.523495 0.582582
vt 0.452547 0.634075
vt 0.524694 0.590408
vt 0.513072 0.584359
vt 0.452547 0.634075
vt 0.523495 0.582582
vt 0.537772 0.537524
vt 0.495196 0.528106
vt 0.516889 0.519517
vt 0.600956 0.807429
vt 0.620651 0.832319
vt 0.601436 0.836977
vt 0.385030 0.849249
vt 0.404225 0.841789
vt 0.406273 0.861417
vt 0.313078 0.862180
vt 0.326704 0.866056
vt 0.345732 0.891052
vt 0.345732 0.891052
vt 0.333816 0.869812
vt 0.374518 0.897412
vt 0.400023 0.884483
vt 0.419377 0.884483
vt 0.357613 0.924163
vt 0.409903 0.851921
vt 0.355919 0.866032
vt 0.406273 0.861417
vt 0.355107 0.854004
vt 0.355919 0.866032
vt 0.331434 0.865640
vt 0.313078 0.862180
vt 0.345732 0.891052
vt 0.317814 0.912519
vt 0.374518 0.897412
vt 0.357613 0.924163
vt 0.345732 0.891052
vt 0.419154 0.871049
vt 0.419377 0.884483
vt 0.400023 0.884483
vt 0.355107 0.854004
vt 0.385030 0.849249
vt 0.355919 0.866032
vt 0.340007 0.851889
vt 0.326704 0.866056
vt 0.332754 0.848203
vt 0.313078 0.862180
vt 0.332754 0.848203
vt 0.326704 0.866056
vt 0.357613 0.924163
vt 0.317814 0.912519
vt 0.345732 0.891052
vt 0.374518 0.897412
vt 0.400023 0.884483
vt 0.357613 0.924163
vt 0.374518 0.897412
vt 0.333816 0.869812
vt 0.367712 0.866878
vt 0.409903 0.851921
vt 0.419154 0.871049
vt 0.402307 0.857272
vt 0.516913 0.832409
vt 0.495170 0.813878
vt 0.519207 0.806314
vt 0.502878 0.776071
vt 0.519207 0.806314
vt 0.495170 0.813878
vt 0.335810 0.775652
vt 0.347007 0.815386
vt 0.319300 0.806126
vt 0.321394 0.832409
vt 0.319300 0.806126
vt 0.347007 0.815386
vt 0.453277 0.849249
vt 0.482388 0.866032
vt 0.430581 0.861355
vt 0.453277 0.849249
vt 0.430581 0.861355
vt 0.434082 0.841789
vt 0.506484 0.848203
vt 0.511603 0.866056
vt 0.498765 0.851889
vt 0.483200 0.854004
vt 0.482388 0.866032
vt 0.453277 0.849249
vt 0.525229 0.862180
vt 0.520493 0.912519
vt 0.489554 0.891052
vt 0.489554 0.891052
vt 0.511603 0.866056
vt 0.525229 0.862180
vt 0.483200 0.854004
vt 0.506873 0.865640
vt 0.482388 0.866032
vt 0.489554 0.891052
vt 0.520493 0.912519
vt 0.478541 0.924163
vt 0.419377 0.884483
vt 0.435263 0.884483
vt 0.478541 0.924163
vt 0.478541 0.924163
vt 0.435263 0.884483
vt 0.460769 0.897412
vt 0.460769 0.897412
vt 0.435263 0.884483
vt 0.470595 0.866878
vt 0.489554 0.891052
vt 0.460769 0.897412
vt 0.504491 0.869812
vt 0.478541 0.924163
vt 0.460769 0.897412
vt 0.489554 0.891052
vt 0.419154 0.871049
vt 0.435263 0.884483
vt 0.419377 0.884483
vt 0.428404 0.851921
vt 0.470595 0.866878
vt 0.433208 0.857272
vt 0.458738 0.641169
vt 0.452891 0.634013
vt 0.524456 0.590385
vt 0.516651 0.519494
vt 0.494958 0.528083
vt 0.537534 0.537501
vt 0.508370 0.567218
vt 0.516651 0.519494
vt 0.522912 0.536245
vt 0.452891 0.634013
vt 0.523257 0.582559
vt 0.524456 0.590385
vt 0.458738 0.641169
vt 0.524456 0.590385
vt 0.463746 0.635386
vt 0.463746 0.635386
vt 0.526328 0.598676
vt 0.460647 0.569043
vt 0.494958 0.528083
vt 0.460647 0.569043
vt 0.531595 0.558431
vt 0.516651 0.519494
vt 0.537534 0.537501
vt 0.522912 0.536245
vt 0.451441 0.617094
vt 0.460647 0.569043
vt 0.508370 0.567218
vt 0.452891 0.634013
vt 0.508370 0.567218
vt 0.512834 0.584336
vt 0.508370 0.567218
vt 0.494958 0.528083
vt 0.516651 0.519494
vt 0.451441 0.617094
vt 0.508370 0.567218
vt 0.452891 0.634013
vt 0.494958 0.528083
vt 0.508370 0.567218
vt 0.460647 0.569043
vt 0.463746 0.635386
vt 0.460647 0.569043
vt 0.358030 0.626431
vt 0.451441 0.617094
vt 0.386497 0.613346
vt 0.460647 0.569043
vt 0.452891 0.634013
vt 0.367590 0.621455
vt 0.451441 0.617094
vt 0.386497 0.613346
vt 0.451441 0.617094
vt 0.367590 0.621455
vt 0.386497 0.613346
vt 0.367590 0.621455
vt 0.319214 0.587683
vt 0.316720 0.602096
vt 0.370067 0.629457
vt 0.318150 0.601700
vt 0.367590 0.621455
vt 0.452891 0.634013
vt 0.370067 0.629457
vt 0.358030 0.626431
vt 0.370067 0.629457
vt 0.463746 0.635386
vt 0.318150 0.601700
vt 0.319214 0.587683
vt 0.316720 0.602096
vt 0.370067 0.629457
vt 0.458738 0.641169
vt 0.463746 0.635386
vt 0.370067 0.629457
vt 0.452891 0.634013
vt 0.458738 0.641169
vt 0.395408 0.596619
vt 0.460647 0.569043
vt 0.386497 0.613346
vt 0.395408 0.596619
vt 0.358030 0.626431
vt 0.460647 0.569043
vt 0.319214 0.587683
vt 0.318150 0.601700
vt 0.395408 0.596619
vt 0.358030 0.626431
vt 0.395408 0.596619
vt 0.318150 0.601700
vt 0.318150 0.601700
vt 0.370067 0.629457
vt 0.358030 0.626431
vt 0.316720 0.602096
vt 0.367590 0.621455
vt 0.370067 0.629457
vt 0.316720 0.602096
vt 0.319214 0.587683
vt 0.367590 0.621455
vt 0.395408 0.596619
vt 0.386497 0.613346
vt 0.319214 0.587683
vt 0.451066 0.617469
vt 0.460749 0.569548
vt 0.386377 0.613059
vt 0.451066 0.617469
vt 0.508608 0.567241
vt 0.460749 0.569548
vt 0.457952 0.641675
vt 0.370534 0.629397
vt 0.463848 0.635347
vt 0.457952 0.641675
vt 0.452547 0.634075
vt 0.370534 0.629397
vt 0.452547 0.634075
vt 0.451066 0.617469
vt 0.367751 0.621467
vt 0.508608 0.567241
vt 0.451066 0.617469
vt 0.452547 0.634075
vt 0.495196 0.528106
vt 0.460749 0.569548
vt 0.508608 0.567241
vt 0.516889 0.519517
vt 0.495196 0.528106
vt 0.508608 0.567241
vt 0.516889 0.519517
vt 0.508608 0.567241
vt 0.523150 0.536268
vt 0.463848 0.635347
vt 0.460749 0.569548
vt 0.526566 0.598699
vt 0.457952 0.641675
vt 0.463848 0.635347
vt 0.524694 0.590408
vt 0.460749 0.569548
vt 0.495196 0.528106
vt 0.531832 0.558454
vt 0.457952 0.641675
vt 0.524694 0.590408
vt 0.452547 0.634075
vt 0.463848 0.635347
vt 0.526566 0.598699
vt 0.524694 0.590408
vt 0.460749 0.569548
vt 0.531832 0.558454
vt 0.526566 0.598699
vt 0.357916 0.626264
vt 0.370534 0.629397
vt 0.318344 0.602336
vt 0.317793 0.602056
vt 0.367751 0.621467
vt 0.320200 0.587829
vt 0.395173 0.596431
vt 0.460749 0.569548
vt 0.357916 0.626264
vt 0.320200 0.587829
vt 0.318344 0.602336
vt 0.317793 0.602056
vt 0.386377 0.613059
vt 0.395173 0.596431
vt 0.320200 0.587829
vt 0.367751 0.621467
vt 0.451066 0.617469
vt 0.386377 0.613059
vt 0.367751 0.621467
vt 0.370534 0.629397
vt 0.452547 0.634075
vt 0.357916 0.626264
vt 0.463848 0.635347
vt 0.370534 0.629397
vt 0.357916 0.626264
vt 0.460749 0.569548
vt 0.463848 0.635347
vt 0.320200 0.587829
vt 0.395173 0.596431
vt 0.318344 0.602336
vt 0.386377 0.613059
vt 0.320200 0.587829
vt 0.367751 0.621467
vt 0.317793 0.602056
vt 0.370534 0.629397
vt 0.367751 0.621467
vt 0.318344 0.602336
vt 0.395173 0.596431
vt 0.357916 0.626264
vt 0.317793 0.602056
vt 0.318344 0.602336
vt 0.370534 0.629397
vt 0.395173 0.596431
vt 0.386377 0.613059
vt 0.460749 0.569548
vt 0.406273 0.861417
vt 0.355919 0.866032
vt 0.385030 0.849249
vt 0.326704 0.866056
vt 0.355919 0.866032
vt 0.333816 0.869812
vt 0.402307 0.857272
vt 0.367712 0.866878
vt 0.409903 0.851921
vt 0.331434 0.865640
vt 0.326704 0.866056
vt 0.340007 0.851889
vt 0.331434 0.865640
vt 0.340007 0.851889
vt 0.355107 0.854004
vt 0.331434 0.865640
vt 0.355919 0.866032
vt 0.326704 0.866056
vt 0.406273 0.861417
vt 0.404225 0.841789
vt 0.409903 0.851921
vt 0.333816 0.869812
vt 0.345732 0.891052
vt 0.326704 0.866056
vt 0.367712 0.866878
vt 0.400023 0.884483
vt 0.374518 0.897412
vt 0.355919 0.866032
vt 0.409903 0.851921
vt 0.367712 0.866878
vt 0.367712 0.866878
vt 0.333816 0.869812
vt 0.355919 0.866032
vt 0.402307 0.857272
vt 0.400023 0.884483
vt 0.367712 0.866878
vt 0.402307 0.857272
vt 0.419154 0.871049
vt 0.400023 0.884483
vt 0.470595 0.866878
vt 0.482388 0.866032
vt 0.504491 0.869812
vt 0.482388 0.866032
vt 0.470595 0.866878
vt 0.428404 0.851921
vt 0.470595 0.866878
vt 0.504491 0.869812
vt 0.460769 0.897412
vt 0.430581 0.861355
vt 0.428404 0.851921
vt 0.434082 0.841789
vt 0.511603 0.866056
vt 0.482388 0.866032
vt 0.506873 0.865640
vt 0.504491 0.869812
vt 0.511603 0.866056
vt 0.489554 0.891052
vt 0.433208 0.857272
vt 0.419154 0.871049
vt 0.428404 0.851921
vt 0.506873 0.865640
vt 0.483200 0.854004
vt 0.498765 0.851889
vt 0.430581 0.861355
vt 0.482388 0.866032
vt 0.428404 0.851921
vt 0.506873 0.865640
vt 0.498765 0.851889
vt 0.511603 0.866056
vt 0.511603 0.866056
vt 0.506484 0.848203
vt 0.525229 0.862180
vt 0.433208 0.857272
vt 0.435263 0.884483
vt 0.419154 0.871049
vt 0.433208 0.857272
vt 0.470595 0.866878
vt 0.435263 0.884483
vt 0.511603 0.866056
vt 0.504491 0.869812
vt 0.482388 0.866032
vt 0.350010 0.521450
vt 0.350010 0.542642
vt 0.332958 0.516421
vt 0.322075 0.468959
vt 0.306429 0.455621
vt 0.297148 0.496698
vt 0.419909 0.806916
vt 0.399341 0.811537
vt 0.419154 0.797478
vt 0.412605 0.488000
vt 0.393592 0.455621
vt 0.402872 0.496698
vt 0.330813 0.495785
vt 0.332958 0.516421
vt 0.323042 0.520549
vt 0.332958 0.516421
vt 0.338305 0.542642
vt 0.323042 0.520549
vt 0.369208 0.495785
vt 0.378051 0.520549
vt 0.367062 0.516421
vt 0.367062 0.516421
vt 0.350010 0.542642
vt 0.350010 0.521450
vt 0.377946 0.468959
vt 0.402872 0.496698
vt 0.393592 0.455621
vt 0.393592 0.455621
vt 0.412605 0.488000
vt 0.369208 0.495785
vt 0.306429 0.455621
vt 0.287415 0.488000
vt 0.297148 0.496698
vt 0.330813 0.495785
vt 0.323042 0.520549
vt 0.298607 0.518709
vt 0.369208 0.495785
vt 0.412605 0.488000
vt 0.401413 0.518709
vt 0.306429 0.455621
vt 0.330813 0.495785
vt 0.287415 0.488000
vt 0.443496 0.811537
vt 0.419909 0.806916
vt 0.419154 0.797478
vt 0.350010 0.489831
vt 0.369208 0.495785
vt 0.350010 0.521450
vt 0.332958 0.516421
vt 0.330813 0.495785
vt 0.350010 0.521450
vt 0.350010 0.489831
vt 0.350010 0.521450
vt 0.330813 0.495785
vt 0.367062 0.516421
vt 0.350010 0.521450
vt 0.369208 0.495785
vt 0.330813 0.495785
vt 0.324511 0.435667
vt 0.350010 0.489831
vt 0.350010 0.468959
vt 0.377946 0.468959
vt 0.350010 0.403054
vt 0.306429 0.455621
vt 0.321605 0.411984
vt 0.299131 0.400809
vt 0.306429 0.455621
vt 0.299131 0.400809
vt 0.324511 0.435667
vt 0.393592 0.455621
vt 0.403034 0.400809
vt 0.378416 0.411984
vt 0.393592 0.455621
vt 0.375509 0.435667
vt 0.403034 0.400809
vt 0.377946 0.468959
vt 0.393592 0.455621
vt 0.378416 0.411984
vt 0.350010 0.468959
vt 0.350010 0.403054
vt 0.322075 0.468959
vt 0.330813 0.495785
vt 0.306429 0.455621
vt 0.324511 0.435667
vt 0.369208 0.495785
vt 0.350010 0.489831
vt 0.375509 0.435667
vt 0.318731 0.381858
vt 0.321605 0.411984
vt 0.350010 0.363322
vt 0.350010 0.439603
vt 0.375509 0.435667
vt 0.350010 0.489831
vt 0.350546 0.327554
vt 0.393151 0.350593
vt 0.350010 0.388172
vt 0.350546 0.307468
vt 0.386456 0.329951
vt 0.350546 0.327554
vt 0.306869 0.350593
vt 0.314636 0.329951
vt 0.350546 0.327554
vt 0.350010 0.439603
vt 0.324511 0.435667
vt 0.350010 0.388172
vt 0.350010 0.403054
vt 0.378416 0.411984
vt 0.350010 0.363322
vt 0.321605 0.411984
vt 0.322075 0.468959
vt 0.350010 0.403054
vt 0.383947 0.393129
vt 0.375509 0.435667
vt 0.350010 0.388172
vt 0.316073 0.393129
vt 0.306869 0.350593
vt 0.350010 0.388172
vt 0.350546 0.307468
vt 0.314636 0.329951
vt 0.350010 0.363322
vt 0.381289 0.381858
vt 0.386456 0.329951
vt 0.350010 0.363322
vt 0.381289 0.381858
vt 0.378416 0.411984
vt 0.403034 0.400809
vt 0.375509 0.435667
vt 0.393592 0.455621
vt 0.369208 0.495785
vt 0.383947 0.393129
vt 0.403034 0.400809
vt 0.375509 0.435667
vt 0.381289 0.381858
vt 0.403034 0.400809
vt 0.386456 0.329951
vt 0.306869 0.350593
vt 0.299131 0.400809
vt 0.314636 0.329951
vt 0.314636 0.329951
vt 0.299131 0.400809
vt 0.318731 0.381858
vt 0.350546 0.307468
vt 0.350010 0.363322
vt 0.386456 0.329951
vt 0.314636 0.329951
vt 0.318731 0.381858
vt 0.350010 0.363322
vt 0.324511 0.435667
vt 0.299131 0.400809
vt 0.316073 0.393129
vt 0.350546 0.327554
vt 0.350010 0.388172
vt 0.306869 0.350593
vt 0.350010 0.439603
vt 0.350010 0.388172
vt 0.375509 0.435667
vt 0.318731 0.381858
vt 0.299131 0.400809
vt 0.321605 0.411984
vt 0.381289 0.381858
vt 0.350010 0.363322
vt 0.378416 0.411984
vt 0.378416 0.411984
vt 0.350010 0.403054
vt 0.377946 0.468959
vt 0.316073 0.393129
vt 0.350010 0.388172
vt 0.324511 0.435667
vt 0.314636 0.329951
vt 0.350546 0.307468
vt 0.350546 0.327554
vt 0.393151 0.350593
vt 0.350546 0.327554
vt 0.386456 0.329951
vt 0.383947 0.393129
vt 0.350010 0.388172
vt 0.393151 0.350593
vt 0.386456 0.329951
vt 0.403034 0.400809
vt 0.393151 0.350593
vt 0.350010 0.439603
vt 0.350010 0.489831
vt 0.324511 0.435667
vt 0.403034 0.400809
vt 0.383947 0.393129
vt 0.393151 0.350593
vt 0.321605 0.411984
vt 0.306429 0.455621
vt 0.322075 0.468959
vt 0.316073 0.393129
vt 0.299131 0.400809
vt 0.306869 0.350593
vt 0.350010 0.363322
vt 0.321605 0.411984
vt 0.350010 0.403054
vt 0.384386 0.730691
vt 0.419154 0.733711
vt 0.377922 0.741247
vt 0.311384 0.043339
vt 0.311000 0.047924
vt 0.325655 0.085548
vt 0.372849 0.043339
vt 0.358578 0.085548
vt 0.373232 0.047924
vt 0.363793 0.034633
vt 0.342116 0.079417
vt 0.372849 0.043339
vt 0.342116 0.027951
vt 0.342116 0.079417
vt 0.363793 0.034633
vt 0.419154 0.744713
vt 0.419154 0.733711
vt 0.460385 0.741247
vt 0.384386 0.730691
vt 0.377922 0.741247
vt 0.369860 0.729049
vt 0.468447 0.729049
vt 0.469061 0.726162
vt 0.491378 0.727366
vt 0.468447 0.729049
vt 0.460385 0.741247
vt 0.453921 0.730691
vt 0.369860 0.729049
vt 0.349963 0.727342
vt 0.369246 0.726162
vt 0.453921 0.730691
vt 0.460385 0.741247
vt 0.419154 0.733711
vt 0.460385 0.741247
vt 0.419154 0.776552
vt 0.419154 0.744713
vt 0.419154 0.744713
vt 0.419154 0.776552
vt 0.377922 0.741247
vt 0.419154 0.744713
vt 0.377922 0.741247
vt 0.419154 0.733711
vt 0.452528 0.722240
vt 0.419154 0.725252
vt 0.450165 0.716776
vt 0.589868 0.706489
vt 0.599843 0.716558
vt 0.604160 0.698654
vt 0.450165 0.716776
vt 0.419154 0.721026
vt 0.444470 0.690894
vt 0.460566 0.674575
vt 0.465167 0.697344
vt 0.441580 0.680210
vt 0.561862 0.671876
vt 0.560333 0.675717
vt 0.524183 0.676016
vt 0.419153 0.650292
vt 0.439888 0.655721
vt 0.419153 0.681627
vt 0.419154 0.692854
vt 0.393837 0.690894
vt 0.419153 0.681627
vt 0.393837 0.690894
vt 0.373140 0.697344
vt 0.396727 0.680210
vt 0.561862 0.671876
vt 0.524183 0.676016
vt 0.560333 0.675717
vt 0.589868 0.706489
vt 0.599843 0.716558
vt 0.561862 0.671876
vt 0.560333 0.675717
vt 0.599843 0.716558
vt 0.561862 0.671876
vt 0.559226 0.716890
vt 0.579373 0.770188
vt 0.590118 0.730303
vt 0.342116 0.023989
vt 0.342116 0.080090
vt 0.321309 0.032719
vt 0.419154 0.721026
vt 0.419154 0.725252
vt 0.388142 0.716776
vt 0.419154 0.692854
vt 0.419154 0.721026
vt 0.393837 0.690894
vt 0.441580 0.680210
vt 0.444470 0.690894
vt 0.419153 0.681627
vt 0.396727 0.680210
vt 0.398419 0.655721
vt 0.419153 0.681627
vt 0.579535 0.710875
vt 0.599843 0.716558
vt 0.590118 0.730303
vt 0.559226 0.716890
vt 0.590118 0.730303
vt 0.579535 0.710875
vt 0.353384 0.715665
vt 0.369636 0.723545
vt 0.349963 0.727342
vt 0.487943 0.715665
vt 0.491378 0.727366
vt 0.468671 0.723545
vt 0.373140 0.697344
vt 0.369636 0.723545
vt 0.353384 0.715665
vt 0.398419 0.655721
vt 0.396727 0.680210
vt 0.377741 0.674575
vt 0.439888 0.655721
vt 0.460566 0.674575
vt 0.441580 0.680210
vt 0.419153 0.650292
vt 0.419153 0.681627
vt 0.398419 0.655721
vt 0.419154 0.692854
vt 0.419153 0.681627
vt 0.444470 0.690894
vt 0.388142 0.716776
vt 0.393837 0.690894
vt 0.419154 0.721026
vt 0.549132 0.697610
vt 0.579535 0.710875
vt 0.559226 0.716890
vt 0.537014 0.680843
vt 0.549132 0.697610
vt 0.560333 0.675717
vt 0.579535 0.710875
vt 0.590118 0.730303
vt 0.599843 0.716558
vt 0.559226 0.716890
vt 0.590118 0.730303
vt 0.579373 0.770187
vt 0.559226 0.716890
vt 0.579535 0.710875
vt 0.549132 0.697610
vt 0.560333 0.675717
vt 0.549132 0.697610
vt 0.599843 0.716558
vt 0.487943 0.715665
vt 0.465167 0.697344
vt 0.460566 0.674575
vt 0.549132 0.697610
vt 0.537014 0.680843
vt 0.560333 0.675717
vt 0.452528 0.722240
vt 0.450165 0.716776
vt 0.468671 0.723545
vt 0.385779 0.722240
vt 0.388142 0.716776
vt 0.419154 0.725252
vt 0.450165 0.716776
vt 0.444470 0.690894
vt 0.465167 0.697344
vt 0.362924 0.032719
vt 0.372989 0.042241
vt 0.342116 0.080090
vt 0.579535 0.710875
vt 0.590118 0.730303
vt 0.559226 0.716890
vt 0.560333 0.675717
vt 0.561862 0.671876
vt 0.599843 0.716558
vt 0.537014 0.680843
vt 0.560333 0.675717
vt 0.524183 0.676016
vt 0.377741 0.674575
vt 0.396727 0.680210
vt 0.373140 0.697344
vt 0.396727 0.680210
vt 0.419153 0.681627
vt 0.393837 0.690894
vt 0.441580 0.680210
vt 0.419153 0.681627
vt 0.439888 0.655721
vt 0.537014 0.680843
vt 0.524183 0.676016
vt 0.560333 0.675717
vt 0.388142 0.716776
vt 0.373140 0.697344
vt 0.393837 0.690894
vt 0.353384 0.715665
vt 0.377741 0.674575
vt 0.373140 0.697344
vt 0.369636 0.723545
vt 0.388142 0.716776
vt 0.385779 0.722240
vt 0.373140 0.697344
vt 0.388142 0.716776
vt 0.369636 0.723545
vt 0.441580 0.680210
vt 0.465167 0.697344
vt 0.444470 0.690894
vt 0.465167 0.697344
vt 0.468671 0.723545
vt 0.450165 0.716776
vt 0.487943 0.715665
vt 0.468671 0.723545
vt 0.465167 0.697344
vt 0.419154 0.692854
vt 0.444470 0.690894
vt 0.419154 0.721026
vt 0.419154 0.721026
vt 0.450165 0.716776
vt 0.419154 0.725252
vt 0.773233 0.818183
vt 0.777217 0.775148
vt 0.807032 0.818082
vt 0.777217 0.775148
vt 0.750737 0.773235
vt 0.776839 0.773532
vt 0.773233 0.818183
vt 0.753783 0.812262
vt 0.777217 0.775148
vt 0.777217 0.775148
vt 0.753783 0.812262
vt 0.750737 0.773235
vt 0.776839 0.773532
vt 0.750737 0.773235
vt 0.750874 0.771758
vt 0.773233 0.818183
vt 0.776839 0.773532
vt 0.753783 0.812262
vt 0.849883 0.803668
vt 0.842515 0.778279
vt 0.849468 0.801971
vt 0.810395 0.775718
vt 0.776839 0.773532
vt 0.806847 0.817032
vt 0.810776 0.776974
vt 0.777217 0.775148
vt 0.810395 0.775718
vt 0.842515 0.778279
vt 0.810776 0.776974
vt 0.841955 0.776430
vt 0.806847 0.817032
vt 0.807032 0.818082
vt 0.837940 0.818859
vt 0.849468 0.801971
vt 0.837940 0.818859
vt 0.849883 0.803668
vt 0.810776 0.776974
vt 0.849883 0.803668
vt 0.807032 0.818082
vt 0.810395 0.775718
vt 0.806847 0.817032
vt 0.849468 0.801971
vt 0.841955 0.776430
vt 0.810395 0.775718
vt 0.849468 0.801971
vt 0.838212 0.820404
vt 0.807032 0.818082
vt 0.849883 0.803668
vt 0.838212 0.820404
vt 0.849883 0.803668
vt 0.837940 0.818859
vt 0.838212 0.820404
vt 0.837940 0.818859
vt 0.807032 0.818082
vt 0.842515 0.778279
vt 0.849883 0.803668
vt 0.810776 0.776974
vt 0.841955 0.776430
vt 0.810776 0.776974
vt 0.810395 0.775718
vt 0.837940 0.818859
vt 0.849468 0.801971
vt 0.806847 0.817032
vt 0.807032 0.818082
vt 0.806847 0.817032
vt 0.773233 0.818183
vt 0.810776 0.776974
vt 0.807032 0.818082
vt 0.777217 0.775148
vt 0.810395 0.775718
vt 0.777217 0.775148
vt 0.776839 0.773532
vt 0.806847 0.817032
vt 0.776839 0.773532
vt 0.773233 0.818183
vt 0.849468 0.801971
vt 0.842515 0.778279
vt 0.841955 0.776430
vt 0.773544 0.818124
vt 0.777391 0.775146
vt 0.807098 0.818140
vt 0.773544 0.818124
vt 0.753783 0.812262
vt 0.777391 0.775146
vt 0.777075 0.773710
vt 0.777391 0.775146
vt 0.750998 0.771649
vt 0.773544 0.818124
vt 0.777075 0.773710
vt 0.753783 0.812262
vt 0.777391 0.775146
vt 0.753783 0.812262
vt 0.750839 0.773212
vt 0.849710 0.802020
vt 0.838082 0.818889
vt 0.849811 0.803666
vt 0.810329 0.775701
vt 0.777075 0.773710
vt 0.806613 0.817206
vt 0.810394 0.777019
vt 0.777391 0.775146
vt 0.810329 0.775701
vt 0.806613 0.817206
vt 0.807098 0.818140
vt 0.838082 0.818889
vt 0.810394 0.777019
vt 0.810329 0.775701
vt 0.842351 0.778305
vt 0.849811 0.803666
vt 0.842351 0.778305
vt 0.849710 0.802020
vt 0.810394 0.777019
vt 0.849811 0.803666
vt 0.807098 0.818140
vt 0.810329 0.775701
vt 0.806613 0.817206
vt 0.849710 0.802020
vt 0.841871 0.776360
vt 0.810329 0.775701
vt 0.849710 0.802020
vt 0.838094 0.820505
vt 0.807098 0.818140
vt 0.849811 0.803666
vt 0.841871 0.776360
vt 0.849710 0.802020
vt 0.842351 0.778305
vt 0.841871 0.776360
vt 0.842351 0.778305
vt 0.810329 0.775701
vt 0.838082 0.818889
vt 0.849710 0.802020
vt 0.806613 0.817206
vt 0.838094 0.820505
vt 0.838082 0.818889
vt 0.807098 0.818140
vt 0.842351 0.778305
vt 0.849811 0.803666
vt 0.810394 0.777019
vt 0.810329 0.775701
vt 0.777391 0.775146
vt 0.777075 0.773710
vt 0.806613 0.817206
vt 0.777075 0.773710
vt 0.773544 0.818124
vt 0.807098 0.818140
vt 0.806613 0.817206
vt 0.773544 0.818124
vt 0.810394 0.777019
vt 0.807098 0.818140
vt 0.777391 0.775146
vt 0.849811 0.803666
vt 0.838082 0.818889
vt 0.838094 0.820505
vt 0.086764 0.476043
vt 0.167487 0.508228
vt 0.121511 0.506319
vt 0.065861 0.430811
vt 0.090792 0.323439
vt 0.111417 0.322450
vt 0.771648 0.683648
vt 0.830766 0.689203
vt 0.770813 0.708015
vt 0.063083 0.404909
vt 0.052875 0.401912
vt 0.090792 0.323439
vt 0.771648 0.683648
vt 0.770813 0.708015
vt 0.749555 0.690892
vt 0.256167 0.960498
vt 0.170455 0.908037
vt 0.229485 0.902744
vt 0.256167 0.960498
vt 0.204387 0.978216
vt 0.169838 0.964452
vt 0.282479 0.913233
vt 0.232680 0.839113
vt 0.282396 0.831638
vt 0.256167 0.960498
vt 0.245091 0.983081
vt 0.204387 0.978216
vt 0.065861 0.430811
vt 0.164964 0.467453
vt 0.086764 0.476043
vt 0.086764 0.476043
vt 0.164964 0.467453
vt 0.167487 0.508228
vt 0.823069 0.535085
vt 0.778793 0.521068
vt 0.820245 0.541745
vt 0.840217 0.574249
vt 0.848680 0.570675
vt 0.820245 0.541745
vt 0.838590 0.621267
vt 0.844038 0.625502
vt 0.840217 0.574249
vt 0.809845 0.645830
vt 0.812975 0.651518
vt 0.838590 0.621267
vt 0.755141 0.643844
vt 0.749445 0.650996
vt 0.809845 0.645830
vt 0.716903 0.620211
vt 0.749445 0.650996
vt 0.712962 0.622614
vt 0.713316 0.580261
vt 0.706420 0.577844
vt 0.712962 0.622614
vt 0.731644 0.536387
vt 0.706420 0.577844
vt 0.735462 0.542422
vt 0.779274 0.528293
vt 0.778793 0.521068
vt 0.735462 0.542422
vt 0.779274 0.528293
vt 0.813741 0.557521
vt 0.820245 0.541745
vt 0.748409 0.565560
vt 0.779274 0.528293
vt 0.735462 0.542422
vt 0.734904 0.604697
vt 0.713316 0.580261
vt 0.712962 0.622614
vt 0.801073 0.622435
vt 0.766440 0.618263
vt 0.809845 0.645830
vt 0.816343 0.568390
vt 0.824825 0.625163
vt 0.826519 0.565512
vt 0.778793 0.521068
vt 0.778663 0.618896
vt 0.731644 0.536387
vt 0.848680 0.570675
vt 0.778663 0.618896
vt 0.823069 0.535085
vt 0.844038 0.625502
vt 0.778663 0.618896
vt 0.848680 0.570675
vt 0.812975 0.651518
vt 0.778663 0.618896
vt 0.844038 0.625502
vt 0.749445 0.650996
vt 0.778663 0.618896
vt 0.812975 0.651518
vt 0.706420 0.577844
vt 0.778663 0.618896
vt 0.716903 0.620211
vt 0.731644 0.536387
vt 0.778663 0.618896
vt 0.706420 0.577844
vt 0.778311 0.554345
vt 0.809337 0.580402
vt 0.813741 0.557521
vt 0.763001 0.581088
vt 0.774240 0.573152
vt 0.748409 0.565560
vt 0.734904 0.604697
vt 0.763128 0.594397
vt 0.746472 0.582447
vt 0.776233 0.600660
vt 0.763128 0.594397
vt 0.766440 0.618263
vt 0.813092 0.612313
vt 0.788277 0.594373
vt 0.801073 0.622435
vt 0.809337 0.580402
vt 0.787617 0.579279
vt 0.813092 0.612313
vt 0.774240 0.573152
vt 0.787617 0.579279
vt 0.778311 0.554345
vt 0.813022 0.633717
vt 0.801073 0.622435
vt 0.809845 0.645830
vt 0.838590 0.621267
vt 0.824825 0.625163
vt 0.809845 0.645830
vt 0.766440 0.618263
vt 0.747003 0.621128
vt 0.755141 0.643844
vt 0.735443 0.612490
vt 0.747003 0.621128
vt 0.734904 0.604697
vt 0.712962 0.622614
vt 0.731924 0.622845
vt 0.734904 0.604697
vt 0.740989 0.630924
vt 0.731924 0.622845
vt 0.755141 0.643844
vt 0.746472 0.582447
vt 0.736822 0.575925
vt 0.734904 0.604697
vt 0.735462 0.542422
vt 0.735904 0.556607
vt 0.748409 0.565560
vt 0.726603 0.570569
vt 0.735904 0.556607
vt 0.713316 0.580261
vt 0.826519 0.565512
vt 0.824825 0.625163
vt 0.838590 0.621267
vt 0.820761 0.555368
vt 0.840217 0.574249
vt 0.820245 0.541745
vt 0.809337 0.580402
vt 0.816343 0.568390
vt 0.813741 0.557521
vt 0.822610 0.561299
vt 0.820761 0.555368
vt 0.813741 0.557521
vt 0.822610 0.561299
vt 0.826519 0.565512
vt 0.820761 0.555368
vt 0.822610 0.561299
vt 0.816343 0.568390
vt 0.826519 0.565512
vt 0.822610 0.561299
vt 0.813741 0.557521
vt 0.816343 0.568390
vt 0.825376 0.624138
vt 0.824825 0.625163
vt 0.813092 0.612313
vt 0.825376 0.624138
vt 0.813022 0.633717
vt 0.824825 0.625163
vt 0.825376 0.624138
vt 0.801073 0.622435
vt 0.813022 0.633717
vt 0.825376 0.624138
vt 0.813092 0.612313
vt 0.801073 0.622435
vt 0.738851 0.621180
vt 0.740989 0.630924
vt 0.747003 0.621128
vt 0.738851 0.621180
vt 0.731924 0.622845
vt 0.740989 0.630924
vt 0.738851 0.621180
vt 0.735443 0.612490
vt 0.731924 0.622845
vt 0.738851 0.621180
vt 0.747003 0.621128
vt 0.735443 0.612490
vt 0.735883 0.567589
vt 0.726603 0.570569
vt 0.736822 0.575925
vt 0.735883 0.567589
vt 0.735904 0.556607
vt 0.726603 0.570569
vt 0.735883 0.567589
vt 0.748409 0.565560
vt 0.735904 0.556607
vt 0.735883 0.567589
vt 0.736822 0.575925
vt 0.748409 0.565560
vt 0.820761 0.555368
vt 0.820245 0.541745
vt 0.813741 0.557521
vt 0.826519 0.565512
vt 0.840217 0.574249
vt 0.820761 0.555368
vt 0.838590 0.621267
vt 0.840217 0.574249
vt 0.826519 0.565512
vt 0.735904 0.556607
vt 0.735462 0.542422
vt 0.713316 0.580261
vt 0.736822 0.575925
vt 0.746472 0.582447
vt 0.748409 0.565560
vt 0.726603 0.570569
vt 0.734904 0.604697
vt 0.736822 0.575925
vt 0.731924 0.622845
vt 0.712962 0.622614
vt 0.755141 0.643844
vt 0.735443 0.612490
vt 0.734904 0.604697
vt 0.731924 0.622845
vt 0.747003 0.621128
vt 0.766440 0.618263
vt 0.734904 0.604697
vt 0.740989 0.630924
vt 0.755141 0.643844
vt 0.747003 0.621128
vt 0.813022 0.633717
vt 0.809845 0.645830
vt 0.824825 0.625163
vt 0.824825 0.625163
vt 0.809337 0.580402
vt 0.813092 0.612313
vt 0.777835 0.581469
vt 0.788277 0.594373
vt 0.787617 0.579279
vt 0.777835 0.581469
vt 0.776233 0.600660
vt 0.788277 0.594373
vt 0.777835 0.581469
vt 0.763128 0.594397
vt 0.776233 0.600660
vt 0.777835 0.581469
vt 0.763001 0.581088
vt 0.763128 0.594397
vt 0.777835 0.581469
vt 0.774240 0.573152
vt 0.763001 0.581088
vt 0.777835 0.581469
vt 0.787617 0.579279
vt 0.774240 0.573152
vt 0.788277 0.594373
vt 0.813092 0.612313
vt 0.787617 0.579279
vt 0.776233 0.600660
vt 0.801073 0.622435
vt 0.788277 0.594373
vt 0.776233 0.600660
vt 0.766440 0.618263
vt 0.801073 0.622435
vt 0.763128 0.594397
vt 0.734904 0.604697
vt 0.766440 0.618263
vt 0.763001 0.581088
vt 0.746472 0.582447
vt 0.763128 0.594397
vt 0.763001 0.581088
vt 0.748409 0.565560
vt 0.746472 0.582447
vt 0.774240 0.573152
vt 0.778311 0.554345
vt 0.748409 0.565560
vt 0.809337 0.580402
vt 0.778311 0.554345
vt 0.787617 0.579279
vt 0.778663 0.618896
vt 0.749445 0.650996
vt 0.716903 0.620211
vt 0.778663 0.618896
vt 0.778793 0.521068
vt 0.823069 0.535085
vt 0.824825 0.625163
vt 0.816343 0.568390
vt 0.809337 0.580402
vt 0.766440 0.618263
vt 0.755141 0.643844
vt 0.809845 0.645830
vt 0.726603 0.570569
vt 0.713316 0.580261
vt 0.734904 0.604697
vt 0.778311 0.554345
vt 0.779274 0.528293
vt 0.748409 0.565560
vt 0.813741 0.557521
vt 0.779274 0.528293
vt 0.778311 0.554345
vt 0.731644 0.536387
vt 0.735462 0.542422
vt 0.778793 0.521068
vt 0.706420 0.577844
vt 0.713316 0.580261
vt 0.735462 0.542422
vt 0.716903 0.620211
vt 0.712962 0.622614
vt 0.706420 0.577844
vt 0.749445 0.650996
vt 0.755141 0.643844
vt 0.712962 0.622614
vt 0.812975 0.651518
vt 0.809845 0.645830
vt 0.749445 0.650996
vt 0.844038 0.625502
vt 0.838590 0.621267
vt 0.812975 0.651518
vt 0.848680 0.570675
vt 0.840217 0.574249
vt 0.844038 0.625502
vt 0.823069 0.535085
vt 0.820245 0.541745
vt 0.848680 0.570675
vt 0.778793 0.521068
vt 0.779274 0.528293
vt 0.820245 0.541745
vt 0.869488 0.491620
vt 0.911844 0.464523
vt 0.877364 0.453028
vt 0.697572 0.485788
vt 0.735889 0.490402
vt 0.722732 0.430743
vt 0.735889 0.490402
vt 0.769483 0.487896
vt 0.761880 0.439444
vt 0.869488 0.491620
vt 0.853032 0.453855
vt 0.834488 0.465325
vt 0.869488 0.491620
vt 0.927228 0.498047
vt 0.911844 0.464523
vt 0.722732 0.430743
vt 0.718119 0.320759
vt 0.686805 0.318733
vt 0.940296 0.334010
vt 0.924033 0.339842
vt 0.950129 0.398914
vt 0.864272 0.352303
vt 0.888759 0.333615
vt 0.861969 0.331481
vt 0.924033 0.339842
vt 0.932045 0.412936
vt 0.950129 0.398914
vt 0.686805 0.318733
vt 0.673974 0.433034
vt 0.722732 0.430743
vt 0.877364 0.453028
vt 0.911844 0.464523
vt 0.900254 0.414479
vt 0.859714 0.425632
vt 0.842337 0.424785
vt 0.853032 0.453855
vt 0.924033 0.339842
vt 0.900254 0.414479
vt 0.932045 0.412936
vt 0.859714 0.425632
vt 0.900254 0.414479
vt 0.864272 0.352303
vt 0.840886 0.360057
vt 0.842337 0.424785
vt 0.864272 0.352303
vt 0.924033 0.339842
vt 0.945187 0.255218
vt 0.912615 0.262861
vt 0.853032 0.453855
vt 0.842337 0.424785
vt 0.834488 0.465325
vt 0.877364 0.453028
vt 0.859714 0.425632
vt 0.853032 0.453855
vt 0.877364 0.453028
vt 0.853032 0.453855
vt 0.869488 0.491620
vt 0.859714 0.425632
vt 0.864272 0.352303
vt 0.842337 0.424785
vt 0.900254 0.414479
vt 0.911844 0.464523
vt 0.932045 0.412936
vt 0.673974 0.433034
vt 0.662124 0.474547
vt 0.722732 0.430743
vt 0.900254 0.414479
vt 0.859714 0.425632
vt 0.877364 0.453028
vt 0.761880 0.439444
vt 0.766888 0.349563
vt 0.722732 0.430743
vt 0.911844 0.464523
vt 0.927228 0.498047
vt 0.958605 0.482090
vt 0.932045 0.412936
vt 0.958605 0.482090
vt 0.979770 0.452974
vt 0.761880 0.439444
vt 0.722732 0.430743
vt 0.735889 0.490402
vt 0.722732 0.430743
vt 0.662124 0.474547
vt 0.697572 0.485788
vt 0.950129 0.398914
vt 0.932045 0.412936
vt 0.979770 0.452974
vt 0.932045 0.412936
vt 0.911844 0.464523
vt 0.958605 0.482090
vt 0.881753 0.185553
vt 0.855048 0.118352
vt 0.840606 0.183285
vt 0.883026 0.266340
vt 0.888759 0.333615
vt 0.912615 0.262861
vt 0.829246 0.259534
vt 0.839752 0.303011
vt 0.854782 0.260374
vt 0.882784 0.201535
vt 0.881753 0.185553
vt 0.856845 0.199082
vt 0.718119 0.320759
vt 0.770802 0.308814
vt 0.728441 0.272168
vt 0.856845 0.199082
vt 0.840606 0.183285
vt 0.826995 0.196984
vt 0.883026 0.266340
vt 0.882784 0.201535
vt 0.854782 0.260374
vt 0.912024 0.205570
vt 0.913337 0.188591
vt 0.882784 0.201535
vt 0.942582 0.201290
vt 0.945210 0.187418
vt 0.912024 0.205570
vt 0.727578 0.199669
vt 0.678041 0.192585
vt 0.680888 0.207041
vt 0.856845 0.199082
vt 0.826995 0.196984
vt 0.854782 0.260374
vt 0.854782 0.260374
vt 0.863279 0.309339
vt 0.883026 0.266340
vt 0.912024 0.205570
vt 0.882784 0.201535
vt 0.912615 0.262861
vt 0.942582 0.201290
vt 0.912024 0.205570
vt 0.945187 0.255218
vt 0.728441 0.272168
vt 0.727578 0.199669
vt 0.680335 0.266457
vt 0.775998 0.193419
vt 0.727578 0.199669
vt 0.781640 0.260310
vt 0.727578 0.199669
vt 0.728441 0.272168
vt 0.781640 0.260310
vt 0.680888 0.207041
vt 0.680335 0.266457
vt 0.727578 0.199669
vt 0.912024 0.205570
vt 0.912615 0.262861
vt 0.945187 0.255218
vt 0.882784 0.201535
vt 0.883026 0.266340
vt 0.912615 0.262861
vt 0.888759 0.333615
vt 0.883026 0.266340
vt 0.863279 0.309339
vt 0.826995 0.196984
vt 0.829246 0.259534
vt 0.854782 0.260374
vt 0.881753 0.185553
vt 0.882784 0.201535
vt 0.913337 0.188591
vt 0.854782 0.260374
vt 0.882784 0.201535
vt 0.856845 0.199082
vt 0.781640 0.260310
vt 0.728441 0.272168
vt 0.770802 0.308814
vt 0.854782 0.260374
vt 0.839752 0.303011
vt 0.863279 0.309339
vt 0.718119 0.320759
vt 0.774134 0.328207
vt 0.770802 0.308814
vt 0.836688 0.327169
vt 0.863279 0.309339
vt 0.839752 0.303011
vt 0.888759 0.333615
vt 0.864272 0.352303
vt 0.900254 0.414479
vt 0.888759 0.333615
vt 0.900254 0.414479
vt 0.924033 0.339842
vt 0.836688 0.327169
vt 0.840886 0.360057
vt 0.861969 0.331481
vt 0.861969 0.331481
vt 0.863279 0.309339
vt 0.836688 0.327169
vt 0.718119 0.320759
vt 0.722732 0.430743
vt 0.766888 0.349563
vt 0.774134 0.328207
vt 0.718119 0.320759
vt 0.766888 0.349563
vt 0.861969 0.331481
vt 0.840886 0.360057
vt 0.864272 0.352303
vt 0.863279 0.309339
vt 0.861969 0.331481
vt 0.888759 0.333615
vt 0.680335 0.266457
vt 0.686805 0.318733
vt 0.728441 0.272168
vt 0.728441 0.272168
vt 0.686805 0.318733
vt 0.718119 0.320759
vt 0.945187 0.255218
vt 0.924033 0.339842
vt 0.940296 0.334010
vt 0.912615 0.262861
vt 0.888759 0.333615
vt 0.924033 0.339842
vt 0.584739 0.245909
vt 0.615904 0.161587
vt 0.590862 0.250968
vt 0.507218 0.298527
vt 0.505830 0.290775
vt 0.590862 0.250968
vt 0.412101 0.282010
vt 0.416097 0.275193
vt 0.507218 0.298527
vt 0.350017 0.209146
vt 0.357528 0.206454
vt 0.412101 0.282010
vt 0.357528 0.116721
vt 0.357528 0.206454
vt 0.350017 0.114029
vt 0.412101 0.041165
vt 0.416097 0.047981
vt 0.350017 0.114029
vt 0.505830 0.032399
vt 0.416097 0.047981
vt 0.507218 0.024648
vt 0.590862 0.072206
vt 0.584739 0.077266
vt 0.507218 0.024648
vt 0.615904 0.161587
vt 0.584739 0.077266
vt 0.623896 0.161587
vt 0.590862 0.250968
vt 0.623896 0.161587
vt 0.507218 0.298527
vt 0.507218 0.298527
vt 0.623896 0.161587
vt 0.507218 0.024648
vt 0.412101 0.041165
vt 0.507218 0.298527
vt 0.507218 0.024648
vt 0.412101 0.282010
vt 0.507218 0.298527
vt 0.350017 0.209146
vt 0.350017 0.209146
vt 0.507218 0.298527
vt 0.350017 0.114029
vt 0.350017 0.114029
vt 0.507218 0.298527
vt 0.412101 0.041165
vt 0.571650 0.161587
vt 0.615904 0.161587
vt 0.550839 0.217896
vt 0.584739 0.077266
vt 0.615904 0.161587
vt 0.550839 0.105279
vt 0.498145 0.075318
vt 0.505830 0.032399
vt 0.550839 0.105279
vt 0.438224 0.085724
vt 0.416097 0.047981
vt 0.498145 0.075318
vt 0.357528 0.116721
vt 0.416097 0.047981
vt 0.399112 0.131626
vt 0.399112 0.191548
vt 0.357528 0.206454
vt 0.399112 0.131626
vt 0.438224 0.237451
vt 0.416097 0.275193
vt 0.399112 0.191548
vt 0.498145 0.247856
vt 0.505830 0.290775
vt 0.438224 0.237451
vt 0.584739 0.245909
vt 0.505830 0.290775
vt 0.550839 0.217896
vt 0.508340 0.161587
vt 0.571650 0.161587
vt 0.502341 0.177819
vt 0.550839 0.105279
vt 0.571650 0.161587
vt 0.502341 0.145356
vt 0.487151 0.136720
vt 0.498145 0.075318
vt 0.502341 0.145356
vt 0.469879 0.139719
vt 0.438224 0.085724
vt 0.487151 0.136720
vt 0.399112 0.131626
vt 0.438224 0.085724
vt 0.458605 0.152951
vt 0.399112 0.191548
vt 0.399112 0.131626
vt 0.458605 0.170224
vt 0.469879 0.183456
vt 0.438224 0.237451
vt 0.458605 0.170224
vt 0.487151 0.186455
vt 0.498145 0.247856
vt 0.469879 0.183456
vt 0.550839 0.217896
vt 0.498145 0.247856
vt 0.502341 0.177819
vt 0.482700 0.161587
vt 0.502341 0.177819
vt 0.487151 0.186455
vt 0.482700 0.161587
vt 0.487151 0.186455
vt 0.469879 0.183456
vt 0.482700 0.161587
vt 0.469879 0.183456
vt 0.458605 0.170224
vt 0.482700 0.161587
vt 0.458605 0.170224
vt 0.458605 0.152951
vt 0.482700 0.161587
vt 0.458605 0.152951
vt 0.469879 0.139719
vt 0.482700 0.161587
vt 0.469879 0.139719
vt 0.487151 0.136720
vt 0.482700 0.161587
vt 0.487151 0.136720
vt 0.502341 0.145356
vt 0.482700 0.161587
vt 0.502341 0.145356
vt 0.508340 0.161587
vt 0.482700 0.161587
vt 0.508340 0.161587
vt 0.502341 0.177819
vt 0.487151 0.186455
vt 0.502341 0.177819
vt 0.498145 0.247856
vt 0.469879 0.183456
vt 0.498145 0.247856
vt 0.438224 0.237451
vt 0.458605 0.170224
vt 0.438224 0.237451
vt 0.399112 0.191548
vt 0.458605 0.152951
vt 0.458605 0.170224
vt 0.399112 0.131626
vt 0.469879 0.139719
vt 0.458605 0.152951
vt 0.438224 0.085724
vt 0.487151 0.136720
vt 0.438224 0.085724
vt 0.498145 0.075318
vt 0.502341 0.145356
vt 0.498145 0.075318
vt 0.550839 0.105279
vt 0.508340 0.161587
vt 0.502341 0.145356
vt 0.571650 0.161587
vt 0.502341 0.177819
vt 0.571650 0.161587
vt 0.550839 0.217896
vt 0.498145 0.247856
vt 0.550839 0.217896
vt 0.505830 0.290775
vt 0.438224 0.237451
vt 0.505830 0.290775
vt 0.416097 0.275193
vt 0.399112 0.191548
vt 0.416097 0.275193
vt 0.357528 0.206454
vt 0.399112 0.131626
vt 0.357528 0.206454
vt 0.357528 0.116721
vt 0.438224 0.085724
vt 0.399112 0.131626
vt 0.416097 0.047981
vt 0.498145 0.075318
vt 0.416097 0.047981
vt 0.505830 0.032399
vt 0.550839 0.105279
vt 0.505830 0.032399
vt 0.584739 0.077266
vt 0.571650 0.161587
vt 0.550839 0.105279
vt 0.615904 0.161587
vt 0.550839 0.217896
vt 0.615904 0.161587
vt 0.584739 0.245909
vt 0.590862 0.072206
vt 0.507218 0.024648
vt 0.623896 0.161587
vt 0.590862 0.072206
vt 0.623896 0.161587
vt 0.584739 0.077266
vt 0.507218 0.024648
vt 0.584739 0.077266
vt 0.505830 0.032399
vt 0.412101 0.041165
vt 0.507218 0.024648
vt 0.416097 0.047981
vt 0.350017 0.114029
vt 0.416097 0.047981
vt 0.357528 0.116721
vt 0.350017 0.209146
vt 0.350017 0.114029
vt 0.357528 0.206454
vt 0.412101 0.282010
vt 0.357528 0.206454
vt 0.416097 0.275193
vt 0.507218 0.298527
vt 0.416097 0.275193
vt 0.505830 0.290775
vt 0.590862 0.250968
vt 0.505830 0.290775
vt 0.584739 0.245909
vt 0.623896 0.161587
vt 0.590862 0.250968
vt 0.615904 0.161587
vt 0.840606 0.183285
vt 0.829774 0.126655
vt 0.826995 0.196984
vt 0.922059 0.119935
vt 0.913337 0.188591
vt 0.942265 0.135728
vt 0.752908 0.165707
vt 0.727578 0.199669
vt 0.775998 0.193419
vt 0.680146 0.163263
vt 0.727578 0.199669
vt 0.752908 0.165707
vt 0.678041 0.192585
vt 0.727578 0.199669
vt 0.680146 0.163263
vt 0.913337 0.188591
vt 0.912024 0.205570
vt 0.945210 0.187418
vt 0.752908 0.165707
vt 0.775998 0.193419
vt 0.784018 0.115519
vt 0.656948 0.161242
vt 0.678041 0.192585
vt 0.680146 0.163263
vt 0.840606 0.183285
vt 0.856845 0.199082
vt 0.881753 0.185553
vt 0.942265 0.135728
vt 0.913337 0.188591
vt 0.947682 0.157275
vt 0.829774 0.126655
vt 0.840606 0.183285
vt 0.855048 0.118352
vt 0.829091 0.121712
vt 0.826995 0.196984
vt 0.829774 0.126655
vt 0.855048 0.118352
vt 0.881753 0.185553
vt 0.885154 0.113736
vt 0.885154 0.113736
vt 0.881753 0.185553
vt 0.913337 0.188591
vt 0.680146 0.163263
vt 0.752908 0.165707
vt 0.717423 0.104169
vt 0.918637 0.133016
vt 0.921978 0.111800
vt 0.942265 0.135728
vt 0.752908 0.165707
vt 0.752511 0.107095
vt 0.717423 0.104169
vt 0.913337 0.188591
vt 0.945210 0.187418
vt 0.947682 0.157275
vt 0.681961 0.111158
vt 0.717423 0.104169
vt 0.686188 0.065628
vt 0.681961 0.111158
vt 0.685598 0.133321
vt 0.717423 0.104169
vt 0.922059 0.119935
vt 0.885154 0.113736
vt 0.913337 0.188591
vt 0.784018 0.115519
vt 0.752511 0.107095
vt 0.752908 0.165707
vt 0.922059 0.119935
vt 0.921978 0.111800
vt 0.915062 0.105602
vt 0.685598 0.133321
vt 0.673045 0.116387
vt 0.672351 0.145091
vt 0.717423 0.104169
vt 0.685598 0.133321
vt 0.680146 0.163263
vt 0.942265 0.135728
vt 0.921978 0.111800
vt 0.922059 0.119935
vt 0.885154 0.113736
vt 0.888403 0.107682
vt 0.882305 0.102112
vt 0.855048 0.118352
vt 0.855689 0.105436
vt 0.855225 0.112914
vt 0.829774 0.126655
vt 0.827235 0.111014
vt 0.829091 0.121712
vt 0.943939 0.118071
vt 0.932254 0.115984
vt 0.942265 0.135728
vt 0.954005 0.121528
vt 0.942265 0.135728
vt 0.950948 0.146807
vt 0.950948 0.146807
vt 0.942265 0.135728
vt 0.947682 0.157275
vt 0.672351 0.145091
vt 0.653444 0.150433
vt 0.680146 0.163263
vt 0.653444 0.150433
vt 0.656948 0.161242
vt 0.680146 0.163263
vt 0.672351 0.145091
vt 0.680146 0.163263
vt 0.685598 0.133321
vt 0.943939 0.118071
vt 0.942265 0.135728
vt 0.954005 0.121528
vt 0.932254 0.115984
vt 0.918637 0.133016
vt 0.942265 0.135728
vt 0.665540 0.119940
vt 0.672351 0.145091
vt 0.673045 0.116387
vt 0.650086 0.123954
vt 0.653444 0.150433
vt 0.672351 0.145091
vt 0.650086 0.123954
vt 0.665540 0.119940
vt 0.646300 0.100241
vt 0.954005 0.121528
vt 0.957480 0.098836
vt 0.943939 0.118071
vt 0.665540 0.119940
vt 0.650086 0.123954
vt 0.672351 0.145091
vt 0.932874 0.097393
vt 0.947274 0.097028
vt 0.942883 0.082120
vt 0.942883 0.082120
vt 0.941591 0.082905
vt 0.932874 0.097393
vt 0.660820 0.098704
vt 0.672296 0.096785
vt 0.663011 0.082155
vt 0.947274 0.097028
vt 0.957480 0.098836
vt 0.950728 0.083196
vt 0.950728 0.083196
vt 0.942883 0.082120
vt 0.947274 0.097028
vt 0.646300 0.100241
vt 0.660820 0.098704
vt 0.653357 0.083180
vt 0.663011 0.082155
vt 0.653357 0.083180
vt 0.660820 0.098704
vt 0.672296 0.096785
vt 0.660820 0.098704
vt 0.673045 0.116387
vt 0.947274 0.097028
vt 0.932254 0.115984
vt 0.943939 0.118071
vt 0.942883 0.082120
vt 0.950728 0.083196
vt 0.941591 0.082905
vt 0.947274 0.097028
vt 0.943939 0.118071
vt 0.957480 0.098836
vt 0.932874 0.097393
vt 0.932254 0.115984
vt 0.947274 0.097028
vt 0.660820 0.098704
vt 0.665540 0.119940
vt 0.673045 0.116387
vt 0.660820 0.098704
vt 0.646300 0.100241
vt 0.665540 0.119940
vt 0.895976 0.103659
vt 0.888403 0.107682
vt 0.885154 0.113736
vt 0.895976 0.103659
vt 0.885154 0.113736
vt 0.915062 0.105602
vt 0.915062 0.105602
vt 0.921978 0.111800
vt 0.916396 0.073926
vt 0.916396 0.073926
vt 0.897684 0.072721
vt 0.915062 0.105602
vt 0.915062 0.105602
vt 0.885154 0.113736
vt 0.922059 0.119935
vt 0.897578 0.067205
vt 0.888403 0.107682
vt 0.897684 0.072721
vt 0.897684 0.072721
vt 0.888403 0.107682
vt 0.895976 0.103659
vt 0.707522 0.062106
vt 0.686188 0.065628
vt 0.717423 0.104169
vt 0.917775 0.069037
vt 0.916396 0.073926
vt 0.921978 0.111800
vt 0.897684 0.072721
vt 0.895976 0.103659
vt 0.915062 0.105602
vt 0.897684 0.072721
vt 0.897910 0.057963
vt 0.897578 0.067205
vt 0.897684 0.072721
vt 0.916396 0.073926
vt 0.897910 0.057963
vt 0.915744 0.058279
vt 0.897910 0.057963
vt 0.916396 0.073926
vt 0.915744 0.058279
vt 0.916396 0.073926
vt 0.917775 0.069037
vt 0.897910 0.057963
vt 0.915744 0.058279
vt 0.901357 0.032033
vt 0.914685 0.036437
vt 0.913965 0.032731
vt 0.917775 0.069037
vt 0.705614 0.028924
vt 0.689289 0.030927
vt 0.707522 0.062106
vt 0.897910 0.057963
vt 0.901357 0.032033
vt 0.897578 0.067205
vt 0.901357 0.032033
vt 0.913965 0.032731
vt 0.899234 0.035689
vt 0.914685 0.036437
vt 0.899234 0.035689
vt 0.913965 0.032731
vt 0.899234 0.035689
vt 0.897578 0.067205
vt 0.901357 0.032033
vt 0.689289 0.030927
vt 0.686188 0.065628
vt 0.707522 0.062106
vt 0.913965 0.032731
vt 0.915744 0.058279
vt 0.917775 0.069037
vt 0.913965 0.032731
vt 0.901357 0.032033
vt 0.915744 0.058279
vt 0.855689 0.105436
vt 0.855797 0.077874
vt 0.855225 0.112914
vt 0.882305 0.102112
vt 0.855048 0.118352
vt 0.885154 0.113736
vt 0.876460 0.074690
vt 0.855689 0.105436
vt 0.882305 0.102112
vt 0.882305 0.102112
vt 0.888403 0.107682
vt 0.876460 0.074690
vt 0.726351 0.063977
vt 0.717423 0.104169
vt 0.746782 0.066197
vt 0.860460 0.073832
vt 0.855225 0.112914
vt 0.855797 0.077874
vt 0.746782 0.066197
vt 0.717423 0.104169
vt 0.752511 0.107095
vt 0.879776 0.070298
vt 0.876460 0.074690
vt 0.888403 0.107682
vt 0.855689 0.105436
vt 0.855048 0.118352
vt 0.882305 0.102112
vt 0.855797 0.077874
vt 0.856605 0.059480
vt 0.860460 0.073832
vt 0.855797 0.077874
vt 0.876460 0.074690
vt 0.856605 0.059480
vt 0.855797 0.077874
vt 0.855689 0.105436
vt 0.876460 0.074690
vt 0.874943 0.057758
vt 0.856605 0.059480
vt 0.876460 0.074690
vt 0.874943 0.057758
vt 0.876460 0.074690
vt 0.879776 0.070298
vt 0.856605 0.059480
vt 0.874943 0.057758
vt 0.857067 0.031403
vt 0.874844 0.033645
vt 0.870742 0.029631
vt 0.879776 0.070298
vt 0.731379 0.027201
vt 0.726351 0.063977
vt 0.749392 0.026655
vt 0.856605 0.059480
vt 0.857067 0.031403
vt 0.860460 0.073832
vt 0.857067 0.031403
vt 0.870742 0.029631
vt 0.857814 0.036619
vt 0.874844 0.033645
vt 0.857814 0.036619
vt 0.870742 0.029631
vt 0.857814 0.036619
vt 0.860460 0.073832
vt 0.857067 0.031403
vt 0.749392 0.026655
vt 0.726351 0.063977
vt 0.746782 0.066197
vt 0.735694 0.022637
vt 0.731396 0.050344
vt 0.726351 0.063977
vt 0.870742 0.029631
vt 0.857067 0.031403
vt 0.874943 0.057758
vt 0.823350 0.086364
vt 0.842447 0.082042
vt 0.822503 0.073854
vt 0.823350 0.086364
vt 0.822503 0.073854
vt 0.823870 0.080269
vt 0.823350 0.086364
vt 0.827235 0.111014
vt 0.850495 0.105542
vt 0.827235 0.111014
vt 0.829774 0.126655
vt 0.855048 0.118352
vt 0.827235 0.111014
vt 0.823350 0.086364
vt 0.829091 0.121712
vt 0.823870 0.080269
vt 0.829091 0.121712
vt 0.823350 0.086364
vt 0.842447 0.082042
vt 0.850495 0.105542
vt 0.855225 0.112914
vt 0.842447 0.082042
vt 0.823350 0.086364
vt 0.850495 0.105542
vt 0.789327 0.071305
vt 0.765272 0.068868
vt 0.784018 0.115519
vt 0.765272 0.068868
vt 0.752511 0.107095
vt 0.784018 0.115519
vt 0.850495 0.105542
vt 0.827235 0.111014
vt 0.855048 0.118352
vt 0.842983 0.077657
vt 0.842447 0.082042
vt 0.855225 0.112914
vt 0.757472 0.098931
vt 0.752726 0.112829
vt 0.752511 0.107095
vt 0.822503 0.073854
vt 0.832952 0.046791
vt 0.820408 0.050057
vt 0.822503 0.073854
vt 0.820408 0.050057
vt 0.823870 0.080269
vt 0.839357 0.069193
vt 0.822503 0.073854
vt 0.842447 0.082042
vt 0.839357 0.069193
vt 0.842447 0.082042
vt 0.842983 0.077657
vt 0.838302 0.052737
vt 0.832952 0.046791
vt 0.842983 0.077657
vt 0.770093 0.042160
vt 0.765272 0.068868
vt 0.789893 0.042864
vt 0.822303 0.054591
vt 0.832952 0.046791
vt 0.838302 0.052737
vt 0.832952 0.046791
vt 0.822303 0.054591
vt 0.820408 0.050057
vt 0.822303 0.054591
vt 0.823870 0.080269
vt 0.820408 0.050057
vt 0.789893 0.042864
vt 0.765272 0.068868
vt 0.789327 0.071305
vt 0.764185 0.048394
vt 0.769060 0.059637
vt 0.765272 0.068868
vt 0.832952 0.046791
vt 0.822503 0.073854
vt 0.839357 0.069193
vt 0.868955 0.492143
vt 0.877033 0.453500
vt 0.911513 0.464995
vt 0.697572 0.486815
vt 0.722731 0.431756
vt 0.735889 0.491429
vt 0.735889 0.491429
vt 0.761880 0.440458
vt 0.769483 0.488923
vt 0.868955 0.492143
vt 0.834157 0.465809
vt 0.852702 0.454327
vt 0.868955 0.492143
vt 0.911513 0.464995
vt 0.926897 0.498532
vt 0.823070 0.534801
vt 0.820246 0.541461
vt 0.778793 0.520784
vt 0.840217 0.573965
vt 0.820246 0.541461
vt 0.848681 0.570391
vt 0.838591 0.620983
vt 0.840217 0.573965
vt 0.844039 0.625218
vt 0.809845 0.645546
vt 0.838591 0.620983
vt 0.812976 0.651234
vt 0.755142 0.643561
vt 0.809845 0.645546
vt 0.749446 0.650712
vt 0.716904 0.619927
vt 0.712963 0.622330
vt 0.749446 0.650712
vt 0.713316 0.579977
vt 0.712963 0.622330
vt 0.706421 0.577560
vt 0.731645 0.536103
vt 0.735462 0.542138
vt 0.706421 0.577560
vt 0.779274 0.528009
vt 0.735462 0.542138
vt 0.778793 0.520784
vt 0.779274 0.528009
vt 0.820246 0.541461
vt 0.813742 0.557237
vt 0.748410 0.565276
vt 0.735462 0.542138
vt 0.779274 0.528009
vt 0.734904 0.604413
vt 0.712963 0.622330
vt 0.713316 0.579977
vt 0.801073 0.622151
vt 0.809845 0.645546
vt 0.766441 0.617979
vt 0.816344 0.568106
vt 0.826520 0.565228
vt 0.824825 0.624879
vt 0.778793 0.520784
vt 0.731645 0.536103
vt 0.778664 0.618612
vt 0.848681 0.570391
vt 0.823070 0.534801
vt 0.778664 0.618612
vt 0.844039 0.625218
vt 0.848681 0.570391
vt 0.778664 0.618612
vt 0.812976 0.651234
vt 0.844039 0.625218
vt 0.778664 0.618612
vt 0.749446 0.650712
vt 0.812976 0.651234
vt 0.778664 0.618612
vt 0.706421 0.577560
vt 0.716904 0.619927
vt 0.778664 0.618612
vt 0.731645 0.536103
vt 0.706421 0.577560
vt 0.778664 0.618612
vt 0.778312 0.554061
vt 0.813742 0.557237
vt 0.809338 0.580118
vt 0.763002 0.580804
vt 0.748410 0.565276
vt 0.774240 0.572868
vt 0.734904 0.604413
vt 0.746473 0.582163
vt 0.763129 0.594113
vt 0.776234 0.600376
vt 0.766441 0.617979
vt 0.763129 0.594113
vt 0.813093 0.612029
vt 0.801073 0.622151
vt 0.788278 0.594089
vt 0.809338 0.580118
vt 0.813093 0.612029
vt 0.787618 0.578995
vt 0.774240 0.572868
vt 0.778312 0.554061
vt 0.787618 0.578995
vt 0.813023 0.633433
vt 0.809845 0.645546
vt 0.801073 0.622151
vt 0.838591 0.620983
vt 0.809845 0.645546
vt 0.824825 0.624879
vt 0.766441 0.617979
vt 0.755142 0.643561
vt 0.747004 0.620844
vt 0.735444 0.612206
vt 0.734904 0.604413
vt 0.747004 0.620844
vt 0.712963 0.622330
vt 0.734904 0.604413
vt 0.731925 0.622561
vt 0.740990 0.630640
vt 0.755142 0.643561
vt 0.731925 0.622561
vt 0.746473 0.582163
vt 0.734904 0.604413
vt 0.736822 0.575641
vt 0.735462 0.542138
vt 0.748410 0.565276
vt 0.735905 0.556324
vt 0.726604 0.570285
vt 0.713316 0.579977
vt 0.735905 0.556324
vt 0.826520 0.565228
vt 0.838591 0.620983
vt 0.824825 0.624879
vt 0.820761 0.555084
vt 0.820246 0.541461
vt 0.840217 0.573965
vt 0.809338 0.580118
vt 0.813742 0.557237
vt 0.816344 0.568106
vt 0.822611 0.561015
vt 0.813742 0.557237
vt 0.820761 0.555084
vt 0.822611 0.561015
vt 0.820761 0.555084
vt 0.826520 0.565228
vt 0.822611 0.561015
vt 0.826520 0.565228
vt 0.816344 0.568106
vt 0.822611 0.561015
vt 0.816344 0.568106
vt 0.813742 0.557237
vt 0.825377 0.623855
vt 0.813093 0.612029
vt 0.824825 0.624879
vt 0.825377 0.623855
vt 0.824825 0.624879
vt 0.813023 0.633433
vt 0.825377 0.623855
vt 0.813023 0.633433
vt 0.801073 0.622151
vt 0.825377 0.623855
vt 0.801073 0.622151
vt 0.813093 0.612029
vt 0.738852 0.620897
vt 0.747004 0.620844
vt 0.740990 0.630640
vt 0.738852 0.620897
vt 0.740990 0.630640
vt 0.731925 0.622561
vt 0.738852 0.620897
vt 0.731925 0.622561
vt 0.735444 0.612206
vt 0.738852 0.620897
vt 0.735444 0.612206
vt 0.747004 0.620844
vt 0.735884 0.567305
vt 0.736822 0.575641
vt 0.726604 0.570285
vt 0.735884 0.567305
vt 0.726604 0.570285
vt 0.735905 0.556324
vt 0.735884 0.567305
vt 0.735905 0.556324
vt 0.748410 0.565276
vt 0.735884 0.567305
vt 0.748410 0.565276
vt 0.736822 0.575641
vt 0.820761 0.555084
vt 0.813742 0.557237
vt 0.820246 0.541461
vt 0.826520 0.565228
vt 0.820761 0.555084
vt 0.840217 0.573965
vt 0.838591 0.620983
vt 0.826520 0.565228
vt 0.840217 0.573965
vt 0.735905 0.556324
vt 0.713316 0.579977
vt 0.735462 0.542138
vt 0.736822 0.575641
vt 0.748410 0.565276
vt 0.746473 0.582163
vt 0.726604 0.570285
vt 0.736822 0.575641
vt 0.734904 0.604413
vt 0.731925 0.622561
vt 0.755142 0.643561
vt 0.712963 0.622330
vt 0.735444 0.612206
vt 0.731925 0.622561
vt 0.734904 0.604413
vt 0.747004 0.620844
vt 0.734904 0.604413
vt 0.766441 0.617979
vt 0.740990 0.630640
vt 0.747004 0.620844
vt 0.755142 0.643561
vt 0.813023 0.633433
vt 0.824825 0.624879
vt 0.809845 0.645546
vt 0.824825 0.624879
vt 0.813093 0.612029
vt 0.809338 0.580118
vt 0.777836 0.581185
vt 0.787618 0.578995
vt 0.788278 0.594089
vt 0.777836 0.581185
vt 0.788278 0.594089
vt 0.776234 0.600376
vt 0.777836 0.581185
vt 0.776234 0.600376
vt 0.763129 0.594113
vt 0.777836 0.581185
vt 0.763129 0.594113
vt 0.763002 0.580804
vt 0.777836 0.581185
vt 0.763002 0.580804
vt 0.774240 0.572868
vt 0.777836 0.581185
vt 0.774240 0.572868
vt 0.787618 0.578995
vt 0.788278 0.594089
vt 0.787618 0.578995
vt 0.813093 0.612029
vt 0.776234 0.600376
vt 0.788278 0.594089
vt 0.801073 0.622151
vt 0.776234 0.600376
vt 0.801073 0.622151
vt 0.766441 0.617979
vt 0.763129 0.594113
vt 0.766441 0.617979
vt 0.734904 0.604413
vt 0.763002 0.580804
vt 0.763129 0.594113
vt 0.746473 0.582163
vt 0.763002 0.580804
vt 0.746473 0.582163
vt 0.748410 0.565276
vt 0.774240 0.572868
vt 0.748410 0.565276
vt 0.778312 0.554061
vt 0.809338 0.580118
vt 0.787618 0.578995
vt 0.778312 0.554061
vt 0.778664 0.618612
vt 0.716904 0.619927
vt 0.749446 0.650712
vt 0.778664 0.618612
vt 0.823070 0.534801
vt 0.778793 0.520784
vt 0.824825 0.624879
vt 0.809338 0.580118
vt 0.816344 0.568106
vt 0.766441 0.617979
vt 0.809845 0.645546
vt 0.755142 0.643561
vt 0.726604 0.570285
vt 0.734904 0.604413
vt 0.713316 0.579977
vt 0.778312 0.554061
vt 0.748410 0.565276
vt 0.779274 0.528009
vt 0.813742 0.557237
vt 0.778312 0.554061
vt 0.779274 0.528009
vt 0.731645 0.536103
vt 0.778793 0.520784
vt 0.735462 0.542138
vt 0.706421 0.577560
vt 0.735462 0.542138
vt 0.713316 0.579977
vt 0.716904 0.619927
vt 0.706421 0.577560
vt 0.712963 0.622330
vt 0.749446 0.650712
vt 0.712963 0.622330
vt 0.755142 0.643561
vt 0.812976 0.651234
vt 0.749446 0.650712
vt 0.809845 0.645546
vt 0.844039 0.625218
vt 0.812976 0.651234
vt 0.838591 0.620983
vt 0.848681 0.570391
vt 0.844039 0.625218
vt 0.840217 0.573965
vt 0.823070 0.534801
vt 0.848681 0.570391
vt 0.820246 0.541461
vt 0.778793 0.520784
vt 0.820246 0.541461
vt 0.779274 0.528009
vt 0.259679 0.432898
vt 0.164964 0.467453
vt 0.205741 0.401538
vt 0.057196 0.928825
vt 0.062118 0.913233
vt 0.111424 0.902743
vt 0.240619 0.476799
vt 0.164964 0.467453
vt 0.259679 0.432898
vt 0.259679 0.432898
vt 0.205741 0.401538
vt 0.217866 0.322450
vt 0.268129 0.409093
vt 0.259679 0.432898
vt 0.249869 0.323439
vt 0.268129 0.409093
vt 0.249869 0.323439
vt 0.279590 0.397281
vt 0.240619 0.476799
vt 0.167487 0.508228
vt 0.164964 0.467453
vt 0.923702 0.341442
vt 0.912284 0.263355
vt 0.944856 0.255713
vt 0.899923 0.414951
vt 0.877033 0.453500
vt 0.859384 0.426104
vt 0.761880 0.440458
vt 0.722731 0.431756
vt 0.766887 0.350576
vt 0.722731 0.431756
vt 0.686804 0.319758
vt 0.718119 0.321785
vt 0.939965 0.334493
vt 0.949798 0.399386
vt 0.923702 0.341442
vt 0.863942 0.352775
vt 0.861638 0.331953
vt 0.888428 0.334098
vt 0.923702 0.341442
vt 0.949798 0.399386
vt 0.930802 0.412291
vt 0.686804 0.319758
vt 0.722731 0.431756
vt 0.673973 0.434048
vt 0.877033 0.453500
vt 0.899923 0.414951
vt 0.911513 0.464995
vt 0.859384 0.426104
vt 0.852702 0.454327
vt 0.842006 0.425257
vt 0.923702 0.341442
vt 0.930802 0.412291
vt 0.899923 0.414951
vt 0.859384 0.426104
vt 0.863942 0.352775
vt 0.899923 0.414951
vt 0.840555 0.360529
vt 0.863942 0.352775
vt 0.842006 0.425257
vt 0.852702 0.454327
vt 0.834157 0.465809
vt 0.842006 0.425257
vt 0.877033 0.453500
vt 0.852702 0.454327
vt 0.859384 0.426104
vt 0.877033 0.453500
vt 0.868955 0.492143
vt 0.852702 0.454327
vt 0.859384 0.426104
vt 0.842006 0.425257
vt 0.863942 0.352775
vt 0.899923 0.414951
vt 0.930802 0.412291
vt 0.911513 0.464995
vt 0.673973 0.434048
vt 0.722731 0.431756
vt 0.662124 0.475574
vt 0.911513 0.464995
vt 0.958274 0.482574
vt 0.926897 0.498532
vt 0.930802 0.412291
vt 0.979439 0.453459
vt 0.958274 0.482574
vt 0.761880 0.440458
vt 0.735889 0.491429
vt 0.722731 0.431756
vt 0.722731 0.431756
vt 0.697572 0.486815
vt 0.662124 0.475574
vt 0.949798 0.399386
vt 0.979439 0.453459
vt 0.930802 0.412291
vt 0.930802 0.412291
vt 0.958274 0.482574
vt 0.911513 0.464995
vt 0.882453 0.202029
vt 0.856514 0.199576
vt 0.881422 0.186048
vt 0.718119 0.321785
vt 0.728440 0.273206
vt 0.770801 0.309851
vt 0.856514 0.199576
vt 0.826664 0.197478
vt 0.840275 0.183780
vt 0.882695 0.266835
vt 0.854452 0.260868
vt 0.882453 0.202029
vt 0.911693 0.206064
vt 0.882453 0.202029
vt 0.913006 0.189086
vt 0.942252 0.201785
vt 0.911693 0.206064
vt 0.944879 0.187912
vt 0.727578 0.200706
vt 0.680887 0.208079
vt 0.678041 0.193622
vt 0.856514 0.199576
vt 0.854452 0.260868
vt 0.826664 0.197478
vt 0.854452 0.260868
vt 0.882695 0.266835
vt 0.862948 0.309822
vt 0.911693 0.206064
vt 0.912284 0.263355
vt 0.882453 0.202029
vt 0.942252 0.201785
vt 0.944856 0.255713
vt 0.911693 0.206064
vt 0.728440 0.273206
vt 0.680334 0.267494
vt 0.727578 0.200706
vt 0.775997 0.194456
vt 0.781640 0.261347
vt 0.727578 0.200706
vt 0.727578 0.200706
vt 0.781640 0.261347
vt 0.728440 0.273206
vt 0.680887 0.208079
vt 0.727578 0.200706
vt 0.680334 0.267494
vt 0.911693 0.206064
vt 0.944856 0.255713
vt 0.912284 0.263355
vt 0.882453 0.202029
vt 0.912284 0.263355
vt 0.882695 0.266835
vt 0.888428 0.334098
vt 0.862948 0.309822
vt 0.882695 0.266835
vt 0.826664 0.197478
vt 0.854452 0.260868
vt 0.828915 0.260028
vt 0.854452 0.260868
vt 0.856514 0.199576
vt 0.882453 0.202029
vt 0.781640 0.261347
vt 0.770801 0.309851
vt 0.728440 0.273206
vt 0.854452 0.260868
vt 0.862948 0.309822
vt 0.839422 0.303505
vt 0.888428 0.334098
vt 0.899923 0.414951
vt 0.863942 0.352775
vt 0.888428 0.334098
vt 0.923702 0.341442
vt 0.899923 0.414951
vt 0.882695 0.266835
vt 0.912284 0.263355
vt 0.888428 0.334098
vt 0.828915 0.260028
vt 0.854452 0.260868
vt 0.839422 0.303505
vt 0.680334 0.267494
vt 0.728440 0.273206
vt 0.686804 0.319758
vt 0.836357 0.327641
vt 0.861638 0.331953
vt 0.840555 0.360529
vt 0.861638 0.331953
vt 0.836357 0.327641
vt 0.862948 0.309822
vt 0.770801 0.309851
vt 0.774133 0.329221
vt 0.718119 0.321785
vt 0.839422 0.303505
vt 0.862948 0.309822
vt 0.836357 0.327641
vt 0.718119 0.321785
vt 0.766887 0.350576
vt 0.722731 0.431756
vt 0.774133 0.329221
vt 0.766887 0.350576
vt 0.718119 0.321785
vt 0.861638 0.331953
vt 0.863942 0.352775
vt 0.840555 0.360529
vt 0.728440 0.273206
vt 0.718119 0.321785
vt 0.686804 0.319758
vt 0.944856 0.255713
vt 0.939965 0.334493
vt 0.923702 0.341442
vt 0.912284 0.263355
vt 0.923702 0.341442
vt 0.888428 0.334098
vt 0.862948 0.309822
vt 0.888428 0.334098
vt 0.861638 0.331953
vt 0.840275 0.183780
vt 0.826664 0.197478
vt 0.829443 0.127150
vt 0.881422 0.186048
vt 0.840275 0.183780
vt 0.854717 0.118846
vt 0.921728 0.120429
vt 0.941934 0.136222
vt 0.913006 0.189086
vt 0.752907 0.166744
vt 0.775997 0.194456
vt 0.727578 0.200706
vt 0.680145 0.164300
vt 0.752907 0.166744
vt 0.727578 0.200706
vt 0.678041 0.193622
vt 0.680145 0.164300
vt 0.727578 0.200706
vt 0.913006 0.189086
vt 0.944879 0.187912
vt 0.911693 0.206064
vt 0.881422 0.186048
vt 0.913006 0.189086
vt 0.882453 0.202029
vt 0.752907 0.166744
vt 0.784017 0.116556
vt 0.775997 0.194456
vt 0.656947 0.162279
vt 0.680145 0.164300
vt 0.678041 0.193622
vt 0.840275 0.183780
vt 0.881422 0.186048
vt 0.856514 0.199576
vt 0.941934 0.136222
vt 0.947351 0.157769
vt 0.913006 0.189086
vt 0.829443 0.127150
vt 0.854717 0.118846
vt 0.840275 0.183780
vt 0.828760 0.122206
vt 0.829443 0.127150
vt 0.826664 0.197478
vt 0.854717 0.118846
vt 0.884823 0.114230
vt 0.881422 0.186048
vt 0.884823 0.114230
vt 0.913006 0.189086
vt 0.881422 0.186048
vt 0.680145 0.164300
vt 0.717422 0.105206
vt 0.752907 0.166744
vt 0.918306 0.133511
vt 0.941934 0.136222
vt 0.921647 0.112295
vt 0.752907 0.166744
vt 0.717422 0.105206
vt 0.752511 0.108132
vt 0.913006 0.189086
vt 0.947351 0.157769
vt 0.944879 0.187912
vt 0.681960 0.112195
vt 0.686187 0.066665
vt 0.717422 0.105206
vt 0.681960 0.112195
vt 0.717422 0.105206
vt 0.685598 0.134358
vt 0.921728 0.120429
vt 0.913006 0.189086
vt 0.884823 0.114230
vt 0.784017 0.116556
vt 0.752907 0.166744
vt 0.752511 0.108132
vt 0.921728 0.120429
vt 0.914731 0.106097
vt 0.921647 0.112295
vt 0.685598 0.134358
vt 0.672351 0.146128
vt 0.673044 0.117424
vt 0.717422 0.105206
vt 0.680145 0.164300
vt 0.685598 0.134358
vt 0.941934 0.136222
vt 0.921728 0.120429
vt 0.921647 0.112295
vt 0.884823 0.114230
vt 0.881974 0.102607
vt 0.888072 0.108176
vt 0.854717 0.118846
vt 0.854894 0.113408
vt 0.855358 0.105930
vt 0.829443 0.127150
vt 0.828760 0.122206
vt 0.826904 0.111508
vt 0.883614 0.823716
vt 0.919923 0.818451
vt 0.884978 0.818258
vt 0.956234 0.823765
vt 0.919923 0.818500
vt 0.954870 0.818284
vt 0.881141 0.702265
vt 0.877305 0.586259
vt 0.919923 0.666274
vt 0.932062 0.954335
vt 0.919923 0.954335
vt 0.932062 0.954361
vt 0.907785 0.954335
vt 0.907785 0.954361
vt 0.919923 0.954335
vt 0.907785 0.954361
vt 0.919923 0.954361
vt 0.919923 0.954335
vt 0.956234 0.823716
vt 0.956234 0.823765
vt 0.954870 0.818258
vt 0.883614 0.823765
vt 0.883614 0.823716
vt 0.884978 0.818284
vt 0.919923 0.666274
vt 0.919923 0.818500
vt 0.884978 0.818284
vt 0.919923 0.666219
vt 0.919923 0.818451
vt 0.954870 0.818258
vt 0.919923 0.533326
vt 0.962543 0.586259
vt 0.919923 0.666274
vt 0.883614 0.823765
vt 0.919923 0.818500
vt 0.883614 0.832811
vt 0.851632 0.832880
vt 0.851632 0.832837
vt 0.851632 0.823690
vt 0.919923 0.838025
vt 0.919923 0.818451
vt 0.883614 0.832760
vt 0.956234 0.823716
vt 0.919923 0.818451
vt 0.956234 0.832760
vt 0.988214 0.823647
vt 0.988214 0.832837
vt 0.988214 0.823690
vt 0.919923 0.838075
vt 0.919923 0.818500
vt 0.956234 0.832811
vt 0.883614 0.832811
vt 0.919923 0.838075
vt 0.905061 0.844525
vt 0.905061 0.844503
vt 0.883614 0.832760
vt 0.905061 0.844525
vt 0.919923 0.844493
vt 0.919923 0.838025
vt 0.905061 0.844503
vt 0.934787 0.844503
vt 0.956234 0.832760
vt 0.919923 0.844493
vt 0.934787 0.844525
vt 0.956234 0.832811
vt 0.934787 0.844503
vt 0.919923 0.838075
vt 0.956234 0.832811
vt 0.919923 0.844533
vt 0.905061 0.844525
vt 0.919923 0.844533
vt 0.905061 0.927662
vt 0.905061 0.844503
vt 0.905061 0.844525
vt 0.905061 0.927640
vt 0.919923 0.844493
vt 0.905061 0.844503
vt 0.919923 0.927631
vt 0.934787 0.844503
vt 0.919923 0.844493
vt 0.934787 0.927640
vt 0.934787 0.927662
vt 0.934787 0.844525
vt 0.934787 0.927640
vt 0.919923 0.927671
vt 0.919923 0.844533
vt 0.934787 0.927662
vt 0.900678 0.936753
vt 0.905061 0.927662
vt 0.919923 0.936753
vt 0.905061 0.927640
vt 0.905061 0.927662
vt 0.900678 0.936712
vt 0.919923 0.927631
vt 0.905061 0.927640
vt 0.919923 0.936712
vt 0.939168 0.936712
vt 0.934787 0.927640
vt 0.919923 0.936712
vt 0.934787 0.927662
vt 0.934787 0.927640
vt 0.939168 0.936753
vt 0.919923 0.927671
vt 0.934787 0.927662
vt 0.919923 0.936753
vt 0.972104 0.832760
vt 0.956234 0.832760
vt 0.972104 0.832811
vt 0.956234 0.823716
vt 0.956234 0.832760
vt 0.972104 0.823716
vt 0.956234 0.823765
vt 0.956234 0.823716
vt 0.972104 0.823765
vt 0.956234 0.832811
vt 0.956234 0.823765
vt 0.972104 0.832811
vt 0.883614 0.832811
vt 0.883614 0.832760
vt 0.867744 0.832811
vt 0.883614 0.823765
vt 0.883614 0.832811
vt 0.867744 0.823765
vt 0.883614 0.823716
vt 0.883614 0.823765
vt 0.867744 0.823716
vt 0.867744 0.832760
vt 0.883614 0.832760
vt 0.867744 0.823716
vt 0.979377 0.835359
vt 0.972104 0.832760
vt 0.979377 0.835421
vt 0.972104 0.823716
vt 0.972104 0.832760
vt 0.979377 0.821104
vt 0.972104 0.823765
vt 0.972104 0.823716
vt 0.979377 0.821168
vt 0.979377 0.835421
vt 0.972104 0.832811
vt 0.979377 0.821168
vt 0.867744 0.832811
vt 0.867744 0.832760
vt 0.860471 0.835421
vt 0.867744 0.823765
vt 0.867744 0.832811
vt 0.860471 0.821168
vt 0.860471 0.821104
vt 0.867744 0.823716
vt 0.860471 0.821168
vt 0.867744 0.832760
vt 0.867744 0.823716
vt 0.860471 0.835359
vt 0.979377 0.835359
vt 0.979377 0.835421
vt 0.988214 0.832837
vt 0.979377 0.821104
vt 0.979377 0.835359
vt 0.988214 0.823647
vt 0.988214 0.823690
vt 0.979377 0.821168
vt 0.988214 0.823647
vt 0.979377 0.835421
vt 0.979377 0.821168
vt 0.988214 0.832880
vt 0.851632 0.832880
vt 0.860471 0.835421
vt 0.851632 0.832837
vt 0.860471 0.821168
vt 0.860471 0.835421
vt 0.851632 0.823690
vt 0.860471 0.821104
vt 0.860471 0.821168
vt 0.851632 0.823647
vt 0.860471 0.835359
vt 0.860471 0.821104
vt 0.851632 0.832837
vt 0.884978 0.818258
vt 0.919923 0.666219
vt 0.881141 0.702265
vt 0.954870 0.818284
vt 0.919923 0.666274
vt 0.958706 0.702265
vt 0.958706 0.702265
vt 0.962543 0.586259
vt 0.919923 0.666219
vt 0.919923 0.533326
vt 0.877305 0.586259
vt 0.919923 0.666219
vt 0.900678 0.936753
vt 0.919923 0.936753
vt 0.907785 0.954361
vt 0.907785 0.954335
vt 0.900678 0.936712
vt 0.907785 0.954361
vt 0.919923 0.954335
vt 0.919923 0.936712
vt 0.907785 0.954335
vt 0.939168 0.936712
vt 0.919923 0.936712
vt 0.932062 0.954335
vt 0.932062 0.954361
vt 0.939168 0.936753
vt 0.932062 0.954335
vt 0.919923 0.954361
vt 0.919923 0.936753
vt 0.932062 0.954361
vt 0.932062 0.954361
vt 0.919923 0.936753
vt 0.939168 0.936753
vt 0.932062 0.954335
vt 0.939168 0.936753
vt 0.939168 0.936712
vt 0.919923 0.954335
vt 0.932062 0.954335
vt 0.919923 0.936712
vt 0.907785 0.954335
vt 0.919923 0.936712
vt 0.900678 0.936712
vt 0.907785 0.954361
vt 0.900678 0.936712
vt 0.900678 0.936753
vt 0.919923 0.954361
vt 0.907785 0.954361
vt 0.919923 0.936753
vt 0.877305 0.586259
vt 0.881141 0.702265
vt 0.919923 0.666219
vt 0.919923 0.533326
vt 0.919923 0.666219
vt 0.962543 0.586259
vt 0.958706 0.702265
vt 0.954870 0.818258
vt 0.954870 0.818284
vt 0.881141 0.702265
vt 0.919923 0.666274
vt 0.884978 0.818284
vt 0.881141 0.702265
vt 0.884978 0.818284
vt 0.884978 0.818258
vt 0.958706 0.702265
vt 0.919923 0.666219
vt 0.954870 0.818258
vt 0.851632 0.823647
vt 0.851632 0.832837
vt 0.860471 0.821104
vt 0.851632 0.823690
vt 0.851632 0.823647
vt 0.860471 0.821168
vt 0.851632 0.832880
vt 0.851632 0.823690
vt 0.860471 0.835421
vt 0.851632 0.832837
vt 0.860471 0.835421
vt 0.860471 0.835359
vt 0.988214 0.823690
vt 0.988214 0.832880
vt 0.979377 0.821168
vt 0.988214 0.823647
vt 0.979377 0.821168
vt 0.979377 0.821104
vt 0.988214 0.832837
vt 0.988214 0.823647
vt 0.979377 0.835359
vt 0.988214 0.832880
vt 0.988214 0.832837
vt 0.979377 0.835421
vt 0.860471 0.821104
vt 0.860471 0.835359
vt 0.867744 0.823716
vt 0.860471 0.821168
vt 0.867744 0.823716
vt 0.867744 0.823765
vt 0.860471 0.835421
vt 0.860471 0.821168
vt 0.867744 0.832811
vt 0.860471 0.835359
vt 0.860471 0.835421
vt 0.867744 0.832760
vt 0.979377 0.821168
vt 0.972104 0.832811
vt 0.972104 0.823765
vt 0.979377 0.821104
vt 0.979377 0.821168
vt 0.972104 0.823716
vt 0.979377 0.835359
vt 0.979377 0.821104
vt 0.972104 0.832760
vt 0.979377 0.835421
vt 0.972104 0.832760
vt 0.972104 0.832811
vt 0.867744 0.823716
vt 0.883614 0.832760
vt 0.883614 0.823716
vt 0.867744 0.823765
vt 0.867744 0.823716
vt 0.883614 0.823765
vt 0.867744 0.832811
vt 0.867744 0.823765
vt 0.883614 0.832811
vt 0.867744 0.832760
vt 0.867744 0.832811
vt 0.883614 0.832760
vt 0.972104 0.823765
vt 0.972104 0.832811
vt 0.956234 0.823765
vt 0.972104 0.823716
vt 0.972104 0.823765
vt 0.956234 0.823716
vt 0.972104 0.832760
vt 0.972104 0.823716
vt 0.956234 0.832760
vt 0.972104 0.832811
vt 0.956234 0.832760
vt 0.956234 0.832811
vt 0.939168 0.936753
vt 0.919923 0.936753
vt 0.934787 0.927662
vt 0.939168 0.936712
vt 0.939168 0.936753
vt 0.934787 0.927640
vt 0.919923 0.936712
vt 0.934787 0.927640
vt 0.919923 0.927631
vt 0.900678 0.936712
vt 0.919923 0.936712
vt 0.905061 0.927640
vt 0.900678 0.936753
vt 0.900678 0.936712
vt 0.905061 0.927662
vt 0.919923 0.936753
vt 0.905061 0.927662
vt 0.919923 0.927671
vt 0.934787 0.927662
vt 0.919923 0.844533
vt 0.934787 0.844525
vt 0.934787 0.927640
vt 0.934787 0.844525
vt 0.934787 0.844503
vt 0.919923 0.927631
vt 0.934787 0.927640
vt 0.919923 0.844493
vt 0.905061 0.927640
vt 0.919923 0.927631
vt 0.905061 0.844503
vt 0.905061 0.927662
vt 0.905061 0.927640
vt 0.905061 0.844525
vt 0.919923 0.927671
vt 0.905061 0.927662
vt 0.919923 0.844533
vt 0.934787 0.844525
vt 0.919923 0.844533
vt 0.956234 0.832811
vt 0.934787 0.844503
vt 0.956234 0.832811
vt 0.956234 0.832760
vt 0.919923 0.844493
vt 0.956234 0.832760
vt 0.919923 0.838025
vt 0.905061 0.844503
vt 0.919923 0.838025
vt 0.883614 0.832760
vt 0.905061 0.844525
vt 0.883614 0.832760
vt 0.883614 0.832811
vt 0.919923 0.844533
vt 0.905061 0.844525
vt 0.919923 0.838075
vt 0.956234 0.832811
vt 0.919923 0.818500
vt 0.956234 0.823765
vt 0.988214 0.832880
vt 0.988214 0.823690
vt 0.988214 0.832837
vt 0.919923 0.838025
vt 0.956234 0.832760
vt 0.919923 0.818451
vt 0.883614 0.832760
vt 0.919923 0.818451
vt 0.883614 0.823716
vt 0.851632 0.823647
vt 0.851632 0.823690
vt 0.851632 0.832837
vt 0.919923 0.838075
vt 0.883614 0.832811
vt 0.919923 0.818500
vt 0.958706 0.702265
vt 0.919923 0.666274
vt 0.962543 0.586259
vt 0.956234 0.823716
vt 0.954870 0.818258
vt 0.919923 0.818451
vt 0.883614 0.823765
vt 0.884978 0.818284
vt 0.919923 0.818500
vt 0.883614 0.823716
vt 0.884978 0.818258
vt 0.884978 0.818284
vt 0.956234 0.823765
vt 0.954870 0.818284
vt 0.954870 0.818258
vt 0.932062 0.954361
vt 0.919923 0.954335
vt 0.919923 0.954361
vt 0.919923 0.666274
vt 0.877305 0.586259
vt 0.919923 0.533326
vt 0.919923 0.666274
vt 0.954870 0.818284
vt 0.919923 0.818500
vt 0.919923 0.666219
vt 0.884978 0.818258
vt 0.919923 0.818451
vt 0.943608 0.118566
vt 0.941934 0.136222
vt 0.931923 0.116478
vt 0.953674 0.122022
vt 0.950617 0.147301
vt 0.941934 0.136222
vt 0.950617 0.147301
vt 0.947351 0.157769
vt 0.941934 0.136222
vt 0.672351 0.146128
vt 0.680145 0.164300
vt 0.653443 0.151471
vt 0.653443 0.151471
vt 0.680145 0.164300
vt 0.656947 0.162279
vt 0.672351 0.146128
vt 0.685598 0.134358
vt 0.680145 0.164300
vt 0.943608 0.118566
vt 0.953674 0.122022
vt 0.941934 0.136222
vt 0.931923 0.116478
vt 0.941934 0.136222
vt 0.918306 0.133511
vt 0.665540 0.120977
vt 0.673044 0.117424
vt 0.672351 0.146128
vt 0.650085 0.124991
vt 0.672351 0.146128
vt 0.653443 0.151471
vt 0.650085 0.124991
vt 0.646299 0.101279
vt 0.665540 0.120977
vt 0.953674 0.122022
vt 0.943608 0.118566
vt 0.957149 0.099330
vt 0.665540 0.120977
vt 0.672351 0.146128
vt 0.650085 0.124991
vt 0.932543 0.097888
vt 0.942553 0.082614
vt 0.946944 0.097522
vt 0.942553 0.082614
vt 0.932543 0.097888
vt 0.941260 0.083399
vt 0.660820 0.099741
vt 0.663010 0.083193
vt 0.672295 0.097822
vt 0.946944 0.097522
vt 0.950397 0.083690
vt 0.957149 0.099330
vt 0.950397 0.083690
vt 0.946944 0.097522
vt 0.942553 0.082614
vt 0.646299 0.101279
vt 0.653356 0.084217
vt 0.660820 0.099741
vt 0.663010 0.083193
vt 0.660820 0.099741
vt 0.653356 0.084217
vt 0.672295 0.097822
vt 0.673044 0.117424
vt 0.660820 0.099741
vt 0.946944 0.097522
vt 0.943608 0.118566
vt 0.931923 0.116478
vt 0.942553 0.082614
vt 0.941260 0.083399
vt 0.950397 0.083690
vt 0.946944 0.097522
vt 0.957149 0.099330
vt 0.943608 0.118566
vt 0.932543 0.097888
vt 0.946944 0.097522
vt 0.931923 0.116478
vt 0.660820 0.099741
vt 0.673044 0.117424
vt 0.665540 0.120977
vt 0.660820 0.099741
vt 0.665540 0.120977
vt 0.646299 0.101279
vt 0.895645 0.104154
vt 0.884823 0.114230
vt 0.888072 0.108176
vt 0.895645 0.104154
vt 0.914731 0.106097
vt 0.884823 0.114230
vt 0.914731 0.106097
vt 0.916065 0.074420
vt 0.921647 0.112295
vt 0.916065 0.074420
vt 0.914731 0.106097
vt 0.897353 0.073216
vt 0.914731 0.106097
vt 0.921728 0.120429
vt 0.884823 0.114230
vt 0.897247 0.067700
vt 0.897353 0.073216
vt 0.888072 0.108176
vt 0.897353 0.073216
vt 0.895645 0.104154
vt 0.888072 0.108176
vt 0.707522 0.063143
vt 0.717422 0.105206
vt 0.686187 0.066665
vt 0.917444 0.069532
vt 0.921647 0.112295
vt 0.916065 0.074420
vt 0.897353 0.073216
vt 0.914731 0.106097
vt 0.895645 0.104154
vt 0.897353 0.073216
vt 0.897247 0.067700
vt 0.897579 0.058458
vt 0.897353 0.073216
vt 0.897579 0.058458
vt 0.916065 0.074420
vt 0.915413 0.058774
vt 0.916065 0.074420
vt 0.897579 0.058458
vt 0.915413 0.058774
vt 0.917444 0.069532
vt 0.916065 0.074420
vt 0.897579 0.058458
vt 0.901026 0.032527
vt 0.915413 0.058774
vt 0.914354 0.036932
vt 0.917444 0.069532
vt 0.913634 0.033226
vt 0.705614 0.029962
vt 0.707522 0.063143
vt 0.689288 0.031965
vt 0.897579 0.058458
vt 0.897247 0.067700
vt 0.901026 0.032527
vt 0.901026 0.032527
vt 0.898903 0.036184
vt 0.913634 0.033226
vt 0.914354 0.036932
vt 0.913634 0.033226
vt 0.898903 0.036184
vt 0.898903 0.036184
vt 0.901026 0.032527
vt 0.897247 0.067700
vt 0.689288 0.031965
vt 0.707522 0.063143
vt 0.686187 0.066665
vt 0.913634 0.033226
vt 0.917444 0.069532
vt 0.915413 0.058774
vt 0.913634 0.033226
vt 0.915413 0.058774
vt 0.901026 0.032527
vt 0.855358 0.105930
vt 0.854894 0.113408
vt 0.855466 0.078368
vt 0.881974 0.102607
vt 0.884823 0.114230
vt 0.854717 0.118846
vt 0.876129 0.075184
vt 0.881974 0.102607
vt 0.855358 0.105930
vt 0.881974 0.102607
vt 0.876129 0.075184
vt 0.888072 0.108176
vt 0.726350 0.065015
vt 0.746782 0.067234
vt 0.717422 0.105206
vt 0.860129 0.074326
vt 0.855466 0.078368
vt 0.854894 0.113408
vt 0.746782 0.067234
vt 0.752511 0.108132
vt 0.717422 0.105206
vt 0.879446 0.070792
vt 0.888072 0.108176
vt 0.876129 0.075184
vt 0.855358 0.105930
vt 0.881974 0.102607
vt 0.854717 0.118846
vt 0.855466 0.078368
vt 0.860129 0.074326
vt 0.856275 0.059975
vt 0.855466 0.078368
vt 0.856275 0.059975
vt 0.876129 0.075184
vt 0.855466 0.078368
vt 0.876129 0.075184
vt 0.855358 0.105930
vt 0.874612 0.058253
vt 0.876129 0.075184
vt 0.856275 0.059975
vt 0.874612 0.058253
vt 0.879446 0.070792
vt 0.876129 0.075184
vt 0.856275 0.059975
vt 0.856736 0.031898
vt 0.874612 0.058253
vt 0.874513 0.034139
vt 0.879446 0.070792
vt 0.870411 0.030125
vt 0.731379 0.028238
vt 0.749391 0.027693
vt 0.726350 0.065015
vt 0.856275 0.059975
vt 0.860129 0.074326
vt 0.856736 0.031898
vt 0.856736 0.031898
vt 0.857483 0.037113
vt 0.870411 0.030125
vt 0.874513 0.034139
vt 0.870411 0.030125
vt 0.857483 0.037113
vt 0.857483 0.037113
vt 0.856736 0.031898
vt 0.860129 0.074326
vt 0.749391 0.027693
vt 0.746782 0.067234
vt 0.726350 0.065015
vt 0.735693 0.023674
vt 0.726350 0.065015
vt 0.731395 0.051381
vt 0.870411 0.030125
vt 0.874612 0.058253
vt 0.856736 0.031898
vt 0.823019 0.086858
vt 0.822172 0.074348
vt 0.842116 0.082536
vt 0.823019 0.086858
vt 0.823539 0.080764
vt 0.822172 0.074348
vt 0.823019 0.086858
vt 0.850165 0.106036
vt 0.826904 0.111508
vt 0.826904 0.111508
vt 0.854717 0.118846
vt 0.829443 0.127150
vt 0.826904 0.111508
vt 0.828760 0.122206
vt 0.823019 0.086858
vt 0.823539 0.080764
vt 0.823019 0.086858
vt 0.828760 0.122206
vt 0.842116 0.082536
vt 0.854894 0.113408
vt 0.850165 0.106036
vt 0.842116 0.082536
vt 0.850165 0.106036
vt 0.823019 0.086858
vt 0.789327 0.072342
vt 0.784017 0.116556
vt 0.765271 0.069905
vt 0.765271 0.069905
vt 0.784017 0.116556
vt 0.752511 0.108132
vt 0.850165 0.106036
vt 0.854717 0.118846
vt 0.826904 0.111508
vt 0.842652 0.078152
vt 0.854894 0.113408
vt 0.842116 0.082536
vt 0.757472 0.099969
vt 0.752511 0.108132
vt 0.752725 0.113866
vt 0.822172 0.074348
vt 0.820077 0.050551
vt 0.832621 0.047285
vt 0.822172 0.074348
vt 0.823539 0.080764
vt 0.820077 0.050551
vt 0.839026 0.069687
vt 0.842116 0.082536
vt 0.822172 0.074348
vt 0.839026 0.069687
vt 0.842652 0.078152
vt 0.842116 0.082536
vt 0.837971 0.053231
vt 0.842652 0.078152
vt 0.832621 0.047285
vt 0.770092 0.043197
vt 0.789893 0.043901
vt 0.765271 0.069905
vt 0.821972 0.055085
vt 0.837971 0.053231
vt 0.832621 0.047285
vt 0.832621 0.047285
vt 0.820077 0.050551
vt 0.821972 0.055085
vt 0.821972 0.055085
vt 0.820077 0.050551
vt 0.823539 0.080764
vt 0.789893 0.043901
vt 0.789327 0.072342
vt 0.765271 0.069905
vt 0.764184 0.049431
vt 0.765271 0.069905
vt 0.769060 0.060674
vt 0.832621 0.047285
vt 0.839026 0.069687
vt 0.822172 0.074348
vt 0.473640 0.401552
vt 0.475330 0.354877
vt 0.448876 0.406150
vt 0.440671 0.412054
vt 0.431709 0.376614
vt 0.453088 0.416203
vt 0.479514 0.417265
vt 0.474069 0.498628
vt 0.453088 0.416203
vt 0.426645 0.497899
vt 0.437531 0.493333
vt 0.440671 0.412054
vt 0.513547 0.406865
vt 0.515337 0.489482
vt 0.504844 0.413810
vt 0.468471 0.488723
vt 0.500747 0.487023
vt 0.473640 0.401552
vt 0.453088 0.416203
vt 0.442057 0.499984
vt 0.440671 0.412054
vt 0.437531 0.493333
vt 0.468471 0.488723
vt 0.448876 0.406150
vt 0.504844 0.413810
vt 0.504188 0.494390
vt 0.479514 0.417265
vt 0.500747 0.487023
vt 0.515337 0.489482
vt 0.500564 0.401571
vt 0.504844 0.413810
vt 0.529360 0.379925
vt 0.513547 0.406865
vt 0.515337 0.489482
vt 0.513547 0.406865
vt 0.500564 0.401571
vt 0.474069 0.498628
vt 0.479514 0.417265
vt 0.504188 0.494390
vt 0.468471 0.488723
vt 0.473640 0.401552
vt 0.448876 0.406150
vt 0.426645 0.497899
vt 0.440671 0.412054
vt 0.442057 0.499984
vt 0.500564 0.401571
vt 0.473640 0.401552
vt 0.500747 0.487023
vt 0.504844 0.413810
vt 0.515337 0.489482
vt 0.504188 0.494390
vt 0.448876 0.406150
vt 0.440671 0.412054
vt 0.437531 0.493333
vt 0.453088 0.416203
vt 0.474069 0.498628
vt 0.442057 0.499984
vt 0.504844 0.413810
vt 0.479514 0.417265
vt 0.529360 0.379925
vt 0.500564 0.401571
vt 0.513547 0.406865
vt 0.518904 0.348896
vt 0.284800 0.530740
vt 0.299514 0.575453
vt 0.276543 0.526826
vt 0.113867 0.023216
vt 0.140896 0.035901
vt 0.105473 0.027400
vt 0.253074 0.522874
vt 0.242456 0.569250
vt 0.228592 0.521417
vt 0.276543 0.526826
vt 0.284798 0.572823
vt 0.253074 0.522874
vt 0.228592 0.521417
vt 0.242456 0.569250
vt 0.203577 0.534524
vt 0.067429 0.032170
vt 0.082797 0.031014
vt 0.060447 0.068850
vt 0.105473 0.027400
vt 0.140896 0.035901
vt 0.121104 0.046325
vt 0.276543 0.526826
vt 0.299514 0.575453
vt 0.284798 0.572823
vt 0.533227 0.364825
vt 0.518904 0.348896
vt 0.513547 0.406865
vt 0.482358 0.385893
vt 0.529360 0.379925
vt 0.479514 0.417265
vt 0.447070 0.371563
vt 0.482358 0.385893
vt 0.453088 0.416203
vt 0.438045 0.355151
vt 0.431709 0.376614
vt 0.448876 0.406150
vt 0.518904 0.348896
vt 0.475330 0.354877
vt 0.500564 0.401571
vt 0.533227 0.364825
vt 0.513547 0.406865
vt 0.529360 0.379925
vt 0.475330 0.354877
vt 0.473640 0.401552
vt 0.500564 0.401571
vt 0.431709 0.376614
vt 0.440671 0.412054
vt 0.448876 0.406150
vt 0.482358 0.385893
vt 0.479514 0.417265
vt 0.453088 0.416203
vt 0.447070 0.371563
vt 0.453088 0.416203
vt 0.431709 0.376614
vt 0.438045 0.355151
vt 0.448876 0.406150
vt 0.475330 0.354877
vt 0.447070 0.371563
vt 0.431709 0.376614
vt 0.454540 0.388997
vt 0.502574 0.392746
vt 0.529360 0.379925
vt 0.482468 0.394666
vt 0.486979 0.381780
vt 0.518904 0.348896
vt 0.507090 0.384032
vt 0.438045 0.355151
vt 0.475330 0.354877
vt 0.454087 0.381988
vt 0.482468 0.394666
vt 0.482358 0.385893
vt 0.454540 0.388997
vt 0.454087 0.381988
vt 0.475330 0.354877
vt 0.486979 0.381780
vt 0.507090 0.384032
vt 0.533227 0.364825
vt 0.529360 0.379925
vt 0.454540 0.388997
vt 0.431709 0.376614
vt 0.454087 0.381988
vt 0.611140 0.663324
vt 0.592922 0.617197
vt 0.619302 0.606013
vt 0.619302 0.606013
vt 0.639355 0.669061
vt 0.611140 0.663324
vt 0.646297 0.615780
vt 0.664887 0.676557
vt 0.639355 0.669061
vt 0.598239 0.611248
vt 0.592922 0.617197
vt 0.599476 0.663153
vt 0.599476 0.663153
vt 0.620831 0.614117
vt 0.598239 0.611248
vt 0.620831 0.614117
vt 0.620346 0.664996
vt 0.640899 0.613268
vt 0.664887 0.676557
vt 0.664212 0.625558
vt 0.641735 0.672129
vt 0.640899 0.613268
vt 0.641735 0.672129
vt 0.664212 0.625558
vt 0.641735 0.672129
vt 0.640899 0.613268
vt 0.620346 0.664996
vt 0.620346 0.664996
vt 0.620831 0.614117
vt 0.599476 0.663153
vt 0.611140 0.663324
vt 0.599476 0.663153
vt 0.592922 0.617197
vt 0.664212 0.625558
vt 0.664887 0.676557
vt 0.646297 0.615780
vt 0.646297 0.615780
vt 0.639355 0.669061
vt 0.619302 0.606013
vt 0.646297 0.615780
vt 0.619302 0.606013
vt 0.628689 0.573852
vt 0.438045 0.355151
vt 0.454087 0.381988
vt 0.431709 0.376614
vt 0.502574 0.392746
vt 0.507090 0.384032
vt 0.529360 0.379925
vt 0.592922 0.617197
vt 0.598239 0.611248
vt 0.558029 0.583679
vt 0.518904 0.348896
vt 0.486979 0.381780
vt 0.475330 0.354877
vt 0.664212 0.625558
vt 0.646297 0.615780
vt 0.673676 0.591279
vt 0.447070 0.371563
vt 0.454540 0.388997
vt 0.482358 0.385893
vt 0.533227 0.364825
vt 0.507090 0.384032
vt 0.518904 0.348896
vt 0.482358 0.385893
vt 0.482468 0.394666
vt 0.529360 0.379925
vt 0.640899 0.613268
vt 0.664212 0.625558
vt 0.673676 0.591279
vt 0.619302 0.606013
vt 0.592922 0.617197
vt 0.558029 0.583679
vt 0.598239 0.611248
vt 0.620831 0.614117
vt 0.604260 0.580118
vt 0.566959 0.473492
vt 0.555591 0.361978
vt 0.636328 0.466134
vt 0.618266 0.468332
vt 0.632609 0.341632
vt 0.600230 0.467551
vt 0.579825 0.474329
vt 0.600230 0.467551
vt 0.574017 0.360828
vt 0.559975 0.561408
vt 0.604260 0.580118
vt 0.560102 0.507652
vt 0.649619 0.574061
vt 0.628689 0.573852
vt 0.653013 0.508988
vt 0.566959 0.473492
vt 0.561301 0.476759
vt 0.555591 0.361978
vt 0.616509 0.509256
vt 0.580006 0.509523
vt 0.611454 0.500720
vt 0.653013 0.508988
vt 0.616509 0.509256
vt 0.643723 0.500464
vt 0.647919 0.497158
vt 0.658094 0.505320
vt 0.686504 0.515681
vt 0.604255 0.498279
vt 0.609098 0.506486
vt 0.647919 0.497158
vt 0.558953 0.499381
vt 0.560102 0.507652
vt 0.604255 0.498279
vt 0.604255 0.498279
vt 0.611454 0.500720
vt 0.558953 0.499381
vt 0.647919 0.497158
vt 0.643723 0.500464
vt 0.604255 0.498279
vt 0.643723 0.500464
vt 0.611454 0.500720
vt 0.604255 0.498279
vt 0.686504 0.515681
vt 0.643723 0.500464
vt 0.647919 0.497158
vt 0.611454 0.500720
vt 0.576791 0.500973
vt 0.558953 0.499381
vt 0.636328 0.466134
vt 0.647516 0.334000
vt 0.642123 0.467303
vt 0.604255 0.498279
vt 0.560102 0.507652
vt 0.609098 0.506486
vt 0.647919 0.497158
vt 0.609098 0.506486
vt 0.658094 0.505320
vt 0.643723 0.500464
vt 0.686504 0.515681
vt 0.653013 0.508988
vt 0.611454 0.500720
vt 0.643723 0.500464
vt 0.616509 0.509256
vt 0.576791 0.500973
vt 0.611454 0.500720
vt 0.580006 0.509523
vt 0.653013 0.508988
vt 0.628689 0.573852
vt 0.616509 0.509256
vt 0.560102 0.507652
vt 0.604260 0.580118
vt 0.609098 0.506486
vt 0.658094 0.505320
vt 0.609098 0.506486
vt 0.633205 0.572325
vt 0.616509 0.509256
vt 0.628689 0.573852
vt 0.580006 0.509523
vt 0.572969 0.558225
vt 0.580006 0.509523
vt 0.628689 0.573852
vt 0.604260 0.580118
vt 0.620831 0.614117
vt 0.633205 0.572325
vt 0.559975 0.561408
vt 0.598239 0.611248
vt 0.604260 0.580118
vt 0.604260 0.580118
vt 0.633205 0.572325
vt 0.609098 0.506486
vt 0.572969 0.558225
vt 0.619302 0.606013
vt 0.558029 0.583679
vt 0.633205 0.572325
vt 0.640899 0.613268
vt 0.673676 0.591279
vt 0.633205 0.572325
vt 0.673676 0.591279
vt 0.658094 0.505320
vt 0.658094 0.505320
vt 0.673676 0.591279
vt 0.686504 0.515681
vt 0.653013 0.508988
vt 0.673676 0.591279
vt 0.649619 0.574061
vt 0.649619 0.574061
vt 0.673676 0.591279
vt 0.646297 0.615780
vt 0.686504 0.515681
vt 0.673676 0.591279
vt 0.653013 0.508988
vt 0.559975 0.561408
vt 0.558029 0.583679
vt 0.598239 0.611248
vt 0.633205 0.572325
vt 0.620831 0.614117
vt 0.640899 0.613268
vt 0.649619 0.574061
vt 0.646297 0.615780
vt 0.628689 0.573852
vt 0.572969 0.558225
vt 0.628689 0.573852
vt 0.619302 0.606013
vt 0.608702 0.297913
vt 0.632523 0.284357
vt 0.607205 0.274109
vt 0.554567 0.308018
vt 0.549074 0.356916
vt 0.566037 0.312899
vt 0.574017 0.360828
vt 0.600868 0.355420
vt 0.566037 0.312899
vt 0.632014 0.259427
vt 0.632523 0.284357
vt 0.653830 0.327181
vt 0.653830 0.327181
vt 0.632609 0.341632
vt 0.642123 0.467303
vt 0.549074 0.356916
vt 0.561301 0.476759
vt 0.574017 0.360828
vt 0.608702 0.297913
vt 0.607205 0.274109
vt 0.566037 0.312899
vt 0.608643 0.287950
vt 0.607205 0.274109
vt 0.632014 0.259427
vt 0.560074 0.319208
vt 0.554567 0.308018
vt 0.608643 0.287950
vt 0.555591 0.361978
vt 0.549074 0.356916
vt 0.560074 0.319208
vt 0.653830 0.327181
vt 0.642123 0.467303
vt 0.647516 0.334000
vt 0.608643 0.287950
vt 0.647516 0.334000
vt 0.560074 0.319208
vt 0.560074 0.319208
vt 0.647516 0.334000
vt 0.555591 0.361978
vt 0.632014 0.259427
vt 0.647516 0.334000
vt 0.608643 0.287950
vt 0.647516 0.334000
vt 0.632014 0.259427
vt 0.653830 0.327181
vt 0.555591 0.361978
vt 0.561301 0.476759
vt 0.549074 0.356916
vt 0.560074 0.319208
vt 0.549074 0.356916
vt 0.554567 0.308018
vt 0.608643 0.287950
vt 0.554567 0.308018
vt 0.607205 0.274109
vt 0.554567 0.308018
vt 0.566037 0.312899
vt 0.607205 0.274109
vt 0.574017 0.360828
vt 0.561301 0.476759
vt 0.579825 0.474329
vt 0.632609 0.341632
vt 0.618266 0.468332
vt 0.642123 0.467303
vt 0.574017 0.360828
vt 0.600230 0.467551
vt 0.600868 0.355420
vt 0.632523 0.284357
vt 0.632609 0.341632
vt 0.653830 0.327181
vt 0.566037 0.312899
vt 0.600868 0.355420
vt 0.608702 0.297913
vt 0.566037 0.312899
vt 0.549074 0.356916
vt 0.574017 0.360828
vt 0.600868 0.355420
vt 0.600230 0.467551
vt 0.632609 0.341632
vt 0.632523 0.284357
vt 0.608702 0.297913
vt 0.632609 0.341632
vt 0.600868 0.355420
vt 0.632609 0.341632
vt 0.608702 0.297913
vt 0.555591 0.361978
vt 0.647516 0.334000
vt 0.636328 0.466134
vt 0.632014 0.259427
vt 0.607205 0.274109
vt 0.632523 0.284357
vt 0.473300 0.401552
vt 0.448535 0.406150
vt 0.474990 0.354877
vt 0.440331 0.412054
vt 0.452748 0.416203
vt 0.431369 0.376614
vt 0.479174 0.417266
vt 0.452748 0.416203
vt 0.473973 0.498568
vt 0.426713 0.497837
vt 0.440331 0.412054
vt 0.437560 0.493304
vt 0.513207 0.406865
vt 0.504504 0.413810
vt 0.514969 0.489474
vt 0.468397 0.488714
vt 0.473300 0.401552
vt 0.500499 0.487020
vt 0.452748 0.416203
vt 0.440331 0.412054
vt 0.442092 0.499907
vt 0.437560 0.493304
vt 0.448535 0.406150
vt 0.468397 0.488714
vt 0.504504 0.413810
vt 0.479174 0.417266
vt 0.503899 0.494360
vt 0.500499 0.487020
vt 0.500224 0.401571
vt 0.514969 0.489474
vt 0.504504 0.413810
vt 0.513207 0.406865
vt 0.529020 0.379925
vt 0.514969 0.489474
vt 0.500224 0.401571
vt 0.513207 0.406865
vt 0.473973 0.498568
vt 0.503899 0.494360
vt 0.479174 0.417266
vt 0.468397 0.488714
vt 0.448535 0.406150
vt 0.473300 0.401552
vt 0.426713 0.497837
vt 0.442092 0.499907
vt 0.440331 0.412054
vt 0.500224 0.401571
vt 0.500499 0.487020
vt 0.473300 0.401552
vt 0.504504 0.413810
vt 0.503899 0.494360
vt 0.514969 0.489474
vt 0.448535 0.406150
vt 0.437560 0.493304
vt 0.440331 0.412054
vt 0.452748 0.416203
vt 0.442092 0.499907
vt 0.473973 0.498568
vt 0.504504 0.413810
vt 0.529020 0.379925
vt 0.479174 0.417266
vt 0.500224 0.401571
vt 0.518563 0.348896
vt 0.513207 0.406865
vt 0.283405 0.030339
vt 0.296780 0.074861
vt 0.262962 0.032104
vt 0.113663 0.523519
vt 0.142513 0.536280
vt 0.102688 0.521415
vt 0.247823 0.030962
vt 0.234868 0.064460
vt 0.225292 0.027375
vt 0.262962 0.032104
vt 0.268808 0.068850
vt 0.247823 0.030962
vt 0.054947 0.526802
vt 0.078338 0.522867
vt 0.047948 0.572823
vt 0.225292 0.027375
vt 0.234868 0.064460
vt 0.208114 0.046325
vt 0.102688 0.521415
vt 0.142513 0.536280
vt 0.129231 0.534524
vt 0.262962 0.032104
vt 0.296780 0.074861
vt 0.268808 0.068850
vt 0.532887 0.364825
vt 0.513207 0.406865
vt 0.518563 0.348896
vt 0.482018 0.385893
vt 0.479174 0.417266
vt 0.529020 0.379925
vt 0.446730 0.371563
vt 0.452748 0.416203
vt 0.482018 0.385893
vt 0.437705 0.355151
vt 0.448535 0.406150
vt 0.431369 0.376614
vt 0.518563 0.348896
vt 0.500224 0.401571
vt 0.474990 0.354877
vt 0.532887 0.364825
vt 0.529020 0.379925
vt 0.513207 0.406865
vt 0.474990 0.354877
vt 0.500224 0.401571
vt 0.473300 0.401552
vt 0.431369 0.376614
vt 0.448535 0.406150
vt 0.440331 0.412054
vt 0.482018 0.385893
vt 0.452748 0.416203
vt 0.479174 0.417266
vt 0.446730 0.371563
vt 0.431369 0.376614
vt 0.452748 0.416203
vt 0.437705 0.355151
vt 0.474990 0.354877
vt 0.448535 0.406150
vt 0.446730 0.371563
vt 0.454200 0.388997
vt 0.431369 0.376614
vt 0.502234 0.392746
vt 0.482127 0.394666
vt 0.529020 0.379925
vt 0.486639 0.381780
vt 0.506749 0.384032
vt 0.518563 0.348896
vt 0.437705 0.355151
vt 0.453747 0.381988
vt 0.474990 0.354877
vt 0.482127 0.394666
vt 0.454200 0.388997
vt 0.482018 0.385893
vt 0.453747 0.381988
vt 0.486639 0.381780
vt 0.474990 0.354877
vt 0.506749 0.384032
vt 0.529020 0.379925
vt 0.532887 0.364825
vt 0.454200 0.388997
vt 0.453747 0.381988
vt 0.431369 0.376614
vt 0.611140 0.663324
vt 0.619302 0.606013
vt 0.592922 0.617197
vt 0.619302 0.606013
vt 0.611140 0.663324
vt 0.639355 0.669061
vt 0.646297 0.615780
vt 0.639355 0.669061
vt 0.664887 0.676557
vt 0.598239 0.611248
vt 0.599476 0.663153
vt 0.592922 0.617197
vt 0.599476 0.663153
vt 0.598239 0.611248
vt 0.620831 0.614117
vt 0.620831 0.614117
vt 0.640899 0.613268
vt 0.620346 0.664996
vt 0.664887 0.676557
vt 0.641735 0.672129
vt 0.664212 0.625558
vt 0.640899 0.613268
vt 0.664212 0.625558
vt 0.641735 0.672129
vt 0.641735 0.672129
vt 0.620346 0.664996
vt 0.640899 0.613268
vt 0.620346 0.664996
vt 0.599476 0.663153
vt 0.620831 0.614117
vt 0.611140 0.663324
vt 0.592922 0.617197
vt 0.599476 0.663153
vt 0.664212 0.625558
vt 0.646297 0.615780
vt 0.664887 0.676557
vt 0.646297 0.615780
vt 0.619302 0.606013
vt 0.639355 0.669061
vt 0.646297 0.615780
vt 0.628689 0.573852
vt 0.619302 0.606013
vt 0.437705 0.355151
vt 0.431369 0.376614
vt 0.453747 0.381988
vt 0.502234 0.392746
vt 0.529020 0.379925
vt 0.506749 0.384032
vt 0.592922 0.617197
vt 0.558029 0.583679
vt 0.598239 0.611248
vt 0.518563 0.348896
vt 0.474990 0.354877
vt 0.486639 0.381780
vt 0.664212 0.625558
vt 0.673676 0.591279
vt 0.646297 0.615780
vt 0.446730 0.371563
vt 0.482018 0.385893
vt 0.454200 0.388997
vt 0.532887 0.364825
vt 0.518563 0.348896
vt 0.506749 0.384032
vt 0.482018 0.385893
vt 0.529020 0.379925
vt 0.482127 0.394666
vt 0.640899 0.613268
vt 0.673676 0.591279
vt 0.664212 0.625558
vt 0.619302 0.606013
vt 0.558029 0.583679
vt 0.592922 0.617197
vt 0.598239 0.611248
vt 0.604260 0.580118
vt 0.620831 0.614117
vt 0.566907 0.474015
vt 0.636276 0.466656
vt 0.555539 0.362500
vt 0.618214 0.468854
vt 0.600178 0.468073
vt 0.632557 0.342154
vt 0.579772 0.474852
vt 0.573965 0.361351
vt 0.600178 0.468073
vt 0.559975 0.561408
vt 0.560103 0.507652
vt 0.604260 0.580118
vt 0.649619 0.574061
vt 0.653013 0.508988
vt 0.628689 0.573852
vt 0.566907 0.474015
vt 0.555539 0.362500
vt 0.561249 0.477282
vt 0.616509 0.509256
vt 0.611454 0.500720
vt 0.580006 0.509523
vt 0.653013 0.508988
vt 0.643723 0.500464
vt 0.616509 0.509256
vt 0.647919 0.497158
vt 0.686504 0.515681
vt 0.658094 0.505320
vt 0.604255 0.498279
vt 0.647919 0.497158
vt 0.609098 0.506486
vt 0.558953 0.499381
vt 0.604255 0.498279
vt 0.560103 0.507652
vt 0.604255 0.498279
vt 0.558953 0.499381
vt 0.611454 0.500720
vt 0.647919 0.497158
vt 0.604255 0.498279
vt 0.643723 0.500464
vt 0.643723 0.500464
vt 0.604255 0.498279
vt 0.611454 0.500720
vt 0.686504 0.515681
vt 0.647919 0.497158
vt 0.643723 0.500464
vt 0.611454 0.500720
vt 0.558953 0.499381
vt 0.576791 0.500973
vt 0.636276 0.466656
vt 0.642071 0.467825
vt 0.647464 0.334522
vt 0.604255 0.498279
vt 0.609098 0.506486
vt 0.560103 0.507652
vt 0.647919 0.497158
vt 0.658094 0.505320
vt 0.609098 0.506486
vt 0.643723 0.500464
vt 0.653013 0.508988
vt 0.686504 0.515681
vt 0.611454 0.500720
vt 0.616509 0.509256
vt 0.643723 0.500464
vt 0.576791 0.500973
vt 0.580006 0.509523
vt 0.611454 0.500720
vt 0.653013 0.508988
vt 0.616509 0.509256
vt 0.628689 0.573852
vt 0.560103 0.507652
vt 0.609098 0.506486
vt 0.604260 0.580118
vt 0.658094 0.505320
vt 0.633205 0.572325
vt 0.609098 0.506486
vt 0.616509 0.509256
vt 0.580006 0.509523
vt 0.628689 0.573852
vt 0.572969 0.558225
vt 0.628689 0.573852
vt 0.580006 0.509523
vt 0.604260 0.580118
vt 0.633205 0.572325
vt 0.620831 0.614117
vt 0.559975 0.561408
vt 0.604260 0.580118
vt 0.598239 0.611248
vt 0.604260 0.580118
vt 0.609098 0.506486
vt 0.633205 0.572325
vt 0.572969 0.558225
vt 0.558029 0.583679
vt 0.619302 0.606013
vt 0.633205 0.572325
vt 0.673676 0.591279
vt 0.640899 0.613268
vt 0.633205 0.572325
vt 0.658094 0.505320
vt 0.673676 0.591279
vt 0.658094 0.505320
vt 0.686504 0.515681
vt 0.673676 0.591279
vt 0.653013 0.508988
vt 0.649619 0.574061
vt 0.673676 0.591279
vt 0.649619 0.574061
vt 0.646297 0.615780
vt 0.673676 0.591279
vt 0.686504 0.515681
vt 0.653013 0.508988
vt 0.673676 0.591279
vt 0.559975 0.561408
vt 0.598239 0.611248
vt 0.558029 0.583679
vt 0.633205 0.572325
vt 0.640899 0.613268
vt 0.620831 0.614117
vt 0.649619 0.574061
vt 0.628689 0.573852
vt 0.646297 0.615780
vt 0.572969 0.558225
vt 0.619302 0.606013
vt 0.628689 0.573852
vt 0.608650 0.298436
vt 0.607153 0.274632
vt 0.632471 0.284880
vt 0.554515 0.308540
vt 0.565985 0.313422
vt 0.549022 0.357439
vt 0.573965 0.361351
vt 0.565985 0.313422
vt 0.600815 0.355943
vt 0.631962 0.259949
vt 0.653778 0.327704
vt 0.632471 0.284880
vt 0.653778 0.327704
vt 0.642071 0.467825
vt 0.632557 0.342154
vt 0.549022 0.357439
vt 0.573965 0.361351
vt 0.561249 0.477282
vt 0.608650 0.298436
vt 0.565985 0.313422
vt 0.607153 0.274632
vt 0.608591 0.288473
vt 0.631962 0.259949
vt 0.607153 0.274632
vt 0.560022 0.319730
vt 0.608591 0.288473
vt 0.554515 0.308540
vt 0.555539 0.362500
vt 0.560022 0.319730
vt 0.549022 0.357439
vt 0.653778 0.327704
vt 0.647464 0.334522
vt 0.642071 0.467825
vt 0.608591 0.288473
vt 0.560022 0.319730
vt 0.647464 0.334522
vt 0.560022 0.319730
vt 0.555539 0.362500
vt 0.647464 0.334522
vt 0.631962 0.259949
vt 0.608591 0.288473
vt 0.647464 0.334522
vt 0.647464 0.334522
vt 0.653778 0.327704
vt 0.631962 0.259949
vt 0.555539 0.362500
vt 0.549022 0.357439
vt 0.561249 0.477282
vt 0.560022 0.319730
vt 0.554515 0.308540
vt 0.549022 0.357439
vt 0.608591 0.288473
vt 0.607153 0.274632
vt 0.554515 0.308540
vt 0.554515 0.308540
vt 0.607153 0.274632
vt 0.565985 0.313422
vt 0.573965 0.361351
vt 0.579772 0.474852
vt 0.561249 0.477282
vt 0.632557 0.342154
vt 0.642071 0.467825
vt 0.618214 0.468854
vt 0.573965 0.361351
vt 0.600815 0.355943
vt 0.600178 0.468073
vt 0.632471 0.284880
vt 0.653778 0.327704
vt 0.632557 0.342154
vt 0.565985 0.313422
vt 0.608650 0.298436
vt 0.600815 0.355943
vt 0.565985 0.313422
vt 0.573965 0.361351
vt 0.549022 0.357439
vt 0.600815 0.355943
vt 0.632557 0.342154
vt 0.600178 0.468073
vt 0.632471 0.284880
vt 0.632557 0.342154
vt 0.608650 0.298436
vt 0.600815 0.355943
vt 0.608650 0.298436
vt 0.632557 0.342154
vt 0.555539 0.362500
vt 0.636276 0.466656
vt 0.647464 0.334522
vt 0.631962 0.259949
vt 0.632471 0.284880
vt 0.607153 0.274632
usemtl goblin
s 1
f 1/1 2/2 3/3
f 4/4 5/5 6/6
f 7/7 8/8 9/9
f 10/10 11/11 12/12
f 13/13 14/14 15/15
f 16/16 17/17 18/18
f 19/19 20/20 21/21
f 22/22 23/23 24/24
f 25/25 26/26 27/27
f 28/28 29/29 30/30
f 31/31 32/32 33/33
f 34/34 35/35 36/36
f 37/37 38/38 39/39
f 40/40 41/41 42/42
f 43/43 44/44 45/45
f 46/46 47/47 48/48
f 49/49 50/50 51/51
f 52/52 53/53 54/54
f 55/55 56/56 57/57
f 58/58 59/59 60/60
f 61/61 62/62 63/63
f 64/64 65/65 66/66
f 67/67 68/68 69/69
f 70/70 71/71 72/72
f 73/73 74/74 75/75
f 76/76 77/77 78/78
f 79/79 80/80 81/81
f 82/82 83/83 84/84
f 85/85 86/86 87/87
f 88/88 89/89 90/90
f 91/91 92/92 93/93
f 94/94 95/95 96/96
f 97/97 98/98 99/99
f 100/100 101/101 102/102
f 103/103 104/104 105/105
f 106/106 107/107 108/108
f 109/109 110/110 111/111
f 112/112 113/113 114/114
f 115/115 116/116 117/117
f 118/118 119/119 120/120
f 121/121 122/122 123/123
f 124/124 125/125 126/126
f 127/127 128/128 129/129
f 130/130 131/131 132/132
f 133/133 134/134 135/135
f 136/136 137/137 138/138
f 139/139 140/140 141/141
f 142/142 143/143 144/144
f 145/145 146/146 147/147
f 148/148 149/149 150/150
f 151/151 152/152 153/153
f 154/154 155/155 156/156
f 157/157 158/158 159/159
f 160/160 161/161 162/162
f 163/163 164/164 165/165
f 166/166 167/167 168/168
f 169/169 170/170 171/171
f 172/172 173/173 174/174
f 175/175 176/176 177/177
f 178/178 179/179 180/180
f 181/181 182/182 183/183
f 184/184 185/185 186/186
f 187/187 188/188 189/189
f 190/190 191/191 192/192
f 193/193 194/194 195/195
f 196/196 197/197 198/198
f 199/199 200/200 201/201
f 202/202 203/203 204/204
f 205/205 206/206 207/207
f 208/208 209/209 210/210
f 211/211 212/212 213/213
f 214/214 215/215 216/216
f 217/217 218/218 219/219
f 220/220 221/221 222/222
f 223/223 224/224 225/225
f 226/226 227/227 228/228
f 229/229 230/230 231/231
f 232/232 233/233 234/234
f 235/235 236/236 237/237
f 238/238 239/239 240/240
f 241/241 242/242 243/243
f 244/244 245/245 246/246
f 247/247 248/248 249/249
f 250/250 251/251 252/252
f 253/253 254/254 255/255
f 256/256 257/257 258/258
f 259/259 260/260 261/261
f 262/262 263/263 264/264
f 265/265 266/266 267/267
f 268/268 269/269 270/270
f 271/271 272/272 273/273
f 274/274 275/275 276/276
f 277/277 278/278 279/279
f 280/280 281/281 282/282
f 283/283 284/284 285/285
f 286/286 287/287 288/288
f 289/289 290/290 291/291
f 292/292 293/293 294/294
f 295/295 296/296 297/297
f 298/298 299/299 300/300
f 301/301 302/302 303/303
f 304/304 305/305 306/306
f 307/307 308/308 309/309
f 310/310 311/311 312/312
f 313/313 314/314 315/315
f 316/316 317/317 318/318
f 319/319 320/320 321/321
f 322/322 323/323 324/324
f 325/325 326/326 327/327
f 328/328 329/329 330/330
f 331/331 332/332 333/333
f 334/334 335/335 336/336
f 337/337 338/338 339/339
f 340/340 341/341 342/342
f 343/343 344/344 345/345
f 346/346 347/347 348/348
f 349/349 350/350 351/351
f 352/352 353/353 354/354
f 355/355 356/356 357/357
f 358/358 359/359 360/360
f 361/361 362/362 363/363
f 364/364 365/365 366/366
f 367/367 368/368 369/369
f 370/370 371/371 372/372
f 373/373 374/374 375/375
f 376/376 377/377 378/378
f 379/379 380/380 381/381
f 382/382 383/383 384/384
f 385/385 386/386 387/387
f 388/388 389/389 390/390
f 391/391 392/392 393/393
f 394/394 395/395 396/396
f 397/397 398/398 399/399
f 400/400 401/401 402/402
f 403/403 404/404 405/405
f 406/406 407/407 408/408
f 409/409 410/410 411/411
f 412/412 413/413 414/414
f 415/415 416/416 417/417
f 418/418 419/419 420/420
f 421/421 422/422 423/423
f 424/424 425/425 426/426
f 427/427 428/428 429/429
f 430/430 431/431 432/432
f 433/433 434/434 435/435
f 436/436 437/437 438/438
f 439/439 440/440 441/441
f 442/442 443/443 444/444
f 445/445 446/446 447/447
f 448/448 449/449 450/450
f 451/451 452/452 453/453
f 454/454 455/455 456/456
f 457/457 458/458 459/459
f 460/460 461/461 462/462
f 463/463 464/464 465/465
f 466/466 467/467 468/468
f 469/469 470/470 471/471
f 472/472 473/473 474/474
f 475/475 476/476 477/477
f 478/478 479/479 480/480
f 481/481 482/482 483/483
f 484/484 485/485 486/486
f 487/487 488/488 489/489
f 490/490 491/491 492/492
f 493/493 494/494 495/495
f 496/496 497/497 498/498
f 499/499 500/500 501/501
f 502/502 503/503 504/504
f 505/505 506/506 507/507
f 508/508 509/509 510/510
f 511/511 512/512 513/513
f 514/514 515/515 516/516
f 517/517 518/518 519/519
f 520/520 521/521 522/522
f 523/523 524/524 525/525
f 526/526 527/527 528/528
f 529/529 530/530 531/531
f 532/532 533/533 534/534
f 535/535 536/536 537/537
f 538/538 539/539 540/540
f 541/541 542/542 543/543
f 544/544 545/545 546/546
f 547/547 548/548 549/549
f 550/550 551/551 552/552
f 553/553 554/554 555/555
f 556/556 557/557 558/558
f 559/559 560/560 561/561
f 562/562 563/563 564/564
f 565/565 566/566 567/567
f 568/568 569/569 570/570
f 571/571 572/572 573/573
f 574/574 575/575 576/576
f 577/577 578/578 579/579
f 580/580 581/581 582/582
f 583/583 584/584 585/585
f 586/586 587/587 588/588
f 589/589 590/590 591/591
f 592/592 593/593 594/594
f 595/595 596/596 597/597
f 598/598 599/599 600/600
f 601/601 602/602 603/603
f 604/604 605/605 606/606
f 607/607 608/608 609/609
f 610/610 611/611 612/612
f 613/613 614/614 615/615
f 616/616 617/617 618/618
f 619/619 620/620 621/621
f 622/622 623/623 624/624
f 625/625 626/626 627/627
f 628/628 629/629 630/630
f 631/631 632/632 633/633
f 634/634 635/635 636/636
f 637/637 638/638 639/639
f 640/640 641/641 642/642
f 643/643 644/644 645/645
f 646/646 647/647 648/648
f 649/649 650/650 651/651
f 652/652 653/653 654/654
f 655/655 656/656 657/657
f 658/658 659/659 660/660
f 661/661 662/662 663/663
f 664/664 665/665 666/666
f 667/667 668/668 669/669
f 670/670 671/671 672/672
f 673/673 674/674 675/675
f 676/676 677/677 678/678
f 679/679 680/680 681/681
f 682/682 683/683 684/684
f 685/685 686/686 687/687
f 688/688 689/689 690/690
f 691/691 692/692 693/693
f 694/694 695/695 696/696
f 697/697 698/698 699/699
f 700/700 701/701 702/702
f 703/703 704/704 705/705
f 706/706 707/707 708/708
f 709/709 710/710 711/711
f 712/712 713/713 714/714
f 715/715 716/716 717/717
f 718/718 719/719 720/720
f 721/721 722/722 723/723
f 724/724 725/725 726/726
f 727/727 728/728 729/729
f 730/730 731/731 732/732
f 733/733 734/734 735/735
f 736/736 737/737 738/738
f 739/739 740/740 741/741
f 742/742 743/743 744/744
f 745/745 746/746 747/747
f 748/748 749/749 750/750
f 751/751 752/752 753/753
f 754/754 755/755 756/756
f 757/757 758/758 759/759
f 760/760 761/761 762/762
f 763/763 764/764 765/765
f 766/766 767/767 768/768
f 769/769 770/770 771/771
f 772/772 773/773 774/774
f 775/775 776/776 777/777
f 778/778 779/779 780/780
f 781/781 782/782 783/783
f 784/784 785/785 786/786
f 787/787 788/788 789/789
f 790/790 791/791 792/792
f 793/793 794/794 795/795
f 796/796 797/797 798/798
f 799/799 800/800 801/801
f 802/802 803/803 804/804
f 805/805 806/806 807/807
f 808/808 809/809 810/810
f 811/811 812/812 813/813
f 814/814 815/815 816/816
f 817/817 818/818 819/819
f 820/820 821/821 822/822
f 823/823 824/824 825/825
f 826/826 827/827 828/828
f 829/829 830/830 831/831
f 832/832 833/833 834/834
f 835/835 836/836 837/837
f 838/838 839/839 840/840
f 841/841 842/842 843/843
f 844/844 845/845 846/846
f 847/847 848/848 849/849
f 850/850 851/851 852/852
f 853/853 854/854 855/855
f 856/856 857/857 858/858
f 859/859 860/860 861/861
f 862/862 863/863 864/864
f 865/865 866/866 867/867
f 868/868 869/869 870/870
f 871/871 872/872 873/873
f 874/874 875/875 876/876
f 877/877 878/878 879/879
f 880/880 881/881 882/882
f 883/883 884/884 885/885
f 886/886 887/887 888/888
f 889/889 890/890 891/891
f 892/892 893/893 894/894
f 895/895 896/896 897/897
f 898/898 899/899 900/900
f 901/901 902/902 903/903
f 904/904 905/905 906/906
f 907/907 908/908 909/909
f 910/910 911/911 912/912
f 913/913 914/914 915/915
f 916/916 917/917 918/918
f 919/919 920/920 921/921
f 922/922 923/923 924/924
f 925/925 926/926 927/927
f 928/928 929/929 930/930
f 931/931 932/932 933/933
f 934/934 935/935 936/936
f 937/937 938/938 939/939
f 940/940 941/941 942/942
f 943/943 944/944 945/945
f 946/946 947/947 948/948
f 949/949 950/950 951/951
f 952/952 953/953 954/954
f 955/955 956/956 957/957
f 958/958 959/959 960/960
f 961/961 962/962 963/963
f 964/964 965/965 966/966
f 967/967 968/968 969/969
f 970/970 971/971 972/972
f 973/973 974/974 975/975
f 976/976 977/977 978/978
f 979/979 980/980 981/981
f 982/982 983/983 984/984
f 985/985 986/986 987/987
f 988/988 989/989 990/990
f 991/991 992/992 993/993
f 994/994 995/995 996/996
f 997/997 998/998 999/999
f 1000/1000 1001/1001 1002/1002
f 1003/1003 1004/1004 1005/1005
f 1006/1006 1007/1007 1008/1008
f 1009/1009 1010/1010 1011/1011
f 1012/1012 1013/1013 1014/1014
f 1015/1015 1016/1016 1017/1017
f 1018/1018 1019/1019 1020/1020
f 1021/1021 1022/1022 1023/1023
f 1024/1024 1025/1025 1026/1026
f 1027/1027 1028/1028 1029/1029
f 1030/1030 1031/1031 1032/1032
f 1033/1033 1034/1034 1035/1035
f 1036/1036 1037/1037 1038/1038
f 1039/1039 1040/1040 1041/1041
f 1042/1042 1043/1043 1044/1044
f 1045/1045 1046/1046 1047/1047
f 1048/1048 1049/1049 1050/1050
f 1051/1051 1052/1052 1053/1053
f 1054/1054 1055/1055 1056/1056
f 1057/1057 1058/1058 1059/1059
f 1060/1060 1061/1061 1062/1062
f 1063/1063 1064/1064 1065/1065
f 1066/1066 1067/1067 1068/1068
f 1069/1069 1070/1070 1071/1071
f 1072/1072 1073/1073 1074/1074
f 1075/1075 1076/1076 1077/1077
f 1078/1078 1079/1079 1080/1080
f 1081/1081 1082/1082 1083/1083
f 1084/1084 1085/1085 1086/1086
f 1087/1087 1088/1088 1089/1089
f 1090/1090 1091/1091 1092/1092
f 1093/1093 1094/1094 1095/1095
f 1096/1096 1097/1097 1098/1098
f 1099/1099 1100/1100 1101/1101
f 1102/1102 1103/1103 1104/1104
f 1105/1105 1106/1106 1107/1107
f 1108/1108 1109/1109 1110/1110
f 1111/1111 1112/1112 1113/1113
f 1114/1114 1115/1115 1116/1116
f 1117/1117 1118/1118 1119/1119
f 1120/1120 1121/1121 1122/1122
f 1123/1123 1124/1124 1125/1125
f 1126/1126 1127/1127 1128/1128
f 1129/1129 1130/1130 1131/1131
f 1132/1132 1133/1133 1134/1134
f 1135/1135 1136/1136 1137/1137
f 1138/1138 1139/1139 1140/1140
f 1141/1141 1142/1142 1143/1143
f 1144/1144 1145/1145 1146/1146
f 1147/1147 1148/1148 1149/1149
f 1150/1150 1151/1151 1152/1152
f 1153/1153 1154/1154 1155/1155
f 1156/1156 1157/1157 1158/1158
f 1159/1159 1160/1160 1161/1161
f 1162/1162 1163/1163 1164/1164
f 1165/1165 1166/1166 1167/1167
f 1168/1168 1169/1169 1170/1170
f 1171/1171 1172/1172 1173/1173
f 1174/1174 1175/1175 1176/1176
f 1177/1177 1178/1178 1179/1179
f 1180/1180 1181/1181 1182/1182
f 1183/1183 1184/1184 1185/1185
f 1186/1186 1187/1187 1188/1188
f 1189/1189 1190/1190 1191/1191
f 1192/1192 1193/1193 1194/1194
f 1195/1195 1196/1196 1197/1197
f 1198/1198 1199/1199 1200/1200
f 1201/1201 1202/1202 1203/1203
f 1204/1204 1205/1205 1206/1206
f 1207/1207 1208/1208 1209/1209
f 1210/1210 1211/1211 1212/1212
f 1213/1213 1214/1214 1215/1215
f 1216/1216 1217/1217 1218/1218
f 1219/1219 1220/1220 1221/1221
f 1222/1222 1223/1223 1224/1224
f 1225/1225 1226/1226 1227/1227
f 1228/1228 1229/1229 1230/1230
f 1231/1231 1232/1232 1233/1233
f 1234/1234 1235/1235 1236/1236
f 1237/1237 1238/1238 1239/1239
f 1240/1240 1241/1241 1242/1242
f 1243/1243 1244/1244 1245/1245
f 1246/1246 1247/1247 1248/1248
f 1249/1249 1250/1250 1251/1251
f 1252/1252 1253/1253 1254/1254
f 1255/1255 1256/1256 1257/1257
f 1258/1258 1259/1259 1260/1260
f 1261/1261 1262/1262 1263/1263
f 1264/1264 1265/1265 1266/1266
f 1267/1267 1268/1268 1269/1269
f 1270/1270 1271/1271 1272/1272
f 1273/1273 1274/1274 1275/1275
f 1276/1276 1277/1277 1278/1278
f 1279/1279 1280/1280 1281/1281
f 1282/1282 1283/1283 1284/1284
f 1285/1285 1286/1286 1287/1287
f 1288/1288 1289/1289 1290/1290
f 1291/1291 1292/1292 1293/1293
f 1294/1294 1295/1295 1296/1296
f 1297/1297 1298/1298 1299/1299
f 1300/1300 1301/1301 1302/1302
f 1303/1303 1304/1304 1305/1305
f 1306/1306 1307/1307 1308/1308
f 1309/1309 1310/1310 1311/1311
f 1312/1312 1313/1313 1314/1314
f 1315/1315 1316/1316 1317/1317
f 1318/1318 1319/1319 1320/1320
f 1321/1321 1322/1322 1323/1323
f 1324/1324 1325/1325 1326/1326
f 1327/1327 1328/1328 1329/1329
f 1330/1330 1331/1331 1332/1332
f 1333/1333 1334/1334 1335/1335
f 1336/1336 1337/1337 1338/1338
f 1339/1339 1340/1340 1341/1341
f 1342/1342 1343/1343 1344/1344
f 1345/1345 1346/1346 1347/1347
f 1348/1348 1349/1349 1350/1350
f 1351/1351 1352/1352 1353/1353
f 1354/1354 1355/1355 1356/1356
f 1357/1357 1358/1358 1359/1359
f 1360/1360 1361/1361 1362/1362
f 1363/1363 1364/1364 1365/1365
f 1366/1366 1367/1367 1368/1368
f 1369/1369 1370/1370 1371/1371
f 1372/1372 1373/1373 1374/1374
f 1375/1375 1376/1376 1377/1377
f 1378/1378 1379/1379 1380/1380
f 1381/1381 1382/1382 1383/1383
f 1384/1384 1385/1385 1386/1386
f 1387/1387 1388/1388 1389/1389
f 1390/1390 1391/1391 1392/1392
f 1393/1393 1394/1394 1395/1395
f 1396/1396 1397/1397 1398/1398
f 1399/1399 1400/1400 1401/1401
f 1402/1402 1403/1403 1404/1404
f 1405/1405 1406/1406 1407/1407
f 1408/1408 1409/1409 1410/1410
f 1411/1411 1412/1412 1413/1413
f 1414/1414 1415/1415 1416/1416
f 1417/1417 1418/1418 1419/1419
f 1420/1420 1421/1421 1422/1422
f 1423/1423 1424/1424 1425/1425
f 1426/1426 1427/1427 1428/1428
f 1429/1429 1430/1430 1431/1431
f 1432/1432 1433/1433 1434/1434
f 1435/1435 1436/1436 1437/1437
f 1438/1438 1439/1439 1440/1440
f 1441/1441 1442/1442 1443/1443
f 1444/1444 1445/1445 1446/1446
f 1447/1447 1448/1448 1449/1449
f 1450/1450 1451/1451 1452/1452
f 1453/1453 1454/1454 1455/1455
f 1456/1456 1457/1457 1458/1458
f 1459/1459 1460/1460 1461/1461
f 1462/1462 1463/1463 1464/1464
f 1465/1465 1466/1466 1467/1467
f 1468/1468 1469/1469 1470/1470
f 1471/1471 1472/1472 1473/1473
f 1474/1474 1475/1475 1476/1476
f 1477/1477 1478/1478 1479/1479
f 1480/1480 1481/1481 1482/1482
f 1483/1483 1484/1484 1485/1485
f 1486/1486 1487/1487 1488/1488
f 1489/1489 1490/1490 1491/1491
f 1492/1492 1493/1493 1494/1494
f 1495/1495 1496/1496 1497/1497
f 1498/1498 1499/1499 1500/1500
f 1501/1501 1502/1502 1503/1503
f 1504/1504 1505/1505 1506/1506
f 1507/1507 1508/1508 1509/1509
f 1510/1510 1511/1511 1512/1512
f 1513/1513 1514/1514 1515/1515
f 1516/1516 1517/1517 1518/1518
f 1519/1519 1520/1520 1521/1521
f 1522/1522 1523/1523 1524/1524
f 1525/1525 1526/1526 1527/1527
f 1528/1528 1529/1529 1530/1530
f 1531/1531 1532/1532 1533/1533
f 1534/1534 1535/1535 1536/1536
f 1537/1537 1538/1538 1539/1539
f 1540/1540 1541/1541 1542/1542
f 1543/1543 1544/1544 1545/1545
f 1546/1546 1547/1547 1548/1548
f 1549/1549 1550/1550 1551/1551
f 1552/1552 1553/1553 1554/1554
f 1555/1555 1556/1556 1557/1557
f 1558/1558 1559/1559 1560/1560
f 1561/1561 1562/1562 1563/1563
f 1564/1564 1565/1565 1566/1566
f 1567/1567 1568/1568 1569/1569
f 1570/1570 1571/1571 1572/1572
f 1573/1573 1574/1574 1575/1575
f 1576/1576 1577/1577 1578/1578
f 1579/1579 1580/1580 1581/1581
f 1582/1582 1583/1583 1584/1584
f 1585/1585 1586/1586 1587/1587
f 1588/1588 1589/1589 1590/1590
f 1591/1591 1592/1592 1593/1593
f 1594/1594 1595/1595 1596/1596
f 1597/1597 1598/1598 1599/1599
f 1600/1600 1601/1601 1602/1602
f 1603/1603 1604/1604 1605/1605
f 1606/1606 1607/1607 1608/1608
f 1609/1609 1610/1610 1611/1611
f 1612/1612 1613/1613 1614/1614
f 1615/1615 1616/1616 1617/1617
f 1618/1618 1619/1619 1620/1620
f 1621/1621 1622/1622 1623/1623
f 1624/1624 1625/1625 1626/1626
f 1627/1627 1628/1628 1629/1629
f 1630/1630 1631/1631 1632/1632
f 1633/1633 1634/1634 1635/1635
f 1636/1636 1637/1637 1638/1638
f 1639/1639 1640/1640 1641/1641
f 1642/1642 1643/1643 1644/1644
f 1645/1645 1646/1646 1647/1647
f 1648/1648 1649/1649 1650/1650
f 1651/1651 1652/1652 1653/1653
f 1654/1654 1655/1655 1656/1656
f 1657/1657 1658/1658 1659/1659
f 1660/1660 1661/1661 1662/1662
f 1663/1663 1664/1664 1665/1665
f 1666/1666 1667/1667 1668/1668
f 1669/1669 1670/1670 1671/1671
f 1672/1672 1673/1673 1674/1674
f 1675/1675 1676/1676 1677/1677
f 1678/1678 1679/1679 1680/1680
f 1681/1681 1682/1682 1683/1683
f 1684/1684 1685/1685 1686/1686
f 1687/1687 1688/1688 1689/1689
f 1690/1690 1691/1691 1692/1692
f 1693/1693 1694/1694 1695/1695
f 1696/1696 1697/1697 1698/1698
f 1699/1699 1700/1700 1701/1701
f 1702/1702 1703/1703 1704/1704
f 1705/1705 1706/1706 1707/1707
f 1708/1708 1709/1709 1710/1710
f 1711/1711 1712/1712 1713/1713
f 1714/1714 1715/1715 1716/1716
f 1717/1717 1718/1718 1719/1719
f 1720/1720 1721/1721 1722/1722
f 1723/1723 1724/1724 1725/1725
f 1726/1726 1727/1727 1728/1728
f 1729/1729 1730/1730 1731/1731
f 1732/1732 1733/1733 1734/1734
f 1735/1735 1736/1736 1737/1737
f 1738/1738 1739/1739 1740/1740
f 1741/1741 1742/1742 1743/1743
f 1744/1744 1745/1745 1746/1746
f 1747/1747 1748/1748 1749/1749
f 1750/1750 1751/1751 1752/1752
f 1753/1753 1754/1754 1755/1755
f 1756/1756 1757/1757 1758/1758
f 1759/1759 1760/1760 1761/1761
f 1762/1762 1763/1763 1764/1764
f 1765/1765 1766/1766 1767/1767
f 1768/1768 1769/1769 1770/1770
f 1771/1771 1772/1772 1773/1773
f 1774/1774 1775/1775 1776/1776
f 1777/1777 1778/1778 1779/1779
f 1780/1780 1781/1781 1782/1782
f 1783/1783 1784/1784 1785/1785
f 1786/1786 1787/1787 1788/1788
f 1789/1789 1790/1790 1791/1791
f 1792/1792 1793/1793 1794/1794
f 1795/1795 1796/1796 1797/1797
f 1798/1798 1799/1799 1800/1800
f 1801/1801 1802/1802 1803/1803
f 1804/1804 1805/1805 1806/1806
f 1807/1807 1808/1808 1809/1809
f 1810/1810 1811/1811 1812/1812
f 1813/1813 1814/1814 1815/1815
f 1816/1816 1817/1817 1818/1818
f 1819/1819 1820/1820 1821/1821
f 1822/1822 1823/1823 1824/1824
f 1825/1825 1826/1826 1827/1827
f 1828/1828 1829/1829 1830/1830
f 1831/1831 1832/1832 1833/1833
f 1834/1834 1835/1835 1836/1836
f 1837/1837 1838/1838 1839/1839
f 1840/1840 1841/1841 1842/1842
f 1843/1843 1844/1844 1845/1845
f 1846/1846 1847/1847 1848/1848
f 1849/1849 1850/1850 1851/1851
f 1852/1852 1853/1853 1854/1854
f 1855/1855 1856/1856 1857/1857
f 1858/1858 1859/1859 1860/1860
f 1861/1861 1862/1862 1863/1863
f 1864/1864 1865/1865 1866/1866
f 1867/1867 1868/1868 1869/1869
f 1870/1870 1871/1871 1872/1872
f 1873/1873 1874/1874 1875/1875
f 1876/1876 1877/1877 1878/1878
f 1879/1879 1880/1880 1881/1881
f 1882/1882 1883/1883 1884/1884
f 1885/1885 1886/1886 1887/1887
f 1888/1888 1889/1889 1890/1890
f 1891/1891 1892/1892 1893/1893
f 1894/1894 1895/1895 1896/1896
f 1897/1897 1898/1898 1899/1899
f 1900/1900 1901/1901 1902/1902
f 1903/1903 1904/1904 1905/1905
f 1906/1906 1907/1907 1908/1908
f 1909/1909 1910/1910 1911/1911
f 1912/1912 1913/1913 1914/1914
f 1915/1915 1916/1916 1917/1917
f 1918/1918 1919/1919 1920/1920
f 1921/1921 1922/1922 1923/1923
f 1924/1924 1925/1925 1926/1926
f 1927/1927 1928/1928 1929/1929
f 1930/1930 1931/1931 1932/1932
f 1933/1933 1934/1934 1935/1935
f 1936/1936 1937/1937 1938/1938
f 1939/1939 1940/1940 1941/1941
f 1942/1942 1943/1943 1944/1944
f 1945/1945 1946/1946 1947/1947
f 1948/1948 1949/1949 1950/1950
f 1951/1951 1952/1952 1953/1953
f 1954/1954 1955/1955 1956/1956
f 1957/1957 1958/1958 1959/1959
f 1960/1960 1961/1961 1962/1962
f 1963/1963 1964/1964 1965/1965
f 1966/1966 1967/1967 1968/1968
f 1969/1969 1970/1970 1971/1971
f 1972/1972 1973/1973 1974/1974
f 1975/1975 1976/1976 1977/1977
f 1978/1978 1979/1979 1980/1980
f 1981/1981 1982/1982 1983/1983
f 1984/1984 1985/1985 1986/1986
f 1987/1987 1988/1988 1989/1989
f 1990/1990 1991/1991 1992/1992
f 1993/1993 1994/1994 1995/1995
f 1996/1996 1997/1997 1998/1998
f 1999/1999 2000/2000 2001/2001
f 2002/2002 2003/2003 2004/2004
f 2005/2005 2006/2006 2007/2007
f 2008/2008 2009/2009 2010/2010
f 2011/2011 2012/2012 2013/2013
f 2014/2014 2015/2015 2016/2016
f 2017/2017 2018/2018 2019/2019
f 2020/2020 2021/2021 2022/2022
f 2023/2023 2024/2024 2025/2025
f 2026/2026 2027/2027 2028/2028
f 2029/2029 2030/2030 2031/2031
f 2032/2032 2033/2033 2034/2034
f 2035/2035 2036/2036 2037/2037
f 2038/2038 2039/2039 2040/2040
f 2041/2041 2042/2042 2043/2043
f 2044/2044 2045/2045 2046/2046
f 2047/2047 2048/2048 2049/2049
f 2050/2050 2051/2051 2052/2052
f 2053/2053 2054/2054 2055/2055
f 2056/2056 2057/2057 2058/2058
f 2059/2059 2060/2060 2061/2061
f 2062/2062 2063/2063 2064/2064
f 2065/2065 2066/2066 2067/2067
f 2068/2068 2069/2069 2070/2070
f 2071/2071 2072/2072 2073/2073
f 2074/2074 2075/2075 2076/2076
f 2077/2077 2078/2078 2079/2079
f 2080/2080 2081/2081 2082/2082
f 2083/2083 2084/2084 2085/2085
f 2086/2086 2087/2087 2088/2088
f 2089/2089 2090/2090 2091/2091
f 2092/2092 2093/2093 2094/2094
f 2095/2095 2096/2096 2097/2097
f 2098/2098 2099/2099 2100/2100
f 2101/2101 2102/2102 2103/2103
f 2104/2104 2105/2105 2106/2106
f 2107/2107 2108/2108 2109/2109
f 2110/2110 2111/2111 2112/2112
f 2113/2113 2114/2114 2115/2115
f 2116/2116 2117/2117 2118/2118
f 2119/2119 2120/2120 2121/2121
f 2122/2122 2123/2123 2124/2124
f 2125/2125 2126/2126 2127/2127
f 2128/2128 2129/2129 2130/2130
f 2131/2131 2132/2132 2133/2133
f 2134/2134 2135/2135 2136/2136
f 2137/2137 2138/2138 2139/2139
f 2140/2140 2141/2141 2142/2142
f 2143/2143 2144/2144 2145/2145
f 2146/2146 2147/2147 2148/2148
f 2149/2149 2150/2150 2151/2151
f 2152/2152 2153/2153 2154/2154
f 2155/2155 2156/2156 2157/2157
f 2158/2158 2159/2159 2160/2160
f 2161/2161 2162/2162 2163/2163
f 2164/2164 2165/2165 2166/2166
f 2167/2167 2168/2168 2169/2169
f 2170/2170 2171/2171 2172/2172
f 2173/2173 2174/2174 2175/2175
f 2176/2176 2177/2177 2178/2178
f 2179/2179 2180/2180 2181/2181
f 2182/2182 2183/2183 2184/2184
f 2185/2185 2186/2186 2187/2187
f 2188/2188 2189/2189 2190/2190
f 2191/2191 2192/2192 2193/2193
f 2194/2194 2195/2195 2196/2196
f 2197/2197 2198/2198 2199/2199
f 2200/2200 2201/2201 2202/2202
f 2203/2203 2204/2204 2205/2205
f 2206/2206 2207/2207 2208/2208
f 2209/2209 2210/2210 2211/2211
f 2212/2212 2213/2213 2214/2214
f 2215/2215 2216/2216 2217/2217
f 2218/2218 2219/2219 2220/2220
f 2221/2221 2222/2222 2223/2223
f 2224/2224 2225/2225 2226/2226
f 2227/2227 2228/2228 2229/2229
f 2230/2230 2231/2231 2232/2232
f 2233/2233 2234/2234 2235/2235
f 2236/2236 2237/2237 2238/2238
f 2239/2239 2240/2240 2241/2241
f 2242/2242 2243/2243 2244/2244
f 2245/2245 2246/2246 2247/2247
f 2248/2248 2249/2249 2250/2250
f 2251/2251 2252/2252 2253/2253
f 2254/2254 2255/2255 2256/2256
f 2257/2257 2258/2258 2259/2259
f 2260/2260 2261/2261 2262/2262
f 2263/2263 2264/2264 2265/2265
f 2266/2266 2267/2267 2268/2268
f 2269/2269 2270/2270 2271/2271
f 2272/2272 2273/2273 2274/2274
f 2275/2275 2276/2276 2277/2277
f 2278/2278 2279/2279 2280/2280
f 2281/2281 2282/2282 2283/2283
f 2284/2284 2285/2285 2286/2286
f 2287/2287 2288/2288 2289/2289
f 2290/2290 2291/2291 2292/2292
f 2293/2293 2294/2294 2295/2295
f 2296/2296 2297/2297 2298/2298
f 2299/2299 2300/2300 2301/2301
f 2302/2302 2303/2303 2304/2304
f 2305/2305 2306/2306 2307/2307
f 2308/2308 2309/2309 2310/2310
f 2311/2311 2312/2312 2313/2313
f 2314/2314 2315/2315 2316/2316
f 2317/2317 2318/2318 2319/2319
f 2320/2320 2321/2321 2322/2322
f 2323/2323 2324/2324 2325/2325
f 2326/2326 2327/2327 2328/2328
f 2329/2329 2330/2330 2331/2331
f 2332/2332 2333/2333 2334/2334
f 2335/2335 2336/2336 2337/2337
f 2338/2338 2339/2339 2340/2340
f 2341/2341 2342/2342 2343/2343
f 2344/2344 2345/2345 2346/2346
f 2347/2347 2348/2348 2349/2349
f 2350/2350 2351/2351 2352/2352
f 2353/2353 2354/2354 2355/2355
f 2356/2356 2357/2357 2358/2358
f 2359/2359 2360/2360 2361/2361
f 2362/2362 2363/2363 2364/2364
f 2365/2365 2366/2366 2367/2367
f 2368/2368 2369/2369 2370/2370
f 2371/2371 2372/2372 2373/2373
f 2374/2374 2375/2375 2376/2376
f 2377/2377 2378/2378 2379/2379
f 2380/2380 2381/2381 2382/2382
f 2383/2383 2384/2384 2385/2385
f 2386/2386 2387/2387 2388/2388
f 2389/2389 2390/2390 2391/2391
f 2392/2392 2393/2393 2394/2394
f 2395/2395 2396/2396 2397/2397
f 2398/2398 2399/2399 2400/2400
f 2401/2401 2402/2402 2403/2403
f 2404/2404 2405/2405 2406/2406
f 2407/2407 2408/2408 2409/2409
f 2410/2410 2411/2411 2412/2412
f 2413/2413 2414/2414 2415/2415
f 2416/2416 2417/2417 2418/2418
f 2419/2419 2420/2420 2421/2421
f 2422/2422 2423/2423 2424/2424
f 2425/2425 2426/2426 2427/2427
f 2428/2428 2429/2429 2430/2430
f 2431/2431 2432/2432 2433/2433
f 2434/2434 2435/2435 2436/2436
f 2437/2437 2438/2438 2439/2439
f 2440/2440 2441/2441 2442/2442
f 2443/2443 2444/2444 2445/2445
f 2446/2446 2447/2447 2448/2448
f 2449/2449 2450/2450 2451/2451
f 2452/2452 2453/2453 2454/2454
f 2455/2455 2456/2456 2457/2457
f 2458/2458 2459/2459 2460/2460
f 2461/2461 2462/2462 2463/2463
f 2464/2464 2465/2465 2466/2466
f 2467/2467 2468/2468 2469/2469
f 2470/2470 2471/2471 2472/2472
f 2473/2473 2474/2474 2475/2475
f 2476/2476 2477/2477 2478/2478
f 2479/2479 2480/2480 2481/2481
f 2482/2482 2483/2483 2484/2484
f 2485/2485 2486/2486 2487/2487
f 2488/2488 2489/2489 2490/2490
f 2491/2491 2492/2492 2493/2493
f 2494/2494 2495/2495 2496/2496
f 2497/2497 2498/2498 2499/2499
f 2500/2500 2501/2501 2502/2502
f 2503/2503 2504/2504 2505/2505
f 2506/2506 2507/2507 2508/2508
f 2509/2509 2510/2510 2511/2511
f 2512/2512 2513/2513 2514/2514
f 2515/2515 2516/2516 2517/2517
f 2518/2518 2519/2519 2520/2520
f 2521/2521 2522/2522 2523/2523
f 2524/2524 2525/2525 2526/2526
f 2527/2527 2528/2528 2529/2529
f 2530/2530 2531/2531 2532/2532
f 2533/2533 2534/2534 2535/2535
f 2536/2536 2537/2537 2538/2538
f 2539/2539 2540/2540 2541/2541
f 2542/2542 2543/2543 2544/2544
f 2545/2545 2546/2546 2547/2547
f 2548/2548 2549/2549 2550/2550
f 2551/2551 2552/2552 2553/2553
f 2554/2554 2555/2555 2556/2556
f 2557/2557 2558/2558 2559/2559
f 2560/2560 2561/2561 2562/2562
f 2563/2563 2564/2564 2565/2565
f 2566/2566 2567/2567 2568/2568
f 2569/2569 2570/2570 2571/2571
f 2572/2572 2573/2573 2574/2574
f 2575/2575 2576/2576 2577/2577
f 2578/2578 2579/2579 2580/2580
f 2581/2581 2582/2582 2583/2583
f 2584/2584 2585/2585 2586/2586
f 2587/2587 2588/2588 2589/2589
f 2590/2590 2591/2591 2592/2592
f 2593/2593 2594/2594 2595/2595
f 2596/2596 2597/2597 2598/2598
f 2599/2599 2600/2600 2601/2601
f 2602/2602 2603/2603 2604/2604
f 2605/2605 2606/2606 2607/2607
f 2608/2608 2609/2609 2610/2610
f 2611/2611 2612/2612 2613/2613
f 2614/2614 2615/2615 2616/2616
f 2617/2617 2618/2618 2619/2619
f 2620/2620 2621/2621 2622/2622
f 2623/2623 2624/2624 2625/2625
f 2626/2626 2627/2627 2628/2628
f 2629/2629 2630/2630 2631/2631
f 2632/2632 2633/2633 2634/2634
f 2635/2635 2636/2636 2637/2637
f 2638/2638 2639/2639 2640/2640
f 2641/2641 2642/2642 2643/2643
f 2644/2644 2645/2645 2646/2646
f 2647/2647 2648/2648 2649/2649
f 2650/2650 2651/2651 2652/2652
f 2653/2653 2654/2654 2655/2655
f 2656/2656 2657/2657 2658/2658
f 2659/2659 2660/2660 2661/2661
f 2662/2662 2663/2663 2664/2664
f 2665/2665 2666/2666 2667/2667
f 2668/2668 2669/2669 2670/2670
f 2671/2671 2672/2672 2673/2673
f 2674/2674 2675/2675 2676/2676
f 2677/2677 2678/2678 2679/2679
f 2680/2680 2681/2681 2682/2682
f 2683/2683 2684/2684 2685/2685
f 2686/2686 2687/2687 2688/2688
f 2689/2689 2690/2690 2691/2691
f 2692/2692 2693/2693 2694/2694
f 2695/2695 2696/2696 2697/2697
f 2698/2698 2699/2699 2700/2700
f 2701/2701 2702/2702 2703/2703
f 2704/2704 2705/2705 2706/2706
f 2707/2707 2708/2708 2709/2709
f 2710/2710 2711/2711 2712/2712
f 2713/2713 2714/2714 2715/2715
f 2716/2716 2717/2717 2718/2718
f 2719/2719 2720/2720 2721/2721
f 2722/2722 2723/2723 2724/2724
f 2725/2725 2726/2726 2727/2727
f 2728/2728 2729/2729 2730/2730
f 2731/2731 2732/2732 2733/2733
f 2734/2734 2735/2735 2736/2736
f 2737/2737 2738/2738 2739/2739
f 2740/2740 2741/2741 2742/2742
f 2743/2743 2744/2744 2745/2745
f 2746/2746 2747/2747 2748/2748
f 2749/2749 2750/2750 2751/2751
f 2752/2752 2753/2753 2754/2754
f 2755/2755 2756/2756 2757/2757
f 2758/2758 2759/2759 2760/2760
f 2761/2761 2762/2762 2763/2763
f 2764/2764 2765/2765 2766/2766
f 2767/2767 2768/2768 2769/2769
f 2770/2770 2771/2771 2772/2772
f 2773/2773 2774/2774 2775/2775
f 2776/2776 2777/2777 2778/2778
f 2779/2779 2780/2780 2781/2781
f 2782/2782 2783/2783 2784/2784
f 2785/2785 2786/2786 2787/2787
f 2788/2788 2789/2789 2790/2790
f 2791/2791 2792/2792 2793/2793
f 2794/2794 2795/2795 2796/2796
f 2797/2797 2798/2798 2799/2799
f 2800/2800 2801/2801 2802/2802
f 2803/2803 2804/2804 2805/2805
f 2806/2806 2807/2807 2808/2808
f 2809/2809 2810/2810 2811/2811
f 2812/2812 2813/2813 2814/2814
f 2815/2815 2816/2816 2817/2817
f 2818/2818 2819/2819 2820/2820
f 2821/2821 2822/2822 2823/2823
f 2824/2824 2825/2825 2826/2826
f 2827/2827 2828/2828 2829/2829
f 2830/2830 2831/2831 2832/2832
f 2833/2833 2834/2834 2835/2835
f 2836/2836 2837/2837 2838/2838
f 2839/2839 2840/2840 2841/2841
f 2842/2842 2843/2843 2844/2844
f 2845/2845 2846/2846 2847/2847
f 2848/2848 2849/2849 2850/2850
f 2851/2851 2852/2852 2853/2853
f 2854/2854 2855/2855 2856/2856
f 2857/2857 2858/2858 2859/2859
f 2860/2860 2861/2861 2862/2862
f 2863/2863 2864/2864 2865/2865
f 2866/2866 2867/2867 2868/2868
f 2869/2869 2870/2870 2871/2871
f 2872/2872 2873/2873 2874/2874
f 2875/2875 2876/2876 2877/2877
f 2878/2878 2879/2879 2880/2880
f 2881/2881 2882/2882 2883/2883
f 2884/2884 2885/2885 2886/2886
f 2887/2887 2888/2888 2889/2889
f 2890/2890 2891/2891 2892/2892
f 2893/2893 2894/2894 2895/2895
f 2896/2896 2897/2897 2898/2898
f 2899/2899 2900/2900 2901/2901
f 2902/2902 2903/2903 2904/2904
f 2905/2905 2906/2906 2907/2907
f 2908/2908 2909/2909 2910/2910
f 2911/2911 2912/2912 2913/2913
f 2914/2914 2915/2915 2916/2916
f 2917/2917 2918/2918 2919/2919
f 2920/2920 2921/2921 2922/2922
f 2923/2923 2924/2924 2925/2925
f 2926/2926 2927/2927 2928/2928
f 2929/2929 2930/2930 2931/2931
f 2932/2932 2933/2933 2934/2934
f 2935/2935 2936/2936 2937/2937
f 2938/2938 2939/2939 2940/2940
f 2941/2941 2942/2942 2943/2943
f 2944/2944 2945/2945 2946/2946
f 2947/2947 2948/2948 2949/2949
f 2950/2950 2951/2951 2952/2952
f 2953/2953 2954/2954 2955/2955
f 2956/2956 2957/2957 2958/2958
f 2959/2959 2960/2960 2961/2961
f 2962/2962 2963/2963 2964/2964
f 2965/2965 2966/2966 2967/2967
f 2968/2968 2969/2969 2970/2970
f 2971/2971 2972/2972 2973/2973
f 2974/2974 2975/2975 2976/2976
f 2977/2977 2978/2978 2979/2979
f 2980/2980 2981/2981 2982/2982
f 2983/2983 2984/2984 2985/2985
f 2986/2986 2987/2987 2988/2988
f 2989/2989 2990/2990 2991/2991
f 2992/2992 2993/2993 2994/2994
f 2995/2995 2996/2996 2997/2997
f 2998/2998 2999/2999 3000/3000
f 3001/3001 3002/3002 3003/3003
f 3004/3004 3005/3005 3006/3006
f 3007/3007 3008/3008 3009/3009
f 3010/3010 3011/3011 3012/3012
f 3013/3013 3014/3014 3015/3015
f 3016/3016 3017/3017 3018/3018
f 3019/3019 3020/3020 3021/3021
f 3022/3022 3023/3023 3024/3024
f 3025/3025 3026/3026 3027/3027
f 3028/3028 3029/3029 3030/3030
f 3031/3031 3032/3032 3033/3033
f 3034/3034 3035/3035 3036/3036
f 3037/3037 3038/3038 3039/3039
f 3040/3040 3041/3041 3042/3042
f 3043/3043 3044/3044 3045/3045
f 3046/3046 3047/3047 3048/3048
f 3049/3049 3050/3050 3051/3051
f 3052/3052 3053/3053 3054/3054
f 3055/3055 3056/3056 3057/3057
f 3058/3058 3059/3059 3060/3060
f 3061/3061 3062/3062 3063/3063
f 3064/3064 3065/3065 3066/3066
f 3067/3067 3068/3068 3069/3069
f 3070/3070 3071/3071 3072/3072
f 3073/3073 3074/3074 3075/3075
f 3076/3076 3077/3077 3078/3078
f 3079/3079 3080/3080 3081/3081
f 3082/3082 3083/3083 3084/3084
f 3085/3085 3086/3086 3087/3087
f 3088/3088 3089/3089 3090/3090
f 3091/3091 3092/3092 3093/3093
f 3094/3094 3095/3095 3096/3096
f 3097/3097 3098/3098 3099/3099
f 3100/3100 3101/3101 3102/3102
f 3103/3103 3104/3104 3105/3105
f 3106/3106 3107/3107 3108/3108
f 3109/3109 3110/3110 3111/3111
f 3112/3112 3113/3113 3114/3114
f 3115/3115 3116/3116 3117/3117
f 3118/3118 3119/3119 3120/3120
f 3121/3121 3122/3122 3123/3123
f 3124/3124 3125/3125 3126/3126
f 3127/3127 3128/3128 3129/3129
f 3130/3130 3131/3131 3132/3132
f 3133/3133 3134/3134 3135/3135
f 3136/3136 3137/3137 3138/3138
f 3139/3139 3140/3140 3141/3141
f 3142/3142 3143/3143 3144/3144
f 3145/3145 3146/3146 3147/3147
f 3148/3148 3149/3149 3150/3150
f 3151/3151 3152/3152 3153/3153
f 3154/3154 3155/3155 3156/3156
f 3157/3157 3158/3158 3159/3159
f 3160/3160 3161/3161 3162/3162
f 3163/3163 3164/3164 3165/3165
f 3166/3166 3167/3167 3168/3168
f 3169/3169 3170/3170 3171/3171
f 3172/3172 3173/3173 3174/3174
f 3175/3175 3176/3176 3177/3177
f 3178/3178 3179/3179 3180/3180
f 3181/3181 3182/3182 3183/3183
f 3184/3184 3185/3185 3186/3186
f 3187/3187 3188/3188 3189/3189
f 3190/3190 3191/3191 3192/3192
f 3193/3193 3194/3194 3195/3195
f 3196/3196 3197/3197 3198/3198
f 3199/3199 3200/3200 3201/3201
f 3202/3202 3203/3203 3204/3204
f 3205/3205 3206/3206 3207/3207
f 3208/3208 3209/3209 3210/3210
f 3211/3211 3212/3212 3213/3213
f 3214/3214 3215/3215 3216/3216
f 3217/3217 3218/3218 3219/3219
f 3220/3220 3221/3221 3222/3222
f 3223/3223 3224/3224 3225/3225
f 3226/3226 3227/3227 3228/3228
f 3229/3229 3230/3230 3231/3231
f 3232/3232 3233/3233 3234/3234
f 3235/3235 3236/3236 3237/3237
f 3238/3238 3239/3239 3240/3240
f 3241/3241 3242/3242 3243/3243
f 3244/3244 3245/3245 3246/3246
f 3247/3247 3248/3248 3249/3249
f 3250/3250 3251/3251 3252/3252
f 3253/3253 3254/3254 3255/3255
f 3256/3256 3257/3257 3258/3258
f 3259/3259 3260/3260 3261/3261
f 3262/3262 3263/3263 3264/3264
f 3265/3265 3266/3266 3267/3267
f 3268/3268 3269/3269 3270/3270
f 3271/3271 3272/3272 3273/3273
f 3274/3274 3275/3275 3276/3276
f 3277/3277 3278/3278 3279/3279
f 3280/3280 3281/3281 3282/3282
f 3283/3283 3284/3284 3285/3285
f 3286/3286 3287/3287 3288/3288
f 3289/3289 3290/3290 3291/3291
f 3292/3292 3293/3293 3294/3294
f 3295/3295 3296/3296 3297/3297
f 3298/3298 3299/3299 3300/3300
f 3301/3301 3302/3302 3303/3303
f 3304/3304 3305/3305 3306/3306
f 3307/3307 3308/3308 3309/3309
f 3310/3310 3311/3311 3312/3312
f 3313/3313 3314/3314 3315/3315
f 3316/3316 3317/3317 3318/3318
f 3319/3319 3320/3320 3321/3321
f 3322/3322 3323/3323 3324/3324
f 3325/3325 3326/3326 3327/3327
f 3328/3328 3329/3329 3330/3330
f 3331/3331 3332/3332 3333/3333
f 3334/3334 3335/3335 3336/3336
f 3337/3337 3338/3338 3339/3339
f 3340/3340 3341/3341 3342/3342
f 3343/3343 3344/3344 3345/3345
f 3346/3346 3347/3347 3348/3348
f 3349/3349 3350/3350 3351/3351
f 3352/3352 3353/3353 3354/3354
f 3355/3355 3356/3356 3357/3357
f 3358/3358 3359/3359 3360/3360
f 3361/3361 3362/3362 3363/3363
f 3364/3364 3365/3365 3366/3366
f 3367/3367 3368/3368 3369/3369
f 3370/3370 3371/3371 3372/3372
f 3373/3373 3374/3374 3375/3375
f 3376/3376 3377/3377 3378/3378
f 3379/3379 3380/3380 3381/3381
f 3382/3382 3383/3383 3384/3384
f 3385/3385 3386/3386 3387/3387
f 3388/3388 3389/3389 3390/3390
f 3391/3391 3392/3392 3393/3393
f 3394/3394 3395/3395 3396/3396
f 3397/3397 3398/3398 3399/3399
f 3400/3400 3401/3401 3402/3402
f 3403/3403 3404/3404 3405/3405
f 3406/3406 3407/3407 3408/3408
f 3409/3409 3410/3410 3411/3411
f 3412/3412 3413/3413 3414/3414
f 3415/3415 3416/3416 3417/3417
f 3418/3418 3419/3419 3420/3420
f 3421/3421 3422/3422 3423/3423
f 3424/3424 3425/3425 3426/3426
f 3427/3427 3428/3428 3429/3429
f 3430/3430 3431/3431 3432/3432
f 3433/3433 3434/3434 3435/3435
f 3436/3436 3437/3437 3438/3438
f 3439/3439 3440/3440 3441/3441
f 3442/3442 3443/3443 3444/3444
f 3445/3445 3446/3446 3447/3447
f 3448/3448 3449/3449 3450/3450
f 3451/3451 3452/3452 3453/3453
f 3454/3454 3455/3455 3456/3456
f 3457/3457 3458/3458 3459/3459
f 3460/3460 3461/3461 3462/3462
f 3463/3463 3464/3464 3465/3465
f 3466/3466 3467/3467 3468/3468
f 3469/3469 3470/3470 3471/3471
f 3472/3472 3473/3473 3474/3474
f 3475/3475 3476/3476 3477/3477
f 3478/3478 3479/3479 3480/3480
f 3481/3481 3482/3482 3483/3483
f 3484/3484 3485/3485 3486/3486
f 3487/3487 3488/3488 3489/3489
f 3490/3490 3491/3491 3492/3492
f 3493/3493 3494/3494 3495/3495
f 3496/3496 3497/3497 3498/3498
f 3499/3499 3500/3500 3501/3501
f 3502/3502 3503/3503 3504/3504
f 3505/3505 3506/3506 3507/3507
f 3508/3508 3509/3509 3510/3510
f 3511/3511 3512/3512 3513/3513
f 3514/3514 3515/3515 3516/3516
f 3517/3517 3518/3518 3519/3519
f 3520/3520 3521/3521 3522/3522
f 3523/3523 3524/3524 3525/3525
f 3526/3526 3527/3527 3528/3528
f 3529/3529 3530/3530 3531/3531
f 3532/3532 3533/3533 3534/3534
f 3535/3535 3536/3536 3537/3537
f 3538/3538 3539/3539 3540/3540
f 3541/3541 3542/3542 3543/3543
f 3544/3544 3545/3545 3546/3546
f 3547/3547 3548/3548 3549/3549
f 3550/3550 3551/3551 3552/3552
f 3553/3553 3554/3554 3555/3555
f 3556/3556 3557/3557 3558/3558
f 3559/3559 3560/3560 3561/3561
f 3562/3562 3563/3563 3564/3564
f 3565/3565 3566/3566 3567/3567
f 3568/3568 3569/3569 3570/3570
f 3571/3571 3572/3572 3573/3573
f 3574/3574 3575/3575 3576/3576
f 3577/3577 3578/3578 3579/3579
f 3580/3580 3581/3581 3582/3582
f 3583/3583 3584/3584 3585/3585
f 3586/3586 3587/3587 3588/3588
f 3589/3589 3590/3590 3591/3591
f 3592/3592 3593/3593 3594/3594
f 3595/3595 3596/3596 3597/3597
f 3598/3598 3599/3599 3600/3600
f 3601/3601 3602/3602 3603/3603
f 3604/3604 3605/3605 3606/3606
f 3607/3607 3608/3608 3609/3609
f 3610/3610 3611/3611 3612/3612
f 3613/3613 3614/3614 3615/3615
f 3616/3616 3617/3617 3618/3618
f 3619/3619 3620/3620 3621/3621
f 3622/3622 3623/3623 3624/3624
f 3625/3625 3626/3626 3627/3627
f 3628/3628 3629/3629 3630/3630
f 3631/3631 3632/3632 3633/3633
f 3634/3634 3635/3635 3636/3636
f 3637/3637 3638/3638 3639/3639
f 3640/3640 3641/3641 3642/3642
f 3643/3643 3644/3644 3645/3645
f 3646/3646 3647/3647 3648/3648
f 3649/3649 3650/3650 3651/3651
f 3652/3652 3653/3653 3654/3654
f 3655/3655 3656/3656 3657/3657
f 3658/3658 3659/3659 3660/3660
f 3661/3661 3662/3662 3663/3663
f 3664/3664 3665/3665 3666/3666
f 3667/3667 3668/3668 3669/3669
f 3670/3670 3671/3671 3672/3672
f 3673/3673 3674/3674 3675/3675
f 3676/3676 3677/3677 3678/3678
f 3679/3679 3680/3680 3681/3681
f 3682/3682 3683/3683 3684/3684
f 3685/3685 3686/3686 3687/3687
f 3688/3688 3689/3689 3690/3690
f 3691/3691 3692/3692 3693/3693
f 3694/3694 3695/3695 3696/3696
f 3697/3697 3698/3698 3699/3699
f 3700/3700 3701/3701 3702/3702
f 3703/3703 3704/3704 3705/3705
f 3706/3706 3707/3707 3708/3708
f 3709/3709 3710/3710 3711/3711
f 3712/3712 3713/3713 3714/3714
f 3715/3715 3716/3716 3717/3717
f 3718/3718 3719/3719 3720/3720
f 3721/3721 3722/3722 3723/3723
f 3724/3724 3725/3725 3726/3726
f 3727/3727 3728/3728 3729/3729
f 3730/3730 3731/3731 3732/3732
f 3733/3733 3734/3734 3735/3735
f 3736/3736 3737/3737 3738/3738
f 3739/3739 3740/3740 3741/3741
f 3742/3742 3743/3743 3744/3744
f 3745/3745 3746/3746 3747/3747
f 3748/3748 3749/3749 3750/3750
f 3751/3751 3752/3752 3753/3753
f 3754/3754 3755/3755 3756/3756
f 3757/3757 3758/3758 3759/3759
f 3760/3760 3761/3761 3762/3762
f 3763/3763 3764/3764 3765/3765
f 3766/3766 3767/3767 3768/3768
f 3769/3769 3770/3770 3771/3771
f 3772/3772 3773/3773 3774/3774
f 3775/3775 3776/3776 3777/3777
f 3778/3778 3779/3779 3780/3780
f 3781/3781 3782/3782 3783/3783
f 3784/3784 3785/3785 3786/3786
f 3787/3787 3788/3788 3789/3789
f 3790/3790 3791/3791 3792/3792
f 3793/3793 3794/3794 3795/3795
f 3796/3796 3797/3797 3798/3798
f 3799/3799 3800/3800 3801/3801
f 3802/3802 3803/3803 3804/3804
f 3805/3805 3806/3806 3807/3807
f 3808/3808 3809/3809 3810/3810
f 3811/3811 3812/3812 3813/3813
f 3814/3814 3815/3815 3816/3816
f 3817/3817 3818/3818 3819/3819
f 3820/3820 3821/3821 3822/3822
f 3823/3823 3824/3824 3825/3825
f 3826/3826 3827/3827 3828/3828
f 3829/3829 3830/3830 3831/3831
f 3832/3832 3833/3833 3834/3834
f 3835/3835 3836/3836 3837/3837
f 3838/3838 3839/3839 3840/3840
f 3841/3841 3842/3842 3843/3843
f 3844/3844 3845/3845 3846/3846
f 3847/3847 3848/3848 3849/3849
f 3850/3850 3851/3851 3852/3852
f 3853/3853 3854/3854 3855/3855
f 3856/3856 3857/3857 3858/3858
f 3859/3859 3860/3860 3861/3861
f 3862/3862 3863/3863 3864/3864
f 3865/3865 3866/3866 3867/3867
f 3868/3868 3869/3869 3870/3870
f 3871/3871 3872/3872 3873/3873
f 3874/3874 3875/3875 3876/3876
f 3877/3877 3878/3878 3879/3879
f 3880/3880 3881/3881 3882/3882
f 3883/3883 3884/3884 3885/3885
f 3886/3886 3887/3887 3888/3888
f 3889/3889 3890/3890 3891/3891
f 3892/3892 3893/3893 3894/3894
f 3895/3895 3896/3896 3897/3897
f 3898/3898 3899/3899 3900/3900
f 3901/3901 3902/3902 3903/3903
f 3904/3904 3905/3905 3906/3906
f 3907/3907 3908/3908 3909/3909
f 3910/3910 3911/3911 3912/3912
f 3913/3913 3914/3914 3915/3915
f 3916/3916 3917/3917 3918/3918
f 3919/3919 3920/3920 3921/3921
f 3922/3922 3923/3923 3924/3924
f 3925/3925 3926/3926 3927/3927
f 3928/3928 3929/3929 3930/3930
f 3931/3931 3932/3932 3933/3933
f 3934/3934 3935/3935 3936/3936
f 3937/3937 3938/3938 3939/3939
f 3940/3940 3941/3941 3942/3942
f 3943/3943 3944/3944 3945/3945
f 3946/3946 3947/3947 3948/3948
f 3949/3949 3950/3950 3951/3951
f 3952/3952 3953/3953 3954/3954
f 3955/3955 3956/3956 3957/3957
f 3958/3958 3959/3959 3960/3960
f 3961/3961 3962/3962 3963/3963
f 3964/3964 3965/3965 3966/3966
f 3967/3967 3968/3968 3969/3969
f 3970/3970 3971/3971 3972/3972
f 3973/3973 3974/3974 3975/3975
f 3976/3976 3977/3977 3978/3978
f 3979/3979 3980/3980 3981/3981
f 3982/3982 3983/3983 3984/3984
f 3985/3985 3986/3986 3987/3987
f 3988/3988 3989/3989 3990/3990
f 3991/3991 3992/3992 3993/3993
f 3994/3994 3995/3995 3996/3996
f 3997/3997 3998/3998 3999/3999
f 4000/4000 4001/4001 4002/4002
f 4003/4003 4004/4004 4005/4005
f 4006/4006 4007/4007 4008/4008
f 4009/4009 4010/4010 4011/4011
f 4012/4012 4013/4013 4014/4014
f 4015/4015 4016/4016 4017/4017
f 4018/4018 4019/4019 4020/4020
f 4021/4021 4022/4022 4023/4023
f 4024/4024 4025/4025 4026/4026
f 4027/4027 4028/4028 4029/4029
f 4030/4030 4031/4031 4032/4032
f 4033/4033 4034/4034 4035/4035
f 4036/4036 4037/4037 4038/4038
f 4039/4039 4040/4040 4041/4041
f 4042/4042 4043/4043 4044/4044
f 4045/4045 4046/4046 4047/4047
f 4048/4048 4049/4049 4050/4050
f 4051/4051 4052/4052 4053/4053
f 4054/4054 4055/4055 4056/4056
f 4057/4057 4058/4058 4059/4059
f 4060/4060 4061/4061 4062/4062
f 4063/4063 4064/4064 4065/4065
f 4066/4066 4067/4067 4068/4068
f 4069/4069 4070/4070 4071/4071
f 4072/4072 4073/4073 4074/4074
f 4075/4075 4076/4076 4077/4077
f 4078/4078 4079/4079 4080/4080
f 4081/4081 4082/4082 4083/4083
f 4084/4084 4085/4085 4086/4086
f 4087/4087 4088/4088 4089/4089
f 4090/4090 4091/4091 4092/4092
f 4093/4093 4094/4094 4095/4095
f 4096/4096 4097/4097 4098/4098
f 4099/4099 4100/4100 4101/4101
f 4102/4102 4103/4103 4104/4104
f 4105/4105 4106/4106 4107/4107
f 4108/4108 4109/4109 4110/4110
f 4111/4111 4112/4112 4113/4113
f 4114/4114 4115/4115 4116/4116
f 4117/4117 4118/4118 4119/4119
f 4120/4120 4121/4121 4122/4122
f 4123/4123 4124/4124 4125/4125
f 4126/4126 4127/4127 4128/4128
f 4129/4129 4130/4130 4131/4131
f 4132/4132 4133/4133 4134/4134
f 4135/4135 4136/4136 4137/4137
f 4138/4138 4139/4139 4140/4140
f 4141/4141 4142/4142 4143/4143
f 4144/4144 4145/4145 4146/4146
f 4147/4147 4148/4148 4149/4149
f 4150/4150 4151/4151 4152/4152
f 4153/4153 4154/4154 4155/4155
f 4156/4156 4157/4157 4158/4158
f 4159/4159 4160/4160 4161/4161
f 4162/4162 4163/4163 4164/4164
f 4165/4165 4166/4166 4167/4167
f 4168/4168 4169/4169 4170/4170
f 4171/4171 4172/4172 4173/4173
f 4174/4174 4175/4175 4176/4176
f 4177/4177 4178/4178 4179/4179
f 4180/4180 4181/4181 4182/4182
f 4183/4183 4184/4184 4185/4185
f 4186/4186 4187/4187 4188/4188
f 4189/4189 4190/4190 4191/4191
f 4192/4192 4193/4193 4194/4194
f 4195/4195 4196/4196 4197/4197
f 4198/4198 4199/4199 4200/4200
f 4201/4201 4202/4202 4203/4203
f 4204/4204 4205/4205 4206/4206
f 4207/4207 4208/4208 4209/4209
f 4210/4210 4211/4211 4212/4212
f 4213/4213 4214/4214 4215/4215
f 4216/4216 4217/4217 4218/4218
f 4219/4219 4220/4220 4221/4221
f 4222/4222 4223/4223 4224/4224
f 4225/4225 4226/4226 4227/4227
f 4228/4228 4229/4229 4230/4230
f 4231/4231 4232/4232 4233/4233
f 4234/4234 4235/4235 4236/4236
f 4237/4237 4238/4238 4239/4239
f 4240/4240 4241/4241 4242/4242
f 4243/4243 4244/4244 4245/4245
f 4246/4246 4247/4247 4248/4248
f 4249/4249 4250/4250 4251/4251
f 4252/4252 4253/4253 4254/4254
f 4255/4255 4256/4256 4257/4257
f 4258/4258 4259/4259 4260/4260
f 4261/4261 4262/4262 4263/4263
f 4264/4264 4265/4265 4266/4266
f 4267/4267 4268/4268 4269/4269
f 4270/4270 4271/4271 4272/4272
f 4273/4273 4274/4274 4275/4275
f 4276/4276 4277/4277 4278/4278
f 4279/4279 4280/4280 4281/4281
f 4282/4282 4283/4283 4284/4284
f 4285/4285 4286/4286 4287/4287
f 4288/4288 4289/4289 4290/4290
f 4291/4291 4292/4292 4293/4293
f 4294/4294 4295/4295 4296/4296
f 4297/4297 4298/4298 4299/4299
f 4300/4300 4301/4301 4302/4302
f 4303/4303 4304/4304 4305/4305
f 4306/4306 4307/4307 4308/4308
f 4309/4309 4310/4310 4311/4311
f 4312/4312 4313/4313 4314/4314
f 4315/4315 4316/4316 4317/4317
f 4318/4318 4319/4319 4320/4320
f 4321/4321 4322/4322 4323/4323
f 4324/4324 4325/4325 4326/4326
f 4327/4327 4328/4328 4329/4329
f 4330/4330 4331/4331 4332/4332
f 4333/4333 4334/4334 4335/4335
f 4336/4336 4337/4337 4338/4338
f 4339/4339 4340/4340 4341/4341
f 4342/4342 4343/4343 4344/4344
f 4345/4345 4346/4346 4347/4347
f 4348/4348 4349/4349 4350/4350
f 4351/4351 4352/4352 4353/4353
f 4354/4354 4355/4355 4356/4356
f 4357/4357 4358/4358 4359/4359
f 4360/4360 4361/4361 4362/4362
f 4363/4363 4364/4364 4365/4365
f 4366/4366 4367/4367 4368/4368
f 4369/4369 4370/4370 4371/4371
f 4372/4372 4373/4373 4374/4374
f 4375/4375 4376/4376 4377/4377
f 4378/4378 4379/4379 4380/4380
f 4381/4381 4382/4382 4383/4383
f 4384/4384 4385/4385 4386/4386
f 4387/4387 4388/4388 4389/4389
f 4390/4390 4391/4391 4392/4392
f 4393/4393 4394/4394 4395/4395
f 4396/4396 4397/4397 4398/4398
f 4399/4399 4400/4400 4401/4401
f 4402/4402 4403/4403 4404/4404
f 4405/4405 4406/4406 4407/4407
f 4408/4408 4409/4409 4410/4410
f 4411/4411 4412/4412 4413/4413
f 4414/4414 4415/4415 4416/4416
f 4417/4417 4418/4418 4419/4419
f 4420/4420 4421/4421 4422/4422
f 4423/4423 4424/4424 4425/4425
f 4426/4426 4427/4427 4428/4428
f 4429/4429 4430/4430 4431/4431
f 4432/4432 4433/4433 4434/4434
f 4435/4435 4436/4436 4437/4437
f 4438/4438 4439/4439 4440/4440
f 4441/4441 4442/4442 4443/4443
f 4444/4444 4445/4445 4446/4446
f 4447/4447 4448/4448 4449/4449
f 4450/4450 4451/4451 4452/4452
f 4453/4453 4454/4454 4455/4455
f 4456/4456 4457/4457 4458/4458
f 4459/4459 4460/4460 4461/4461
f 4462/4462 4463/4463 4464/4464
f 4465/4465 4466/4466 4467/4467
f 4468/4468 4469/4469 4470/4470
f 4471/4471 4472/4472 4473/4473
f 4474/4474 4475/4475 4476/4476
f 4477/4477 4478/4478 4479/4479
f 4480/4480 4481/4481 4482/4482
f 4483/4483 4484/4484 4485/4485
f 4486/4486 4487/4487 4488/4488
f 4489/4489 4490/4490 4491/4491
f 4492/4492 4493/4493 4494/4494
f 4495/4495 4496/4496 4497/4497
f 4498/4498 4499/4499 4500/4500
f 4501/4501 4502/4502 4503/4503
f 4504/4504 4505/4505 4506/4506
f 4507/4507 4508/4508 4509/4509
f 4510/4510 4511/4511 4512/4512
f 4513/4513 4514/4514 4515/4515
f 4516/4516 4517/4517 4518/4518
f 4519/4519 4520/4520 4521/4521
f 4522/4522 4523/4523 4524/4524
f 4525/4525 4526/4526 4527/4527
f 4528/4528 4529/4529 4530/4530
f 4531/4531 4532/4532 4533/4533
f 4534/4534 4535/4535 4536/4536
f 4537/4537 4538/4538 4539/4539
f 4540/4540 4541/4541 4542/4542
f 4543/4543 4544/4544 4545/4545
f 4546/4546 4547/4547 4548/4548
f 4549/4549 4550/4550 4551/4551
f 4552/4552 4553/4553 4554/4554
f 4555/4555 4556/4556 4557/4557
f 4558/4558 4559/4559 4560/4560
f 4561/4561 4562/4562 4563/4563
f 4564/4564 4565/4565 4566/4566
f 4567/4567 4568/4568 4569/4569
f 4570/4570 4571/4571 4572/4572
f 4573/4573 4574/4574 4575/4575
f 4576/4576 4577/4577 4578/4578
f 4579/4579 4580/4580 4581/4581
f 4582/4582 4583/4583 4584/4584
f 4585/4585 4586/4586 4587/4587
f 4588/4588 4589/4589 4590/4590
f 4591/4591 4592/4592 4593/4593
f 4594/4594 4595/4595 4596/4596
f 4597/4597 4598/4598 4599/4599
f 4600/4600 4601/4601 4602/4602
f 4603/4603 4604/4604 4605/4605
f 4606/4606 4607/4607 4608/4608
f 4609/4609 4610/4610 4611/4611
f 4612/4612 4613/4613 4614/4614
f 4615/4615 4616/4616 4617/4617
f 4618/4618 4619/4619 4620/4620
f 4621/4621 4622/4622 4623/4623
f 4624/4624 4625/4625 4626/4626
f 4627/4627 4628/4628 4629/4629
f 4630/4630 4631/4631 4632/4632
f 4633/4633 4634/4634 4635/4635
f 4636/4636 4637/4637 4638/4638
f 4639/4639 4640/4640 4641/4641
f 4642/4642 4643/4643 4644/4644
f 4645/4645 4646/4646 4647/4647
f 4648/4648 4649/4649 4650/4650
f 4651/4651 4652/4652 4653/4653
f 4654/4654 4655/4655 4656/4656
f 4657/4657 4658/4658 4659/4659
f 4660/4660 4661/4661 4662/4662
f 4663/4663 4664/4664 4665/4665
f 4666/4666 4667/4667 4668/4668
f 4669/4669 4670/4670 4671/4671
f 4672/4672 4673/4673 4674/4674
f 4675/4675 4676/4676 4677/4677
f 4678/4678 4679/4679 4680/4680
f 4681/4681 4682/4682 4683/4683
f 4684/4684 4685/4685 4686/4686
f 4687/4687 4688/4688 4689/4689
f 4690/4690 4691/4691 4692/4692
f 4693/4693 4694/4694 4695/4695
f 4696/4696 4697/4697 4698/4698
f 4699/4699 4700/4700 4701/4701
f 4702/4702 4703/4703 4704/4704
f 4705/4705 4706/4706 4707/4707
f 4708/4708 4709/4709 4710/4710
f 4711/4711 4712/4712 4713/4713
f 4714/4714 4715/4715 4716/4716
f 4717/4717 4718/4718 4719/4719
f 4720/4720 4721/4721 4722/4722
f 4723/4723 4724/4724 4725/4725
f 4726/4726 4727/4727 4728/4728
f 4729/4729 4730/4730 4731/4731
f 4732/4732 4733/4733 4734/4734
f 4735/4735 4736/4736 4737/4737
f 4738/4738 4739/4739 4740/4740
f 4741/4741 4742/4742 4743/4743
f 4744/4744 4745/4745 4746/4746
f 4747/4747 4748/4748 4749/4749
f 4750/4750 4751/4751 4752/4752
f 4753/4753 4754/4754 4755/4755
f 4756/4756 4757/4757 4758/4758
f 4759/4759 4760/4760 4761/4761
f 4762/4762 4763/4763 4764/4764
f 4765/4765 4766/4766 4767/4767
f 4768/4768 4769/4769 4770/4770
f 4771/4771 4772/4772 4773/4773
f 4774/4774 4775/4775 4776/4776
f 4777/4777 4778/4778 4779/4779
f 4780/4780 4781/4781 4782/4782
f 4783/4783 4784/4784 4785/4785
f 4786/4786 4787/4787 4788/4788
f 4789/4789 4790/4790 4791/4791
f 4792/4792 4793/4793 4794/4794
f 4795/4795 4796/4796 4797/4797
f 4798/4798 4799/4799 4800/4800
f 4801/4801 4802/4802 4803/4803
f 4804/4804 4805/4805 4806/4806
f 4807/4807 4808/4808 4809/4809
f 4810/4810 4811/4811 4812/4812
f 4813/4813 4814/4814 4815/4815
f 4816/4816 4817/4817 4818/4818
f 4819/4819 4820/4820 4821/4821
f 4822/4822 4823/4823 4824/4824
f 4825/4825 4826/4826 4827/4827
f 4828/4828 4829/4829 4830/4830
f 4831/4831 4832/4832 4833/4833
f 4834/4834 4835/4835 4836/4836
f 4837/4837 4838/4838 4839/4839
f 4840/4840 4841/4841 4842/4842
f 4843/4843 4844/4844 4845/4845
f 4846/4846 4847/4847 4848/4848
f 4849/4849 4850/4850 4851/4851
f 4852/4852 4853/4853 4854/4854
f 4855/4855 4856/4856 4857/4857
f 4858/4858 4859/4859 4860/4860
f 4861/4861 4862/4862 4863/4863
f 4864/4864 4865/4865 4866/4866
f 4867/4867 4868/4868 4869/4869
f 4870/4870 4871/4871 4872/4872
f 4873/4873 4874/4874 4875/4875
f 4876/4876 4877/4877 4878/4878
f 4879/4879 4880/4880 4881/4881
f 4882/4882 4883/4883 4884/4884
f 4885/4885 4886/4886 4887/4887
f 4888/4888 4889/4889 4890/4890
f 4891/4891 4892/4892 4893/4893
f 4894/4894 4895/4895 4896/4896
f 4897/4897 4898/4898 4899/4899
f 4900/4900 4901/4901 4902/4902
f 4903/4903 4904/4904 4905/4905
f 4906/4906 4907/4907 4908/4908
f 4909/4909 4910/4910 4911/4911
f 4912/4912 4913/4913 4914/4914
f 4915/4915 4916/4916 4917/4917
f 4918/4918 4919/4919 4920/4920
f 4921/4921 4922/4922 4923/4923
f 4924/4924 4925/4925 4926/4926
f 4927/4927 4928/4928 4929/4929
f 4930/4930 4931/4931 4932/4932
f 4933/4933 4934/4934 4935/4935
f 4936/4936 4937/4937 4938/4938
f 4939/4939 4940/4940 4941/4941
f 4942/4942 4943/4943 4944/4944
f 4945/4945 4946/4946 4947/4947
f 4948/4948 4949/4949 4950/4950
f 4951/4951 4952/4952 4953/4953
f 4954/4954 4955/4955 4956/4956
f 4957/4957 4958/4958 4959/4959
f 4960/4960 4961/4961 4962/4962
f 4963/4963 4964/4964 4965/4965
f 4966/4966 4967/4967 4968/4968
f 4969/4969 4970/4970 4971/4971
f 4972/4972 4973/4973 4974/4974
f 4975/4975 4976/4976 4977/4977
f 4978/4978 4979/4979 4980/4980
f 4981/4981 4982/4982 4983/4983
f 4984/4984 4985/4985 4986/4986
f 4987/4987 4988/4988 4989/4989
f 4990/4990 4991/4991 4992/4992
f 4993/4993 4994/4994 4995/4995
f 4996/4996 4997/4997 4998/4998
f 4999/4999 5000/5000 5001/5001
f 5002/5002 5003/5003 5004/5004
f 5005/5005 5006/5006 5007/5007
f 5008/5008 5009/5009 5010/5010
f 5011/5011 5012/5012 5013/5013
f 5014/5014 5015/5015 5016/5016
f 5017/5017 5018/5018 5019/5019
f 5020/5020 5021/5021 5022/5022
f 5023/5023 5024/5024 5025/5025
f 5026/5026 5027/5027 5028/5028
f 5029/5029 5030/5030 5031/5031
f 5032/5032 5033/5033 5034/5034
f 5035/5035 5036/5036 5037/5037
f 5038/5038 5039/5039 5040/5040
f 5041/5041 5042/5042 5043/5043
f 5044/5044 5045/5045 5046/5046
f 5047/5047 5048/5048 5049/5049
f 5050/5050 5051/5051 5052/5052
f 5053/5053 5054/5054 5055/5055
f 5056/5056 5057/5057 5058/5058
f 5059/5059 5060/5060 5061/5061
f 5062/5062 5063/5063 5064/5064
f 5065/5065 5066/5066 5067/5067
f 5068/5068 5069/5069 5070/5070
f 5071/5071 5072/5072 5073/5073
f 5074/5074 5075/5075 5076/5076
f 5077/5077 5078/5078 5079/5079
f 5080/5080 5081/5081 5082/5082
f 5083/5083 5084/5084 5085/5085
f 5086/5086 5087/5087 5088/5088
f 5089/5089 5090/5090 5091/5091
f 5092/5092 5093/5093 5094/5094
f 5095/5095 5096/5096 5097/5097
f 5098/5098 5099/5099 5100/5100
f 5101/5101 5102/5102 5103/5103
f 5104/5104 5105/5105 5106/5106
f 5107/5107 5108/5108 5109/5109
f 5110/5110 5111/5111 5112/5112
f 5113/5113 5114/5114 5115/5115
f 5116/5116 5117/5117 5118/5118
f 5119/5119 5120/5120 5121/5121
f 5122/5122 5123/5123 5124/5124
f 5125/5125 5126/5126 5127/5127
f 5128/5128 5129/5129 5130/5130
f 5131/5131 5132/5132 5133/5133
f 5134/5134 5135/5135 5136/5136
f 5137/5137 5138/5138 5139/5139
f 5140/5140 5141/5141 5142/5142
f 5143/5143 5144/5144 5145/5145
f 5146/5146 5147/5147 5148/5148
f 5149/5149 5150/5150 5151/5151
f 5152/5152 5153/5153 5154/5154
f 5155/5155 5156/5156 5157/5157
f 5158/5158 5159/5159 5160/5160
f 5161/5161 5162/5162 5163/5163
f 5164/5164 5165/5165 5166/5166
f 5167/5167 5168/5168 5169/5169
f 5170/5170 5171/5171 5172/5172
f 5173/5173 5174/5174 5175/5175
f 5176/5176 5177/5177 5178/5178
f 5179/5179 5180/5180 5181/5181
f 5182/5182 5183/5183 5184/5184
f 5185/5185 5186/5186 5187/5187
f 5188/5188 5189/5189 5190/5190
f 5191/5191 5192/5192 5193/5193
f 5194/5194 5195/5195 5196/5196
f 5197/5197 5198/5198 5199/5199
f 5200/5200 5201/5201 5202/5202
f 5203/5203 5204/5204 5205/5205
f 5206/5206 5207/5207 5208/5208
f 5209/5209 5210/5210 5211/5211
f 5212/5212 5213/5213 5214/5214
f 5215/5215 5216/5216 5217/5217
f 5218/5218 5219/5219 5220/5220
f 5221/5221 5222/5222 5223/5223
f 5224/5224 5225/5225 5226/5226
f 5227/5227 5228/5228 5229/5229
f 5230/5230 5231/5231 5232/5232
f 5233/5233 5234/5234 5235/5235
f 5236/5236 5237/5237 5238/5238
f 5239/5239 5240/5240 5241/5241
f 5242/5242 5243/5243 5244/5244
f 5245/5245 5246/5246 5247/5247
f 5248/5248 5249/5249 5250/5250
f 5251/5251 5252/5252 5253/5253
f 5254/5254 5255/5255 5256/5256
f 5257/5257 5258/5258 5259/5259
f 5260/5260 5261/5261 5262/5262
f 5263/5263 5264/5264 5265/5265
f 5266/5266 5267/5267 5268/5268
f 5269/5269 5270/5270 5271/5271
f 5272/5272 5273/5273 5274/5274
f 5275/5275 5276/5276 5277/5277
f 5278/5278 5279/5279 5280/5280
f 5281/5281 5282/5282 5283/5283
f 5284/5284 5285/5285 5286/5286
f 5287/5287 5288/5288 5289/5289
f 5290/5290 5291/5291 5292/5292
f 5293/5293 5294/5294 5295/5295
f 5296/5296 5297/5297 5298/5298
f 5299/5299 5300/5300 5301/5301
f 5302/5302 5303/5303 5304/5304
f 5305/5305 5306/5306 5307/5307
f 5308/5308 5309/5309 5310/5310
f 5311/5311 5312/5312 5313/5313
f 5314/5314 5315/5315 5316/5316
f 5317/5317 5318/5318 5319/5319
f 5320/5320 5321/5321 5322/5322
f 5323/5323 5324/5324 5325/5325
f 5326/5326 5327/5327 5328/5328
f 5329/5329 5330/5330 5331/5331
f 5332/5332 5333/5333 5334/5334
f 5335/5335 5336/5336 5337/5337
f 5338/5338 5339/5339 5340/5340
f 5341/5341 5342/5342 5343/5343
f 5344/5344 5345/5345 5346/5346
f 5347/5347 5348/5348 5349/5349
f 5350/5350 5351/5351 5352/5352
f 5353/5353 5354/5354 5355/5355
f 5356/5356 5357/5357 5358/5358
f 5359/5359 5360/5360 5361/5361
f 5362/5362 5363/5363 5364/5364
f 5365/5365 5366/5366 5367/5367
f 5368/5368 5369/5369 5370/5370
f 5371/5371 5372/5372 5373/5373
f 5374/5374 5375/5375 5376/5376
f 5377/5377 5378/5378 5379/5379
f 5380/5380 5381/5381 5382/5382
f 5383/5383 5384/5384 5385/5385
f 5386/5386 5387/5387 5388/5388
f 5389/5389 5390/5390 5391/5391
f 5392/5392 5393/5393 5394/5394
f 5395/5395 5396/5396 5397/5397
f 5398/5398 5399/5399 5400/5400
f 5401/5401 5402/5402 5403/5403
f 5404/5404 5405/5405 5406/5406
f 5407/5407 5408/5408 5409/5409
f 5410/5410 5411/5411 5412/5412
f 5413/5413 5414/5414 5415/5415
f 5416/5416 5417/5417 5418/5418
f 5419/5419 5420/5420 5421/5421
f 5422/5422 5423/5423 5424/5424
f 5425/5425 5426/5426 5427/5427
f 5428/5428 5429/5429 5430/5430
f 5431/5431 5432/5432 5433/5433
f 5434/5434 5435/5435 5436/5436
f 5437/5437 5438/5438 5439/5439
f 5440/5440 5441/5441 5442/5442
f 5443/5443 5444/5444 5445/5445
f 5446/5446 5447/5447 5448/5448
f 5449/5449 5450/5450 5451/5451
f 5452/5452 5453/5453 5454/5454
f 5455/5455 5456/5456 5457/5457
f 5458/5458 5459/5459 5460/5460
f 5461/5461 5462/5462 5463/5463
f 5464/5464 5465/5465 5466/5466
f 5467/5467 5468/5468 5469/5469
f 5470/5470 5471/5471 5472/5472
f 5473/5473 5474/5474 5475/5475
f 5476/5476 5477/5477 5478/5478
f 5479/5479 5480/5480 5481/5481
f 5482/5482 5483/5483 5484/5484
f 5485/5485 5486/5486 5487/5487
f 5488/5488 5489/5489 5490/5490
f 5491/5491 5492/5492 5493/5493
f 5494/5494 5495/5495 5496/5496
f 5497/5497 5498/5498 5499/5499
f 5500/5500 5501/5501 5502/5502
f 5503/5503 5504/5504 5505/5505
f 5506/5506 5507/5507 5508/5508
f 5509/5509 5510/5510 5511/5511
f 5512/5512 5513/5513 5514/5514
f 5515/5515 5516/5516 5517/5517
f 5518/5518 5519/5519 5520/5520
f 5521/5521 5522/5522 5523/5523
f 5524/5524 5525/5525 5526/5526
f 5527/5527 5528/5528 5529/5529
f 5530/5530 5531/5531 5532/5532
f 5533/5533 5534/5534 5535/5535
f 5536/5536 5537/5537 5538/5538
f 5539/5539 5540/5540 5541/5541
f 5542/5542 5543/5543 5544/5544
f 5545/5545 5546/5546 5547/5547
f 5548/5548 5549/5549 5550/5550
f 5551/5551 5552/5552 5553/5553
f 5554/5554 5555/5555 5556/5556
f 5557/5557 5558/5558 5559/5559
f 5560/5560 5561/5561 5562/5562
f 5563/5563 5564/5564 5565/5565
f 5566/5566 5567/5567 5568/5568
f 5569/5569 5570/5570 5571/5571
f 5572/5572 5573/5573 5574/5574
f 5575/5575 5576/5576 5577/5577
f 5578/5578 5579/5579 5580/5580
f 5581/5581 5582/5582 5583/5583
f 5584/5584 5585/5585 5586/5586
f 5587/5587 5588/5588 5589/5589
f 5590/5590 5591/5591 5592/5592
f 5593/5593 5594/5594 5595/5595
f 5596/5596 5597/5597 5598/5598
f 5599/5599 5600/5600 5601/5601
f 5602/5602 5603/5603 5604/5604
f 5605/5605 5606/5606 5607/5607
f 5608/5608 5609/5609 5610/5610
f 5611/5611 5612/5612 5613/5613
f 5614/5614 5615/5615 5616/5616
f 5617/5617 5618/5618 5619/5619
f 5620/5620 5621/5621 5622/5622
f 5623/5623 5624/5624 5625/5625
f 5626/5626 5627/5627 5628/5628
f 5629/5629 5630/5630 5631/5631
f 5632/5632 5633/5633 5634/5634
f 5635/5635 5636/5636 5637/5637
f 5638/5638 5639/5639 5640/5640
f 5641/5641 5642/5642 5643/5643
f 5644/5644 5645/5645 5646/5646
f 5647/5647 5648/5648 5649/5649
f 5650/5650 5651/5651 5652/5652
f 5653/5653 5654/5654 5655/5655
f 5656/5656 5657/5657 5658/5658
f 5659/5659 5660/5660 5661/5661
f 5662/5662 5663/5663 5664/5664
f 5665/5665 5666/5666 5667/5667
f 5668/5668 5669/5669 5670/5670
f 5671/5671 5672/5672 5673/5673
f 5674/5674 5675/5675 5676/5676
f 5677/5677 5678/5678 5679/5679
f 5680/5680 5681/5681 5682/5682
f 5683/5683 5684/5684 5685/5685
f 5686/5686 5687/5687 5688/5688
f 5689/5689 5690/5690 5691/5691
f 5692/5692 5693/5693 5694/5694
f 5695/5695 5696/5696 5697/5697
f 5698/5698 5699/5699 5700/5700
f 5701/5701 5702/5702 5703/5703
f 5704/5704 5705/5705 5706/5706
f 5707/5707 5708/5708 5709/5709
f 5710/5710 5711/5711 5712/5712
f 5713/5713 5714/5714 5715/5715
f 5716/5716 5717/5717 5718/5718
f 5719/5719 5720/5720 5721/5721
f 5722/5722 5723/5723 5724/5724
f 5725/5725 5726/5726 5727/5727
f 5728/5728 5729/5729 5730/5730
f 5731/5731 5732/5732 5733/5733
f 5734/5734 5735/5735 5736/5736
f 5737/5737 5738/5738 5739/5739
f 5740/5740 5741/5741 5742/5742
f 5743/5743 5744/5744 5745/5745
f 5746/5746 5747/5747 5748/5748
f 5749/5749 5750/5750 5751/5751
f 5752/5752 5753/5753 5754/5754
f 5755/5755 5756/5756 5757/5757
f 5758/5758 5759/5759 5760/5760
f 5761/5761 5762/5762 5763/5763
f 5764/5764 5765/5765 5766/5766
f 5767/5767 5768/5768 5769/5769
f 5770/5770 5771/5771 5772/5772
f 5773/5773 5774/5774 5775/5775
f 5776/5776 5777/5777 5778/5778
f 5779/5779 5780/5780 5781/5781
f 5782/5782 5783/5783 5784/5784
f 5785/5785 5786/5786 5787/5787
f 5788/5788 5789/5789 5790/5790
f 5791/5791 5792/5792 5793/5793
f 5794/5794 5795/5795 5796/5796
f 5797/5797 5798/5798 5799/5799
f 5800/5800 5801/5801 5802/5802
f 5803/5803 5804/5804 5805/5805
f 5806/5806 5807/5807 5808/5808
f 5809/5809 5810/5810 5811/5811
f 5812/5812 5813/5813 5814/5814
f 5815/5815 5816/5816 5817/5817
f 5818/5818 5819/5819 5820/5820
f 5821/5821 5822/5822 5823/5823
f 5824/5824 5825/5825 5826/5826
f 5827/5827 5828/5828 5829/5829
f 5830/5830 5831/5831 5832/5832
f 5833/5833 5834/5834 5835/5835
f 5836/5836 5837/5837 5838/5838
f 5839/5839 5840/5840 5841/5841
f 5842/5842 5843/5843 5844/5844
f 5845/5845 5846/5846 5847/5847
f 5848/5848 5849/5849 5850/5850
f 5851/5851 5852/5852 5853/5853
f 5854/5854 5855/5855 5856/5856
f 5857/5857 5858/5858 5859/5859
f 5860/5860 5861/5861 5862/5862
f 5863/5863 5864/5864 5865/5865
f 5866/5866 5867/5867 5868/5868
f 5869/5869 5870/5870 5871/5871
f 5872/5872 5873/5873 5874/5874
f 5875/5875 5876/5876 5877/5877
f 5878/5878 5879/5879 5880/5880
f 5881/5881 5882/5882 5883/5883
f 5884/5884 5885/5885 5886/5886
f 5887/5887 5888/5888 5889/5889
f 5890/5890 5891/5891 5892/5892
f 5893/5893 5894/5894 5895/5895
f 5896/5896 5897/5897 5898/5898
f 5899/5899 5900/5900 5901/5901
f 5902/5902 5903/5903 5904/5904
f 5905/5905 5906/5906 5907/5907
f 5908/5908 5909/5909 5910/5910
f 5911/5911 5912/5912 5913/5913
f 5914/5914 5915/5915 5916/5916
f 5917/5917 5918/5918 5919/5919
f 5920/5920 5921/5921 5922/5922
f 5923/5923 5924/5924 5925/5925
f 5926/5926 5927/5927 5928/5928
f 5929/5929 5930/5930 5931/5931
f 5932/5932 5933/5933 5934/5934
f 5935/5935 5936/5936 5937/5937
f 5938/5938 5939/5939 5940/5940
f 5941/5941 5942/5942 5943/5943
f 5944/5944 5945/5945 5946/5946
f 5947/5947 5948/5948 5949/5949
f 5950/5950 5951/5951 5952/5952
f 5953/5953 5954/5954 5955/5955
f 5956/5956 5957/5957 5958/5958
f 5959/5959 5960/5960 5961/5961
f 5962/5962 5963/5963 5964/5964
f 5965/5965 5966/5966 5967/5967
f 5968/5968 5969/5969 5970/5970
f 5971/5971 5972/5972 5973/5973
f 5974/5974 5975/5975 5976/5976
f 5977/5977 5978/5978 5979/5979
f 5980/5980 5981/5981 5982/5982
f 5983/5983 5984/5984 5985/5985
f 5986/5986 5987/5987 5988/5988
f 5989/5989 5990/5990 5991/5991
f 5992/5992 5993/5993 5994/5994
f 5995/5995 5996/5996 5997/5997
f 5998/5998 5999/5999 6000/6000
f 6001/6001 6002/6002 6003/6003
f 6004/6004 6005/6005 6006/6006
f 6007/6007 6008/6008 6009/6009
f 6010/6010 6011/6011 6012/6012
f 6013/6013 6014/6014 6015/6015
f 6016/6016 6017/6017 6018/6018
f 6019/6019 6020/6020 6021/6021
f 6022/6022 6023/6023 6024/6024
f 6025/6025 6026/6026 6027/6027
f 6028/6028 6029/6029 6030/6030
f 6031/6031 6032/6032 6033/6033
f 6034/6034 6035/6035 6036/6036
f 6037/6037 6038/6038 6039/6039
f 6040/6040 6041/6041 6042/6042
f 6043/6043 6044/6044 6045/6045
f 6046/6046 6047/6047 6048/6048
f 6049/6049 6050/6050 6051/6051
f 6052/6052 6053/6053 6054/6054
f 6055/6055 6056/6056 6057/6057
f 6058/6058 6059/6059 6060/6060
f 6061/6061 6062/6062 6063/6063
f 6064/6064 6065/6065 6066/6066
f 6067/6067 6068/6068 6069/6069
f 6070/6070 6071/6071 6072/6072
f 6073/6073 6074/6074 6075/6075
f 6076/6076 6077/6077 6078/6078
f 6079/6079 6080/6080 6081/6081
f 6082/6082 6083/6083 6084/6084
f 6085/6085 6086/6086 6087/6087
f 6088/6088 6089/6089 6090/6090
f 6091/6091 6092/6092 6093/6093
f 6094/6094 6095/6095 6096/6096
f 6097/6097 6098/6098 6099/6099
f 6100/6100 6101/6101 6102/6102
f 6103/6103 6104/6104 6105/6105
f 6106/6106 6107/6107 6108/6108
f 6109/6109 6110/6110 6111/6111
f 6112/6112 6113/6113 6114/6114
f 6115/6115 6116/6116 6117/6117
f 6118/6118 6119/6119 6120/6120
f 6121/6121 6122/6122 6123/6123
f 6124/6124 6125/6125 6126/6126
f 6127/6127 6128/6128 6129/6129
f 6130/6130 6131/6131 6132/6132
f 6133/6133 6134/6134 6135/6135
f 6136/6136 6137/6137 6138/6138
f 6139/6139 6140/6140 6141/6141
f 6142/6142 6143/6143 6144/6144
f 6145/6145 6146/6146 6147/6147
f 6148/6148 6149/6149 6150/6150
f 6151/6151 6152/6152 6153/6153
f 6154/6154 6155/6155 6156/6156
f 6157/6157 6158/6158 6159/6159
f 6160/6160 6161/6161 6162/6162
f 6163/6163 6164/6164 6165/6165
f 6166/6166 6167/6167 6168/6168
f 6169/6169 6170/6170 6171/6171
f 6172/6172 6173/6173 6174/6174
f 6175/6175 6176/6176 6177/6177
f 6178/6178 6179/6179 6180/6180
f 6181/6181 6182/6182 6183/6183
f 6184/6184 6185/6185 6186/6186
f 6187/6187 6188/6188 6189/6189
f 6190/6190 6191/6191 6192/6192
f 6193/6193 6194/6194 6195/6195
f 6196/6196 6197/6197 6198/6198
f 6199/6199 6200/6200 6201/6201
f 6202/6202 6203/6203 6204/6204
f 6205/6205 6206/6206 6207/6207
f 6208/6208 6209/6209 6210/6210
f 6211/6211 6212/6212 6213/6213
f 6214/6214 6215/6215 6216/6216
