# Blender v2.75 (sub 0) OBJ File: ''
# www.blender.org
mtllib PokestopNear.mtl
o PokestopNear
v 0.302833 0.050870 -0.220190
v 0.000084 0.051156 0.000049
v 0.356073 0.050681 -0.115856
v 0.219958 0.051087 -0.302965
v 0.374466 0.050538 -0.000177
v 0.356212 0.050456 0.115525
v 0.303098 0.050443 0.219923
v 0.220323 0.050499 0.302798
v 0.115989 0.050620 0.356038
v 0.000310 0.050793 0.374431
v -0.115391 0.051001 0.356178
v -0.219789 0.051225 0.303064
v -0.302664 0.051442 0.220288
v -0.355904 0.051631 0.115955
v -0.374297 0.051773 0.000276
v -0.356043 0.051855 -0.115426
v -0.302929 0.051869 -0.219824
v -0.220154 0.051813 -0.302699
v -0.115820 0.051692 -0.355939
v -0.475544 0.051940 0.000337
v -0.452176 0.051759 0.147300
v -0.384538 0.051519 0.279849
v -0.279251 0.051244 0.385010
v -0.146620 0.050960 0.452488
v 0.000371 0.050695 0.475678
v 0.147334 0.050475 0.452310
v 0.279883 0.050322 0.384672
v 0.385044 0.050250 0.279384
v 0.452522 0.050267 0.146753
v 0.475712 0.050371 -0.000238
v 0.115560 0.051310 -0.356079
v 0.000084 0.051156 0.000049
v 0.219958 0.051087 -0.302965
v -0.000141 0.051519 -0.374333
v -0.115820 0.051692 -0.355939
v 0.279420 0.051068 -0.384911
v 0.384707 0.050792 -0.279750
v 0.302833 0.050870 -0.220190
v 0.452345 0.050552 -0.147201
v 0.356073 0.050681 -0.115856
v 0.146789 0.051352 -0.452389
v -0.000202 0.051617 -0.475579
v -0.147165 0.051837 -0.452211
v -0.220154 0.051813 -0.302699
v -0.279715 0.051990 -0.384573
v -0.302929 0.051869 -0.219824
v -0.384875 0.052062 -0.279285
v -0.356043 0.051855 -0.115426
v -0.452353 0.052045 -0.146655
v -0.374297 0.051773 0.000276
v -0.475544 0.051940 0.000337
v 0.475712 0.050371 -0.000238
v 0.374466 0.050538 -0.000177
v -0.006783 2.509284 -0.016462
v 0.015041 2.509248 -0.016476
v 0.014313 0.048485 -0.024640
v -0.014183 0.048532 -0.024623
v -0.017684 2.509284 0.002445
v -0.006783 2.509284 -0.016462
v -0.014183 0.048532 -0.024623
v -0.028416 0.048532 0.000064
v -0.006761 2.509248 0.021338
v -0.017684 2.509284 0.002445
v -0.028416 0.048532 0.000064
v -0.014153 0.048484 0.024734
v 0.015064 2.509212 0.021325
v -0.006761 2.509248 0.021338
v -0.014153 0.048484 0.024734
v 0.014343 0.048437 0.024717
v 0.025964 2.509212 0.002418
v 0.015064 2.509212 0.021325
v 0.014343 0.048437 0.024717
v 0.028576 0.048438 0.000030
v 0.015041 2.509248 -0.016476
v 0.025964 2.509212 0.002418
v 0.028576 0.048438 0.000030
v 0.014313 0.048485 -0.024640
v 0.773758 2.597533 0.771061
v -0.764254 2.600070 0.771990
v -0.641463 2.451602 0.648662
v 0.650330 2.449471 0.647882
v 0.650820 2.746240 0.648170
v -0.640973 2.748371 0.648950
v -0.764254 2.600070 0.771990
v 0.773758 2.597533 0.771061
v 0.492225 2.747600 -0.485618
v -0.483745 2.749210 -0.485028
v -0.483157 2.748263 0.490943
v 0.492813 2.746654 0.490353
v -0.640973 2.748371 0.648950
v 0.650820 2.746240 0.648170
v -0.641752 2.749624 -0.642844
v 0.772832 2.599025 -0.766952
v -0.765180 2.601562 -0.766023
v -0.641752 2.749624 -0.642844
v 0.650042 2.747493 -0.643625
v 0.649552 2.450724 -0.643912
v -0.642241 2.452854 -0.643132
v -0.765180 2.601562 -0.766023
v 0.772832 2.599025 -0.766952
v 0.650330 2.449471 0.647882
v -0.641463 2.451602 0.648662
v -0.642241 2.452854 -0.643132
v 0.649552 2.450724 -0.643912
v 0.772832 2.599025 -0.766952
v 0.773758 2.597533 0.771061
v 0.650330 2.449471 0.647882
v 0.649552 2.450724 -0.643912
v 0.650042 2.747493 -0.643625
v 0.650820 2.746240 0.648170
v 0.773758 2.597533 0.771061
v 0.772832 2.599025 -0.766952
v -0.764254 2.600070 0.771990
v -0.765180 2.601562 -0.766023
v -0.642241 2.452854 -0.643132
v -0.641463 2.451602 0.648662
v -0.640973 2.748371 0.648950
v -0.641752 2.749624 -0.642844
v -0.765180 2.601562 -0.766023
v -0.764254 2.600070 0.771990
v 0.492225 2.747600 -0.485618
v 0.492813 2.746654 0.490353
v 0.650820 2.746240 0.648170
v 0.650042 2.747493 -0.643625
v -0.483745 2.749210 -0.485028
v -0.641752 2.749624 -0.642844
v -0.143689 6.069105 1.107664
v -0.144648 6.063108 1.107952
v -0.144985 6.062577 1.095808
v -0.144026 6.068574 1.095519
v -0.149691 6.070070 1.107788
v -0.150649 6.064073 1.108077
v -0.144648 6.063108 1.107952
v -0.143689 6.069105 1.107664
v -0.150028 6.069539 1.095644
v -0.150986 6.063542 1.095933
v -0.150649 6.064073 1.108077
v -0.149691 6.070070 1.107788
v -0.144026 6.068574 1.095519
v -0.144985 6.062577 1.095808
v -0.150986 6.063542 1.095933
v -0.150028 6.069539 1.095644
v -0.149691 6.070070 1.107788
v -0.143689 6.069105 1.107664
v -0.144026 6.068574 1.095519
v -0.150028 6.069539 1.095644
v -0.144648 6.063108 1.107952
v -0.150649 6.064073 1.108077
v -0.150986 6.063542 1.095933
v -0.144985 6.062577 1.095808
v 0.108412 5.509846 1.135535
v 0.108223 5.503770 1.135668
v 0.107829 5.503516 1.123516
v 0.108018 5.509592 1.123383
v 0.102338 5.510039 1.135727
v 0.102149 5.503963 1.135860
v 0.108223 5.503770 1.135668
v 0.108412 5.509846 1.135535
v 0.101944 5.509785 1.123576
v 0.101755 5.503709 1.123709
v 0.102149 5.503963 1.135860
v 0.102338 5.510039 1.135727
v 0.108018 5.509592 1.123383
v 0.107829 5.503516 1.123516
v 0.101755 5.503709 1.123709
v 0.101944 5.509785 1.123576
v 0.102338 5.510039 1.135727
v 0.108412 5.509846 1.135535
v 0.108018 5.509592 1.123383
v 0.101944 5.509785 1.123576
v 0.108223 5.503770 1.135668
v 0.102149 5.503963 1.135860
v 0.101755 5.503709 1.123709
v 0.107829 5.503516 1.123516
v 0.012588 5.919652 -1.069960
v 0.012454 5.925726 -1.069751
v 0.012785 5.926152 -1.081899
v 0.012919 5.920077 -1.082109
v 0.018664 5.919779 -1.069790
v 0.018531 5.925854 -1.069581
v 0.012454 5.925726 -1.069751
v 0.012588 5.919652 -1.069960
v 0.018995 5.920205 -1.081939
v 0.018862 5.926280 -1.081729
v 0.018531 5.925854 -1.069581
v 0.018664 5.919779 -1.069790
v 0.012919 5.920077 -1.082109
v 0.012785 5.926152 -1.081899
v 0.018862 5.926280 -1.081729
v 0.018995 5.920205 -1.081939
v 0.018664 5.919779 -1.069790
v 0.012588 5.919652 -1.069960
v 0.012919 5.920077 -1.082109
v 0.018995 5.920205 -1.081939
v 0.012454 5.925726 -1.069751
v 0.018531 5.925854 -1.069581
v 0.018862 5.926280 -1.081729
v 0.012785 5.926152 -1.081899
v -0.094099 5.561218 -1.092531
v -0.100119 5.562052 -1.092336
v -0.100536 5.561875 -1.104488
v -0.094517 5.561041 -1.104683
v -0.093269 5.567240 -1.092647
v -0.099288 5.568074 -1.092452
v -0.100119 5.562052 -1.092336
v -0.094099 5.561218 -1.092531
v -0.093686 5.567063 -1.104799
v -0.099706 5.567897 -1.104604
v -0.099288 5.568074 -1.092452
v -0.093269 5.567240 -1.092647
v -0.094517 5.561041 -1.104683
v -0.100536 5.561875 -1.104488
v -0.099706 5.567897 -1.104604
v -0.093686 5.567063 -1.104799
v -0.093269 5.567240 -1.092647
v -0.094099 5.561218 -1.092531
v -0.094517 5.561041 -1.104683
v -0.093686 5.567063 -1.104799
v -0.100119 5.562052 -1.092336
v -0.099288 5.568074 -1.092452
v -0.099706 5.567897 -1.104604
v -0.100536 5.561875 -1.104488
v -0.018651 7.861129 -1.566968
v 0.053149 7.861012 -1.567012
v 0.052344 7.518611 -1.952466
v -0.019448 7.518731 -1.952422
v -0.017952 8.121751 -1.122122
v 0.053848 8.121633 -1.122166
v -0.018748 7.780704 -1.508557
v -0.018651 7.861129 -1.566968
v -0.019448 7.518731 -1.952422
v -0.019516 7.451245 -1.879442
v -0.018076 8.031474 -1.080522
v -0.017952 8.121751 -1.122122
v 0.053052 7.780586 -1.508600
v -0.018748 7.780704 -1.508557
v -0.019516 7.451245 -1.879442
v 0.052285 7.451128 -1.879485
v 0.053724 8.031356 -1.080566
v -0.018076 8.031474 -1.080522
v 0.053149 7.861012 -1.567012
v 0.053052 7.780586 -1.508600
v 0.052285 7.451128 -1.879485
v 0.052344 7.518611 -1.952466
v 0.053848 8.121633 -1.122166
v 0.053724 8.031356 -1.080566
v -0.023796 3.605151 1.524024
v 0.047997 3.605033 1.523980
v 0.048794 3.947432 1.909435
v -0.022998 3.947550 1.909478
v -0.024494 3.344528 1.079177
v 0.047298 3.344410 1.079134
v -0.023698 3.685583 1.465611
v -0.023796 3.605151 1.524024
v -0.022998 3.947550 1.909478
v -0.022931 4.015041 1.836497
v -0.024371 3.434809 1.037577
v -0.024494 3.344528 1.079177
v 0.048094 3.685465 1.465568
v -0.023698 3.685583 1.465611
v -0.022931 4.015041 1.836497
v 0.048862 4.014924 1.836454
v 0.047422 3.434690 1.037534
v -0.024371 3.434809 1.037577
v 0.047997 3.605033 1.523980
v 0.048094 3.685465 1.465568
v 0.048862 4.014924 1.836454
v 0.048794 3.947432 1.909435
v 0.047298 3.344410 1.079134
v 0.047422 3.434690 1.037534
v -0.028354 7.387084 -0.724898
v 0.052800 7.386950 -0.724947
v 0.052337 7.217728 -1.028649
v -0.028816 7.217862 -1.028601
v -0.027978 7.493805 -0.394018
v 0.053183 7.493671 -0.394068
v -0.027703 7.533925 -0.048677
v 0.053458 7.533791 -0.048725
v -0.028559 7.238822 -0.660426
v -0.028354 7.387084 -0.724898
v -0.028816 7.217862 -1.028601
v -0.028980 7.085026 -0.936443
v -0.028218 7.335814 -0.359711
v -0.027978 7.493805 -0.394018
v -0.027968 7.372274 -0.045850
v -0.027703 7.533925 -0.048677
v -0.027820 7.346805 0.269093
v -0.027540 7.505901 0.297858
v -0.027779 7.260380 0.573014
v -0.027495 7.410808 0.632265
v -0.027847 7.116326 0.854238
v -0.027569 7.252306 0.941695
v 0.052594 7.238688 -0.660476
v -0.028559 7.238822 -0.660426
v -0.028980 7.085026 -0.936443
v 0.052174 7.084892 -0.936492
v 0.052936 7.335680 -0.359760
v -0.028218 7.335814 -0.359711
v 0.053186 7.372140 -0.045899
v -0.027968 7.372274 -0.045850
v 0.052800 7.386950 -0.724947
v 0.052594 7.238688 -0.660476
v 0.052174 7.084892 -0.936492
v 0.052337 7.217728 -1.028649
v 0.053183 7.493671 -0.394068
v 0.052936 7.335680 -0.359760
v 0.053458 7.533791 -0.048725
v 0.053186 7.372140 -0.045899
v 0.053621 7.505767 0.297809
v 0.053334 7.346671 0.269044
v 0.053659 7.410674 0.632216
v 0.053375 7.260246 0.572966
v 0.053584 7.252171 0.941647
v 0.053307 7.116192 0.854188
v -0.027540 7.505901 0.297858
v 0.053621 7.505767 0.297809
v 0.053458 7.533791 -0.048725
v -0.027703 7.533925 -0.048677
v -0.027495 7.410808 0.632265
v 0.053659 7.410674 0.632216
v -0.027569 7.252306 0.941695
v 0.053584 7.252171 0.941647
v 0.053334 7.346671 0.269044
v -0.027820 7.346805 0.269093
v -0.027968 7.372274 -0.045850
v 0.053186 7.372140 -0.045899
v 0.053375 7.260246 0.572966
v -0.027779 7.260380 0.573014
v 0.053307 7.116192 0.854188
v -0.027847 7.116326 0.854238
v -0.033694 4.260439 -1.028054
v 0.047467 4.260305 -1.028104
v 0.047371 4.092019 -0.716002
v -0.033783 4.092153 -0.715952
v -0.033486 4.486382 -1.301329
v 0.047675 4.486248 -1.301378
v -0.033386 4.410436 -0.927037
v -0.033694 4.260439 -1.028054
v -0.033783 4.092153 -0.715952
v -0.033466 4.258974 -0.646140
v -0.033199 4.613789 -1.172989
v -0.033486 4.486382 -1.301329
v 0.047768 4.410302 -0.927086
v -0.033386 4.410436 -0.927037
v -0.033466 4.258974 -0.646140
v 0.047688 4.258840 -0.646188
v 0.047955 4.613655 -1.173039
v -0.033199 4.613789 -1.172989
v 0.047467 4.260305 -1.028104
v 0.047768 4.410302 -0.927086
v 0.047688 4.258840 -0.646188
v 0.047371 4.092019 -0.716002
v 0.047675 4.486248 -1.301378
v 0.047955 4.613655 -1.173039
v 0.062321 7.690816 0.010670
v 0.062574 7.661520 0.349313
v -0.087425 7.661273 0.349403
v -0.087678 7.690569 0.010761
v -0.087082 7.573618 0.677814
v 0.062917 7.573865 0.677723
v -0.086660 7.430265 0.986014
v 0.063340 7.430511 0.985923
v -0.086170 7.235573 1.264638
v 0.063829 7.235819 1.264548
v -0.085629 6.995454 1.505222
v 0.064371 6.995701 1.505131
v -0.085052 6.717209 1.700454
v 0.064947 6.717455 1.700364
v 0.064947 6.717455 1.700364
v 0.065542 6.409534 1.844313
v -0.084457 6.409287 1.844404
v -0.085052 6.717209 1.700454
v -0.083863 6.081048 1.932696
v 0.066137 6.081295 1.932606
v -0.083286 5.742465 1.962649
v 0.066714 5.742711 1.962558
v -0.082745 5.403821 1.933352
v 0.067254 5.404068 1.933261
v -0.082257 5.075411 1.845696
v 0.067743 5.075658 1.845605
v -0.081835 4.767213 1.702343
v 0.068165 4.767459 1.702253
v 0.068165 4.767459 1.702253
v 0.068507 4.488834 1.507560
v -0.081493 4.488588 1.507650
v -0.081835 4.767213 1.702343
v -0.081241 4.248006 1.267532
v 0.068759 4.248253 1.267442
v -0.081087 4.052773 0.989285
v 0.068913 4.053019 0.989195
v -0.081036 3.908823 0.681364
v 0.068964 3.909071 0.681273
v -0.081088 3.820530 0.353124
v 0.068911 3.820777 0.353034
v -0.081243 3.790577 0.014539
v 0.068756 3.790825 0.014449
v 0.068756 3.790825 0.014449
v 0.068503 3.820121 -0.324194
v -0.081496 3.819873 -0.324103
v -0.081243 3.790577 0.014539
v -0.081839 3.907530 -0.652513
v 0.068160 3.907778 -0.652604
v -0.082262 4.050883 -0.960713
v 0.067738 4.051129 -0.960804
v -0.082751 4.245575 -1.239337
v 0.067248 4.245822 -1.239428
v -0.083293 4.485693 -1.479921
v 0.066707 4.485940 -1.480011
v -0.083870 4.763939 -1.675153
v 0.066130 4.764186 -1.675244
v 0.066130 4.764186 -1.675244
v 0.065535 5.072106 -1.819193
v -0.084464 5.071859 -1.819102
v -0.083870 4.763939 -1.675153
v -0.085059 5.400099 -1.907395
v 0.064941 5.400345 -1.907485
v -0.085636 5.738684 -1.937347
v 0.064364 5.738931 -1.937438
v -0.086177 6.077325 -1.908050
v 0.063823 6.077571 -1.908141
v -0.086665 6.405735 -1.820394
v 0.063335 6.405982 -1.820484
v -0.087087 6.713934 -1.677041
v 0.062913 6.714180 -1.677132
v 0.062913 6.714180 -1.677132
v 0.062571 6.992805 -1.482439
v -0.087429 6.992558 -1.482348
v -0.087087 6.713934 -1.677041
v -0.087681 7.233141 -1.242230
v 0.062319 7.233387 -1.242321
v -0.087835 7.428374 -0.963983
v 0.062165 7.428620 -0.964074
v -0.087886 7.572324 -0.656062
v 0.062114 7.572570 -0.656153
v -0.087833 7.660615 -0.327823
v 0.062166 7.660861 -0.327913
v -0.087678 7.690569 0.010761
v 0.062321 7.690816 0.010670
v 0.061496 8.190816 0.010186
v 0.061814 8.154007 0.435660
v 0.062574 7.661520 0.349313
v 0.062321 7.690816 0.010670
v 0.062917 7.573865 0.677723
v 0.062245 8.043876 0.848278
v 0.063340 7.430511 0.985923
v 0.062776 7.863767 1.235503
v 0.063829 7.235819 1.264548
v 0.063391 7.619152 1.585570
v 0.064371 6.995701 1.505131
v 0.064071 7.317468 1.887842
v 0.064947 6.717455 1.700364
v 0.064796 6.967875 2.133134
v 0.065542 6.409534 1.844313
v 0.065543 6.581000 2.313994
v 0.066137 6.081295 1.932606
v 0.066290 6.168597 2.424924
v 0.066714 5.742711 1.962558
v 0.067015 5.743196 2.462558
v 0.067254 5.404068 1.933261
v 0.067694 5.317721 2.425749
v 0.067743 5.075658 1.845605
v 0.068308 4.905105 2.315617
v 0.068165 4.767459 1.702253
v 0.068838 4.517879 2.135507
v 0.068507 4.488834 1.507560
v 0.069268 4.167813 1.890893
v 0.068759 4.248253 1.267442
v 0.069584 3.865543 1.589206
v 0.068913 4.053019 0.989195
v 0.069778 3.620251 1.239614
v 0.068964 3.909071 0.681273
v 0.069842 3.439391 0.852739
v 0.068911 3.820777 0.353034
v 0.069776 3.328459 0.440335
v 0.068756 3.790825 0.014449
v 0.069581 3.290825 0.014933
v 0.068503 3.820121 -0.324194
v 0.069264 3.327634 -0.410541
v 0.068160 3.907778 -0.652604
v 0.068833 3.437766 -0.823159
v 0.067738 4.051129 -0.960804
v 0.068302 3.617875 -1.210384
v 0.067248 4.245822 -1.239428
v 0.067687 3.862489 -1.560450
v 0.066707 4.485940 -1.480011
v 0.067007 4.164175 -1.862722
v 0.066130 4.764186 -1.675244
v 0.066282 4.513766 -2.108014
v 0.065535 5.072106 -1.819193
v 0.065534 4.900640 -2.288873
v 0.064941 5.400345 -1.907485
v 0.064787 5.313044 -2.399805
v 0.064364 5.738931 -1.937438
v 0.064063 5.738445 -2.437438
v 0.063823 6.077571 -1.908141
v 0.063383 6.163918 -2.400629
v 0.063335 6.405982 -1.820484
v 0.062769 6.576537 -2.290497
v 0.062913 6.714180 -1.677132
v 0.062239 6.963760 -2.110387
v 0.062571 6.992805 -1.482439
v 0.061810 7.313828 -1.865772
v 0.062319 7.233387 -1.242321
v 0.061493 7.616097 -1.564086
v 0.062165 7.428620 -0.964074
v 0.061300 7.861391 -1.214493
v 0.062114 7.572570 -0.656153
v 0.061235 8.042249 -0.827618
v 0.062166 7.660861 -0.327913
v 0.061302 8.153182 -0.415214
v -0.088503 8.190567 0.010277
v -0.088186 8.153759 0.435750
v 0.061814 8.154007 0.435660
v 0.061496 8.190816 0.010186
v 0.062245 8.043876 0.848278
v -0.087755 8.043628 0.848369
v 0.062776 7.863767 1.235503
v -0.087224 7.863521 1.235594
v 0.063391 7.619152 1.585570
v -0.086609 7.618906 1.585661
v 0.064071 7.317468 1.887842
v -0.085929 7.317222 1.887932
v 0.064796 6.967875 2.133134
v -0.085204 6.967628 2.133224
v -0.085204 6.967628 2.133224
v -0.084456 6.580755 2.314084
v 0.065543 6.581000 2.313994
v 0.064796 6.967875 2.133134
v 0.066290 6.168597 2.424924
v -0.083709 6.168351 2.425015
v 0.067015 5.743196 2.462558
v -0.082985 5.742949 2.462648
v 0.067694 5.317721 2.425749
v -0.082305 5.317475 2.425839
v 0.068308 4.905105 2.315617
v -0.081691 4.904859 2.315708
v 0.068838 4.517879 2.135507
v -0.081161 4.517633 2.135598
v -0.081161 4.517633 2.135598
v -0.080732 4.167566 1.890984
v 0.069268 4.167813 1.890893
v 0.068838 4.517879 2.135507
v 0.069584 3.865543 1.589206
v -0.080415 3.865295 1.589297
v 0.069778 3.620251 1.239614
v -0.080222 3.620003 1.239705
v 0.069842 3.439391 0.852739
v -0.080157 3.439143 0.852829
v 0.069776 3.328459 0.440335
v -0.080224 3.328211 0.440425
v 0.069581 3.290825 0.014933
v -0.080419 3.290578 0.015024
v -0.080419 3.290578 0.015024
v -0.080736 3.327386 -0.410450
v 0.069264 3.327634 -0.410541
v 0.069581 3.290825 0.014933
v 0.068833 3.437766 -0.823159
v -0.081167 3.437518 -0.823068
v 0.068302 3.617875 -1.210384
v -0.081698 3.617627 -1.210293
v 0.067687 3.862489 -1.560450
v -0.082313 3.862241 -1.560360
v 0.067007 4.164175 -1.862722
v -0.082993 4.163929 -1.862632
v 0.066282 4.513766 -2.108014
v -0.083718 4.513520 -2.107923
v -0.083718 4.513520 -2.107923
v -0.084465 4.900394 -2.288783
v 0.065534 4.900640 -2.288873
v 0.066282 4.513766 -2.108014
v 0.064787 5.313044 -2.399805
v -0.085212 5.312798 -2.399714
v 0.064063 5.738445 -2.437438
v -0.085937 5.738198 -2.437347
v 0.063383 6.163918 -2.400629
v -0.086616 6.163671 -2.400538
v 0.062769 6.576537 -2.290497
v -0.087230 6.576291 -2.290406
v 0.062239 6.963760 -2.110387
v -0.087760 6.963514 -2.110296
v -0.087760 6.963514 -2.110296
v -0.088190 7.313581 -1.865682
v 0.061810 7.313828 -1.865772
v 0.062239 6.963760 -2.110387
v 0.061493 7.616097 -1.564086
v -0.088506 7.615851 -1.563995
v 0.061300 7.861391 -1.214493
v -0.088700 7.861145 -1.214403
v 0.061235 8.042249 -0.827618
v -0.088764 8.042001 -0.827528
v 0.061302 8.153182 -0.415214
v -0.088698 8.152933 -0.415124
v 0.061496 8.190816 0.010186
v -0.088503 8.190567 0.010277
v -0.087678 7.690569 0.010761
v -0.087425 7.661273 0.349403
v -0.088186 8.153759 0.435750
v -0.088503 8.190567 0.010277
v -0.087755 8.043628 0.848369
v -0.087082 7.573618 0.677814
v -0.087224 7.863521 1.235594
v -0.086660 7.430265 0.986014
v -0.086609 7.618906 1.585661
v -0.086170 7.235573 1.264638
v -0.085929 7.317222 1.887932
v -0.085629 6.995454 1.505222
v -0.085204 6.967628 2.133224
v -0.085052 6.717209 1.700454
v -0.084456 6.580755 2.314084
v -0.084457 6.409287 1.844404
v -0.083709 6.168351 2.425015
v -0.083863 6.081048 1.932696
v -0.082985 5.742949 2.462648
v -0.083286 5.742465 1.962649
v -0.082305 5.317475 2.425839
v -0.082745 5.403821 1.933352
v -0.081691 4.904859 2.315708
v -0.082257 5.075411 1.845696
v -0.081161 4.517633 2.135598
v -0.081835 4.767213 1.702343
v -0.080732 4.167566 1.890984
v -0.081493 4.488588 1.507650
v -0.080415 3.865295 1.589297
v -0.081241 4.248006 1.267532
v -0.080222 3.620003 1.239705
v -0.081087 4.052773 0.989285
v -0.080157 3.439143 0.852829
v -0.081036 3.908823 0.681364
v -0.080224 3.328211 0.440425
v -0.081088 3.820530 0.353124
v -0.080419 3.290578 0.015024
v -0.081243 3.790577 0.014539
v -0.080736 3.327386 -0.410450
v -0.081496 3.819873 -0.324103
v -0.081167 3.437518 -0.823068
v -0.081839 3.907530 -0.652513
v -0.081698 3.617627 -1.210293
v -0.082262 4.050883 -0.960713
v -0.082313 3.862241 -1.560360
v -0.082751 4.245575 -1.239337
v -0.082993 4.163929 -1.862632
v -0.083293 4.485693 -1.479921
v -0.083718 4.513520 -2.107923
v -0.083870 4.763939 -1.675153
v -0.084465 4.900394 -2.288783
v -0.084464 5.071859 -1.819102
v -0.085212 5.312798 -2.399714
v -0.085059 5.400099 -1.907395
v -0.085937 5.738198 -2.437347
v -0.085636 5.738684 -1.937347
v -0.086616 6.163671 -2.400538
v -0.086177 6.077325 -1.908050
v -0.087230 6.576291 -2.290406
v -0.086665 6.405735 -1.820394
v -0.087760 6.963514 -2.110296
v -0.087087 6.713934 -1.677041
v -0.088190 7.313581 -1.865682
v -0.087429 6.992558 -1.482348
v -0.088506 7.615851 -1.563995
v -0.087681 7.233141 -1.242230
v -0.088700 7.861145 -1.214403
v -0.087835 7.428374 -0.963983
v -0.088764 8.042001 -0.827528
v -0.087886 7.572324 -0.656062
v -0.088698 8.152933 -0.415124
v -0.087833 7.660615 -0.327823
v -0.081130 7.840581 0.010612
v -0.080858 7.809031 0.375303
v -0.180858 7.808866 0.375364
v -0.181130 7.840415 0.010672
v -0.180489 7.714467 0.729036
v -0.080489 7.714632 0.728976
v -0.180033 7.560088 1.060944
v -0.080034 7.560253 1.060883
v -0.179506 7.350419 1.361001
v -0.079506 7.350585 1.360941
v -0.178923 7.091831 1.620091
v -0.078923 7.091996 1.620031
v -0.178302 6.792181 1.830341
v -0.078302 6.792346 1.830281
v -0.078302 6.792346 1.830281
v -0.077662 6.460740 1.985303
v -0.177661 6.460574 1.985364
v -0.178302 6.792181 1.830341
v -0.177021 6.107085 2.080448
v -0.077021 6.107251 2.080387
v -0.176400 5.742455 2.112705
v -0.076400 5.742621 2.112644
v -0.175818 5.377764 2.081155
v -0.075818 5.377930 2.081094
v -0.175291 5.024093 1.986756
v -0.075292 5.024259 1.986695
v -0.174837 4.692184 1.832376
v -0.074837 4.692349 1.832315
v -0.074837 4.692349 1.832315
v -0.074469 4.392292 1.622646
v -0.174469 4.392128 1.622706
v -0.174837 4.692184 1.832376
v -0.174198 4.133039 1.364118
v -0.074198 4.133204 1.364057
v -0.174032 3.922788 1.064467
v -0.074032 3.922953 1.064407
v -0.173977 3.767766 0.732860
v -0.073977 3.767931 0.732800
v -0.174033 3.672681 0.379371
v -0.074034 3.672846 0.379311
v -0.174200 3.640424 0.014741
v -0.074201 3.640589 0.014681
v -0.074201 3.640589 0.014681
v -0.074473 3.672139 -0.350011
v -0.174473 3.671974 -0.349951
v -0.174200 3.640424 0.014741
v -0.174842 3.766373 -0.703623
v -0.074842 3.766538 -0.703684
v -0.175297 3.920752 -1.035530
v -0.075297 3.920917 -1.035591
v -0.175824 4.130420 -1.335587
v -0.075824 4.130586 -1.335648
v -0.176407 4.389009 -1.594677
v -0.076407 4.389174 -1.594738
v -0.177028 4.688660 -1.804927
v -0.077029 4.688826 -1.804988
v -0.077029 4.688826 -1.804988
v -0.077669 5.020432 -1.960010
v -0.177669 5.020267 -1.959950
v -0.177028 4.688660 -1.804927
v -0.178310 5.373754 -2.055034
v -0.078310 5.373919 -2.055094
v -0.178930 5.738383 -2.087290
v -0.078931 5.738550 -2.087351
v -0.179513 6.103074 -2.055740
v -0.079513 6.103240 -2.055800
v -0.180039 6.456748 -1.961341
v -0.080039 6.456913 -1.961401
v -0.180493 6.788654 -1.806961
v -0.080494 6.788820 -1.807022
v -0.080494 6.788820 -1.807022
v -0.080862 7.088878 -1.597352
v -0.180862 7.088711 -1.597292
v -0.180493 6.788654 -1.806961
v -0.181133 7.347800 -1.338704
v -0.081133 7.347966 -1.338764
v -0.181299 7.558050 -1.039053
v -0.081299 7.558216 -1.039113
v -0.181354 7.713073 -0.707446
v -0.081354 7.713238 -0.707506
v -0.181297 7.808156 -0.353957
v -0.081297 7.808322 -0.354017
v -0.181130 7.840415 0.010672
v -0.081130 7.840581 0.010612
v -0.081460 8.040578 0.010418
v -0.081162 8.006024 0.409842
v -0.080858 7.809031 0.375303
v -0.081130 7.840581 0.010612
v -0.080489 7.714632 0.728976
v -0.080758 7.902636 0.797198
v -0.080034 7.560253 1.060883
v -0.080259 7.733554 1.160716
v -0.079506 7.350585 1.360941
v -0.079682 7.503917 1.489350
v -0.078923 7.091996 1.620031
v -0.079043 7.220702 1.773115
v -0.078302 6.792346 1.830281
v -0.078363 6.892514 2.003389
v -0.077662 6.460740 1.985303
v -0.077661 6.529325 2.173175
v -0.077021 6.107251 2.080387
v -0.076960 6.142169 2.277315
v -0.076400 5.742621 2.112644
v -0.076280 5.742815 2.312644
v -0.075818 5.377930 2.081094
v -0.075642 5.343390 2.278089
v -0.075292 5.024259 1.986695
v -0.075065 4.956036 2.174699
v -0.074837 4.692349 1.832315
v -0.074568 4.592518 2.005616
v -0.074469 4.392292 1.622646
v -0.074165 4.263885 1.775979
v -0.074198 4.133204 1.364057
v -0.073868 3.980119 1.492763
v -0.074032 3.922953 1.064407
v -0.073686 3.749846 1.164575
v -0.073977 3.767931 0.732800
v -0.073626 3.580059 0.801385
v -0.074034 3.672846 0.379311
v -0.073688 3.475919 0.414230
v -0.074201 3.640589 0.014681
v -0.073871 3.440590 0.014874
v -0.074473 3.672139 -0.350011
v -0.074169 3.475145 -0.384550
v -0.074842 3.766538 -0.703684
v -0.074573 3.578534 -0.771906
v -0.075297 3.920917 -1.035591
v -0.075072 3.747616 -1.135423
v -0.075824 4.130586 -1.335648
v -0.075649 3.977253 -1.464057
v -0.076407 4.389174 -1.594738
v -0.076288 4.260468 -1.747822
v -0.077029 4.688826 -1.804988
v -0.076968 4.588656 -1.978096
v -0.077669 5.020432 -1.960010
v -0.077670 4.951847 -2.147882
v -0.078310 5.373919 -2.055094
v -0.078371 5.338999 -2.252022
v -0.078931 5.738550 -2.087351
v -0.079051 5.738356 -2.287351
v -0.079513 6.103240 -2.055800
v -0.079689 6.137780 -2.252795
v -0.080039 6.456913 -1.961401
v -0.080265 6.525136 -2.149405
v -0.080494 6.788820 -1.807022
v -0.080763 6.888649 -1.980322
v -0.080862 7.088878 -1.597352
v -0.081166 7.217285 -1.750684
v -0.081133 7.347966 -1.338764
v -0.081463 7.501050 -1.467469
v -0.081299 7.558216 -1.039113
v -0.081645 7.731323 -1.139281
v -0.081354 7.713238 -0.707506
v -0.081705 7.901109 -0.776091
v -0.081297 7.808322 -0.354017
v -0.081643 8.005246 -0.388937
v -0.181460 8.040412 0.010478
v -0.181162 8.005859 0.409903
v -0.081162 8.006024 0.409842
v -0.081460 8.040578 0.010418
v -0.080758 7.902636 0.797198
v -0.180757 7.902470 0.797258
v -0.080259 7.733554 1.160716
v -0.180259 7.733388 1.160776
v -0.079682 7.503917 1.489350
v -0.179682 7.503750 1.489410
v -0.079043 7.220702 1.773115
v -0.179043 7.220537 1.773175
v -0.078363 6.892514 2.003389
v -0.178363 6.892347 2.003449
v -0.178363 6.892347 2.003449
v -0.177661 6.529160 2.173236
v -0.077661 6.529325 2.173175
v -0.078363 6.892514 2.003389
v -0.076960 6.142169 2.277315
v -0.176960 6.142004 2.277376
v -0.076280 5.742815 2.312644
v -0.176280 5.742650 2.312705
v -0.075642 5.343390 2.278089
v -0.175642 5.343225 2.278150
v -0.075065 4.956036 2.174699
v -0.175065 4.955871 2.174760
v -0.074568 4.592518 2.005616
v -0.174568 4.592352 2.005677
v -0.174568 4.592352 2.005677
v -0.174165 4.263719 1.776039
v -0.074165 4.263885 1.775979
v -0.074568 4.592518 2.005616
v -0.073868 3.980119 1.492763
v -0.173868 3.979954 1.492823
v -0.073686 3.749846 1.164575
v -0.173686 3.749681 1.164635
v -0.073626 3.580059 0.801385
v -0.173625 3.579894 0.801445
v -0.073688 3.475919 0.414230
v -0.173687 3.475754 0.414291
v -0.073871 3.440590 0.014874
v -0.173870 3.440424 0.014934
v -0.173870 3.440424 0.014934
v -0.174169 3.474980 -0.384490
v -0.074169 3.475145 -0.384550
v -0.073871 3.440590 0.014874
v -0.074573 3.578534 -0.771906
v -0.174573 3.578369 -0.771846
v -0.075072 3.747616 -1.135423
v -0.175072 3.747451 -1.135363
v -0.075649 3.977253 -1.464057
v -0.175649 3.977088 -1.463997
v -0.076288 4.260468 -1.747822
v -0.176287 4.260303 -1.747761
v -0.076968 4.588656 -1.978096
v -0.176968 4.588490 -1.978035
v -0.176968 4.588490 -1.978035
v -0.177669 4.951681 -2.147821
v -0.077670 4.951847 -2.147882
v -0.076968 4.588656 -1.978096
v -0.078371 5.338999 -2.252022
v -0.178371 5.338834 -2.251961
v -0.079051 5.738356 -2.287351
v -0.179051 5.738191 -2.287290
v -0.079689 6.137780 -2.252795
v -0.179689 6.137614 -2.252735
v -0.080265 6.525136 -2.149405
v -0.180265 6.524971 -2.149344
v -0.080763 6.888649 -1.980322
v -0.180763 6.888484 -1.980262
v -0.180763 6.888484 -1.980262
v -0.181166 7.217120 -1.750624
v -0.081166 7.217285 -1.750684
v -0.080763 6.888649 -1.980322
v -0.081463 7.501050 -1.467469
v -0.181463 7.500885 -1.467408
v -0.081645 7.731323 -1.139281
v -0.181645 7.731158 -1.139220
v -0.081705 7.901109 -0.776091
v -0.181705 7.900943 -0.776031
v -0.081643 8.005246 -0.388937
v -0.181643 8.005081 -0.388876
v -0.081460 8.040578 0.010418
v -0.181460 8.040412 0.010478
v -0.181130 7.840415 0.010672
v -0.180858 7.808866 0.375364
v -0.181162 8.005859 0.409903
v -0.181460 8.040412 0.010478
v -0.180757 7.902470 0.797258
v -0.180489 7.714467 0.729036
v -0.180259 7.733388 1.160776
v -0.180033 7.560088 1.060944
v -0.179682 7.503750 1.489410
v -0.179506 7.350419 1.361001
v -0.179043 7.220537 1.773175
v -0.178923 7.091831 1.620091
v -0.178363 6.892347 2.003449
v -0.178302 6.792181 1.830341
v -0.177661 6.529160 2.173236
v -0.177661 6.460574 1.985364
v -0.176960 6.142004 2.277376
v -0.177021 6.107085 2.080448
v -0.176280 5.742650 2.312705
v -0.176400 5.742455 2.112705
v -0.175642 5.343225 2.278150
v -0.175818 5.377764 2.081155
v -0.175065 4.955871 2.174760
v -0.175291 5.024093 1.986756
v -0.174568 4.592352 2.005677
v -0.174837 4.692184 1.832376
v -0.174165 4.263719 1.776039
v -0.174469 4.392128 1.622706
v -0.173868 3.979954 1.492823
v -0.174198 4.133039 1.364118
v -0.173686 3.749681 1.164635
v -0.174032 3.922788 1.064467
v -0.173625 3.579894 0.801445
v -0.173977 3.767766 0.732860
v -0.173687 3.475754 0.414291
v -0.174033 3.672681 0.379371
v -0.173870 3.440424 0.014934
v -0.174200 3.640424 0.014741
v -0.174169 3.474980 -0.384490
v -0.174473 3.671974 -0.349951
v -0.174573 3.578369 -0.771846
v -0.174842 3.766373 -0.703623
v -0.175072 3.747451 -1.135363
v -0.175297 3.920752 -1.035530
v -0.175649 3.977088 -1.463997
v -0.175824 4.130420 -1.335587
v -0.176287 4.260303 -1.747761
v -0.176407 4.389009 -1.594677
v -0.176968 4.588490 -1.978035
v -0.177028 4.688660 -1.804927
v -0.177669 4.951681 -2.147821
v -0.177669 5.020267 -1.959950
v -0.178371 5.338834 -2.251961
v -0.178310 5.373754 -2.055034
v -0.179051 5.738191 -2.287290
v -0.178930 5.738383 -2.087290
v -0.179689 6.137614 -2.252735
v -0.179513 6.103074 -2.055740
v -0.180265 6.524971 -2.149344
v -0.180039 6.456748 -1.961341
v -0.180763 6.888484 -1.980262
v -0.180493 6.788654 -1.806961
v -0.181166 7.217120 -1.750624
v -0.180862 7.088711 -1.597292
v -0.181463 7.500885 -1.467408
v -0.181133 7.347800 -1.338704
v -0.181645 7.731158 -1.139220
v -0.181299 7.558050 -1.039053
v -0.181705 7.900943 -0.776031
v -0.181354 7.713073 -0.707446
v -0.181643 8.005081 -0.388876
v -0.181297 7.808156 -0.353957
v 0.146555 7.840957 0.010474
v 0.146827 7.809407 0.375166
v 0.046827 7.809242 0.375226
v 0.046555 7.840792 0.010534
v 0.047197 7.714842 0.728899
v 0.147196 7.715008 0.728839
v 0.047652 7.560463 1.060806
v 0.147651 7.560629 1.060746
v 0.048179 7.350795 1.360863
v 0.148178 7.350961 1.360803
v 0.048762 7.092206 1.619953
v 0.148761 7.092371 1.619893
v 0.049383 6.792556 1.830204
v 0.149383 6.792722 1.830143
v 0.149383 6.792722 1.830143
v 0.150023 6.461114 1.985166
v 0.050024 6.460949 1.985226
v 0.049383 6.792556 1.830204
v 0.050664 6.107460 2.080310
v 0.150664 6.107626 2.080250
v 0.051285 5.742833 2.112567
v 0.151285 5.742998 2.112507
v 0.051867 5.378139 2.081017
v 0.151867 5.378305 2.080956
v 0.052394 5.024468 1.986618
v 0.152393 5.024633 1.986558
v 0.052848 4.692561 1.832238
v 0.152848 4.692726 1.832178
v 0.152848 4.692726 1.832178
v 0.153216 4.392669 1.622509
v 0.053216 4.392504 1.622569
v 0.052848 4.692561 1.832238
v 0.053487 4.133414 1.363980
v 0.153487 4.133580 1.363920
v 0.053653 3.923164 1.064330
v 0.153653 3.923329 1.064270
v 0.053708 3.768141 0.732723
v 0.153708 3.768306 0.732662
v 0.053652 3.673057 0.379234
v 0.153652 3.673222 0.379173
v 0.053485 3.640800 0.014604
v 0.153484 3.640965 0.014543
v 0.153484 3.640965 0.014543
v 0.153212 3.672515 -0.350149
v 0.053212 3.672350 -0.350088
v 0.053485 3.640800 0.014604
v 0.052843 3.766748 -0.703761
v 0.152843 3.766913 -0.703821
v 0.052388 3.921128 -1.035668
v 0.152388 3.921292 -1.035728
v 0.051861 4.130796 -1.335725
v 0.151861 4.130962 -1.335786
v 0.051278 4.389386 -1.594815
v 0.151278 4.389551 -1.594875
v 0.050657 4.689035 -1.805065
v 0.150656 4.689200 -1.805125
v 0.150656 4.689200 -1.805125
v 0.150016 5.020807 -1.960148
v 0.050016 5.020642 -1.960087
v 0.050657 4.689035 -1.805065
v 0.049375 5.374129 -2.055171
v 0.149375 5.374294 -2.055232
v 0.048755 5.738760 -2.087428
v 0.148754 5.738925 -2.087489
v 0.048172 6.103449 -2.055877
v 0.148172 6.103615 -2.055938
v 0.047646 6.457122 -1.961478
v 0.147646 6.457288 -1.961539
v 0.047192 6.789031 -1.807099
v 0.147191 6.789196 -1.807159
v 0.147191 6.789196 -1.807159
v 0.146823 7.089252 -1.597490
v 0.046823 7.089087 -1.597429
v 0.047192 6.789031 -1.807099
v 0.046552 7.348176 -1.338841
v 0.146552 7.348342 -1.338901
v 0.046386 7.558426 -1.039191
v 0.146386 7.558591 -1.039251
v 0.046331 7.713449 -0.707583
v 0.146331 7.713614 -0.707644
v 0.046388 7.808533 -0.354094
v 0.146388 7.808698 -0.354155
v 0.046555 7.840792 0.010534
v 0.146555 7.840957 0.010474
v 0.146225 8.040955 0.010280
v 0.146523 8.006400 0.409705
v 0.146827 7.809407 0.375166
v 0.146555 7.840957 0.010474
v 0.147196 7.715008 0.728839
v 0.146927 7.903012 0.797060
v 0.147651 7.560629 1.060746
v 0.147426 7.733930 1.160578
v 0.148178 7.350961 1.360803
v 0.148003 7.504292 1.489212
v 0.148761 7.092371 1.619893
v 0.148642 7.221077 1.772977
v 0.149383 6.792722 1.830143
v 0.149322 6.892889 2.003251
v 0.150023 6.461114 1.985166
v 0.150024 6.529701 2.173038
v 0.150664 6.107626 2.080250
v 0.150725 6.142546 2.277178
v 0.151285 5.742998 2.112507
v 0.151405 5.743190 2.312506
v 0.151867 5.378305 2.080956
v 0.152043 5.343766 2.277952
v 0.152393 5.024633 1.986558
v 0.152619 4.956410 2.174562
v 0.152848 4.692726 1.832178
v 0.153117 4.592895 2.005479
v 0.153216 4.392669 1.622509
v 0.153520 4.264259 1.775841
v 0.153487 4.133580 1.363920
v 0.153817 3.980495 1.492626
v 0.153653 3.923329 1.064270
v 0.153999 3.750221 1.164437
v 0.153708 3.768306 0.732662
v 0.154060 3.580434 0.801247
v 0.153652 3.673222 0.379173
v 0.153997 3.476295 0.414093
v 0.153484 3.640965 0.014543
v 0.153814 3.440965 0.014736
v 0.153212 3.672515 -0.350149
v 0.153516 3.475520 -0.384688
v 0.152843 3.766913 -0.703821
v 0.153112 3.578909 -0.772044
v 0.152388 3.921292 -1.035728
v 0.152613 3.747991 -1.135561
v 0.151861 4.130962 -1.335786
v 0.152036 3.977629 -1.464194
v 0.151278 4.389551 -1.594875
v 0.151397 4.260845 -1.747959
v 0.150656 4.689200 -1.805125
v 0.150717 4.589033 -1.978233
v 0.150016 5.020807 -1.960148
v 0.150015 4.952222 -2.148020
v 0.149375 5.374294 -2.055232
v 0.149314 5.339375 -2.252159
v 0.148754 5.738925 -2.087489
v 0.148634 5.738731 -2.287488
v 0.148172 6.103615 -2.055938
v 0.147996 6.138155 -2.252933
v 0.147646 6.457288 -1.961539
v 0.147420 6.525511 -2.149543
v 0.147191 6.789196 -1.807159
v 0.146922 6.889027 -1.980460
v 0.146823 7.089252 -1.597490
v 0.146519 7.217660 -1.750822
v 0.146552 7.348342 -1.338901
v 0.146222 7.501425 -1.467606
v 0.146386 7.558591 -1.039251
v 0.146040 7.731699 -1.139418
v 0.146331 7.713614 -0.707644
v 0.145980 7.901484 -0.776229
v 0.146388 7.808698 -0.354155
v 0.146042 8.005622 -0.389074
v 0.046225 8.040788 0.010341
v 0.046523 8.006236 0.409765
v 0.146523 8.006400 0.409705
v 0.146225 8.040955 0.010280
v 0.146927 7.903012 0.797060
v 0.046928 7.902846 0.797121
v 0.147426 7.733930 1.160578
v 0.047426 7.733765 1.160638
v 0.148003 7.504292 1.489212
v 0.048003 7.504128 1.489273
v 0.148642 7.221077 1.772977
v 0.048642 7.220912 1.773038
v 0.149322 6.892889 2.003251
v 0.049322 6.892724 2.003311
v 0.049322 6.892724 2.003311
v 0.050024 6.529535 2.173098
v 0.150024 6.529701 2.173038
v 0.149322 6.892889 2.003251
v 0.150725 6.142546 2.277178
v 0.050725 6.142381 2.277238
v 0.151405 5.743190 2.312506
v 0.051405 5.743024 2.312567
v 0.152043 5.343766 2.277952
v 0.052043 5.343601 2.278012
v 0.152619 4.956410 2.174562
v 0.052620 4.956245 2.174622
v 0.153117 4.592895 2.005479
v 0.053117 4.592729 2.005539
v 0.053117 4.592729 2.005539
v 0.053520 4.264094 1.775901
v 0.153520 4.264259 1.775841
v 0.153117 4.592895 2.005479
v 0.153817 3.980495 1.492626
v 0.053817 3.980330 1.492686
v 0.153999 3.750221 1.164437
v 0.053999 3.750056 1.164497
v 0.154060 3.580434 0.801247
v 0.054060 3.580269 0.801308
v 0.153997 3.476295 0.414093
v 0.053998 3.476130 0.414153
v 0.153814 3.440965 0.014736
v 0.053815 3.440800 0.014797
v 0.053815 3.440800 0.014797
v 0.053516 3.475355 -0.384627
v 0.153516 3.475520 -0.384688
v 0.153814 3.440965 0.014736
v 0.153112 3.578909 -0.772044
v 0.053112 3.578744 -0.771983
v 0.152613 3.747991 -1.135561
v 0.052613 3.747826 -1.135500
v 0.152036 3.977629 -1.464194
v 0.052036 3.977463 -1.464134
v 0.151397 4.260845 -1.747959
v 0.051398 4.260679 -1.747899
v 0.150717 4.589033 -1.978233
v 0.050717 4.588868 -1.978173
v 0.050717 4.588868 -1.978173
v 0.050016 4.952056 -2.147959
v 0.150015 4.952222 -2.148020
v 0.150717 4.589033 -1.978233
v 0.149314 5.339375 -2.252159
v 0.049314 5.339211 -2.252099
v 0.148634 5.738731 -2.287488
v 0.048634 5.738565 -2.287427
v 0.147996 6.138155 -2.252933
v 0.047996 6.137990 -2.252872
v 0.147420 6.525511 -2.149543
v 0.047420 6.525345 -2.149482
v 0.146922 6.889027 -1.980460
v 0.046922 6.888862 -1.980399
v 0.046922 6.888862 -1.980399
v 0.046519 7.217495 -1.750761
v 0.146519 7.217660 -1.750822
v 0.146922 6.889027 -1.980460
v 0.146222 7.501425 -1.467606
v 0.046222 7.501260 -1.467546
v 0.146040 7.731699 -1.139418
v 0.046040 7.731534 -1.139358
v 0.145980 7.901484 -0.776229
v 0.045980 7.901319 -0.776168
v 0.146042 8.005622 -0.389074
v 0.046042 8.005457 -0.389014
v 0.146225 8.040955 0.010280
v 0.046225 8.040788 0.010341
v 0.046555 7.840792 0.010534
v 0.046827 7.809242 0.375226
v 0.046523 8.006236 0.409765
v 0.046225 8.040788 0.010341
v 0.046928 7.902846 0.797121
v 0.047197 7.714842 0.728899
v 0.047426 7.733765 1.160638
v 0.047652 7.560463 1.060806
v 0.048003 7.504128 1.489273
v 0.048179 7.350795 1.360863
v 0.048642 7.220912 1.773038
v 0.048762 7.092206 1.619953
v 0.049322 6.892724 2.003311
v 0.049383 6.792556 1.830204
v 0.050024 6.529535 2.173098
v 0.050024 6.460949 1.985226
v 0.050725 6.142381 2.277238
v 0.050664 6.107460 2.080310
v 0.051405 5.743024 2.312567
v 0.051285 5.742833 2.112567
v 0.052043 5.343601 2.278012
v 0.051867 5.378139 2.081017
v 0.052620 4.956245 2.174622
v 0.052394 5.024468 1.986618
v 0.053117 4.592729 2.005539
v 0.052848 4.692561 1.832238
v 0.053520 4.264094 1.775901
v 0.053216 4.392504 1.622569
v 0.053817 3.980330 1.492686
v 0.053487 4.133414 1.363980
v 0.053999 3.750056 1.164497
v 0.053653 3.923164 1.064330
v 0.054060 3.580269 0.801308
v 0.053708 3.768141 0.732723
v 0.053998 3.476130 0.414153
v 0.053652 3.673057 0.379234
v 0.053815 3.440800 0.014797
v 0.053485 3.640800 0.014604
v 0.053516 3.475355 -0.384627
v 0.053212 3.672350 -0.350088
v 0.053112 3.578744 -0.771983
v 0.052843 3.766748 -0.703761
v 0.052613 3.747826 -1.135500
v 0.052388 3.921128 -1.035668
v 0.052036 3.977463 -1.464134
v 0.051861 4.130796 -1.335725
v 0.051398 4.260679 -1.747899
v 0.051278 4.389386 -1.594815
v 0.050717 4.588868 -1.978173
v 0.050657 4.689035 -1.805065
v 0.050016 4.952056 -2.147959
v 0.050016 5.020642 -1.960087
v 0.049314 5.339211 -2.252099
v 0.049375 5.374129 -2.055171
v 0.048634 5.738565 -2.287427
v 0.048755 5.738760 -2.087428
v 0.047996 6.137990 -2.252872
v 0.048172 6.103449 -2.055877
v 0.047420 6.525345 -2.149482
v 0.047646 6.457122 -1.961478
v 0.046922 6.888862 -1.980399
v 0.047192 6.789031 -1.807099
v 0.046519 7.217495 -1.750761
v 0.046823 7.089087 -1.597429
v 0.046222 7.501260 -1.467546
v 0.046552 7.348176 -1.338841
v 0.046040 7.731534 -1.139358
v 0.046386 7.558426 -1.039191
v 0.045980 7.901319 -0.776168
v 0.046331 7.713449 -0.707583
v 0.046042 8.005457 -0.389014
v 0.046388 7.808533 -0.354094
v 0.089222 6.532283 -0.006389
v 0.089436 6.493368 0.240863
v -0.110564 6.493038 0.240983
v -0.110778 6.531953 -0.006268
v 0.089436 6.493368 0.240863
v 0.089757 6.379952 0.463987
v -0.110242 6.379622 0.464108
v -0.110564 6.493038 0.240983
v 0.089757 6.379952 0.463987
v 0.090156 6.203139 0.641144
v -0.109844 6.202809 0.641265
v -0.110242 6.379622 0.464108
v 0.090156 6.203139 0.641144
v 0.090592 5.980236 0.754992
v -0.109407 5.979906 0.755113
v -0.109844 6.202809 0.641265
v 0.090592 5.980236 0.754992
v 0.090877 5.822374 0.794299
v -0.109123 5.822044 0.794420
v -0.109407 5.979906 0.755113
v 0.088067 7.232281 -0.007067
v 0.088467 7.159315 0.456529
v 0.089436 6.493368 0.240863
v 0.089222 6.532283 -0.006389
v 0.089757 6.379952 0.463987
v 0.089071 6.946662 0.874888
v 0.090156 6.203139 0.641144
v 0.089818 6.615136 1.207057
v 0.090592 5.980236 0.754992
v 0.090637 6.197192 1.420521
v 0.090877 5.822374 0.794299
v 0.091298 5.823052 1.494299
v -0.111933 7.231951 -0.006946
v -0.111532 7.158985 0.456650
v 0.088467 7.159315 0.456529
v 0.088067 7.232281 -0.007067
v -0.111532 7.158985 0.456650
v -0.110929 6.946332 0.875009
v 0.089071 6.946662 0.874888
v 0.088467 7.159315 0.456529
v -0.110929 6.946332 0.875009
v -0.110181 6.614806 1.207178
v 0.089818 6.615136 1.207057
v 0.089071 6.946662 0.874888
v -0.110181 6.614806 1.207178
v -0.109363 6.196862 1.420642
v 0.090637 6.197192 1.420521
v 0.089818 6.615136 1.207057
v -0.109363 6.196862 1.420642
v -0.108701 5.822722 1.494420
v 0.091298 5.823052 1.494299
v 0.090637 6.197192 1.420521
v -0.110778 6.531953 -0.006268
v -0.110564 6.493038 0.240983
v -0.111532 7.158985 0.456650
v -0.111933 7.231951 -0.006946
v -0.110929 6.946332 0.875009
v -0.110242 6.379622 0.464108
v -0.110181 6.614806 1.207178
v -0.109844 6.202809 0.641265
v -0.109363 6.196862 1.420642
v -0.109407 5.979906 0.755113
v -0.108701 5.822722 1.494420
v -0.109123 5.822044 0.794420
v -0.108701 5.822722 1.494420
v -0.109123 5.822044 0.794420
v 0.090877 5.822374 0.794299
v 0.091298 5.823052 1.494299
v -0.110778 6.531953 -0.006268
v -0.111933 7.231951 -0.006946
v 0.088067 7.232281 -0.007067
v 0.089222 6.532283 -0.006389
v 0.090652 5.822013 -0.805701
v 0.090415 5.979949 -0.766700
v -0.109585 5.979620 -0.766579
v -0.109348 5.821683 -0.805581
v 0.090415 5.979949 -0.766700
v 0.090116 6.203074 -0.653284
v -0.109884 6.202744 -0.653163
v -0.109585 5.979620 -0.766579
v 0.090116 6.203074 -0.653284
v 0.089930 6.380229 -0.476470
v -0.110069 6.379900 -0.476350
v -0.109884 6.202744 -0.653163
v 0.089930 6.380229 -0.476470
v 0.089877 6.494079 -0.253566
v -0.110123 6.493749 -0.253445
v -0.110069 6.379900 -0.476350
v 0.089877 6.494079 -0.253566
v 0.089961 6.533473 -0.006390
v -0.110038 6.533143 -0.006270
v -0.110123 6.493749 -0.253445
v 0.090230 5.821334 -1.505701
v 0.089657 6.195615 -1.432649
v 0.090415 5.979949 -0.766700
v 0.090652 5.822013 -0.805701
v 0.090116 6.203074 -0.653284
v 0.089096 6.613973 -1.219995
v 0.089930 6.380229 -0.476470
v 0.088748 6.946143 -0.888469
v 0.089877 6.494079 -0.253566
v 0.088648 7.159607 -0.470523
v 0.089961 6.533473 -0.006390
v 0.088806 7.233471 -0.007069
v -0.109769 5.821003 -1.505581
v -0.110343 6.195285 -1.432528
v 0.089657 6.195615 -1.432649
v 0.090230 5.821334 -1.505701
v -0.110343 6.195285 -1.432528
v -0.110904 6.613643 -1.219874
v 0.089096 6.613973 -1.219995
v 0.089657 6.195615 -1.432649
v -0.110904 6.613643 -1.219874
v -0.111252 6.945813 -0.888348
v 0.088748 6.946143 -0.888469
v 0.089096 6.613973 -1.219995
v -0.111252 6.945813 -0.888348
v -0.111351 7.159277 -0.470402
v 0.088648 7.159607 -0.470523
v 0.088748 6.946143 -0.888469
v -0.111351 7.159277 -0.470402
v -0.111193 7.233141 -0.006948
v 0.088806 7.233471 -0.007069
v 0.088648 7.159607 -0.470523
v -0.109348 5.821683 -0.805581
v -0.109585 5.979620 -0.766579
v -0.110343 6.195285 -1.432528
v -0.109769 5.821003 -1.505581
v -0.110904 6.613643 -1.219874
v -0.109884 6.202744 -0.653163
v -0.111252 6.945813 -0.888348
v -0.110069 6.379900 -0.476350
v -0.111351 7.159277 -0.470402
v -0.110123 6.493749 -0.253445
v -0.111193 7.233141 -0.006948
v -0.110038 6.533143 -0.006270
v -0.109348 5.821683 -0.805581
v -0.109769 5.821003 -1.505581
v 0.090230 5.821334 -1.505701
v 0.090652 5.822013 -0.805701
v 0.089961 6.533473 -0.006390
v 0.088806 7.233471 -0.007069
v -0.111193 7.233141 -0.006948
v -0.110038 6.533143 -0.006270
v -0.108138 4.931955 -0.004718
v -0.108053 4.971350 0.242458
v 0.091946 4.971681 0.242337
v 0.091862 4.932285 -0.004838
v -0.108053 4.971350 0.242458
v -0.108107 5.085197 0.465362
v 0.091893 5.085528 0.465241
v 0.091946 4.971681 0.242337
v -0.108107 5.085197 0.465362
v -0.108292 5.262355 0.642176
v 0.091708 5.262685 0.642055
v 0.091893 5.085528 0.465241
v -0.108292 5.262355 0.642176
v -0.108591 5.485479 0.755592
v 0.091408 5.485809 0.755471
v 0.091708 5.262685 0.642055
v -0.108591 5.485479 0.755592
v -0.108828 5.643414 0.794593
v 0.091171 5.643744 0.794472
v 0.091408 5.485809 0.755471
v -0.106983 4.231957 -0.004039
v -0.106825 4.305821 0.459415
v -0.108053 4.971350 0.242458
v -0.108138 4.931955 -0.004718
v -0.108107 5.085197 0.465362
v -0.106924 4.519284 0.877360
v -0.108292 5.262355 0.642176
v -0.107272 4.851454 1.208886
v -0.108591 5.485479 0.755592
v -0.107833 5.269813 1.421540
v -0.108828 5.643414 0.794593
v -0.108407 5.644093 1.494593
v 0.093017 4.232287 -0.004160
v 0.093175 4.306151 0.459294
v -0.106825 4.305821 0.459415
v -0.106983 4.231957 -0.004039
v 0.093175 4.306151 0.459294
v 0.093075 4.519614 0.877240
v -0.106924 4.519284 0.877360
v -0.106825 4.305821 0.459415
v 0.093075 4.519614 0.877240
v 0.092728 4.851784 1.208765
v -0.107272 4.851454 1.208886
v -0.106924 4.519284 0.877360
v 0.092728 4.851784 1.208765
v 0.092166 5.270144 1.421419
v -0.107833 5.269813 1.421540
v -0.107272 4.851454 1.208886
v 0.092166 5.270144 1.421419
v 0.091593 5.644423 1.494473
v -0.108407 5.644093 1.494593
v -0.107833 5.269813 1.421540
v 0.091862 4.932285 -0.004838
v 0.091946 4.971681 0.242337
v 0.093175 4.306151 0.459294
v 0.093017 4.232287 -0.004160
v 0.093075 4.519614 0.877240
v 0.091893 5.085528 0.465241
v 0.092728 4.851784 1.208765
v 0.091708 5.262685 0.642055
v 0.092166 5.270144 1.421419
v 0.091408 5.485809 0.755471
v 0.091593 5.644423 1.494473
v 0.091171 5.643744 0.794472
v 0.091593 5.644423 1.494473
v 0.091171 5.643744 0.794472
v -0.108828 5.643414 0.794593
v -0.108407 5.644093 1.494593
v 0.091862 4.932285 -0.004838
v 0.093017 4.232287 -0.004160
v -0.106983 4.231957 -0.004039
v -0.108138 4.931955 -0.004718
v -0.109053 5.643053 -0.805408
v -0.108769 5.485193 -0.766100
v 0.091231 5.485523 -0.766221
v 0.090947 5.643383 -0.805528
v -0.108769 5.485193 -0.766100
v -0.108332 5.262288 -0.652252
v 0.091667 5.262619 -0.652373
v 0.091231 5.485523 -0.766221
v -0.108332 5.262288 -0.652252
v -0.107934 5.085474 -0.475095
v 0.092066 5.085804 -0.475216
v 0.091667 5.262619 -0.652373
v -0.107934 5.085474 -0.475095
v -0.107612 4.972060 -0.251971
v 0.092388 4.972390 -0.252091
v 0.092066 5.085804 -0.475216
v -0.107612 4.972060 -0.251971
v -0.107398 4.933146 -0.004719
v 0.092601 4.933475 -0.004840
v 0.092388 4.972390 -0.252091
v -0.109475 5.642374 -1.505408
v -0.108813 5.268236 -1.431629
v -0.108769 5.485193 -0.766100
v -0.109053 5.643053 -0.805408
v -0.108332 5.262288 -0.652252
v -0.107995 4.850290 -1.218165
v -0.107934 5.085474 -0.475095
v -0.107247 4.518764 -0.885996
v -0.107612 4.972060 -0.251971
v -0.106644 4.306111 -0.467638
v -0.107398 4.933146 -0.004719
v -0.106243 4.233147 -0.004041
v 0.090525 5.642704 -1.505528
v 0.091187 5.268566 -1.431750
v -0.108813 5.268236 -1.431629
v -0.109475 5.642374 -1.505408
v 0.091187 5.268566 -1.431750
v 0.092005 4.850621 -1.218286
v -0.107995 4.850290 -1.218165
v -0.108813 5.268236 -1.431629
v 0.092005 4.850621 -1.218286
v 0.092753 4.519095 -0.886117
v -0.107247 4.518764 -0.885996
v -0.107995 4.850290 -1.218165
v 0.092753 4.519095 -0.886117
v 0.093356 4.306441 -0.467758
v -0.106644 4.306111 -0.467638
v -0.107247 4.518764 -0.885996
v 0.093356 4.306441 -0.467758
v 0.093756 4.233477 -0.004162
v -0.106243 4.233147 -0.004041
v -0.106644 4.306111 -0.467638
v 0.090947 5.643383 -0.805528
v 0.091231 5.485523 -0.766221
v 0.091187 5.268566 -1.431750
v 0.090525 5.642704 -1.505528
v 0.092005 4.850621 -1.218286
v 0.091667 5.262619 -0.652373
v 0.092753 4.519095 -0.886117
v 0.092066 5.085804 -0.475216
v 0.093356 4.306441 -0.467758
v 0.092388 4.972390 -0.252091
v 0.093756 4.233477 -0.004162
v 0.092601 4.933475 -0.004840
v -0.109475 5.642374 -1.505408
v -0.109053 5.643053 -0.805408
v 0.090947 5.643383 -0.805528
v 0.090525 5.642704 -1.505528
v 0.093756 4.233477 -0.004162
v 0.092601 4.933475 -0.004840
v -0.107398 4.933146 -0.004719
v -0.106243 4.233147 -0.004041
v 0.106491 6.296314 -0.177746
v 0.088549 6.313431 -0.183307
v 0.088549 6.335161 -0.092796
v 0.106491 6.317385 -0.089980
v 0.088549 6.342464 0.000001
v 0.106491 6.324467 0.000001
v 0.106491 6.261774 -0.261135
v 0.088549 6.277810 -0.269305
v 0.106491 6.214613 -0.338094
v 0.088549 6.229173 -0.348672
v 0.106491 6.155994 -0.406728
v 0.088549 6.168720 -0.419454
v 0.106491 6.087360 -0.465347
v 0.088549 6.097939 -0.479907
v 0.106491 6.010402 -0.512507
v 0.088549 6.018572 -0.528543
v 0.106491 5.927012 -0.547048
v 0.088549 5.932574 -0.564164
v 0.106491 5.839247 -0.568119
v 0.088549 5.842062 -0.585894
v 0.106491 5.749266 -0.575200
v 0.088549 5.749266 -0.593198
v 0.106491 5.659284 -0.568119
v 0.088549 5.656469 -0.585894
v 0.106491 5.571518 -0.547048
v 0.088549 5.565957 -0.564165
v 0.106491 5.488130 -0.512507
v 0.088549 5.479959 -0.528543
v 0.106491 5.411170 -0.465347
v 0.088549 5.400592 -0.479907
v 0.106491 5.342537 -0.406728
v 0.088549 5.329811 -0.419454
v 0.106491 5.283918 -0.338094
v 0.088549 5.269358 -0.348673
v 0.106491 5.236758 -0.261135
v 0.088549 5.220722 -0.269306
v 0.106492 5.202217 -0.177746
v 0.088549 5.185100 -0.183308
v 0.106492 5.181146 -0.089980
v 0.088549 5.163370 -0.092796
v 0.106491 5.174064 0.000001
v 0.088549 5.156067 0.000001
v 0.106492 5.181146 0.089982
v 0.088549 5.163370 0.092798
v 0.088549 5.156067 0.000001
v 0.106491 5.174064 0.000001
v 0.106492 5.202217 0.177748
v 0.088549 5.185100 0.183309
v 0.106491 5.236758 0.261137
v 0.088549 5.220722 0.269307
v 0.106491 5.283918 0.338096
v 0.088549 5.269358 0.348674
v 0.106491 5.342537 0.406730
v 0.088549 5.329811 0.419456
v 0.106491 5.411170 0.465348
v 0.088549 5.400592 0.479909
v 0.106491 5.488130 0.512509
v 0.088549 5.479959 0.528545
v 0.106491 5.571518 0.547050
v 0.088549 5.565957 0.564166
v 0.106491 5.659284 0.568120
v 0.088549 5.656468 0.585896
v 0.106491 5.749265 0.575202
v 0.088549 5.749265 0.593200
v 0.106491 5.839247 0.568120
v 0.088549 5.842062 0.585896
v 0.106491 5.927012 0.547050
v 0.088549 5.932574 0.564166
v 0.106491 6.010401 0.512509
v 0.088549 6.018572 0.528545
v 0.106491 6.087360 0.465348
v 0.088549 6.097939 0.479909
v 0.106491 6.155993 0.406730
v 0.088549 6.168720 0.419456
v 0.106491 6.214613 0.338096
v 0.088549 6.229173 0.348674
v 0.106491 6.261773 0.261137
v 0.088549 6.277809 0.269307
v 0.106491 6.296314 0.177748
v 0.088549 6.313431 0.183309
v 0.106491 6.317385 0.089982
v 0.088549 6.335161 0.092798
v 0.106491 6.324467 0.000001
v 0.088549 6.342464 0.000001
v -0.106491 6.324467 0.000001
v -0.088549 6.342464 0.000001
v -0.088549 6.335161 -0.092796
v -0.106491 6.317385 -0.089980
v -0.088549 6.313431 -0.183307
v -0.106491 6.296314 -0.177746
v -0.088549 6.277810 -0.269305
v -0.106491 6.261774 -0.261135
v -0.088549 6.229173 -0.348672
v -0.106491 6.214613 -0.338094
v -0.088549 6.168720 -0.419454
v -0.106491 6.155994 -0.406728
v -0.088549 6.097939 -0.479907
v -0.106491 6.087360 -0.465347
v -0.088549 6.018572 -0.528543
v -0.106491 6.010402 -0.512507
v -0.088549 5.932574 -0.564164
v -0.106491 5.927012 -0.547048
v -0.088549 5.842062 -0.585894
v -0.106491 5.839247 -0.568119
v -0.088549 5.749266 -0.593198
v -0.106491 5.749266 -0.575200
v -0.088549 5.656469 -0.585894
v -0.106491 5.659284 -0.568119
v -0.088549 5.565957 -0.564165
v -0.106491 5.571518 -0.547048
v -0.088549 5.479959 -0.528543
v -0.106491 5.488130 -0.512507
v -0.088549 5.400592 -0.479907
v -0.106491 5.411170 -0.465347
v -0.088549 5.329811 -0.419454
v -0.106491 5.342537 -0.406728
v -0.088549 5.269358 -0.348673
v -0.106491 5.283918 -0.338094
v -0.088549 5.220722 -0.269306
v -0.106491 5.236758 -0.261135
v -0.088549 5.185100 -0.183308
v -0.106491 5.202217 -0.177746
v -0.088549 5.163370 -0.092796
v -0.106491 5.181146 -0.089980
v -0.088549 5.156067 0.000001
v -0.106491 5.174064 0.000001
v -0.088549 5.163370 0.092798
v -0.106491 5.181146 0.089982
v -0.106491 5.174064 0.000001
v -0.088549 5.156067 0.000001
v -0.088549 5.185100 0.183309
v -0.106491 5.202217 0.177748
v -0.088549 5.220722 0.269307
v -0.106491 5.236758 0.261137
v -0.088549 5.269358 0.348674
v -0.106491 5.283918 0.338096
v -0.088549 5.329811 0.419456
v -0.106491 5.342537 0.406730
v -0.088549 5.400592 0.479909
v -0.106491 5.411170 0.465348
v -0.088549 5.479959 0.528545
v -0.106491 5.488130 0.512509
v -0.088549 5.565957 0.564166
v -0.106491 5.571518 0.547050
v -0.088549 5.656468 0.585896
v -0.106491 5.659284 0.568120
v -0.088549 5.749265 0.593200
v -0.106491 5.749265 0.575202
v -0.088549 5.842062 0.585896
v -0.106491 5.839247 0.568120
v -0.088549 5.932574 0.564166
v -0.106491 5.927012 0.547050
v -0.088549 6.018572 0.528545
v -0.106491 6.010401 0.512509
v -0.088549 6.097939 0.479909
v -0.106491 6.087360 0.465348
v -0.088549 6.168720 0.419456
v -0.106491 6.155993 0.406730
v -0.088549 6.229173 0.348674
v -0.106491 6.214613 0.338096
v -0.088549 6.277809 0.269307
v -0.106491 6.261773 0.261137
v -0.088549 6.313431 0.183309
v -0.106492 6.296314 0.177748
v -0.088549 6.335161 0.092798
v -0.106492 6.317385 0.089982
v -0.088549 6.342464 0.000001
v -0.106491 6.324467 0.000001
v -0.088549 6.313431 -0.183307
v -0.088549 6.335161 -0.092796
v 0.088549 6.335161 -0.092796
v 0.088549 6.313431 -0.183307
v -0.088549 6.277810 -0.269305
v 0.088549 6.277810 -0.269305
v -0.088549 6.229173 -0.348672
v 0.088549 6.229173 -0.348672
v -0.088549 6.168720 -0.419454
v 0.088549 6.168720 -0.419454
v -0.088549 6.097939 -0.479907
v 0.088549 6.097939 -0.479907
v -0.088549 6.018572 -0.528543
v 0.088549 6.018572 -0.528543
v -0.088549 5.932574 -0.564164
v 0.088549 5.932574 -0.564164
v -0.088549 5.842062 -0.585894
v 0.088549 5.842062 -0.585894
v -0.088549 5.749266 -0.593198
v 0.088549 5.749266 -0.593198
v -0.088549 5.656469 -0.585894
v 0.088549 5.656469 -0.585894
v -0.088549 5.565957 -0.564165
v 0.088549 5.565957 -0.564165
v -0.088549 5.479959 -0.528543
v 0.088549 5.479959 -0.528543
v -0.088549 5.400592 -0.479907
v 0.088549 5.400592 -0.479907
v -0.088549 5.329811 -0.419454
v 0.088549 5.329811 -0.419454
v -0.088549 5.269358 -0.348673
v 0.088549 5.269358 -0.348673
v -0.088549 5.220722 -0.269306
v 0.088549 5.220722 -0.269306
v -0.088549 5.185100 -0.183308
v 0.088549 5.185100 -0.183308
v -0.088549 5.163370 -0.092796
v 0.088549 5.163370 -0.092796
v -0.088549 5.156067 0.000001
v 0.088549 5.156067 0.000001
v -0.088549 5.163370 0.092798
v -0.088549 5.156067 0.000001
v 0.088549 5.156067 0.000001
v 0.088549 5.163370 0.092798
v -0.088549 5.185100 0.183309
v 0.088549 5.185100 0.183309
v -0.088549 5.220722 0.269307
v 0.088549 5.220722 0.269307
v -0.088549 5.269358 0.348674
v 0.088549 5.269358 0.348674
v -0.088549 5.329811 0.419456
v 0.088549 5.329811 0.419456
v -0.088549 5.400592 0.479909
v 0.088549 5.400592 0.479909
v -0.088549 5.479959 0.528545
v 0.088549 5.479959 0.528545
v -0.088549 5.565957 0.564166
v 0.088549 5.565957 0.564166
v -0.088549 5.656468 0.585896
v 0.088549 5.656468 0.585896
v -0.088549 5.749265 0.593200
v 0.088549 5.749265 0.593200
v -0.088549 5.842062 0.585896
v 0.088549 5.842062 0.585896
v -0.088549 5.932574 0.564166
v 0.088549 5.932574 0.564166
v -0.088549 6.018572 0.528545
v 0.088549 6.018572 0.528545
v -0.088549 6.097939 0.479909
v 0.088549 6.097939 0.479909
v -0.088549 6.168720 0.419456
v 0.088549 6.168720 0.419456
v -0.088549 6.229173 0.348674
v 0.088549 6.229173 0.348674
v -0.088549 6.277809 0.269307
v 0.088549 6.277809 0.269307
v -0.088549 6.313431 0.183309
v 0.088549 6.313431 0.183309
v -0.088549 6.335161 0.092798
v 0.088549 6.335161 0.092798
v -0.088549 6.342464 0.000001
v 0.088549 6.342464 0.000001
v -0.088549 6.342464 0.000001
v 0.088549 6.342464 0.000001
v 0.106491 6.317385 -0.089980
v 0.106491 5.749265 0.000001
v 0.106491 6.296314 -0.177746
v 0.106491 6.261774 -0.261135
v 0.106491 6.324467 0.000001
v 0.106491 6.214613 0.338096
v 0.106491 6.261773 0.261137
v 0.106491 6.261774 -0.261135
v 0.106491 5.749265 0.000001
v 0.106491 6.214613 -0.338094
v 0.106491 6.155994 -0.406728
v 0.106491 6.087360 -0.465347
v 0.106491 6.010402 -0.512507
v 0.106491 5.927012 -0.547048
v 0.106491 5.839247 -0.568119
v 0.106491 5.749266 -0.575200
v 0.106491 5.659284 -0.568119
v 0.106491 5.571518 -0.547048
v 0.106491 5.488130 -0.512507
v 0.106491 5.411170 -0.465347
v 0.106491 5.342537 -0.406728
v 0.106491 5.283918 -0.338094
v 0.106491 5.236758 -0.261135
v 0.106492 5.202217 -0.177746
v 0.106492 5.181146 -0.089980
v 0.106491 5.174064 0.000001
v 0.106492 5.181146 0.089982
v 0.106492 5.202217 0.177748
v 0.106491 5.236758 0.261137
v 0.106491 5.283918 0.338096
v 0.106491 5.342537 0.406730
v 0.106491 5.411170 0.465348
v 0.106491 5.488130 0.512509
v 0.106491 5.571518 0.547050
v 0.106491 5.659284 0.568120
v 0.106491 5.749265 0.575202
v 0.106491 5.839247 0.568120
v 0.106491 5.927012 0.547050
v 0.106491 6.010401 0.512509
v 0.106491 6.087360 0.465348
v 0.106491 6.155993 0.406730
v 0.106491 6.214613 0.338096
v 0.106491 6.261773 0.261137
v 0.106491 6.296314 0.177748
v 0.106491 6.317385 0.089982
v 0.106491 6.324467 0.000001
v -0.106491 6.296314 -0.177746
v -0.106491 5.749265 0.000001
v -0.106491 6.317385 -0.089980
v -0.106491 6.261774 -0.261135
v -0.106491 6.214613 -0.338094
v -0.106491 6.155994 -0.406728
v -0.106491 6.087360 -0.465347
v -0.106491 6.010402 -0.512507
v -0.106491 5.927012 -0.547048
v -0.106491 6.324467 0.000001
v -0.106491 5.927012 0.547050
v -0.106491 5.839247 0.568120
v -0.106491 5.839247 -0.568119
v -0.106491 5.749265 0.000001
v -0.106491 5.927012 -0.547048
v -0.106491 5.749266 -0.575200
v -0.106491 5.659284 -0.568119
v -0.106491 5.571518 -0.547048
v -0.106491 5.488130 -0.512507
v -0.106491 5.411170 -0.465347
v -0.106491 5.342537 -0.406728
v -0.106491 5.283918 -0.338094
v -0.106491 5.236758 -0.261135
v -0.106491 5.202217 -0.177746
v -0.106491 5.181146 -0.089980
v -0.106491 5.174064 0.000001
v -0.106491 5.181146 0.089982
v -0.106491 5.202217 0.177748
v -0.106491 5.236758 0.261137
v -0.106491 5.283918 0.338096
v -0.106491 5.342537 0.406730
v -0.106491 5.411170 0.465348
v -0.106491 5.488130 0.512509
v -0.106491 5.571518 0.547050
v -0.106491 5.659284 0.568120
v -0.106491 5.749265 0.575202
v -0.106491 5.839247 0.568120
v -0.106491 6.010401 0.512509
v -0.106491 5.927012 0.547050
v -0.106491 6.087360 0.465348
v -0.106491 6.155993 0.406730
v -0.106491 6.214613 0.338096
v -0.106491 6.261773 0.261137
v -0.106492 6.296314 0.177748
v -0.106492 6.317385 0.089982
v -0.106491 6.324467 0.000001
vt 0.301040 0.671589
vt 0.320975 0.668446
vt 0.302991 0.677565
vt 0.301040 0.665305
vt 0.306703 0.682649
vt 0.311812 0.686343
vt 0.317817 0.688284
vt 0.324132 0.688284
vt 0.330138 0.686342
vt 0.335247 0.682648
vt 0.338958 0.677564
vt 0.340910 0.671588
vt 0.340910 0.665304
vt 0.338959 0.659327
vt 0.335247 0.654244
vt 0.330138 0.650550
vt 0.324132 0.648608
vt 0.317817 0.648609
vt 0.311812 0.650551
vt 0.339106 0.650403
vt 0.343822 0.656861
vt 0.346301 0.664454
vt 0.346301 0.672437
vt 0.343822 0.680030
vt 0.339106 0.686489
vt 0.332616 0.691182
vt 0.324986 0.693649
vt 0.316963 0.693649
vt 0.309334 0.691182
vt 0.302843 0.686490
vt 0.586692 0.781451
vt 0.605888 0.775244
vt 0.589559 0.787050
vt 0.585704 0.775244
vt 0.586692 0.769037
vt 0.585143 0.790243
vt 0.590816 0.795888
vt 0.594024 0.791494
vt 0.597964 0.799513
vt 0.599651 0.794347
vt 0.581501 0.783129
vt 0.580246 0.775244
vt 0.581501 0.767359
vt 0.589559 0.763438
vt 0.585143 0.760246
vt 0.594024 0.758995
vt 0.590816 0.754600
vt 0.599651 0.756142
vt 0.597964 0.750976
vt 0.605888 0.755159
vt 0.605888 0.749727
vt 0.605888 0.800762
vt 0.605888 0.795330
vt 0.849044 0.010730
vt 0.850221 0.010730
vt 0.850402 0.142747
vt 0.848865 0.142747
vt 0.852831 0.658009
vt 0.851812 0.658008
vt 0.851501 0.525990
vt 0.852831 0.525990
vt 0.849177 0.164208
vt 0.850196 0.164207
vt 0.850196 0.296225
vt 0.848865 0.296226
vt 0.849918 0.830265
vt 0.848741 0.830265
vt 0.848562 0.698246
vt 0.850098 0.698246
vt 0.393501 0.865541
vt 0.392482 0.865541
vt 0.392247 0.733522
vt 0.393577 0.733522
vt 0.849957 0.449705
vt 0.848938 0.449705
vt 0.848865 0.317686
vt 0.850196 0.317686
vt 0.898678 0.780759
vt 0.898678 0.698246
vt 0.906661 0.704857
vt 0.906661 0.774161
vt 0.871761 0.462029
vt 0.871761 0.392725
vt 0.879778 0.386113
vt 0.879778 0.468627
vt 0.309553 0.618676
vt 0.309553 0.566316
vt 0.362169 0.566316
vt 0.362169 0.618677
vt 0.370682 0.557845
vt 0.370682 0.627149
vt 0.301040 0.557844
vt 0.710053 0.817379
vt 0.710053 0.899893
vt 0.702070 0.893295
vt 0.702070 0.823991
vt 0.871967 0.086632
vt 0.871967 0.017328
vt 0.879983 0.010730
vt 0.879983 0.093243
vt 0.392247 0.627150
vt 0.392247 0.557846
vt 0.461886 0.557844
vt 0.461886 0.627148
vt 0.879657 0.814509
vt 0.879657 0.897023
vt 0.871664 0.890416
vt 0.871664 0.821112
vt 0.443262 0.869373
vt 0.443262 0.800069
vt 0.451268 0.793462
vt 0.451268 0.875976
vt 0.551176 0.793732
vt 0.551176 0.876246
vt 0.543171 0.869639
vt 0.543171 0.800335
vt 0.874396 0.601900
vt 0.874396 0.532596
vt 0.882390 0.525990
vt 0.882390 0.608503
vt 0.592286 0.594351
vt 0.629491 0.631374
vt 0.629491 0.643355
vt 0.580246 0.594351
vt 0.629491 0.557326
vt 0.629491 0.545345
vt 0.229249 0.945176
vt 0.228925 0.945178
vt 0.228925 0.944526
vt 0.229249 0.944524
vt 0.901550 0.974478
vt 0.901222 0.974478
vt 0.901222 0.974152
vt 0.901550 0.974152
vt 0.928469 0.347686
vt 0.928792 0.347687
vt 0.928792 0.348339
vt 0.928469 0.348338
vt 0.514573 0.973533
vt 0.514901 0.973533
vt 0.514901 0.973859
vt 0.514573 0.973859
vt 0.848562 0.895950
vt 0.848886 0.895948
vt 0.848886 0.896600
vt 0.848562 0.896602
vt 0.228925 0.922411
vt 0.229249 0.922412
vt 0.229249 0.923064
vt 0.228925 0.923063
vt 0.678407 0.828756
vt 0.678079 0.828757
vt 0.678079 0.828104
vt 0.678407 0.828104
vt 0.333715 0.972333
vt 0.333387 0.972333
vt 0.333387 0.972007
vt 0.333715 0.972007
vt 0.678079 0.850216
vt 0.678407 0.850217
vt 0.678407 0.850869
vt 0.678079 0.850868
vt 0.953998 0.141974
vt 0.953998 0.141648
vt 0.954325 0.141648
vt 0.954325 0.141974
vt 0.627453 0.776169
vt 0.627780 0.776169
vt 0.627780 0.776821
vt 0.627453 0.776822
vt 0.678407 0.784532
vt 0.678079 0.784532
vt 0.678079 0.783880
vt 0.678407 0.783880
vt 0.678407 0.806644
vt 0.678079 0.806644
vt 0.678079 0.805992
vt 0.678407 0.805992
vt 0.172640 0.971460
vt 0.172640 0.971786
vt 0.172312 0.971786
vt 0.172312 0.971460
vt 0.627780 0.798934
vt 0.627453 0.798934
vt 0.627453 0.798282
vt 0.627780 0.798281
vt 0.904642 0.142606
vt 0.904314 0.142607
vt 0.904314 0.142280
vt 0.904642 0.142280
vt 0.848890 0.874488
vt 0.848562 0.874488
vt 0.848562 0.873836
vt 0.848890 0.873837
vt 0.848562 0.851725
vt 0.848890 0.851724
vt 0.848890 0.852376
vt 0.848562 0.852376
vt 0.905738 0.503876
vt 0.906063 0.503877
vt 0.906063 0.504529
vt 0.905738 0.504529
vt 0.927956 0.504203
vt 0.927956 0.504529
vt 0.927628 0.504529
vt 0.927628 0.504203
vt 0.904639 0.120820
vt 0.904314 0.120820
vt 0.904314 0.120168
vt 0.904639 0.120168
vt 0.231687 0.971612
vt 0.231687 0.971938
vt 0.231359 0.971938
vt 0.231359 0.971612
vt 0.884173 0.504528
vt 0.883848 0.504530
vt 0.883848 0.503878
vt 0.884173 0.503876
vt 0.392572 0.887654
vt 0.392247 0.887653
vt 0.392247 0.887001
vt 0.392572 0.887002
vt 0.928557 0.101068
vt 0.932428 0.101071
vt 0.932433 0.121880
vt 0.928562 0.121876
vt 0.928562 0.077103
vt 0.932433 0.077107
vt 0.488810 0.885470
vt 0.483451 0.885470
vt 0.486175 0.857943
vt 0.491431 0.858983
vt 0.491431 0.911956
vt 0.486175 0.912997
vt 0.940524 0.650059
vt 0.936653 0.650065
vt 0.936660 0.629969
vt 0.940531 0.629963
vt 0.940531 0.673174
vt 0.936660 0.673179
vt 0.301040 0.868712
vt 0.306399 0.868712
vt 0.309020 0.895198
vt 0.303764 0.896238
vt 0.303764 0.841185
vt 0.309020 0.842225
vt 0.932428 0.031616
vt 0.928557 0.031622
vt 0.928564 0.010736
vt 0.932435 0.010730
vt 0.932435 0.055638
vt 0.928564 0.055644
vt 0.365789 0.865087
vt 0.360430 0.865087
vt 0.363154 0.837561
vt 0.368410 0.838601
vt 0.368410 0.891574
vt 0.363154 0.892614
vt 0.953998 0.100162
vt 0.957868 0.100166
vt 0.957873 0.120188
vt 0.954002 0.120184
vt 0.954002 0.077103
vt 0.957873 0.077107
vt 0.330707 0.865285
vt 0.336066 0.865285
vt 0.338687 0.891772
vt 0.333431 0.892812
vt 0.333431 0.837758
vt 0.338687 0.838799
vt 0.512997 0.894277
vt 0.517372 0.894279
vt 0.517377 0.910636
vt 0.513002 0.910634
vt 0.512997 0.876485
vt 0.517372 0.876487
vt 0.513002 0.857943
vt 0.517377 0.857945
vt 0.666387 0.565114
vt 0.658334 0.561795
vt 0.667170 0.545345
vt 0.674417 0.550164
vt 0.661442 0.581336
vt 0.652893 0.579643
vt 0.659772 0.598206
vt 0.651056 0.598206
vt 0.661442 0.615076
vt 0.652893 0.616768
vt 0.666387 0.631297
vt 0.658334 0.634617
vt 0.674417 0.646247
vt 0.667170 0.651066
vt 0.932859 0.179107
vt 0.928484 0.179110
vt 0.928491 0.164210
vt 0.932867 0.164207
vt 0.932859 0.195298
vt 0.928484 0.195301
vt 0.932867 0.212158
vt 0.928491 0.212161
vt 0.703260 0.634617
vt 0.711313 0.631297
vt 0.719343 0.646247
vt 0.712096 0.651066
vt 0.697819 0.616768
vt 0.706368 0.615076
vt 0.695982 0.598206
vt 0.704699 0.598206
vt 0.697819 0.579643
vt 0.706368 0.581336
vt 0.703260 0.561795
vt 0.711313 0.565114
vt 0.712096 0.545345
vt 0.719343 0.550164
vt 0.415142 0.884417
vt 0.419518 0.884415
vt 0.419523 0.902996
vt 0.415148 0.902997
vt 0.415142 0.866513
vt 0.419518 0.866511
vt 0.415148 0.849973
vt 0.419523 0.849971
vt 0.932844 0.294975
vt 0.928469 0.294972
vt 0.928476 0.278092
vt 0.932851 0.278095
vt 0.932844 0.311227
vt 0.928469 0.311224
vt 0.932851 0.326226
vt 0.928476 0.326223
vt 0.962256 0.773907
vt 0.957881 0.773901
vt 0.957886 0.757260
vt 0.962261 0.757266
vt 0.962261 0.788430
vt 0.957886 0.788424
vt 0.047532 0.899936
vt 0.037782 0.899936
vt 0.039656 0.881004
vt 0.049218 0.882897
vt 0.049218 0.916974
vt 0.039656 0.918867
vt 0.010783 0.942291
vt 0.015158 0.942287
vt 0.015161 0.957299
vt 0.010785 0.957303
vt 0.010785 0.929173
vt 0.015161 0.929169
vt 0.651056 0.892819
vt 0.660806 0.892819
vt 0.662492 0.909858
vt 0.652930 0.911751
vt 0.652930 0.873888
vt 0.662492 0.875780
vt 0.177706 0.828702
vt 0.177678 0.846851
vt 0.169592 0.846834
vt 0.169619 0.828685
vt 0.169582 0.864399
vt 0.177669 0.864415
vt 0.169592 0.880846
vt 0.177678 0.880862
vt 0.169619 0.895675
vt 0.177706 0.895691
vt 0.199273 0.922418
vt 0.207360 0.922411
vt 0.199271 0.935319
vt 0.207358 0.935312
vt 0.199273 0.950262
vt 0.207360 0.950255
vt 0.800024 0.698246
vt 0.800016 0.714777
vt 0.791929 0.714777
vt 0.791937 0.698246
vt 0.791924 0.732394
vt 0.800011 0.732394
vt 0.791922 0.750561
vt 0.800009 0.750561
vt 0.791924 0.768726
vt 0.800011 0.768726
vt 0.791929 0.786339
vt 0.800016 0.786339
vt 0.791937 0.802862
vt 0.800024 0.802862
vt 0.987525 0.077110
vt 0.987525 0.092042
vt 0.979438 0.092036
vt 0.979438 0.077103
vt 0.588382 0.902606
vt 0.580295 0.902589
vt 0.588349 0.889633
vt 0.580262 0.889616
vt 0.588333 0.874631
vt 0.580246 0.874614
vt 0.588333 0.858057
vt 0.580246 0.858040
vt 0.588349 0.840414
vt 0.580262 0.840397
vt 0.588382 0.822239
vt 0.580295 0.822221
vt 0.139930 0.895795
vt 0.139907 0.877638
vt 0.147993 0.877624
vt 0.148017 0.895781
vt 0.147985 0.860039
vt 0.139899 0.860053
vt 0.147993 0.843559
vt 0.139907 0.843573
vt 0.148017 0.828685
vt 0.139930 0.828699
vt 0.261341 0.950152
vt 0.253255 0.950145
vt 0.261339 0.937250
vt 0.253252 0.937243
vt 0.261341 0.922306
vt 0.253255 0.922299
vt 0.301055 0.819725
vt 0.301046 0.803193
vt 0.309133 0.803193
vt 0.309142 0.819725
vt 0.309128 0.785576
vt 0.301041 0.785576
vt 0.309127 0.767409
vt 0.301040 0.767409
vt 0.309128 0.749243
vt 0.301041 0.749243
vt 0.309133 0.731632
vt 0.301046 0.731632
vt 0.309142 0.715109
vt 0.301055 0.715109
vt 0.979438 0.128440
vt 0.979438 0.113508
vt 0.987525 0.113502
vt 0.987525 0.128434
vt 0.898832 0.164227
vt 0.906919 0.164207
vt 0.898794 0.177254
vt 0.906881 0.177234
vt 0.898775 0.192300
vt 0.906862 0.192280
vt 0.898775 0.208906
vt 0.906862 0.208886
vt 0.898794 0.226568
vt 0.906881 0.226548
vt 0.898832 0.244750
vt 0.906919 0.244730
vt 0.250564 0.066279
vt 0.262076 0.086121
vt 0.237646 0.097458
vt 0.228483 0.081665
vt 0.243913 0.114594
vt 0.269951 0.107651
vt 0.247095 0.132553
vt 0.273949 0.130215
vt 0.247096 0.150788
vt 0.273949 0.153126
vt 0.243913 0.168747
vt 0.269951 0.175690
vt 0.237646 0.185883
vt 0.262077 0.197220
vt 0.228483 0.201676
vt 0.250565 0.217062
vt 0.216704 0.215645
vt 0.235765 0.234613
vt 0.202666 0.227367
vt 0.218128 0.249341
vt 0.186796 0.236485
vt 0.198188 0.260796
vt 0.169576 0.242722
vt 0.176553 0.268633
vt 0.151529 0.245889
vt 0.153878 0.272611
vt 0.133203 0.245889
vt 0.130854 0.272611
vt 0.115157 0.242722
vt 0.108180 0.268633
vt 0.097936 0.236485
vt 0.086544 0.260796
vt 0.082066 0.227367
vt 0.066605 0.249341
vt 0.068028 0.215645
vt 0.048967 0.234613
vt 0.056249 0.201676
vt 0.034168 0.217062
vt 0.047086 0.185883
vt 0.022655 0.197220
vt 0.040819 0.168747
vt 0.014781 0.175690
vt 0.037636 0.150788
vt 0.010783 0.153126
vt 0.037636 0.132553
vt 0.010783 0.130215
vt 0.040818 0.114594
vt 0.014781 0.107651
vt 0.047086 0.097458
vt 0.022655 0.086121
vt 0.056249 0.081665
vt 0.034167 0.066279
vt 0.068028 0.067696
vt 0.048967 0.048728
vt 0.082066 0.055974
vt 0.066604 0.034000
vt 0.097936 0.046856
vt 0.086544 0.022545
vt 0.115156 0.040619
vt 0.108179 0.014708
vt 0.133203 0.037453
vt 0.130854 0.010730
vt 0.151528 0.037452
vt 0.153878 0.010730
vt 0.169575 0.040619
vt 0.176552 0.014708
vt 0.186795 0.046856
vt 0.198188 0.022545
vt 0.202666 0.055974
vt 0.218127 0.034001
vt 0.216704 0.067696
vt 0.235765 0.048728
vt 0.740949 0.867472
vt 0.740919 0.844660
vt 0.749005 0.844646
vt 0.749035 0.867458
vt 0.748995 0.822552
vt 0.740909 0.822566
vt 0.749005 0.801846
vt 0.740919 0.801860
vt 0.749035 0.783159
vt 0.740949 0.783173
vt 0.936315 0.792253
vt 0.928229 0.792246
vt 0.936313 0.776043
vt 0.928226 0.776036
vt 0.936315 0.757267
vt 0.928229 0.757260
vt 0.543189 0.772273
vt 0.543179 0.751502
vt 0.551266 0.751502
vt 0.551276 0.772273
vt 0.551260 0.729367
vt 0.543173 0.729368
vt 0.551257 0.706542
vt 0.543171 0.706542
vt 0.551260 0.683718
vt 0.543173 0.683719
vt 0.551266 0.661591
vt 0.543179 0.661591
vt 0.551276 0.640832
vt 0.543189 0.640832
vt 0.960708 0.484391
vt 0.960708 0.465631
vt 0.968795 0.465625
vt 0.968795 0.484385
vt 0.330778 0.715129
vt 0.338865 0.715109
vt 0.330731 0.731497
vt 0.338817 0.731477
vt 0.330707 0.750400
vt 0.338794 0.750380
vt 0.330707 0.771264
vt 0.338794 0.771244
vt 0.330731 0.793455
vt 0.338818 0.793435
vt 0.330778 0.816299
vt 0.338865 0.816279
vt 0.879894 0.280487
vt 0.879860 0.303290
vt 0.871773 0.303273
vt 0.871808 0.280471
vt 0.871761 0.325342
vt 0.879848 0.325358
vt 0.871773 0.346006
vt 0.879860 0.346022
vt 0.871808 0.364637
vt 0.879894 0.364654
vt 0.930958 0.525997
vt 0.939045 0.525990
vt 0.930955 0.542206
vt 0.939042 0.542199
vt 0.930958 0.560981
vt 0.939045 0.560974
vt 0.749014 0.545345
vt 0.749004 0.566115
vt 0.740917 0.566115
vt 0.740928 0.545345
vt 0.740911 0.588249
vt 0.748998 0.588249
vt 0.740909 0.611074
vt 0.748995 0.611074
vt 0.740911 0.633898
vt 0.748998 0.633898
vt 0.740917 0.656026
vt 0.749004 0.656026
vt 0.740928 0.676786
vt 0.749014 0.676786
vt 0.968795 0.425403
vt 0.968795 0.444165
vt 0.960708 0.444159
vt 0.960708 0.425397
vt 0.368578 0.816101
vt 0.360491 0.816083
vt 0.368537 0.799801
vt 0.360451 0.799784
vt 0.368517 0.780953
vt 0.360430 0.780936
vt 0.368517 0.760129
vt 0.360430 0.760112
vt 0.368537 0.737963
vt 0.360451 0.737945
vt 0.368578 0.715126
vt 0.360491 0.715109
vt 0.322368 0.132553
vt 0.322368 0.150789
vt 0.295514 0.153127
vt 0.295514 0.130215
vt 0.299512 0.175690
vt 0.325550 0.168747
vt 0.307387 0.197220
vt 0.331818 0.185883
vt 0.318899 0.217062
vt 0.340980 0.201676
vt 0.333699 0.234613
vt 0.352760 0.215646
vt 0.351336 0.249341
vt 0.366798 0.227367
vt 0.371276 0.260797
vt 0.382668 0.236485
vt 0.392911 0.268633
vt 0.399888 0.242722
vt 0.415586 0.272611
vt 0.417935 0.245889
vt 0.438610 0.272611
vt 0.436260 0.245889
vt 0.461284 0.268633
vt 0.454307 0.242722
vt 0.482920 0.260796
vt 0.471527 0.236485
vt 0.502859 0.249341
vt 0.487398 0.227367
vt 0.520497 0.234613
vt 0.501435 0.215645
vt 0.535296 0.217062
vt 0.513215 0.201676
vt 0.546808 0.197220
vt 0.522377 0.185883
vt 0.554683 0.175690
vt 0.528645 0.168747
vt 0.558681 0.153126
vt 0.531827 0.150788
vt 0.558681 0.130215
vt 0.531827 0.132553
vt 0.554683 0.107651
vt 0.528645 0.114594
vt 0.546808 0.086121
vt 0.522377 0.097458
vt 0.535296 0.066279
vt 0.513215 0.081665
vt 0.520496 0.048728
vt 0.501435 0.067696
vt 0.502859 0.034000
vt 0.487397 0.055974
vt 0.482919 0.022545
vt 0.471527 0.046856
vt 0.461284 0.014708
vt 0.454307 0.040619
vt 0.438609 0.010730
vt 0.436260 0.037453
vt 0.415585 0.010730
vt 0.417935 0.037453
vt 0.392911 0.014708
vt 0.399888 0.040619
vt 0.371275 0.022545
vt 0.382668 0.046856
vt 0.351336 0.034001
vt 0.366798 0.055974
vt 0.333699 0.048728
vt 0.352760 0.067696
vt 0.318899 0.066279
vt 0.340980 0.081665
vt 0.307387 0.086121
vt 0.331818 0.097458
vt 0.299512 0.107651
vt 0.325550 0.114594
vt 0.258683 0.828696
vt 0.258654 0.848241
vt 0.253262 0.848230
vt 0.253292 0.828685
vt 0.253252 0.867146
vt 0.258643 0.867157
vt 0.253262 0.884858
vt 0.258653 0.884869
vt 0.253292 0.900828
vt 0.258683 0.900839
vt 0.954419 0.278097
vt 0.959810 0.278092
vt 0.954416 0.291991
vt 0.959808 0.291986
vt 0.954419 0.308084
vt 0.959810 0.308079
vt 0.829936 0.545345
vt 0.829927 0.563148
vt 0.824535 0.563148
vt 0.824544 0.545345
vt 0.824530 0.582120
vt 0.829921 0.582120
vt 0.824528 0.601684
vt 0.829919 0.601684
vt 0.824530 0.621247
vt 0.829921 0.621247
vt 0.824535 0.640214
vt 0.829926 0.640214
vt 0.824544 0.658009
vt 0.829936 0.658009
vt 0.983826 0.773341
vt 0.983826 0.757260
vt 0.989217 0.757264
vt 0.989217 0.773345
vt 0.906992 0.097291
vt 0.901601 0.097279
vt 0.906957 0.083320
vt 0.901566 0.083308
vt 0.906939 0.067164
vt 0.901548 0.067153
vt 0.906939 0.049315
vt 0.901548 0.049304
vt 0.906957 0.030315
vt 0.901566 0.030304
vt 0.906992 0.010741
vt 0.901601 0.010730
vt 0.226296 0.900951
vt 0.226270 0.881398
vt 0.231662 0.881389
vt 0.231687 0.900942
vt 0.231653 0.862451
vt 0.226262 0.862460
vt 0.231662 0.844703
vt 0.226270 0.844712
vt 0.231687 0.828685
vt 0.226296 0.828694
vt 0.906616 0.952692
vt 0.901225 0.952688
vt 0.906613 0.938798
vt 0.901222 0.938793
vt 0.906616 0.922704
vt 0.901225 0.922699
vt 0.510440 0.836483
vt 0.510431 0.818680
vt 0.515822 0.818680
vt 0.515831 0.836483
vt 0.515817 0.799707
vt 0.510425 0.799707
vt 0.515815 0.780143
vt 0.510424 0.780142
vt 0.515817 0.760580
vt 0.510425 0.760580
vt 0.515822 0.741613
vt 0.510431 0.741613
vt 0.515831 0.723820
vt 0.510440 0.723820
vt 0.821566 0.985959
vt 0.821566 0.969879
vt 0.826957 0.969875
vt 0.826957 0.985955
vt 0.901404 0.386127
vt 0.906795 0.386113
vt 0.901363 0.400156
vt 0.906755 0.400143
vt 0.901343 0.416359
vt 0.906734 0.416345
vt 0.901343 0.434242
vt 0.906734 0.434229
vt 0.901363 0.453263
vt 0.906755 0.453250
vt 0.901404 0.472843
vt 0.906795 0.472830
vt 0.186714 0.572470
vt 0.205433 0.583224
vt 0.199248 0.592013
vt 0.182157 0.582194
vt 0.214366 0.604637
vt 0.221990 0.597050
vt 0.227051 0.619681
vt 0.235884 0.613526
vt 0.236919 0.636688
vt 0.246691 0.632154
vt 0.243669 0.655142
vt 0.254084 0.652365
vt 0.247096 0.674483
vt 0.257837 0.673547
vt 0.247096 0.694121
vt 0.257837 0.695056
vt 0.243669 0.713461
vt 0.254084 0.716238
vt 0.236919 0.731915
vt 0.246691 0.736450
vt 0.227052 0.748923
vt 0.235884 0.755077
vt 0.214366 0.763967
vt 0.221991 0.771554
vt 0.199248 0.776590
vt 0.205433 0.785380
vt 0.182157 0.786410
vt 0.186714 0.796134
vt 0.163613 0.793126
vt 0.166403 0.803491
vt 0.144178 0.796536
vt 0.145117 0.807225
vt 0.124443 0.796536
vt 0.123503 0.807225
vt 0.105007 0.793126
vt 0.102217 0.803490
vt 0.086463 0.786409
vt 0.081906 0.796134
vt 0.069372 0.776590
vt 0.063187 0.785379
vt 0.054254 0.763967
vt 0.046629 0.771554
vt 0.041568 0.748923
vt 0.032736 0.755077
vt 0.031701 0.731915
vt 0.021928 0.736450
vt 0.024951 0.713461
vt 0.014536 0.716238
vt 0.021524 0.694121
vt 0.010783 0.695056
vt 0.021524 0.674482
vt 0.010783 0.673547
vt 0.024951 0.655142
vt 0.014536 0.652365
vt 0.031701 0.636688
vt 0.021928 0.632153
vt 0.041568 0.619681
vt 0.032736 0.613526
vt 0.054254 0.604637
vt 0.046629 0.597049
vt 0.069371 0.592013
vt 0.063187 0.583224
vt 0.086462 0.582194
vt 0.081905 0.572470
vt 0.105007 0.575477
vt 0.102216 0.565113
vt 0.124442 0.572067
vt 0.123502 0.561378
vt 0.144177 0.572067
vt 0.145117 0.561378
vt 0.163612 0.575477
vt 0.166403 0.565113
vt 0.609984 0.901369
vt 0.609956 0.879954
vt 0.615348 0.879944
vt 0.615376 0.901359
vt 0.615338 0.859203
vt 0.609947 0.859212
vt 0.615348 0.839765
vt 0.609956 0.839774
vt 0.615376 0.822221
vt 0.609984 0.822231
vt 0.338781 0.950547
vt 0.333390 0.950543
vt 0.338778 0.935329
vt 0.333387 0.935325
vt 0.338781 0.917703
vt 0.333390 0.917698
vt 0.797572 0.668738
vt 0.797562 0.649239
vt 0.802953 0.649239
vt 0.802963 0.668738
vt 0.802947 0.628460
vt 0.797556 0.628460
vt 0.802945 0.607032
vt 0.797554 0.607032
vt 0.802947 0.585606
vt 0.797556 0.585606
vt 0.802953 0.564833
vt 0.797562 0.564833
vt 0.802963 0.545345
vt 0.797572 0.545345
vt 0.980959 0.028346
vt 0.980959 0.010734
vt 0.986350 0.010730
vt 0.986350 0.028342
vt 0.651123 0.757452
vt 0.656514 0.757439
vt 0.651078 0.772818
vt 0.656470 0.772805
vt 0.651056 0.790564
vt 0.656447 0.790550
vt 0.651056 0.810150
vt 0.656447 0.810137
vt 0.651078 0.830983
vt 0.656470 0.830969
vt 0.651123 0.852428
vt 0.656514 0.852415
vt 0.909390 0.526001
vt 0.909357 0.547407
vt 0.903966 0.547396
vt 0.903999 0.525990
vt 0.903955 0.568114
vt 0.909346 0.568125
vt 0.903966 0.587512
vt 0.909357 0.587523
vt 0.903999 0.605003
vt 0.909390 0.605014
vt 0.702072 0.921357
vt 0.707464 0.921352
vt 0.702070 0.936574
vt 0.707461 0.936569
vt 0.702072 0.954199
vt 0.707464 0.954194
vt 0.775989 0.545345
vt 0.775979 0.564843
vt 0.770588 0.564843
vt 0.770598 0.545345
vt 0.770582 0.585622
vt 0.775973 0.585622
vt 0.770580 0.607050
vt 0.775971 0.607050
vt 0.770582 0.628476
vt 0.775973 0.628476
vt 0.770588 0.649249
vt 0.775979 0.649249
vt 0.770597 0.668738
vt 0.775989 0.668738
vt 0.519965 0.934460
vt 0.519965 0.952073
vt 0.514573 0.952069
vt 0.514573 0.934456
vt 0.877210 0.259011
vt 0.871819 0.258999
vt 0.877172 0.243709
vt 0.871781 0.243698
vt 0.877152 0.226015
vt 0.871761 0.226003
vt 0.877152 0.206466
vt 0.871761 0.206455
vt 0.877172 0.185657
vt 0.871781 0.185645
vt 0.877210 0.164219
vt 0.871819 0.164207
vt 0.594414 0.162813
vt 0.601164 0.181267
vt 0.591392 0.185802
vt 0.583999 0.165590
vt 0.602199 0.204429
vt 0.611031 0.198275
vt 0.616093 0.220906
vt 0.623717 0.213319
vt 0.632650 0.234732
vt 0.638835 0.225942
vt 0.651369 0.245486
vt 0.655926 0.235762
vt 0.671680 0.252843
vt 0.674470 0.242478
vt 0.692966 0.256578
vt 0.693906 0.245889
vt 0.714580 0.256578
vt 0.713640 0.245889
vt 0.735866 0.252843
vt 0.733076 0.242478
vt 0.756177 0.245486
vt 0.751620 0.235762
vt 0.774896 0.234732
vt 0.768711 0.225943
vt 0.791454 0.220906
vt 0.783829 0.213319
vt 0.805347 0.204429
vt 0.796515 0.198275
vt 0.816154 0.185802
vt 0.806382 0.181268
vt 0.823547 0.165591
vt 0.813132 0.162813
vt 0.827300 0.144408
vt 0.816559 0.143473
vt 0.827300 0.122900
vt 0.816559 0.123835
vt 0.823547 0.101717
vt 0.813132 0.104494
vt 0.816154 0.081506
vt 0.806382 0.086040
vt 0.805347 0.062878
vt 0.796515 0.069033
vt 0.791453 0.046402
vt 0.783829 0.053989
vt 0.774896 0.032576
vt 0.768711 0.041365
vt 0.756177 0.021821
vt 0.751620 0.031546
vt 0.735866 0.014465
vt 0.733076 0.024829
vt 0.714580 0.010730
vt 0.713640 0.021419
vt 0.692966 0.010730
vt 0.693906 0.021419
vt 0.671680 0.014465
vt 0.674470 0.024829
vt 0.651369 0.021821
vt 0.655926 0.031546
vt 0.632650 0.032576
vt 0.638835 0.041365
vt 0.616093 0.046401
vt 0.623717 0.053988
vt 0.602199 0.062878
vt 0.611031 0.069032
vt 0.591392 0.081505
vt 0.601164 0.086040
vt 0.583999 0.101717
vt 0.594414 0.104494
vt 0.580246 0.122899
vt 0.590987 0.123834
vt 0.580246 0.144408
vt 0.590987 0.143473
vt 0.826997 0.832380
vt 0.826967 0.851925
vt 0.821576 0.851914
vt 0.821606 0.832369
vt 0.821566 0.870830
vt 0.826957 0.870841
vt 0.821576 0.888542
vt 0.826967 0.888553
vt 0.821606 0.904512
vt 0.826997 0.904523
vt 0.954002 0.010735
vt 0.959394 0.010730
vt 0.954000 0.024628
vt 0.959391 0.024624
vt 0.954002 0.040721
vt 0.959394 0.040716
vt 0.826997 0.698246
vt 0.826988 0.716048
vt 0.821597 0.716048
vt 0.821606 0.698246
vt 0.821591 0.735020
vt 0.826982 0.735020
vt 0.821589 0.754585
vt 0.826981 0.754585
vt 0.821591 0.774148
vt 0.826982 0.774148
vt 0.821597 0.793115
vt 0.826988 0.793115
vt 0.821606 0.810909
vt 0.826997 0.810909
vt 0.986766 0.278096
vt 0.986766 0.294178
vt 0.981375 0.294174
vt 0.981375 0.278092
vt 0.906903 0.364654
vt 0.901512 0.364642
vt 0.906868 0.350682
vt 0.901477 0.350671
vt 0.906851 0.334527
vt 0.901460 0.334515
vt 0.906851 0.316678
vt 0.901460 0.316666
vt 0.906868 0.297678
vt 0.901477 0.297666
vt 0.906903 0.278104
vt 0.901512 0.278092
vt 0.199305 0.900951
vt 0.199280 0.881398
vt 0.204671 0.881389
vt 0.204697 0.900942
vt 0.204662 0.862451
vt 0.199271 0.862460
vt 0.204671 0.844703
vt 0.199280 0.844712
vt 0.204697 0.828685
vt 0.199305 0.828694
vt 0.585640 0.954059
vt 0.580248 0.954054
vt 0.585637 0.940164
vt 0.580246 0.940159
vt 0.585640 0.924071
vt 0.580248 0.924066
vt 0.483467 0.836483
vt 0.483458 0.818680
vt 0.488849 0.818680
vt 0.488858 0.836483
vt 0.488844 0.799707
vt 0.483453 0.799707
vt 0.488842 0.780143
vt 0.483451 0.780142
vt 0.488844 0.760580
vt 0.483453 0.760580
vt 0.488850 0.741613
vt 0.483458 0.741613
vt 0.488858 0.723820
vt 0.483467 0.723820
vt 0.791960 0.968822
vt 0.791960 0.984903
vt 0.786568 0.984907
vt 0.786568 0.968826
vt 0.901283 0.814523
vt 0.906674 0.814509
vt 0.901243 0.828552
vt 0.906634 0.828539
vt 0.901222 0.844755
vt 0.906613 0.844741
vt 0.901222 0.862638
vt 0.906613 0.862625
vt 0.901243 0.881659
vt 0.906634 0.881646
vt 0.901283 0.901239
vt 0.906674 0.901226
vt 0.205433 0.315917
vt 0.221990 0.329742
vt 0.214366 0.337329
vt 0.199248 0.324706
vt 0.227051 0.352373
vt 0.235884 0.346219
vt 0.236919 0.369381
vt 0.246691 0.364846
vt 0.243669 0.387835
vt 0.254084 0.385058
vt 0.247096 0.407175
vt 0.257837 0.406240
vt 0.247096 0.426814
vt 0.257837 0.427749
vt 0.243669 0.446154
vt 0.254084 0.448931
vt 0.236919 0.464608
vt 0.246691 0.469143
vt 0.227052 0.481616
vt 0.235884 0.487770
vt 0.214366 0.496660
vt 0.221991 0.504247
vt 0.199249 0.509283
vt 0.205433 0.518072
vt 0.182158 0.519102
vt 0.186715 0.528827
vt 0.163613 0.525819
vt 0.166404 0.536183
vt 0.144178 0.529229
vt 0.145117 0.539918
vt 0.124443 0.529229
vt 0.123503 0.539918
vt 0.105008 0.525819
vt 0.102217 0.536183
vt 0.086463 0.519102
vt 0.081906 0.528827
vt 0.069372 0.509283
vt 0.063187 0.518072
vt 0.054254 0.496660
vt 0.046629 0.504247
vt 0.041568 0.481616
vt 0.032736 0.487770
vt 0.031701 0.464608
vt 0.021929 0.469143
vt 0.024951 0.446154
vt 0.014536 0.448931
vt 0.021524 0.426814
vt 0.010783 0.427749
vt 0.021524 0.407175
vt 0.010783 0.406240
vt 0.024951 0.387835
vt 0.014536 0.385058
vt 0.031701 0.369381
vt 0.021928 0.364846
vt 0.041568 0.352373
vt 0.032736 0.346219
vt 0.054253 0.337330
vt 0.046629 0.329742
vt 0.069371 0.324706
vt 0.063187 0.315917
vt 0.086462 0.314887
vt 0.081905 0.305162
vt 0.105007 0.308170
vt 0.102216 0.297806
vt 0.124442 0.304760
vt 0.123502 0.294071
vt 0.144177 0.304760
vt 0.145117 0.294071
vt 0.163612 0.308170
vt 0.166403 0.297806
vt 0.182157 0.314887
vt 0.186714 0.305163
vt 0.791960 0.903469
vt 0.791932 0.882054
vt 0.797323 0.882045
vt 0.797351 0.903460
vt 0.797313 0.861303
vt 0.791922 0.861312
vt 0.797323 0.841865
vt 0.791932 0.841875
vt 0.797351 0.824322
vt 0.791960 0.824331
vt 0.177706 0.950000
vt 0.172315 0.949996
vt 0.177703 0.934782
vt 0.172312 0.934777
vt 0.177706 0.917156
vt 0.172315 0.917151
vt 0.702087 0.795919
vt 0.702078 0.776420
vt 0.707469 0.776420
vt 0.707479 0.795919
vt 0.707463 0.755641
vt 0.702072 0.755641
vt 0.707461 0.734213
vt 0.702070 0.734213
vt 0.707463 0.712787
vt 0.702072 0.712787
vt 0.707469 0.692014
vt 0.702078 0.692014
vt 0.707479 0.672526
vt 0.702087 0.672526
vt 0.980848 0.181823
vt 0.980848 0.164211
vt 0.986239 0.164207
vt 0.986239 0.181819
vt 0.415209 0.733536
vt 0.420600 0.733522
vt 0.415165 0.748901
vt 0.420556 0.748888
vt 0.415142 0.766647
vt 0.420533 0.766634
vt 0.415142 0.786233
vt 0.420533 0.786220
vt 0.415165 0.807066
vt 0.420556 0.807053
vt 0.415209 0.828511
vt 0.420600 0.828498
vt 0.016217 0.828696
vt 0.016185 0.850103
vt 0.010794 0.850092
vt 0.010826 0.828685
vt 0.010783 0.870809
vt 0.016174 0.870820
vt 0.010794 0.890208
vt 0.016185 0.890219
vt 0.010826 0.907699
vt 0.016217 0.907710
vt 0.871666 0.918487
vt 0.877057 0.918482
vt 0.871664 0.933704
vt 0.877055 0.933699
vt 0.871666 0.951330
vt 0.877057 0.951325
vt 0.448671 0.648609
vt 0.448662 0.668108
vt 0.443270 0.668108
vt 0.443280 0.648609
vt 0.443264 0.688886
vt 0.448656 0.688886
vt 0.443262 0.710314
vt 0.448653 0.710314
vt 0.443264 0.731741
vt 0.448656 0.731741
vt 0.443270 0.752514
vt 0.448662 0.752514
vt 0.443280 0.772003
vt 0.448671 0.772003
vt 0.980833 0.347156
vt 0.980833 0.329543
vt 0.986224 0.329547
vt 0.986224 0.347160
vt 0.877113 0.793050
vt 0.871721 0.793038
vt 0.877074 0.777748
vt 0.871683 0.777736
vt 0.877055 0.760054
vt 0.871664 0.760042
vt 0.877055 0.740505
vt 0.871664 0.740493
vt 0.877074 0.719695
vt 0.871683 0.719684
vt 0.877113 0.698257
vt 0.871721 0.698246
vt 0.590987 0.410781
vt 0.594414 0.430121
vt 0.583999 0.432898
vt 0.580246 0.411716
vt 0.591392 0.453110
vt 0.601164 0.448575
vt 0.602199 0.471737
vt 0.611031 0.465582
vt 0.616092 0.488214
vt 0.623717 0.480626
vt 0.632650 0.502039
vt 0.638835 0.493250
vt 0.651369 0.512794
vt 0.655926 0.503069
vt 0.671680 0.520150
vt 0.674470 0.509786
vt 0.692966 0.523885
vt 0.693906 0.513196
vt 0.714580 0.523885
vt 0.713640 0.513196
vt 0.735866 0.520150
vt 0.733076 0.509786
vt 0.756177 0.512794
vt 0.751620 0.503069
vt 0.774896 0.502039
vt 0.768711 0.493250
vt 0.791454 0.488214
vt 0.783829 0.480627
vt 0.805347 0.471737
vt 0.796515 0.465582
vt 0.816154 0.453110
vt 0.806382 0.448575
vt 0.823547 0.432898
vt 0.813132 0.430121
vt 0.827300 0.411716
vt 0.816559 0.410781
vt 0.827300 0.390207
vt 0.816559 0.391142
vt 0.823547 0.369025
vt 0.813132 0.371802
vt 0.816154 0.348813
vt 0.806382 0.353348
vt 0.805347 0.330186
vt 0.796514 0.336340
vt 0.791453 0.313709
vt 0.783829 0.321296
vt 0.774896 0.299883
vt 0.768711 0.308673
vt 0.756177 0.289129
vt 0.751620 0.298853
vt 0.735866 0.281772
vt 0.733075 0.292137
vt 0.714580 0.278037
vt 0.713640 0.288726
vt 0.692966 0.278037
vt 0.693905 0.288726
vt 0.671679 0.281772
vt 0.674470 0.292137
vt 0.651368 0.289129
vt 0.655926 0.298853
vt 0.632650 0.299883
vt 0.638834 0.308673
vt 0.616092 0.313709
vt 0.623717 0.321296
vt 0.602199 0.330186
vt 0.611031 0.336340
vt 0.591392 0.348813
vt 0.601164 0.353348
vt 0.583999 0.369025
vt 0.594414 0.371802
vt 0.580246 0.390207
vt 0.590987 0.391142
vt 0.971614 0.233631
vt 0.971614 0.246871
vt 0.960831 0.246861
vt 0.960831 0.233621
vt 0.419523 0.968393
vt 0.419523 0.980294
vt 0.408741 0.980263
vt 0.408741 0.968362
vt 0.585640 0.986259
vt 0.576093 0.986249
vt 0.576093 0.975519
vt 0.585640 0.975529
vt 0.360430 0.972406
vt 0.360430 0.960439
vt 0.371212 0.960433
vt 0.371212 0.972401
vt 0.928239 0.976387
vt 0.936753 0.976389
vt 0.936753 0.987119
vt 0.928239 0.987116
vt 0.321062 0.536384
vt 0.307424 0.515177
vt 0.342003 0.500132
vt 0.349276 0.511443
vt 0.338597 0.487139
vt 0.301040 0.490814
vt 0.339394 0.473734
vt 0.302533 0.465680
vt 0.344314 0.461230
vt 0.311758 0.442235
vt 0.349276 0.454034
vt 0.324212 0.425958
vt 0.139899 0.942106
vt 0.139899 0.917263
vt 0.150681 0.917254
vt 0.150681 0.942098
vt 0.939022 0.932537
vt 0.939022 0.954901
vt 0.928239 0.954927
vt 0.928239 0.932563
vt 0.971392 0.526001
vt 0.971392 0.543815
vt 0.960610 0.543804
vt 0.960610 0.525990
vt 0.609947 0.945269
vt 0.609947 0.922829
vt 0.620729 0.922835
vt 0.620729 0.945275
vt 0.971356 0.698248
vt 0.971356 0.718326
vt 0.960573 0.718324
vt 0.960573 0.698246
vt 0.349276 0.319013
vt 0.342003 0.330323
vt 0.307425 0.315278
vt 0.321062 0.294071
vt 0.301040 0.339641
vt 0.338597 0.343317
vt 0.302533 0.364775
vt 0.339394 0.356721
vt 0.311758 0.388220
vt 0.344314 0.369225
vt 0.324212 0.404498
vt 0.349276 0.376422
vt 0.928360 0.482679
vt 0.928360 0.445126
vt 0.939143 0.445127
vt 0.939143 0.482679
vt 0.070784 0.918559
vt 0.070784 0.881004
vt 0.081566 0.881004
vt 0.081566 0.918559
vt 0.491962 0.989270
vt 0.483451 0.989268
vt 0.483451 0.978538
vt 0.491963 0.978540
vt 0.311822 0.963994
vt 0.311822 0.975955
vt 0.301040 0.975960
vt 0.301040 0.964000
vt 0.253252 0.971612
vt 0.262892 0.971663
vt 0.262892 0.982393
vt 0.253252 0.982342
vt 0.972879 0.629963
vt 0.972879 0.641990
vt 0.962096 0.642019
vt 0.962097 0.629992
vt 0.851501 0.504530
vt 0.851501 0.491246
vt 0.862283 0.491237
vt 0.862283 0.504521
vt 0.463815 0.536384
vt 0.451361 0.520106
vt 0.483917 0.501111
vt 0.488879 0.508308
vt 0.478997 0.488608
vt 0.442136 0.496662
vt 0.478201 0.475203
vt 0.440643 0.471528
vt 0.481606 0.462209
vt 0.447028 0.447165
vt 0.488879 0.450899
vt 0.460665 0.425957
vt 0.960587 0.876124
vt 0.960587 0.856049
vt 0.971370 0.856052
vt 0.971370 0.876126
vt 0.786568 0.947357
vt 0.786568 0.924929
vt 0.797351 0.924935
vt 0.797351 0.947363
vt 0.971369 0.939171
vt 0.971369 0.957083
vt 0.960587 0.957033
vt 0.960587 0.939121
vt 0.939266 0.233646
vt 0.939266 0.256149
vt 0.928484 0.256124
vt 0.928484 0.233621
vt 0.360430 0.938965
vt 0.360430 0.914074
vt 0.371212 0.914082
vt 0.371212 0.938973
vt 0.558681 0.322147
vt 0.553719 0.329344
vt 0.521163 0.310349
vt 0.533617 0.294071
vt 0.511938 0.333794
vt 0.548799 0.341847
vt 0.510444 0.358928
vt 0.548002 0.355252
vt 0.516829 0.383290
vt 0.551407 0.368246
vt 0.530467 0.404498
vt 0.558681 0.379556
vt 0.939143 0.386114
vt 0.939143 0.423667
vt 0.928360 0.423666
vt 0.928360 0.386113
vt 0.939008 0.698246
vt 0.939008 0.735800
vt 0.928226 0.735800
vt 0.928226 0.698246
vt 0.454045 0.949762
vt 0.454045 0.963038
vt 0.443262 0.963030
vt 0.443262 0.949755
vt 0.962097 0.675480
vt 0.962096 0.663479
vt 0.972879 0.663504
vt 0.972879 0.675506
vt 0.208871 0.982452
vt 0.199271 0.982496
vt 0.199271 0.971767
vt 0.208871 0.971722
vt 0.150681 0.963572
vt 0.150681 0.975533
vt 0.139899 0.975527
vt 0.139899 0.963566
vt 0.651056 0.977017
vt 0.659568 0.977015
vt 0.659568 0.987745
vt 0.651056 0.987747
vt 0.390864 0.536384
vt 0.377226 0.515177
vt 0.411804 0.500132
vt 0.419078 0.511443
vt 0.408399 0.487138
vt 0.370841 0.490814
vt 0.409196 0.473734
vt 0.372335 0.465680
vt 0.414116 0.461230
vt 0.381560 0.442235
vt 0.419078 0.454034
vt 0.394014 0.425957
vt 0.941737 0.582441
vt 0.941737 0.607348
vt 0.930955 0.607357
vt 0.930955 0.582449
vt 0.871967 0.142747
vt 0.871967 0.120197
vt 0.882749 0.120168
vt 0.882749 0.142718
vt 0.751691 0.947946
vt 0.751691 0.965933
vt 0.740909 0.965990
vt 0.740909 0.948003
vt 0.821566 0.948415
vt 0.821566 0.925988
vt 0.832349 0.925983
vt 0.832349 0.948409
vt 0.971370 0.897585
vt 0.971370 0.917659
vt 0.960587 0.917661
vt 0.960587 0.897588
vt 0.419078 0.319012
vt 0.411804 0.330323
vt 0.377226 0.315278
vt 0.390864 0.294071
vt 0.370841 0.339641
vt 0.408399 0.343317
vt 0.372335 0.364775
vt 0.409195 0.356721
vt 0.381560 0.388220
vt 0.414116 0.369225
vt 0.394014 0.404498
vt 0.419078 0.376421
vt 0.928239 0.911077
vt 0.928239 0.873524
vt 0.939022 0.873523
vt 0.939022 0.911077
vt 0.113914 0.881004
vt 0.113914 0.918559
vt 0.103131 0.918559
vt 0.103131 0.881004
vt 0.710584 0.986389
vt 0.702070 0.986391
vt 0.702070 0.975661
vt 0.710584 0.975659
vt 0.974085 0.582446
vt 0.974085 0.594415
vt 0.963302 0.594409
vt 0.963302 0.582441
vt 0.867510 0.972799
vt 0.877057 0.972789
vt 0.877057 0.983519
vt 0.867510 0.983529
vt 0.609947 0.978688
vt 0.609947 0.966761
vt 0.620729 0.966735
vt 0.620729 0.978662
vt 0.543171 0.963283
vt 0.543171 0.950033
vt 0.553953 0.950024
vt 0.553953 0.963274
vt 0.463815 0.404498
vt 0.451361 0.388220
vt 0.483917 0.369225
vt 0.488879 0.376422
vt 0.478997 0.356721
vt 0.442136 0.364775
vt 0.478201 0.343317
vt 0.440643 0.339641
vt 0.481606 0.330323
vt 0.447028 0.315278
vt 0.488879 0.319012
vt 0.460665 0.294071
vt 0.960587 0.834590
vt 0.960587 0.814512
vt 0.971370 0.814509
vt 0.971370 0.834587
vt 0.419523 0.924457
vt 0.419523 0.946897
vt 0.408741 0.946902
vt 0.408741 0.924463
vt 0.960708 0.403937
vt 0.960708 0.386125
vt 0.971490 0.386113
vt 0.971490 0.403926
vt 0.661838 0.933241
vt 0.661838 0.955555
vt 0.651056 0.955525
vt 0.651056 0.933210
vt 0.311822 0.917708
vt 0.311822 0.942534
vt 0.301040 0.942524
vt 0.301040 0.917698
vt 0.558681 0.454034
vt 0.553719 0.461230
vt 0.521163 0.442235
vt 0.533617 0.425957
vt 0.511938 0.465680
vt 0.548799 0.473734
vt 0.510444 0.490814
vt 0.548002 0.487139
vt 0.516829 0.515177
vt 0.551407 0.500132
vt 0.530467 0.536384
vt 0.558681 0.511443
vt 0.939022 0.814509
vt 0.939022 0.852063
vt 0.928239 0.852064
vt 0.928239 0.814510
vt 0.751691 0.888932
vt 0.751691 0.926486
vt 0.740909 0.926486
vt 0.740909 0.888932
vt 0.416891 0.650329
vt 0.416663 0.649391
vt 0.421620 0.648609
vt 0.421697 0.649571
vt 0.678079 0.762420
vt 0.678079 0.757439
vt 0.679049 0.762276
vt 0.679049 0.757446
vt 0.412263 0.651825
vt 0.411891 0.650934
vt 0.407927 0.654024
vt 0.407419 0.653201
vt 0.403990 0.656870
vt 0.403359 0.656136
vt 0.400549 0.660294
vt 0.399811 0.659667
vt 0.397689 0.664211
vt 0.396861 0.663708
vt 0.395480 0.668526
vt 0.394583 0.668157
vt 0.393976 0.673131
vt 0.393032 0.672907
vt 0.393215 0.677914
vt 0.392247 0.677839
vt 0.393215 0.682756
vt 0.392247 0.682833
vt 0.393976 0.687539
vt 0.393032 0.687765
vt 0.395480 0.692145
vt 0.394583 0.692515
vt 0.397689 0.696459
vt 0.396861 0.696964
vt 0.400549 0.700377
vt 0.399811 0.701004
vt 0.403990 0.703801
vt 0.403359 0.704536
vt 0.407927 0.706647
vt 0.407419 0.707471
vt 0.412263 0.708845
vt 0.411891 0.709738
vt 0.416891 0.710342
vt 0.416663 0.711281
vt 0.421697 0.711099
vt 0.421620 0.712063
vt 0.765551 0.699966
vt 0.765325 0.699027
vt 0.770282 0.698246
vt 0.770357 0.699209
vt 0.760923 0.701463
vt 0.760552 0.700570
vt 0.756587 0.703661
vt 0.756081 0.702837
vt 0.752650 0.706507
vt 0.752021 0.705772
vt 0.749209 0.709931
vt 0.748472 0.709304
vt 0.746349 0.713849
vt 0.745523 0.713344
vt 0.744140 0.718164
vt 0.743244 0.717793
vt 0.742636 0.722769
vt 0.741694 0.722543
vt 0.741875 0.727552
vt 0.740909 0.727475
vt 0.741875 0.732394
vt 0.740909 0.732469
vt 0.742636 0.737177
vt 0.741694 0.737401
vt 0.744140 0.741782
vt 0.743244 0.742151
vt 0.746349 0.746097
vt 0.745523 0.746601
vt 0.749210 0.750014
vt 0.748472 0.750641
vt 0.752650 0.753438
vt 0.752021 0.754172
vt 0.756587 0.756285
vt 0.756081 0.757107
vt 0.760923 0.758483
vt 0.760552 0.759374
vt 0.765551 0.759979
vt 0.765325 0.760918
vt 0.770357 0.760737
vt 0.770282 0.761699
vt 0.628423 0.749885
vt 0.628423 0.754709
vt 0.627453 0.749727
vt 0.627453 0.754703
vt 0.680505 0.735016
vt 0.680429 0.735979
vt 0.675472 0.735198
vt 0.675698 0.734258
vt 0.670700 0.733655
vt 0.671070 0.732762
vt 0.666228 0.731388
vt 0.666735 0.730564
vt 0.662168 0.728452
vt 0.662798 0.727717
vt 0.658620 0.724921
vt 0.659357 0.724293
vt 0.655670 0.720881
vt 0.656497 0.720376
vt 0.653392 0.716431
vt 0.654287 0.716061
vt 0.651841 0.711682
vt 0.652784 0.711456
vt 0.651056 0.706750
vt 0.652022 0.706673
vt 0.651056 0.701756
vt 0.652022 0.701831
vt 0.651841 0.696823
vt 0.652784 0.697048
vt 0.653392 0.692074
vt 0.654287 0.692443
vt 0.655670 0.687624
vt 0.656497 0.688128
vt 0.658620 0.683584
vt 0.659357 0.684210
vt 0.662168 0.680053
vt 0.662798 0.680786
vt 0.666228 0.677118
vt 0.666735 0.677940
vt 0.670700 0.674850
vt 0.671070 0.675742
vt 0.675472 0.673307
vt 0.675698 0.674245
vt 0.680429 0.672526
vt 0.680505 0.673488
vt 0.367866 0.653593
vt 0.367866 0.648619
vt 0.368837 0.653431
vt 0.368837 0.648608
vt 0.367866 0.675052
vt 0.368837 0.675193
vt 0.368837 0.680024
vt 0.367866 0.680035
vt 0.609619 0.728267
vt 0.604663 0.727486
vt 0.609696 0.727306
vt 0.604890 0.726548
vt 0.599890 0.725943
vt 0.600262 0.725052
vt 0.595418 0.723676
vt 0.595926 0.722853
vt 0.591358 0.720741
vt 0.591989 0.720007
vt 0.587810 0.717209
vt 0.588549 0.716583
vt 0.584860 0.713169
vt 0.585688 0.712665
vt 0.582582 0.708720
vt 0.583479 0.708351
vt 0.581031 0.703970
vt 0.581975 0.703745
vt 0.580246 0.699038
vt 0.581214 0.698963
vt 0.580246 0.694044
vt 0.581214 0.694120
vt 0.581031 0.689112
vt 0.581975 0.689338
vt 0.582582 0.684362
vt 0.583479 0.684732
vt 0.584860 0.679913
vt 0.585688 0.680418
vt 0.587810 0.675872
vt 0.588549 0.676500
vt 0.591358 0.672341
vt 0.591989 0.673076
vt 0.595418 0.669406
vt 0.595926 0.670230
vt 0.599890 0.667139
vt 0.600262 0.668031
vt 0.604663 0.665595
vt 0.604890 0.666535
vt 0.609619 0.664814
vt 0.609696 0.665777
vt 0.080339 0.952754
vt 0.080336 0.957618
vt 0.070789 0.957606
vt 0.070791 0.952742
vt 0.080339 0.948127
vt 0.070791 0.948115
vt 0.080336 0.943851
vt 0.070789 0.943839
vt 0.080331 0.940030
vt 0.070784 0.940018
vt 0.883954 0.671177
vt 0.883960 0.674970
vt 0.874412 0.674970
vt 0.874406 0.671177
vt 0.883950 0.666923
vt 0.874402 0.666923
vt 0.883947 0.662312
vt 0.874399 0.662312
vt 0.883945 0.657458
vt 0.874397 0.657458
vt 0.883944 0.652480
vt 0.874396 0.652480
vt 0.883945 0.647501
vt 0.874397 0.647501
vt 0.883947 0.642643
vt 0.874399 0.642643
vt 0.883950 0.638027
vt 0.874402 0.638027
vt 0.883954 0.633765
vt 0.874406 0.633765
vt 0.883960 0.629963
vt 0.874412 0.629963
vt 0.047333 0.958979
vt 0.047340 0.962739
vt 0.037792 0.962724
vt 0.037786 0.958963
vt 0.047330 0.954750
vt 0.037782 0.954735
vt 0.047330 0.950158
vt 0.037782 0.950143
vt 0.047333 0.945316
vt 0.037786 0.945301
vt 0.047340 0.940342
vt 0.037792 0.940327
vt 0.493002 0.952081
vt 0.493008 0.957064
vt 0.483461 0.957078
vt 0.483454 0.952096
vt 0.492999 0.947212
vt 0.483451 0.947227
vt 0.492999 0.942577
vt 0.483451 0.942592
vt 0.493002 0.938290
vt 0.483454 0.938305
vt 0.493008 0.934456
vt 0.483461 0.934471
vt 0.905535 0.633755
vt 0.905541 0.629963
vt 0.915088 0.629963
vt 0.915083 0.633755
vt 0.905531 0.638009
vt 0.915079 0.638009
vt 0.905528 0.642620
vt 0.915075 0.642620
vt 0.905526 0.647474
vt 0.915073 0.647474
vt 0.905525 0.652452
vt 0.915073 0.652452
vt 0.905526 0.657431
vt 0.915073 0.657431
vt 0.905528 0.662289
vt 0.915075 0.662288
vt 0.905531 0.666905
vt 0.915079 0.666905
vt 0.905535 0.671167
vt 0.915083 0.671167
vt 0.905541 0.674970
vt 0.915088 0.674970
vt 0.111457 0.958681
vt 0.111452 0.962455
vt 0.101904 0.962468
vt 0.101909 0.958693
vt 0.111460 0.954442
vt 0.101912 0.954454
vt 0.111460 0.949841
vt 0.101912 0.949854
vt 0.111457 0.944994
vt 0.101909 0.945006
vt 0.111452 0.940018
vt 0.101904 0.940031
vt 0.080331 0.962599
vt 0.070784 0.962587
vt 0.452490 0.897816
vt 0.457341 0.928295
vt 0.447758 0.898946
vt 0.443262 0.900799
vt 0.457341 0.897436
vt 0.959267 0.329543
vt 0.959267 0.360403
vt 0.954416 0.329923
vt 0.540807 0.572484
vt 0.514366 0.588608
vt 0.537947 0.568567
vt 0.534506 0.565142
vt 0.530569 0.562296
vt 0.526233 0.560098
vt 0.521605 0.558601
vt 0.516799 0.557844
vt 0.511933 0.557844
vt 0.507127 0.558601
vt 0.502499 0.560098
vt 0.498163 0.562296
vt 0.494226 0.565143
vt 0.490785 0.568567
vt 0.487925 0.572484
vt 0.485716 0.576799
vt 0.484212 0.581404
vt 0.483451 0.586187
vt 0.483451 0.591029
vt 0.484212 0.595812
vt 0.485716 0.600417
vt 0.487925 0.604732
vt 0.490785 0.608649
vt 0.494226 0.612074
vt 0.498163 0.614920
vt 0.502499 0.617118
vt 0.507127 0.618614
vt 0.511933 0.619372
vt 0.516799 0.619372
vt 0.521605 0.618614
vt 0.526233 0.617118
vt 0.530569 0.614920
vt 0.534506 0.612073
vt 0.537947 0.608649
vt 0.540807 0.604732
vt 0.557249 0.897706
vt 0.557249 0.928565
vt 0.552398 0.898085
vt 0.547666 0.899216
vt 0.543171 0.901069
vt 0.093245 0.841406
vt 0.118333 0.859544
vt 0.090703 0.845535
vt 0.096405 0.837724
vt 0.100106 0.834579
vt 0.104255 0.832049
vt 0.108751 0.830195
vt 0.113482 0.829065
vt 0.118333 0.828685
vt 0.088840 0.850008
vt 0.954432 0.194686
vt 0.959283 0.164207
vt 0.959283 0.195066
vt 0.516799 0.702360
vt 0.514366 0.671596
vt 0.521605 0.701602
vt 0.511933 0.702360
vt 0.507127 0.701602
vt 0.502499 0.700106
vt 0.498163 0.697908
vt 0.494226 0.695061
vt 0.490785 0.691637
vt 0.487925 0.687720
vt 0.485716 0.683405
vt 0.484212 0.678800
vt 0.483451 0.674017
vt 0.483451 0.669175
vt 0.484212 0.664392
vt 0.485716 0.659787
vt 0.487925 0.655472
vt 0.490785 0.651554
vt 0.494226 0.648130
vt 0.498163 0.645284
vt 0.502499 0.643086
vt 0.507127 0.641589
vt 0.511933 0.640832
vt 0.516799 0.640832
vt 0.521605 0.641589
vt 0.039645 0.845535
vt 0.067275 0.859544
vt 0.037782 0.850008
vt 0.042187 0.841406
vt 0.045347 0.837724
vt 0.049048 0.834579
vt 0.053197 0.832049
vt 0.057693 0.830196
vt 0.062424 0.829065
vt 0.067275 0.828685
vn 0.001600 1.000000 0.001000
vn 0.001700 1.000000 0.001000
vn -0.000600 0.003300 -1.000000
vn -0.866300 0.004300 -0.499500
vn -0.865700 0.003300 0.500500
vn 0.000600 0.001400 1.000000
vn 0.866300 0.000400 0.499500
vn 0.865700 0.001400 -0.500500
vn -0.000600 -0.639300 0.769000
vn 0.001500 0.637800 0.770200
vn 0.000600 0.639300 -0.769000
vn -0.001500 -0.637800 -0.770200
vn -0.001600 -1.000000 -0.001000
vn -0.001700 -1.000000 -0.001000
vn 0.768600 -0.639800 -0.001100
vn 0.770700 0.637200 0.000200
vn -0.770700 -0.637200 -0.000200
vn -0.768600 0.639800 0.001100
vn 0.987300 -0.158800 -0.000000
vn -0.000000 -0.000000 1.000000
vn -0.987300 0.158800 -0.000000
vn 0.000000 0.000000 -1.000000
vn 0.157800 0.987500 -0.000000
vn -0.157800 -0.987500 0.000000
vn 1.000000 0.000000 0.000000
vn -1.000000 -0.000000 -0.000000
vn -0.000000 1.000000 0.000000
vn -0.000000 -1.000000 0.000000
vn -0.136600 -0.990600 -0.000000
vn 0.136500 0.990600 0.000000
vn 0.136600 0.990600 -0.000000
vn 0.990500 -0.137200 -0.000000
vn -0.990500 0.137200 0.000000
vn 0.001000 0.809100 -0.587600
vn 0.000800 0.747600 -0.664100
vn 0.001100 0.862800 -0.505500
vn -1.000000 0.001600 0.000600
vn -1.000000 0.001700 0.000600
vn -0.001000 -0.809100 0.587600
vn -0.000800 -0.747600 0.664100
vn -0.001100 -0.862800 0.505500
vn 1.000000 -0.001600 -0.000600
vn 1.000000 -0.001600 -0.000700
vn 1.000000 -0.001700 -0.000600
vn 0.001300 0.917000 -0.398800
vn 0.001200 0.873500 -0.486700
vn 0.001500 0.977200 -0.212200
vn 0.001600 0.999800 -0.017500
vn -0.001300 -0.917000 0.398800
vn -0.001100 -0.873500 0.486700
vn -0.001500 -0.977200 0.212200
vn -0.001600 -0.999800 0.017500
vn 0.001700 0.984000 0.177900
vn 0.001800 0.930400 0.366500
vn 0.001700 0.890000 0.455900
vn 0.001800 0.890000 0.455900
vn -0.001700 -0.984000 -0.177900
vn -0.001800 -0.930400 -0.366500
vn -0.001700 -0.890000 -0.455900
vn -0.001700 -0.829400 -0.558600
vn -0.001700 -0.880200 -0.474600
vn -0.001700 -0.770700 -0.637200
vn 0.001700 0.829400 0.558600
vn 0.001700 0.880200 0.474600
vn 0.001700 0.770700 0.637200
vn 0.001600 -1.000000 0.001000
vn 0.001500 -0.985000 -0.172700
vn 0.001300 -0.940000 -0.341100
vn 0.001100 -0.866500 -0.499200
vn 0.000900 -0.766700 -0.642000
vn 0.000600 -0.643500 -0.765400
vn 0.000300 -0.500900 -0.865500
vn 0.000300 -0.500800 -0.865500
vn -0.000000 -0.342900 -0.939400
vn -0.000300 -0.174600 -0.984600
vn -0.000600 -0.001000 -1.000000
vn -0.000900 0.172700 -0.985000
vn -0.001100 0.341100 -0.940000
vn -0.001300 0.499100 -0.866500
vn -0.001300 0.499200 -0.866500
vn -0.001500 0.642000 -0.766700
vn -0.001600 0.765400 -0.643500
vn -0.001700 0.865500 -0.500800
vn -0.001800 0.939400 -0.342900
vn -0.001700 0.984600 -0.174600
vn -0.001700 1.000000 -0.001000
vn -0.001500 0.985000 0.172700
vn -0.001300 0.940000 0.341100
vn -0.001100 0.866500 0.499200
vn -0.000900 0.766700 0.642000
vn -0.000600 0.643500 0.765400
vn -0.000300 0.500900 0.865500
vn -0.000300 0.500800 0.865500
vn 0.000000 0.342900 0.939400
vn 0.000300 0.174600 0.984600
vn 0.000600 0.001000 1.000000
vn 0.000900 -0.172700 0.985000
vn 0.001100 -0.341100 0.940000
vn 0.001300 -0.499100 0.866500
vn 0.001300 -0.499200 0.866500
vn 0.001500 -0.642000 0.766700
vn 0.001600 -0.765400 0.643500
vn 0.001700 -0.865500 0.500800
vn 0.001700 -0.939400 0.342900
vn 0.001700 -0.984600 0.174600
vn 1.000000 0.001600 -0.000600
vn 1.000000 0.001700 -0.000600
vn -0.000300 0.500800 0.865600
vn 0.001700 -0.765400 0.643500
vn 0.001800 -0.939400 0.342900
vn 0.001700 -1.000000 0.001000
vn 0.001700 -1.000000 0.000900
vn -0.001400 0.499100 -0.866500
vn -1.000000 -0.001600 0.000600
vn -1.000000 -0.001700 0.000600
vn -0.001400 0.499200 -0.866500
vn -0.001700 0.765400 -0.643500
vn 0.001400 -0.499100 0.866500
vn 0.001400 -0.499200 0.866500
vn -0.001400 0.940000 0.341100
vn 0.000300 -0.500800 -0.865600
vn 0.001400 -0.940000 -0.341100
vn -0.001600 1.000000 -0.001000
vn 0.001600 -1.000000 0.000900
vn 0.001500 -0.987800 -0.155500
vn 0.001200 -0.891400 -0.453100
vn 0.000700 -0.707800 -0.706400
vn 0.000200 -0.454900 -0.890600
vn -0.000200 -0.241600 -0.970400
vn -0.001500 0.987800 0.155500
vn -0.001200 0.891400 0.453100
vn -0.000700 0.707800 0.706400
vn -0.000200 0.454900 0.890600
vn 0.000300 0.193500 0.981100
vn 0.001000 -0.239700 0.970800
vn 0.001300 -0.453100 0.891400
vn 0.001600 -0.706400 0.707800
vn 0.001700 -0.890600 0.454900
vn 0.001700 -0.987500 0.157400
vn -0.000900 0.191600 -0.981500
vn -0.001300 0.453100 -0.891400
vn -0.001600 0.706400 -0.707800
vn -0.001700 0.890600 -0.454900
vn -0.001700 0.987500 -0.157400
vn -0.001000 0.239700 -0.970800
vn 0.000900 -0.191600 0.981500
vn 0.000200 0.241600 0.970400
vn -0.000300 -0.193500 -0.981100
vn 0.708200 0.671500 -0.218200
vn 0.708200 0.697300 -0.110400
vn 0.708200 0.706000 0.000000
vn 0.708200 0.629100 -0.320500
vn 0.708200 0.571200 -0.415000
vn 0.708200 0.499200 -0.499200
vn 0.708200 0.415000 -0.571200
vn 0.708200 0.320500 -0.629100
vn 0.708200 0.218200 -0.671500
vn 0.708200 0.110400 -0.697300
vn 0.708200 0.000000 -0.706000
vn 0.708200 -0.110400 -0.697300
vn 0.708200 -0.218200 -0.671500
vn 0.708200 -0.320500 -0.629100
vn 0.708200 -0.415000 -0.571200
vn 0.708200 -0.499200 -0.499200
vn 0.708200 -0.571200 -0.415000
vn 0.708200 -0.629100 -0.320500
vn 0.708200 -0.671500 -0.218200
vn 0.708200 -0.697300 -0.110400
vn 0.708200 -0.706000 0.000000
vn 0.708200 -0.697300 0.110400
vn 0.708200 -0.671500 0.218200
vn 0.708200 -0.629100 0.320500
vn 0.708200 -0.571200 0.415000
vn 0.708200 -0.499200 0.499200
vn 0.708200 -0.415000 0.571200
vn 0.708200 -0.320500 0.629100
vn 0.708200 -0.218200 0.671500
vn 0.708200 -0.110400 0.697300
vn 0.708200 -0.000000 0.706000
vn 0.708200 0.110400 0.697300
vn 0.708200 0.218200 0.671500
vn 0.708200 0.320500 0.629100
vn 0.708200 0.415000 0.571200
vn 0.708200 0.499200 0.499200
vn 0.708200 0.571200 0.415000
vn 0.708200 0.629100 0.320500
vn 0.708200 0.671500 0.218200
vn 0.708200 0.697300 0.110400
vn -0.708200 0.706000 0.000000
vn -0.708200 0.697300 -0.110400
vn -0.708200 0.671500 -0.218200
vn -0.708200 0.629100 -0.320500
vn -0.708200 0.571200 -0.415000
vn -0.708200 0.499200 -0.499200
vn -0.708200 0.415000 -0.571200
vn -0.708200 0.320500 -0.629100
vn -0.708200 0.218200 -0.671500
vn -0.708200 0.110500 -0.697300
vn -0.708200 -0.000000 -0.706000
vn -0.708200 -0.110400 -0.697300
vn -0.708200 -0.218200 -0.671500
vn -0.708200 -0.320500 -0.629100
vn -0.708200 -0.415000 -0.571200
vn -0.708200 -0.499200 -0.499200
vn -0.708200 -0.571200 -0.415000
vn -0.708200 -0.629100 -0.320500
vn -0.708200 -0.671500 -0.218200
vn -0.708200 -0.697300 -0.110400
vn -0.708200 -0.706000 -0.000000
vn -0.708200 -0.697300 0.110400
vn -0.708200 -0.671500 0.218200
vn -0.708200 -0.629100 0.320500
vn -0.708200 -0.571200 0.415000
vn -0.708200 -0.499200 0.499200
vn -0.708200 -0.415000 0.571200
vn -0.708200 -0.320500 0.629100
vn -0.708200 -0.218200 0.671500
vn -0.708200 -0.110400 0.697300
vn -0.708200 0.000000 0.706000
vn -0.708200 0.110400 0.697300
vn -0.708200 0.218200 0.671500
vn -0.708200 0.320500 0.629100
vn -0.708200 0.415000 0.571200
vn -0.708200 0.499200 0.499200
vn -0.708200 0.571200 0.415000
vn -0.708200 0.629100 0.320500
vn -0.708200 0.671500 0.218200
vn -0.708200 0.697300 0.110400
vn 0.000000 0.951100 -0.309000
vn 0.000000 0.987700 -0.156400
vn 0.000000 0.891000 -0.454000
vn 0.000000 0.809000 -0.587800
vn 0.000000 0.707100 -0.707100
vn 0.000000 0.587800 -0.809000
vn 0.000000 0.454000 -0.891000
vn 0.000000 0.309000 -0.951100
vn 0.000000 0.156400 -0.987700
vn 0.000000 -0.156400 -0.987700
vn 0.000000 -0.309000 -0.951100
vn 0.000000 -0.454000 -0.891000
vn 0.000000 -0.587800 -0.809000
vn 0.000000 -0.707100 -0.707100
vn 0.000000 -0.809000 -0.587800
vn 0.000000 -0.891000 -0.454000
vn 0.000000 -0.951100 -0.309000
vn 0.000000 -0.987700 -0.156400
vn 0.000000 -0.987700 0.156400
vn 0.000000 -0.951100 0.309000
vn 0.000000 -0.891000 0.454000
vn 0.000000 -0.809000 0.587800
vn 0.000000 -0.707100 0.707100
vn 0.000000 -0.587800 0.809000
vn 0.000000 -0.454000 0.891000
vn 0.000000 -0.309000 0.951100
vn 0.000000 -0.156400 0.987700
vn 0.000000 0.156400 0.987700
vn 0.000000 0.309000 0.951100
vn 0.000000 0.454000 0.891000
vn 0.000000 0.587800 0.809000
vn 0.000000 0.707100 0.707100
vn 0.000000 0.809000 0.587800
vn 0.000000 0.891000 0.454000
vn 0.000000 0.951100 0.309000
vn 0.000000 0.987700 0.156400
usemtl Material.002
s 1
f 1/1/1 2/2/1 3/3/2
f 4/4/1 2/2/1 1/1/1
f 3/3/2 2/2/1 5/5/2
f 5/5/2 2/2/1 6/6/2
f 6/6/2 2/2/1 7/7/2
f 7/7/2 2/2/1 8/8/1
f 8/8/1 2/2/1 9/9/2
f 9/9/2 2/2/1 10/10/1
f 10/10/1 2/2/1 11/11/1
f 11/11/1 2/2/1 12/12/2
f 12/12/2 2/2/1 13/13/1
f 13/13/1 2/2/1 14/14/1
f 14/14/1 2/2/1 15/15/1
f 15/15/1 2/2/1 16/16/1
f 16/16/1 2/2/1 17/17/1
f 17/17/1 2/2/1 18/18/2
f 18/18/2 2/2/1 19/19/2
f 15/15/1 20/20/1 14/14/1
f 20/20/1 21/21/1 14/14/1
f 14/14/1 21/21/1 13/13/1
f 21/21/1 22/22/1 13/13/1
f 13/13/1 22/22/1 12/12/2
f 22/22/1 23/23/2 12/12/2
f 12/12/2 23/23/2 11/11/1
f 23/23/2 24/24/2 11/11/1
f 11/11/1 24/24/2 10/10/1
f 24/24/2 25/25/2 10/10/1
f 25/25/2 26/26/2 9/9/2
f 10/10/1 25/25/2 9/9/2
f 9/9/2 26/26/2 8/8/1
f 26/26/2 27/27/1 8/8/1
f 8/8/1 27/27/1 7/7/2
f 27/27/1 28/28/2 7/7/2
f 7/7/2 28/28/2 6/6/2
f 28/28/2 29/29/1 6/6/2
f 6/6/2 29/29/1 5/5/2
f 29/29/1 30/30/2 5/5/2
f 31/31/1 32/32/1 33/33/1
f 34/34/2 32/32/1 31/31/1
f 35/35/2 32/32/1 34/34/2
f 33/33/1 36/36/2 31/31/1
f 37/37/2 36/36/2 33/33/1
f 38/38/2 37/37/2 33/33/1
f 39/39/2 37/37/2 38/38/2
f 40/40/2 39/39/2 38/38/2
f 36/36/2 41/41/1 31/31/1
f 31/31/1 41/41/1 34/34/2
f 41/41/1 42/42/2 34/34/2
f 34/34/2 42/42/2 35/35/2
f 42/42/2 43/43/2 35/35/2
f 35/35/2 43/43/2 44/44/1
f 43/43/2 45/45/1 44/44/1
f 44/44/1 45/45/1 46/46/1
f 45/45/1 47/47/2 46/46/1
f 46/46/1 47/47/2 48/48/2
f 47/47/2 49/49/2 48/48/2
f 48/48/2 49/49/2 50/50/2
f 49/49/2 51/51/2 50/50/2
f 52/52/2 39/39/2 40/40/2
f 53/53/2 52/52/2 40/40/2
f 54/54/3 55/55/3 56/56/3
f 57/57/3 54/54/3 56/56/3
f 58/58/4 59/59/4 60/60/4
f 61/61/4 58/58/4 60/60/4
f 62/62/5 63/63/5 64/64/5
f 65/65/5 62/62/5 64/64/5
f 66/66/6 67/67/6 68/68/6
f 69/69/6 66/66/6 68/68/6
f 70/70/7 71/71/7 72/72/7
f 73/73/7 70/70/7 72/72/7
f 74/74/8 75/75/8 76/76/8
f 77/77/8 74/74/8 76/76/8
f 78/78/9 79/79/9 80/80/9
f 81/81/9 78/78/9 80/80/9
f 82/82/10 83/83/10 84/84/10
f 85/85/10 82/82/10 84/84/10
f 86/86/1 87/87/2 88/88/2
f 89/89/1 86/86/1 88/88/2
f 89/89/1 88/88/2 90/90/2
f 91/91/2 89/89/1 90/90/2
f 88/88/2 87/87/2 92/92/2
f 90/90/2 88/88/2 92/92/2
f 93/93/11 94/94/11 95/95/11
f 96/96/11 93/93/11 95/95/11
f 97/97/12 98/98/12 99/99/12
f 100/100/12 97/97/12 99/99/12
f 101/101/13 102/102/14 103/103/13
f 104/104/13 101/101/13 103/103/13
f 105/105/15 106/106/15 107/107/15
f 108/108/15 105/105/15 107/107/15
f 109/109/16 110/110/16 111/111/16
f 112/112/16 109/109/16 111/111/16
f 113/113/17 114/114/17 115/115/17
f 116/116/17 113/113/17 115/115/17
f 117/117/18 118/118/18 119/119/18
f 120/120/18 117/117/18 119/119/18
f 121/121/1 122/122/2 123/123/2
f 124/124/1 121/121/1 123/123/2
f 125/125/2 121/121/1 124/124/1
f 126/126/2 125/125/2 124/124/1
f 127/127/19 128/128/19 129/129/19
f 130/130/19 127/127/19 129/129/19
f 131/131/20 132/132/20 133/133/20
f 134/134/20 131/131/20 133/133/20
f 135/135/21 136/136/21 137/137/21
f 138/138/21 135/135/21 137/137/21
f 139/139/22 140/140/22 141/141/22
f 142/142/22 139/139/22 141/141/22
f 143/143/23 144/144/23 145/145/23
f 146/146/23 143/143/23 145/145/23
f 147/147/24 148/148/24 149/149/24
f 150/150/24 147/147/24 149/149/24
f 151/151/25 152/152/25 153/153/25
f 154/154/25 151/151/25 153/153/25
f 155/155/20 156/156/20 157/157/20
f 158/158/20 155/155/20 157/157/20
f 159/159/26 160/160/26 161/161/26
f 162/162/26 159/159/26 161/161/26
f 163/163/22 164/164/22 165/165/22
f 166/166/22 163/163/22 165/165/22
f 167/167/27 168/168/27 169/169/27
f 170/170/27 167/167/27 169/169/27
f 171/171/28 172/172/28 173/173/28
f 174/174/28 171/171/28 173/173/28
f 175/175/26 176/176/26 177/177/26
f 178/178/26 175/175/26 177/177/26
f 179/179/20 180/180/20 181/181/20
f 182/182/20 179/179/20 181/181/20
f 183/183/25 184/184/25 185/185/25
f 186/186/25 183/183/25 185/185/25
f 187/187/22 188/188/22 189/189/22
f 190/190/22 187/187/22 189/189/22
f 191/191/28 192/192/28 193/193/28
f 194/194/28 191/191/28 193/193/28
f 195/195/27 196/196/27 197/197/27
f 198/198/27 195/195/27 197/197/27
f 199/199/29 200/200/29 201/201/29
f 202/202/29 199/199/29 201/201/29
f 203/203/20 204/204/20 205/205/20
f 206/206/20 203/203/20 205/205/20
f 207/207/30 208/208/30 209/209/30
f 210/210/31 207/207/30 209/209/30
f 211/211/22 212/212/22 213/213/22
f 214/214/22 211/211/22 213/213/22
f 215/215/32 216/216/32 217/217/32
f 218/218/32 215/215/32 217/217/32
f 219/219/33 220/220/33 221/221/33
f 222/222/33 219/219/33 221/221/33
f 223/223/34 224/224/34 225/225/35
f 226/226/35 223/223/34 225/225/35
f 223/223/34 227/227/36 224/224/34
f 227/227/36 228/228/36 224/224/34
f 229/229/37 230/230/37 231/231/38
f 232/232/38 229/229/37 231/231/38
f 229/229/37 233/233/38 230/230/37
f 233/233/38 234/234/38 230/230/37
f 235/235/39 236/236/39 237/237/40
f 238/238/40 235/235/39 237/237/40
f 235/235/39 239/239/41 236/236/39
f 239/239/41 240/240/41 236/236/39
f 241/241/42 242/242/42 243/243/43
f 244/244/43 241/241/42 243/243/43
f 241/241/42 245/245/44 242/242/42
f 245/245/44 246/246/44 242/242/42
f 247/247/39 248/248/39 249/249/40
f 250/250/40 247/247/39 249/249/40
f 247/247/39 251/251/41 248/248/39
f 251/251/41 252/252/41 248/248/39
f 253/253/38 254/254/38 255/255/37
f 256/256/37 253/253/38 255/255/37
f 253/253/38 257/257/37 254/254/38
f 257/257/37 258/258/37 254/254/38
f 259/259/34 260/260/34 261/261/35
f 262/262/35 259/259/34 261/261/35
f 259/259/34 263/263/36 260/260/34
f 263/263/36 264/264/36 260/260/34
f 265/265/42 266/266/42 267/267/44
f 268/268/44 265/265/42 267/267/44
f 265/265/42 269/269/44 266/266/42
f 269/269/44 270/270/44 266/266/42
f 271/271/45 272/272/45 273/273/46
f 274/274/46 271/271/45 273/273/46
f 271/271/45 275/275/47 272/272/45
f 275/275/47 276/276/47 272/272/45
f 275/275/47 277/277/48 276/276/47
f 277/277/48 278/278/48 276/276/47
f 279/279/37 280/280/37 281/281/38
f 282/282/38 279/279/37 281/281/38
f 279/279/37 283/283/37 280/280/37
f 283/283/37 284/284/38 280/280/37
f 283/283/37 285/285/37 284/284/38
f 285/285/37 286/286/38 284/284/38
f 285/285/37 287/287/38 286/286/38
f 287/287/38 288/288/38 286/286/38
f 287/287/38 289/289/38 288/288/38
f 289/289/38 290/290/38 288/288/38
f 289/289/38 291/291/38 290/290/38
f 291/291/38 292/292/38 290/290/38
f 293/293/49 294/294/49 295/295/50
f 296/296/50 293/293/49 295/295/50
f 293/293/49 297/297/51 294/294/49
f 297/297/51 298/298/51 294/294/49
f 297/297/51 299/299/52 298/298/51
f 299/299/52 300/300/52 298/298/51
f 301/301/44 302/302/44 303/303/42
f 304/304/42 301/301/44 303/303/42
f 301/301/44 305/305/44 302/302/44
f 305/305/44 306/306/44 302/302/44
f 305/305/44 307/307/44 306/306/44
f 307/307/44 308/308/44 306/306/44
f 307/307/44 309/309/44 308/308/44
f 309/309/44 310/310/44 308/308/44
f 309/309/44 311/311/44 310/310/44
f 311/311/44 312/312/44 310/310/44
f 311/311/44 313/313/42 312/312/44
f 313/313/42 314/314/42 312/312/44
f 315/315/53 316/316/53 317/317/48
f 318/318/48 315/315/53 317/317/48
f 315/315/53 319/319/54 316/316/53
f 319/319/54 320/320/54 316/316/53
f 319/319/54 321/321/55 320/320/54
f 321/321/55 322/322/56 320/320/54
f 323/323/57 324/324/57 325/325/52
f 326/326/52 323/323/57 325/325/52
f 323/323/57 327/327/58 324/324/57
f 327/327/58 328/328/58 324/324/57
f 327/327/58 329/329/59 328/328/58
f 329/329/59 330/330/59 328/328/58
f 331/331/60 332/332/60 333/333/61
f 334/334/61 331/331/60 333/333/61
f 331/331/60 335/335/62 332/332/60
f 335/335/62 336/336/62 332/332/60
f 337/337/37 338/338/37 339/339/37
f 340/340/37 337/337/37 339/339/37
f 337/337/37 341/341/37 338/338/37
f 341/341/37 342/342/37 338/338/37
f 343/343/63 344/344/63 345/345/64
f 346/346/64 343/343/63 345/345/64
f 343/343/63 347/347/65 344/344/63
f 347/347/65 348/348/65 344/344/63
f 349/349/42 350/350/42 351/351/42
f 352/352/44 349/349/42 351/351/42
f 349/349/42 353/353/42 350/350/42
f 353/353/42 354/354/42 350/350/42
f 355/355/66 356/356/67 357/357/67
f 358/358/66 355/355/66 357/357/67
f 357/357/67 356/356/67 359/359/68
f 356/356/67 360/360/68 359/359/68
f 359/359/68 360/360/68 361/361/69
f 360/360/68 362/362/69 361/361/69
f 361/361/69 362/362/69 363/363/70
f 362/362/69 364/364/70 363/363/70
f 363/365/70 364/366/70 365/367/71
f 364/366/70 366/368/71 365/367/71
f 365/367/71 366/368/71 367/369/72
f 366/368/71 368/370/72 367/369/72
f 369/371/73 370/372/74 371/373/74
f 372/374/73 369/371/73 371/373/74
f 371/373/74 370/372/74 373/375/75
f 370/372/74 374/376/75 373/375/75
f 373/375/75 374/376/75 375/377/76
f 374/376/75 376/378/76 375/377/76
f 375/377/76 376/378/76 377/379/77
f 376/378/76 378/380/77 377/379/77
f 377/379/77 378/380/77 379/381/78
f 378/380/77 380/382/78 379/381/78
f 379/381/78 380/382/78 381/383/79
f 380/382/78 382/384/79 381/383/79
f 383/385/80 384/386/81 385/387/81
f 386/388/80 383/385/80 385/387/81
f 385/389/81 384/390/81 387/391/82
f 384/390/81 388/392/82 387/391/82
f 387/391/82 388/392/82 389/393/83
f 388/392/82 390/394/83 389/393/83
f 389/393/83 390/394/83 391/395/84
f 390/394/83 392/396/84 391/395/84
f 391/395/84 392/396/84 393/397/85
f 392/396/84 394/398/85 393/397/85
f 393/397/85 394/398/85 395/399/86
f 394/398/85 396/400/86 395/399/86
f 397/401/86 398/402/87 399/403/87
f 400/404/86 397/401/86 399/403/87
f 399/403/87 398/402/87 401/405/88
f 398/402/87 402/406/88 401/405/88
f 401/405/88 402/406/88 403/407/89
f 402/406/88 404/408/89 403/407/89
f 403/407/89 404/408/89 405/409/90
f 404/408/89 406/410/90 405/409/90
f 405/411/90 406/412/90 407/413/91
f 406/412/90 408/414/91 407/413/91
f 407/413/91 408/414/91 409/415/92
f 408/414/91 410/416/92 409/415/92
f 411/417/93 412/418/94 413/419/94
f 414/420/93 411/417/93 413/419/94
f 413/419/94 412/418/94 415/421/95
f 412/418/94 416/422/95 415/421/95
f 415/421/95 416/422/95 417/423/96
f 416/422/95 418/424/96 417/423/96
f 417/423/96 418/424/96 419/425/97
f 418/424/96 420/426/97 419/425/97
f 419/425/97 420/426/97 421/427/98
f 420/426/97 422/428/98 421/427/98
f 421/427/98 422/428/98 423/429/99
f 422/428/98 424/430/99 423/429/99
f 425/431/100 426/432/101 427/433/101
f 428/434/100 425/431/100 427/433/101
f 427/435/101 426/436/101 429/437/102
f 426/436/101 430/438/102 429/437/102
f 429/437/102 430/438/102 431/439/103
f 430/438/102 432/440/103 431/439/103
f 431/439/103 432/440/103 433/441/104
f 432/440/103 434/442/104 433/441/104
f 433/441/104 434/442/104 435/443/105
f 434/442/104 436/444/105 435/443/105
f 435/443/105 436/444/105 437/445/66
f 436/444/105 438/446/66 437/445/66
f 439/447/106 440/448/106 441/449/106
f 442/450/106 439/447/106 441/449/106
f 441/449/106 440/448/106 443/451/106
f 440/448/106 444/452/106 443/451/106
f 443/451/106 444/452/106 445/453/106
f 444/452/106 446/454/106 445/453/106
f 445/453/106 446/454/106 447/455/106
f 446/454/106 448/456/106 447/455/106
f 447/455/106 448/456/106 449/457/106
f 448/456/106 450/458/106 449/457/106
f 449/457/106 450/458/106 451/459/106
f 450/458/106 452/460/106 451/459/106
f 451/459/106 452/460/106 453/461/106
f 452/460/106 454/462/106 453/461/106
f 453/461/106 454/462/106 455/463/107
f 454/462/106 456/464/106 455/463/107
f 455/463/107 456/464/106 457/465/106
f 456/464/106 458/466/106 457/465/106
f 457/465/106 458/466/106 459/467/106
f 458/466/106 460/468/106 459/467/106
f 459/467/106 460/468/106 461/469/106
f 460/468/106 462/470/106 461/469/106
f 461/469/106 462/470/106 463/471/106
f 462/470/106 464/472/106 463/471/106
f 463/471/106 464/472/106 465/473/106
f 464/472/106 466/474/106 465/473/106
f 465/473/106 466/474/106 467/475/106
f 466/474/106 468/476/106 467/475/106
f 467/475/106 468/476/106 469/477/106
f 468/476/106 470/478/106 469/477/106
f 469/477/106 470/478/106 471/479/106
f 470/478/106 472/480/106 471/479/106
f 471/479/106 472/480/106 473/481/106
f 472/480/106 474/482/106 473/481/106
f 473/481/106 474/482/106 475/483/106
f 474/482/106 476/484/106 475/483/106
f 475/483/106 476/484/106 477/485/107
f 476/484/106 478/486/107 477/485/107
f 477/485/107 478/486/107 479/487/107
f 478/486/107 480/488/107 479/487/107
f 479/487/107 480/488/107 481/489/107
f 480/488/107 482/490/107 481/489/107
f 481/489/107 482/490/107 483/491/107
f 482/490/107 484/492/107 483/491/107
f 483/491/107 484/492/107 485/493/106
f 484/492/107 486/494/106 485/493/106
f 485/493/106 486/494/106 487/495/107
f 486/494/106 488/496/107 487/495/107
f 487/495/107 488/496/107 489/497/106
f 488/496/107 490/498/106 489/497/106
f 489/497/106 490/498/106 491/499/106
f 490/498/106 492/500/106 491/499/106
f 491/499/106 492/500/106 493/501/106
f 492/500/106 494/502/106 493/501/106
f 493/501/106 494/502/106 495/503/106
f 494/502/106 496/504/106 495/503/106
f 495/503/106 496/504/106 497/505/106
f 496/504/106 498/506/107 497/505/106
f 497/505/106 498/506/107 499/507/107
f 498/506/107 500/508/106 499/507/107
f 499/507/107 500/508/106 501/509/106
f 500/508/106 502/510/106 501/509/106
f 501/509/106 502/510/106 503/511/107
f 502/510/106 504/512/107 503/511/107
f 503/511/107 504/512/107 505/513/106
f 504/512/107 506/514/106 505/513/106
f 505/513/106 506/514/106 507/515/107
f 506/514/106 508/516/107 507/515/107
f 507/515/107 508/516/107 509/517/106
f 508/516/107 510/518/106 509/517/106
f 509/517/106 510/518/106 442/450/106
f 510/518/106 439/447/106 442/450/106
f 511/519/86 512/520/87 513/521/87
f 514/522/86 511/519/86 513/521/87
f 513/521/87 512/520/87 515/523/88
f 512/520/87 516/524/88 515/523/88
f 515/523/88 516/524/88 517/525/89
f 516/524/88 518/526/89 517/525/89
f 517/525/89 518/526/89 519/527/90
f 518/526/89 520/528/90 519/527/90
f 519/529/90 520/530/90 521/531/91
f 520/530/90 522/532/91 521/531/91
f 521/531/91 522/532/91 523/533/92
f 522/532/91 524/534/92 523/533/92
f 525/535/93 526/536/94 527/537/94
f 528/538/108 525/535/93 527/537/94
f 527/537/94 526/536/94 529/539/95
f 526/536/94 530/540/95 529/539/95
f 529/539/95 530/540/95 531/541/96
f 530/540/95 532/542/96 531/541/96
f 531/541/96 532/542/96 533/543/97
f 532/542/96 534/544/97 533/543/97
f 533/543/97 534/544/97 535/545/98
f 534/544/97 536/546/98 535/545/98
f 535/545/98 536/546/98 537/547/99
f 536/546/98 538/548/99 537/547/99
f 539/549/100 540/550/101 541/551/101
f 542/552/100 539/549/100 541/551/101
f 541/553/101 540/554/101 543/555/109
f 540/554/101 544/556/109 543/555/109
f 543/555/109 544/556/109 545/557/103
f 544/556/109 546/558/103 545/557/103
f 545/557/103 546/558/103 547/559/110
f 546/558/103 548/560/110 547/559/110
f 547/559/110 548/560/110 549/561/105
f 548/560/110 550/562/105 549/561/105
f 549/561/105 550/562/105 551/563/66
f 550/562/105 552/564/111 551/563/66
f 553/565/112 554/566/67 555/567/67
f 556/568/112 553/565/112 555/567/67
f 555/567/67 554/566/67 557/569/68
f 554/566/67 558/570/68 557/569/68
f 557/569/68 558/570/68 559/571/69
f 558/570/68 560/572/69 559/571/69
f 559/571/69 560/572/69 561/573/70
f 560/572/69 562/574/70 561/573/70
f 561/575/70 562/576/70 563/577/71
f 562/576/70 564/578/71 563/577/71
f 563/577/71 564/578/71 565/579/72
f 564/578/71 566/580/72 565/579/72
f 567/581/73 568/582/74 569/583/74
f 570/584/73 567/581/73 569/583/74
f 569/583/74 568/582/74 571/585/75
f 568/582/74 572/586/75 571/585/75
f 571/585/75 572/586/75 573/587/76
f 572/586/75 574/588/76 573/587/76
f 573/587/76 574/588/76 575/589/77
f 574/588/76 576/590/77 575/589/77
f 575/589/77 576/590/77 577/591/78
f 576/590/77 578/592/78 577/591/78
f 577/591/78 578/592/78 579/593/113
f 578/592/78 580/594/79 579/593/113
f 581/595/80 582/596/81 583/597/81
f 584/598/80 581/595/80 583/597/81
f 583/599/81 582/600/81 585/601/82
f 582/600/81 586/602/82 585/601/82
f 585/601/82 586/602/82 587/603/83
f 586/602/82 588/604/83 587/603/83
f 587/603/83 588/604/83 589/605/84
f 588/604/83 590/606/84 589/605/84
f 589/605/84 590/606/84 591/607/85
f 590/606/84 592/608/85 591/607/85
f 591/607/85 592/608/85 593/609/86
f 592/608/85 594/610/86 593/609/86
f 595/611/114 596/612/115 597/613/115
f 598/614/114 595/611/114 597/613/115
f 597/613/115 596/612/115 599/615/115
f 596/612/115 600/616/115 599/615/115
f 599/615/115 600/616/115 601/617/114
f 600/616/115 602/618/114 601/617/114
f 601/617/114 602/618/114 603/619/115
f 602/618/114 604/620/115 603/619/115
f 603/619/115 604/620/115 605/621/115
f 604/620/115 606/622/114 605/621/115
f 605/621/115 606/622/114 607/623/115
f 606/622/114 608/624/115 607/623/115
f 607/623/115 608/624/115 609/625/114
f 608/624/115 610/626/114 609/625/114
f 609/625/114 610/626/114 611/627/114
f 610/626/114 612/628/114 611/627/114
f 611/627/114 612/628/114 613/629/114
f 612/628/114 614/630/115 613/629/114
f 613/629/114 614/630/115 615/631/114
f 614/630/115 616/632/114 615/631/114
f 615/631/114 616/632/114 617/633/114
f 616/632/114 618/634/114 617/633/114
f 617/633/114 618/634/114 619/635/114
f 618/634/114 620/636/114 619/635/114
f 619/635/114 620/636/114 621/637/114
f 620/636/114 622/638/114 621/637/114
f 621/637/114 622/638/114 623/639/114
f 622/638/114 624/640/114 623/639/114
f 623/639/114 624/640/114 625/641/114
f 624/640/114 626/642/114 625/641/114
f 625/641/114 626/642/114 627/643/115
f 626/642/114 628/644/114 627/643/115
f 627/643/115 628/644/114 629/645/114
f 628/644/114 630/646/114 629/645/114
f 629/645/114 630/646/114 631/647/114
f 630/646/114 632/648/114 631/647/114
f 631/647/114 632/648/114 633/649/114
f 632/648/114 634/650/114 633/649/114
f 633/649/114 634/650/114 635/651/114
f 634/650/114 636/652/114 635/651/114
f 635/651/114 636/652/114 637/653/114
f 636/652/114 638/654/114 637/653/114
f 637/653/114 638/654/114 639/655/114
f 638/654/114 640/656/114 639/655/114
f 639/655/114 640/656/114 641/657/114
f 640/656/114 642/658/115 641/657/114
f 641/657/114 642/658/115 643/659/114
f 642/658/115 644/660/114 643/659/114
f 643/659/114 644/660/114 645/661/114
f 644/660/114 646/662/114 645/661/114
f 645/661/114 646/662/114 647/663/115
f 646/662/114 648/664/115 647/663/115
f 647/663/115 648/664/115 649/665/114
f 648/664/115 650/666/114 649/665/114
f 649/665/114 650/666/114 651/667/114
f 650/666/114 652/668/114 651/667/114
f 651/667/114 652/668/114 653/669/114
f 652/668/114 654/670/114 653/669/114
f 653/669/114 654/670/114 655/671/114
f 654/670/114 656/672/114 655/671/114
f 655/671/114 656/672/114 657/673/114
f 656/672/114 658/674/114 657/673/114
f 657/673/114 658/674/114 659/675/114
f 658/674/114 660/676/114 659/675/114
f 659/675/114 660/676/114 661/677/114
f 660/676/114 662/678/114 661/677/114
f 661/677/114 662/678/114 663/679/114
f 662/678/114 664/680/114 663/679/114
f 663/679/114 664/680/114 665/681/114
f 664/680/114 666/682/114 665/681/114
f 665/681/114 666/682/114 598/614/114
f 666/682/114 595/611/114 598/614/114
f 667/683/111 668/684/67 669/685/67
f 670/686/111 667/683/111 669/685/67
f 669/685/67 668/684/67 671/687/68
f 668/684/67 672/688/68 671/687/68
f 671/687/68 672/688/68 673/689/69
f 672/688/68 674/690/69 673/689/69
f 673/689/69 674/690/69 675/691/70
f 674/690/69 676/692/70 675/691/70
f 675/693/70 676/694/70 677/695/71
f 676/694/70 678/696/71 677/695/71
f 677/695/71 678/696/71 679/697/72
f 678/696/71 680/698/72 679/697/72
f 681/699/73 682/700/74 683/701/74
f 684/702/73 681/699/73 683/701/74
f 683/701/74 682/700/74 685/703/75
f 682/700/74 686/704/75 685/703/75
f 685/703/75 686/704/75 687/705/76
f 686/704/75 688/706/76 687/705/76
f 687/705/76 688/706/76 689/707/77
f 688/706/76 690/708/77 689/707/77
f 689/707/77 690/708/77 691/709/78
f 690/708/77 692/710/78 691/709/78
f 691/709/78 692/710/78 693/711/113
f 692/710/78 694/712/113 693/711/113
f 695/713/116 696/714/81 697/715/81
f 698/716/80 695/713/116 697/715/81
f 697/717/81 696/718/81 699/719/117
f 696/718/81 700/720/117 699/719/117
f 699/719/117 700/720/117 701/721/83
f 700/720/117 702/722/83 701/721/83
f 701/721/83 702/722/83 703/723/84
f 702/722/83 704/724/84 703/723/84
f 703/723/84 704/724/84 705/725/85
f 704/724/84 706/726/85 705/725/85
f 705/725/85 706/726/85 707/727/86
f 706/726/85 708/728/86 707/727/86
f 709/729/86 710/730/87 711/731/87
f 712/732/86 709/729/86 711/731/87
f 711/731/87 710/730/87 713/733/88
f 710/730/87 714/734/88 713/733/88
f 713/733/88 714/734/88 715/735/89
f 714/734/88 716/736/89 715/735/89
f 715/735/89 716/736/89 717/737/90
f 716/736/89 718/738/90 717/737/90
f 717/739/90 718/740/90 719/741/91
f 718/740/90 720/742/91 719/741/91
f 719/741/91 720/742/91 721/743/92
f 720/742/91 722/744/92 721/743/92
f 723/745/93 724/746/94 725/747/94
f 726/748/93 723/745/93 725/747/94
f 725/747/94 724/746/94 727/749/95
f 724/746/94 728/750/95 727/749/95
f 727/749/95 728/750/95 729/751/96
f 728/750/95 730/752/96 729/751/96
f 729/751/96 730/752/96 731/753/97
f 730/752/96 732/754/97 731/753/97
f 731/753/97 732/754/97 733/755/98
f 732/754/97 734/756/98 733/755/98
f 733/755/98 734/756/98 735/757/118
f 734/756/98 736/758/99 735/757/118
f 737/759/119 738/760/101 739/761/101
f 740/762/100 737/759/119 739/761/101
f 739/763/101 738/764/101 741/765/109
f 738/764/101 742/766/109 741/765/109
f 741/765/109 742/766/109 743/767/103
f 742/766/109 744/768/103 743/767/103
f 743/767/103 744/768/103 745/769/110
f 744/768/103 746/770/110 745/769/110
f 745/769/110 746/770/110 747/771/105
f 746/770/110 748/772/105 747/771/105
f 747/771/105 748/772/105 749/773/111
f 748/772/105 750/774/111 749/773/111
f 751/775/106 752/776/106 753/777/106
f 754/778/106 751/775/106 753/777/106
f 753/777/106 752/776/106 755/779/106
f 752/776/106 756/780/106 755/779/106
f 755/779/106 756/780/106 757/781/106
f 756/780/106 758/782/106 757/781/106
f 757/781/106 758/782/106 759/783/107
f 758/782/106 760/784/107 759/783/107
f 759/783/107 760/784/107 761/785/107
f 760/784/107 762/786/107 761/785/107
f 761/785/107 762/786/107 763/787/106
f 762/786/107 764/788/106 763/787/106
f 763/787/106 764/788/106 765/789/106
f 764/788/106 766/790/106 765/789/106
f 765/789/106 766/790/106 767/791/106
f 766/790/106 768/792/106 767/791/106
f 767/791/106 768/792/106 769/793/106
f 768/792/106 770/794/106 769/793/106
f 769/793/106 770/794/106 771/795/106
f 770/794/106 772/796/106 771/795/106
f 771/795/106 772/796/106 773/797/107
f 772/796/106 774/798/107 773/797/107
f 773/797/107 774/798/107 775/799/106
f 774/798/107 776/800/106 775/799/106
f 775/799/106 776/800/106 777/801/106
f 776/800/106 778/802/106 777/801/106
f 777/801/106 778/802/106 779/803/106
f 778/802/106 780/804/106 779/803/106
f 779/803/106 780/804/106 781/805/106
f 780/804/106 782/806/106 781/805/106
f 781/805/106 782/806/106 783/807/106
f 782/806/106 784/808/106 783/807/106
f 783/807/106 784/808/106 785/809/106
f 784/808/106 786/810/106 785/809/106
f 785/809/106 786/810/106 787/811/106
f 786/810/106 788/812/106 787/811/106
f 787/811/106 788/812/106 789/813/106
f 788/812/106 790/814/106 789/813/106
f 789/813/106 790/814/106 791/815/106
f 790/814/106 792/816/106 791/815/106
f 791/815/106 792/816/106 793/817/106
f 792/816/106 794/818/106 793/817/106
f 793/817/106 794/818/106 795/819/106
f 794/818/106 796/820/106 795/819/106
f 795/819/106 796/820/106 797/821/106
f 796/820/106 798/822/106 797/821/106
f 797/821/106 798/822/106 799/823/106
f 798/822/106 800/824/106 799/823/106
f 799/823/106 800/824/106 801/825/106
f 800/824/106 802/826/106 801/825/106
f 801/825/106 802/826/106 803/827/106
f 802/826/106 804/828/106 803/827/106
f 803/827/106 804/828/106 805/829/106
f 804/828/106 806/830/106 805/829/106
f 805/829/106 806/830/106 807/831/106
f 806/830/106 808/832/106 807/831/106
f 807/831/106 808/832/106 809/833/106
f 808/832/106 810/834/106 809/833/106
f 809/833/106 810/834/106 811/835/106
f 810/834/106 812/836/106 811/835/106
f 811/835/106 812/836/106 813/837/106
f 812/836/106 814/838/106 813/837/106
f 813/837/106 814/838/106 815/839/106
f 814/838/106 816/840/106 815/839/106
f 815/839/106 816/840/106 817/841/106
f 816/840/106 818/842/106 817/841/106
f 817/841/106 818/842/106 819/843/106
f 818/842/106 820/844/106 819/843/106
f 819/843/106 820/844/106 821/845/106
f 820/844/106 822/846/106 821/845/106
f 821/845/106 822/846/106 754/778/106
f 822/846/106 751/775/106 754/778/106
f 823/847/86 824/848/87 825/849/87
f 826/850/86 823/847/86 825/849/87
f 825/849/87 824/848/87 827/851/120
f 824/848/87 828/852/120 827/851/120
f 827/851/120 828/852/120 829/853/89
f 828/852/120 830/854/89 829/853/89
f 829/853/89 830/854/89 831/855/90
f 830/854/89 832/856/90 831/855/90
f 831/857/90 832/858/90 833/859/91
f 832/858/90 834/860/91 833/859/91
f 833/859/91 834/860/91 835/861/92
f 834/860/91 836/862/92 835/861/92
f 837/863/108 838/864/94 839/865/94
f 840/866/108 837/863/108 839/865/94
f 839/865/94 838/864/94 841/867/95
f 838/864/94 842/868/95 841/867/95
f 841/867/95 842/868/95 843/869/96
f 842/868/95 844/870/96 843/869/96
f 843/869/96 844/870/96 845/871/97
f 844/870/96 846/872/97 845/871/97
f 845/871/97 846/872/97 847/873/98
f 846/872/97 848/874/98 847/873/98
f 847/873/98 848/874/98 849/875/99
f 848/874/98 850/876/99 849/875/99
f 851/877/119 852/878/101 853/879/101
f 854/880/119 851/877/119 853/879/101
f 853/881/101 852/882/101 855/883/109
f 852/882/101 856/884/102 855/883/109
f 855/883/109 856/884/102 857/885/103
f 856/884/102 858/886/103 857/885/103
f 857/885/103 858/886/103 859/887/110
f 858/886/103 860/888/110 859/887/110
f 859/887/110 860/888/110 861/889/105
f 860/888/110 862/890/105 861/889/105
f 861/889/105 862/890/105 863/891/66
f 862/890/105 864/892/111 863/891/66
f 865/893/112 866/894/67 867/895/67
f 868/896/112 865/893/112 867/895/67
f 867/895/67 866/894/67 869/897/68
f 866/894/67 870/898/68 869/897/68
f 869/897/68 870/898/68 871/899/69
f 870/898/68 872/900/69 871/899/69
f 871/899/69 872/900/69 873/901/70
f 872/900/69 874/902/70 873/901/70
f 873/903/70 874/904/70 875/905/71
f 874/904/70 876/906/71 875/905/71
f 875/905/71 876/906/71 877/907/72
f 876/906/71 878/908/72 877/907/72
f 879/909/121 880/910/74 881/911/74
f 882/912/121 879/909/121 881/911/74
f 881/911/74 880/910/74 883/913/75
f 880/910/74 884/914/75 883/913/75
f 883/913/75 884/914/75 885/915/76
f 884/914/75 886/916/76 885/915/76
f 885/915/76 886/916/76 887/917/77
f 886/916/76 888/918/77 887/917/77
f 887/917/77 888/918/77 889/919/78
f 888/918/77 890/920/78 889/919/78
f 889/919/78 890/920/78 891/921/79
f 890/920/78 892/922/113 891/921/79
f 893/923/80 894/924/81 895/925/81
f 896/926/80 893/923/80 895/925/81
f 895/927/81 894/928/81 897/929/117
f 894/928/81 898/930/117 897/929/117
f 897/929/117 898/930/117 899/931/83
f 898/930/117 900/932/83 899/931/83
f 899/931/83 900/932/83 901/933/84
f 900/932/83 902/934/84 901/933/84
f 901/933/84 902/934/84 903/935/85
f 902/934/84 904/936/85 903/935/85
f 903/935/85 904/936/85 905/937/86
f 904/936/85 906/938/86 905/937/86
f 907/939/114 908/940/114 909/941/114
f 910/942/114 907/939/114 909/941/114
f 909/941/114 908/940/114 911/943/114
f 908/940/114 912/944/114 911/943/114
f 911/943/114 912/944/114 913/945/115
f 912/944/114 914/946/115 913/945/115
f 913/945/115 914/946/115 915/947/115
f 914/946/115 916/948/115 915/947/115
f 915/947/115 916/948/115 917/949/114
f 916/948/115 918/950/114 917/949/114
f 917/949/114 918/950/114 919/951/115
f 918/950/114 920/952/115 919/951/115
f 919/951/115 920/952/115 921/953/114
f 920/952/115 922/954/114 921/953/114
f 921/953/114 922/954/114 923/955/114
f 922/954/114 924/956/114 923/955/114
f 923/955/114 924/956/114 925/957/114
f 924/956/114 926/958/114 925/957/114
f 925/957/114 926/958/114 927/959/114
f 926/958/114 928/960/114 927/959/114
f 927/959/114 928/960/114 929/961/114
f 928/960/114 930/962/114 929/961/114
f 929/961/114 930/962/114 931/963/114
f 930/962/114 932/964/114 931/963/114
f 931/963/114 932/964/114 933/965/114
f 932/964/114 934/966/114 933/965/114
f 933/965/114 934/966/114 935/967/114
f 934/966/114 936/968/114 935/967/114
f 935/967/114 936/968/114 937/969/114
f 936/968/114 938/970/114 937/969/114
f 937/969/114 938/970/114 939/971/115
f 938/970/114 940/972/115 939/971/115
f 939/971/115 940/972/115 941/973/115
f 940/972/115 942/974/115 941/973/115
f 941/973/115 942/974/115 943/975/114
f 942/974/115 944/976/114 943/975/114
f 943/975/114 944/976/114 945/977/114
f 944/976/114 946/978/114 945/977/114
f 945/977/114 946/978/114 947/979/114
f 946/978/114 948/980/114 947/979/114
f 947/979/114 948/980/114 949/981/114
f 948/980/114 950/982/114 949/981/114
f 949/981/114 950/982/114 951/983/114
f 950/982/114 952/984/114 951/983/114
f 951/983/114 952/984/114 953/985/115
f 952/984/114 954/986/114 953/985/115
f 953/985/115 954/986/114 955/987/114
f 954/986/114 956/988/114 955/987/114
f 955/987/114 956/988/114 957/989/115
f 956/988/114 958/990/115 957/989/115
f 957/989/115 958/990/115 959/991/115
f 958/990/115 960/992/114 959/991/115
f 959/991/115 960/992/114 961/993/114
f 960/992/114 962/994/114 961/993/114
f 961/993/114 962/994/114 963/995/114
f 962/994/114 964/996/114 963/995/114
f 963/995/114 964/996/114 965/997/114
f 964/996/114 966/998/114 965/997/114
f 965/997/114 966/998/114 967/999/115
f 966/998/114 968/1000/115 967/999/115
f 967/999/115 968/1000/115 969/1001/114
f 968/1000/115 970/1002/114 969/1001/114
f 969/1001/114 970/1002/114 971/1003/114
f 970/1002/114 972/1004/114 971/1003/114
f 971/1003/114 972/1004/114 973/1005/114
f 972/1004/114 974/1006/114 973/1005/114
f 973/1005/114 974/1006/114 975/1007/114
f 974/1006/114 976/1008/114 975/1007/114
f 975/1007/114 976/1008/114 977/1009/114
f 976/1008/114 978/1010/114 977/1009/114
f 977/1009/114 978/1010/114 910/942/114
f 978/1010/114 907/939/114 910/942/114
f 979/1011/111 980/1012/67 981/1013/67
f 982/1014/111 979/1011/111 981/1013/67
f 981/1013/67 980/1012/67 983/1015/122
f 980/1012/67 984/1016/122 983/1015/122
f 983/1015/122 984/1016/122 985/1017/69
f 984/1016/122 986/1018/69 985/1017/69
f 985/1017/69 986/1018/69 987/1019/70
f 986/1018/69 988/1020/70 987/1019/70
f 987/1021/70 988/1022/70 989/1023/71
f 988/1022/70 990/1024/71 989/1023/71
f 989/1023/71 990/1024/71 991/1025/72
f 990/1024/71 992/1026/72 991/1025/72
f 993/1027/121 994/1028/74 995/1029/74
f 996/1030/121 993/1027/121 995/1029/74
f 995/1029/74 994/1028/74 997/1031/75
f 994/1028/74 998/1032/75 997/1031/75
f 997/1031/75 998/1032/75 999/1033/76
f 998/1032/75 1000/1034/76 999/1033/76
f 999/1033/76 1000/1034/76 1001/1035/77
f 1000/1034/76 1002/1036/77 1001/1035/77
f 1001/1035/77 1002/1036/77 1003/1037/78
f 1002/1036/77 1004/1038/78 1003/1037/78
f 1003/1037/78 1004/1038/78 1005/1039/79
f 1004/1038/78 1006/1040/113 1005/1039/79
f 1007/1041/80 1008/1042/81 1009/1043/81
f 1010/1044/80 1007/1041/80 1009/1043/81
f 1009/1045/81 1008/1046/81 1011/1047/117
f 1008/1046/81 1012/1048/117 1011/1047/117
f 1011/1047/117 1012/1048/117 1013/1049/83
f 1012/1048/117 1014/1050/83 1013/1049/83
f 1013/1049/83 1014/1050/83 1015/1051/84
f 1014/1050/83 1016/1052/84 1015/1051/84
f 1015/1051/84 1016/1052/84 1017/1053/85
f 1016/1052/84 1018/1054/85 1017/1053/85
f 1017/1053/85 1018/1054/85 1019/1055/86
f 1018/1054/85 1020/1056/86 1019/1055/86
f 1021/1057/123 1022/1058/87 1023/1059/87
f 1024/1060/86 1021/1057/123 1023/1059/87
f 1023/1059/87 1022/1058/87 1025/1061/88
f 1022/1058/87 1026/1062/88 1025/1061/88
f 1025/1061/88 1026/1062/88 1027/1063/89
f 1026/1062/88 1028/1064/89 1027/1063/89
f 1027/1063/89 1028/1064/89 1029/1065/90
f 1028/1064/89 1030/1066/90 1029/1065/90
f 1029/1067/90 1030/1068/90 1031/1069/91
f 1030/1068/90 1032/1070/91 1031/1069/91
f 1031/1069/91 1032/1070/91 1033/1071/92
f 1032/1070/91 1034/1072/92 1033/1071/92
f 1035/1073/93 1036/1074/94 1037/1075/94
f 1038/1076/108 1035/1073/93 1037/1075/94
f 1037/1075/94 1036/1074/94 1039/1077/95
f 1036/1074/94 1040/1078/95 1039/1077/95
f 1039/1077/95 1040/1078/95 1041/1079/96
f 1040/1078/95 1042/1080/96 1041/1079/96
f 1041/1079/96 1042/1080/96 1043/1081/97
f 1042/1080/96 1044/1082/97 1043/1081/97
f 1043/1081/97 1044/1082/97 1045/1083/98
f 1044/1082/97 1046/1084/98 1045/1083/98
f 1045/1083/98 1046/1084/98 1047/1085/99
f 1046/1084/98 1048/1086/99 1047/1085/99
f 1049/1087/119 1050/1088/101 1051/1089/101
f 1052/1090/100 1049/1087/119 1051/1089/101
f 1051/1091/101 1050/1092/101 1053/1093/109
f 1050/1092/101 1054/1094/109 1053/1093/109
f 1053/1093/109 1054/1094/109 1055/1095/103
f 1054/1094/109 1056/1096/103 1055/1095/103
f 1055/1095/103 1056/1096/103 1057/1097/110
f 1056/1096/103 1058/1098/110 1057/1097/110
f 1057/1097/110 1058/1098/110 1059/1099/105
f 1058/1098/110 1060/1100/105 1059/1099/105
f 1059/1099/105 1060/1100/105 1061/1101/111
f 1060/1100/105 1062/1102/111 1061/1101/111
f 1063/1103/106 1064/1104/106 1065/1105/106
f 1066/1106/106 1063/1103/106 1065/1105/106
f 1065/1105/106 1064/1104/106 1067/1107/106
f 1064/1104/106 1068/1108/106 1067/1107/106
f 1067/1107/106 1068/1108/106 1069/1109/106
f 1068/1108/106 1070/1110/106 1069/1109/106
f 1069/1109/106 1070/1110/106 1071/1111/106
f 1070/1110/106 1072/1112/106 1071/1111/106
f 1071/1111/106 1072/1112/106 1073/1113/106
f 1072/1112/106 1074/1114/106 1073/1113/106
f 1073/1113/106 1074/1114/106 1075/1115/106
f 1074/1114/106 1076/1116/106 1075/1115/106
f 1075/1115/106 1076/1116/106 1077/1117/106
f 1076/1116/106 1078/1118/106 1077/1117/106
f 1077/1117/106 1078/1118/106 1079/1119/106
f 1078/1118/106 1080/1120/106 1079/1119/106
f 1079/1119/106 1080/1120/106 1081/1121/106
f 1080/1120/106 1082/1122/106 1081/1121/106
f 1081/1121/106 1082/1122/106 1083/1123/106
f 1082/1122/106 1084/1124/106 1083/1123/106
f 1083/1123/106 1084/1124/106 1085/1125/106
f 1084/1124/106 1086/1126/106 1085/1125/106
f 1085/1125/106 1086/1126/106 1087/1127/106
f 1086/1126/106 1088/1128/106 1087/1127/106
f 1087/1127/106 1088/1128/106 1089/1129/106
f 1088/1128/106 1090/1130/106 1089/1129/106
f 1089/1129/106 1090/1130/106 1091/1131/106
f 1090/1130/106 1092/1132/106 1091/1131/106
f 1091/1131/106 1092/1132/106 1093/1133/106
f 1092/1132/106 1094/1134/106 1093/1133/106
f 1093/1133/106 1094/1134/106 1095/1135/107
f 1094/1134/106 1096/1136/107 1095/1135/107
f 1095/1135/107 1096/1136/107 1097/1137/106
f 1096/1136/107 1098/1138/106 1097/1137/106
f 1097/1137/106 1098/1138/106 1099/1139/106
f 1098/1138/106 1100/1140/106 1099/1139/106
f 1099/1139/106 1100/1140/106 1101/1141/106
f 1100/1140/106 1102/1142/106 1101/1141/106
f 1101/1141/106 1102/1142/106 1103/1143/106
f 1102/1142/106 1104/1144/106 1103/1143/106
f 1103/1143/106 1104/1144/106 1105/1145/106
f 1104/1144/106 1106/1146/106 1105/1145/106
f 1105/1145/106 1106/1146/106 1107/1147/106
f 1106/1146/106 1108/1148/106 1107/1147/106
f 1107/1147/106 1108/1148/106 1109/1149/106
f 1108/1148/106 1110/1150/106 1109/1149/106
f 1109/1149/106 1110/1150/106 1111/1151/106
f 1110/1150/106 1112/1152/106 1111/1151/106
f 1111/1151/106 1112/1152/106 1113/1153/106
f 1112/1152/106 1114/1154/106 1113/1153/106
f 1113/1153/106 1114/1154/106 1115/1155/106
f 1114/1154/106 1116/1156/106 1115/1155/106
f 1115/1155/106 1116/1156/106 1117/1157/106
f 1116/1156/106 1118/1158/106 1117/1157/106
f 1117/1157/106 1118/1158/106 1119/1159/106
f 1118/1158/106 1120/1160/106 1119/1159/106
f 1119/1159/106 1120/1160/106 1121/1161/106
f 1120/1160/106 1122/1162/106 1121/1161/106
f 1121/1161/106 1122/1162/106 1123/1163/106
f 1122/1162/106 1124/1164/106 1123/1163/106
f 1123/1163/106 1124/1164/106 1125/1165/106
f 1124/1164/106 1126/1166/106 1125/1165/106
f 1125/1165/106 1126/1166/106 1127/1167/106
f 1126/1166/106 1128/1168/106 1127/1167/106
f 1127/1167/106 1128/1168/106 1129/1169/106
f 1128/1168/106 1130/1170/106 1129/1169/106
f 1129/1169/106 1130/1170/106 1131/1171/106
f 1130/1170/106 1132/1172/106 1131/1171/106
f 1131/1171/106 1132/1172/106 1133/1173/106
f 1132/1172/106 1134/1174/106 1133/1173/106
f 1133/1173/106 1134/1174/106 1066/1106/106
f 1134/1174/106 1063/1103/106 1066/1106/106
f 1135/1175/86 1136/1176/87 1137/1177/87
f 1138/1178/86 1135/1175/86 1137/1177/87
f 1137/1177/87 1136/1176/87 1139/1179/120
f 1136/1176/87 1140/1180/120 1139/1179/120
f 1139/1179/120 1140/1180/120 1141/1181/89
f 1140/1180/120 1142/1182/89 1141/1181/89
f 1141/1181/89 1142/1182/89 1143/1183/90
f 1142/1182/89 1144/1184/90 1143/1183/90
f 1143/1185/90 1144/1186/90 1145/1187/91
f 1144/1186/90 1146/1188/91 1145/1187/91
f 1145/1187/91 1146/1188/91 1147/1189/92
f 1146/1188/91 1148/1190/92 1147/1189/92
f 1149/1191/93 1150/1192/94 1151/1193/94
f 1152/1194/93 1149/1191/93 1151/1193/94
f 1151/1193/94 1150/1192/94 1153/1195/95
f 1150/1192/94 1154/1196/95 1153/1195/95
f 1153/1195/95 1154/1196/95 1155/1197/96
f 1154/1196/95 1156/1198/96 1155/1197/96
f 1155/1197/96 1156/1198/96 1157/1199/97
f 1156/1198/96 1158/1200/97 1157/1199/97
f 1157/1199/97 1158/1200/97 1159/1201/98
f 1158/1200/97 1160/1202/98 1159/1201/98
f 1159/1201/98 1160/1202/98 1161/1203/99
f 1160/1202/98 1162/1204/118 1161/1203/99
f 1163/1205/119 1164/1206/101 1165/1207/101
f 1166/1208/100 1163/1205/119 1165/1207/101
f 1165/1209/101 1164/1210/101 1167/1211/102
f 1164/1210/101 1168/1212/102 1167/1211/102
f 1167/1211/102 1168/1212/102 1169/1213/103
f 1168/1212/102 1170/1214/103 1169/1213/103
f 1169/1213/103 1170/1214/103 1171/1215/110
f 1170/1214/103 1172/1216/110 1171/1215/110
f 1171/1215/110 1172/1216/110 1173/1217/105
f 1172/1216/110 1174/1218/105 1173/1217/105
f 1173/1217/105 1174/1218/105 1175/1219/66
f 1174/1218/105 1176/1220/111 1175/1219/66
f 1177/1221/112 1178/1222/67 1179/1223/67
f 1180/1224/124 1177/1221/112 1179/1223/67
f 1179/1223/67 1178/1222/67 1181/1225/68
f 1178/1222/67 1182/1226/68 1181/1225/68
f 1181/1225/68 1182/1226/68 1183/1227/69
f 1182/1226/68 1184/1228/69 1183/1227/69
f 1183/1227/69 1184/1228/69 1185/1229/70
f 1184/1228/69 1186/1230/70 1185/1229/70
f 1185/1231/70 1186/1232/70 1187/1233/71
f 1186/1232/70 1188/1234/71 1187/1233/71
f 1187/1233/71 1188/1234/71 1189/1235/72
f 1188/1234/71 1190/1236/72 1189/1235/72
f 1191/1237/121 1192/1238/74 1193/1239/74
f 1194/1240/121 1191/1237/121 1193/1239/74
f 1193/1239/74 1192/1238/74 1195/1241/75
f 1192/1238/74 1196/1242/75 1195/1241/75
f 1195/1241/75 1196/1242/75 1197/1243/76
f 1196/1242/75 1198/1244/76 1197/1243/76
f 1197/1243/76 1198/1244/76 1199/1245/77
f 1198/1244/76 1200/1246/77 1199/1245/77
f 1199/1245/77 1200/1246/77 1201/1247/78
f 1200/1246/77 1202/1248/78 1201/1247/78
f 1201/1247/78 1202/1248/78 1203/1249/79
f 1202/1248/78 1204/1250/79 1203/1249/79
f 1205/1251/80 1206/1252/81 1207/1253/81
f 1208/1254/80 1205/1251/80 1207/1253/81
f 1207/1255/81 1206/1256/81 1209/1257/82
f 1206/1256/81 1210/1258/82 1209/1257/82
f 1209/1257/82 1210/1258/82 1211/1259/83
f 1210/1258/82 1212/1260/83 1211/1259/83
f 1211/1259/83 1212/1260/83 1213/1261/84
f 1212/1260/83 1214/1262/84 1213/1261/84
f 1213/1261/84 1214/1262/84 1215/1263/85
f 1214/1262/84 1216/1264/85 1215/1263/85
f 1215/1263/85 1216/1264/85 1217/1265/86
f 1216/1264/85 1218/1266/86 1217/1265/86
f 1219/1267/114 1220/1268/114 1221/1269/114
f 1222/1270/114 1219/1267/114 1221/1269/114
f 1221/1269/114 1220/1268/114 1223/1271/114
f 1220/1268/114 1224/1272/115 1223/1271/114
f 1223/1271/114 1224/1272/115 1225/1273/115
f 1224/1272/115 1226/1274/115 1225/1273/115
f 1225/1273/115 1226/1274/115 1227/1275/115
f 1226/1274/115 1228/1276/115 1227/1275/115
f 1227/1275/115 1228/1276/115 1229/1277/114
f 1228/1276/115 1230/1278/114 1229/1277/114
f 1229/1277/114 1230/1278/114 1231/1279/115
f 1230/1278/114 1232/1280/115 1231/1279/115
f 1231/1279/115 1232/1280/115 1233/1281/114
f 1232/1280/115 1234/1282/114 1233/1281/114
f 1233/1281/114 1234/1282/114 1235/1283/114
f 1234/1282/114 1236/1284/114 1235/1283/114
f 1235/1283/114 1236/1284/114 1237/1285/114
f 1236/1284/114 1238/1286/114 1237/1285/114
f 1237/1285/114 1238/1286/114 1239/1287/114
f 1238/1286/114 1240/1288/114 1239/1287/114
f 1239/1287/114 1240/1288/114 1241/1289/114
f 1240/1288/114 1242/1290/114 1241/1289/114
f 1241/1289/114 1242/1290/114 1243/1291/114
f 1242/1290/114 1244/1292/114 1243/1291/114
f 1243/1291/114 1244/1292/114 1245/1293/114
f 1244/1292/114 1246/1294/114 1245/1293/114
f 1245/1293/114 1246/1294/114 1247/1295/114
f 1246/1294/114 1248/1296/114 1247/1295/114
f 1247/1295/114 1248/1296/114 1249/1297/114
f 1248/1296/114 1250/1298/114 1249/1297/114
f 1249/1297/114 1250/1298/114 1251/1299/115
f 1250/1298/114 1252/1300/115 1251/1299/115
f 1251/1299/115 1252/1300/115 1253/1301/115
f 1252/1300/115 1254/1302/114 1253/1301/115
f 1253/1301/115 1254/1302/114 1255/1303/114
f 1254/1302/114 1256/1304/114 1255/1303/114
f 1255/1303/114 1256/1304/114 1257/1305/114
f 1256/1304/114 1258/1306/114 1257/1305/114
f 1257/1305/114 1258/1306/114 1259/1307/114
f 1258/1306/114 1260/1308/114 1259/1307/114
f 1259/1307/114 1260/1308/114 1261/1309/114
f 1260/1308/114 1262/1310/114 1261/1309/114
f 1261/1309/114 1262/1310/114 1263/1311/114
f 1262/1310/114 1264/1312/114 1263/1311/114
f 1263/1311/114 1264/1312/114 1265/1313/115
f 1264/1312/114 1266/1314/114 1265/1313/115
f 1265/1313/115 1266/1314/114 1267/1315/114
f 1266/1314/114 1268/1316/114 1267/1315/114
f 1267/1315/114 1268/1316/114 1269/1317/115
f 1268/1316/114 1270/1318/115 1269/1317/115
f 1269/1317/115 1270/1318/115 1271/1319/115
f 1270/1318/115 1272/1320/114 1271/1319/115
f 1271/1319/115 1272/1320/114 1273/1321/114
f 1272/1320/114 1274/1322/114 1273/1321/114
f 1273/1321/114 1274/1322/114 1275/1323/114
f 1274/1322/114 1276/1324/114 1275/1323/114
f 1275/1323/114 1276/1324/114 1277/1325/114
f 1276/1324/114 1278/1326/114 1277/1325/114
f 1277/1325/114 1278/1326/114 1279/1327/115
f 1278/1326/114 1280/1328/115 1279/1327/115
f 1279/1327/115 1280/1328/115 1281/1329/114
f 1280/1328/115 1282/1330/114 1281/1329/114
f 1281/1329/114 1282/1330/114 1283/1331/114
f 1282/1330/114 1284/1332/114 1283/1331/114
f 1283/1331/114 1284/1332/114 1285/1333/114
f 1284/1332/114 1286/1334/114 1285/1333/114
f 1285/1333/114 1286/1334/114 1287/1335/114
f 1286/1334/114 1288/1336/114 1287/1335/114
f 1287/1335/114 1288/1336/114 1289/1337/114
f 1288/1336/114 1290/1338/114 1289/1337/114
f 1289/1337/114 1290/1338/114 1222/1270/114
f 1290/1338/114 1219/1267/114 1222/1270/114
f 1291/1339/125 1292/1340/125 1293/1341/125
f 1294/1342/125 1291/1339/125 1293/1341/125
f 1295/1343/126 1296/1344/126 1297/1345/126
f 1298/1346/126 1295/1343/126 1297/1345/126
f 1299/1347/127 1300/1348/127 1301/1349/127
f 1302/1350/127 1299/1347/127 1301/1349/127
f 1303/1351/128 1304/1352/128 1305/1353/128
f 1306/1354/128 1303/1351/128 1305/1353/128
f 1307/1355/129 1308/1356/129 1309/1357/129
f 1310/1358/129 1307/1355/129 1309/1357/129
f 1311/1359/107 1312/1360/106 1313/1361/106
f 1314/1362/106 1311/1359/107 1313/1361/106
f 1313/1361/106 1312/1360/106 1315/1363/106
f 1312/1360/106 1316/1364/106 1315/1363/106
f 1315/1363/106 1316/1364/106 1317/1365/106
f 1316/1364/106 1318/1366/106 1317/1365/106
f 1317/1365/106 1318/1366/106 1319/1367/107
f 1318/1366/106 1320/1368/106 1319/1367/107
f 1319/1367/107 1320/1368/106 1321/1369/107
f 1320/1368/106 1322/1370/106 1321/1369/107
f 1323/1371/130 1324/1372/130 1325/1373/130
f 1326/1374/130 1323/1371/130 1325/1373/130
f 1327/1375/131 1328/1376/131 1329/1377/131
f 1330/1378/131 1327/1375/131 1329/1377/131
f 1331/1379/132 1332/1380/132 1333/1381/132
f 1334/1382/132 1331/1379/132 1333/1381/132
f 1335/1383/133 1336/1384/133 1337/1385/133
f 1338/1386/133 1335/1383/133 1337/1385/133
f 1339/1387/134 1340/1388/134 1341/1389/134
f 1342/1390/134 1339/1387/134 1341/1389/134
f 1343/1391/114 1344/1392/114 1345/1393/114
f 1346/1394/114 1343/1391/114 1345/1393/114
f 1345/1393/114 1344/1392/114 1347/1395/114
f 1344/1392/114 1348/1396/114 1347/1395/114
f 1347/1395/114 1348/1396/114 1349/1397/114
f 1348/1396/114 1350/1398/114 1349/1397/114
f 1349/1397/114 1350/1398/114 1351/1399/114
f 1350/1398/114 1352/1400/115 1351/1399/114
f 1351/1399/114 1352/1400/115 1353/1401/115
f 1352/1400/115 1354/1402/114 1353/1401/115
f 1355/1403/111 1356/1404/111 1357/1405/111
f 1358/1406/111 1355/1403/111 1357/1405/111
f 1359/1407/76 1360/1408/76 1361/1409/76
f 1362/1410/76 1359/1407/76 1361/1409/76
f 1363/1411/135 1364/1412/135 1365/1413/135
f 1366/1414/135 1363/1411/135 1365/1413/135
f 1367/1415/136 1368/1416/136 1369/1417/136
f 1370/1418/136 1367/1415/136 1369/1417/136
f 1371/1419/137 1372/1420/137 1373/1421/137
f 1374/1422/137 1371/1419/137 1373/1421/137
f 1375/1423/138 1376/1424/138 1377/1425/138
f 1378/1426/138 1375/1423/138 1377/1425/138
f 1379/1427/139 1380/1428/139 1381/1429/139
f 1382/1430/139 1379/1427/139 1381/1429/139
f 1383/1431/106 1384/1432/106 1385/1433/106
f 1386/1434/106 1383/1431/106 1385/1433/106
f 1385/1433/106 1384/1432/106 1387/1435/106
f 1384/1432/106 1388/1436/106 1387/1435/106
f 1387/1435/106 1388/1436/106 1389/1437/106
f 1388/1436/106 1390/1438/106 1389/1437/106
f 1389/1437/106 1390/1438/106 1391/1439/106
f 1390/1438/106 1392/1440/106 1391/1439/106
f 1391/1439/106 1392/1440/106 1393/1441/106
f 1392/1440/106 1394/1442/106 1393/1441/106
f 1395/1443/140 1396/1444/140 1397/1445/140
f 1398/1446/140 1395/1443/140 1397/1445/140
f 1399/1447/141 1400/1448/141 1401/1449/141
f 1402/1450/141 1399/1447/141 1401/1449/141
f 1403/1451/142 1404/1452/142 1405/1453/142
f 1406/1454/142 1403/1451/142 1405/1453/142
f 1407/1455/143 1408/1456/143 1409/1457/143
f 1410/1458/143 1407/1455/143 1409/1457/143
f 1411/1459/144 1412/1460/144 1413/1461/144
f 1414/1462/144 1411/1459/144 1413/1461/144
f 1415/1463/115 1416/1464/114 1417/1465/114
f 1418/1466/115 1415/1463/115 1417/1465/114
f 1417/1465/114 1416/1464/114 1419/1467/114
f 1416/1464/114 1420/1468/114 1419/1467/114
f 1419/1467/114 1420/1468/114 1421/1469/114
f 1420/1468/114 1422/1470/114 1421/1469/114
f 1421/1469/114 1422/1470/114 1423/1471/114
f 1422/1470/114 1424/1472/114 1423/1471/114
f 1423/1471/114 1424/1472/114 1425/1473/114
f 1424/1472/114 1426/1474/114 1425/1473/114
f 1427/1475/111 1428/1476/111 1429/1477/111
f 1430/1478/111 1427/1475/111 1429/1477/111
f 1431/1479/96 1432/1480/96 1433/1481/96
f 1434/1482/96 1431/1479/96 1433/1481/96
f 1435/1483/144 1436/1484/144 1437/1485/144
f 1438/1486/144 1435/1483/144 1437/1485/144
f 1439/1487/143 1440/1488/143 1441/1489/143
f 1442/1490/143 1439/1487/143 1441/1489/143
f 1443/1491/142 1444/1492/142 1445/1493/142
f 1446/1494/142 1443/1491/142 1445/1493/142
f 1447/1495/141 1448/1496/141 1449/1497/141
f 1450/1498/141 1447/1495/141 1449/1497/141
f 1451/1499/145 1452/1500/145 1453/1501/145
f 1454/1502/145 1451/1499/145 1453/1501/145
f 1455/1503/114 1456/1504/114 1457/1505/114
f 1458/1506/114 1455/1503/114 1457/1505/114
f 1457/1505/114 1456/1504/114 1459/1507/114
f 1456/1504/114 1460/1508/114 1459/1507/114
f 1459/1507/114 1460/1508/114 1461/1509/114
f 1460/1508/114 1462/1510/114 1461/1509/114
f 1461/1509/114 1462/1510/114 1463/1511/114
f 1462/1510/114 1464/1512/114 1463/1511/114
f 1463/1511/114 1464/1512/114 1465/1513/115
f 1464/1512/114 1466/1514/115 1465/1513/115
f 1467/1515/139 1468/1516/139 1469/1517/139
f 1470/1518/139 1467/1515/139 1469/1517/139
f 1471/1519/138 1472/1520/138 1473/1521/138
f 1474/1522/138 1471/1519/138 1473/1521/138
f 1475/1523/137 1476/1524/137 1477/1525/137
f 1478/1526/137 1475/1523/137 1477/1525/137
f 1479/1527/136 1480/1528/136 1481/1529/136
f 1482/1530/136 1479/1527/136 1481/1529/136
f 1483/1531/146 1484/1532/146 1485/1533/146
f 1486/1534/146 1483/1531/146 1485/1533/146
f 1487/1535/106 1488/1536/106 1489/1537/106
f 1490/1538/106 1487/1535/106 1489/1537/106
f 1489/1537/106 1488/1536/106 1491/1539/106
f 1488/1536/106 1492/1540/106 1491/1539/106
f 1491/1539/106 1492/1540/106 1493/1541/106
f 1492/1540/106 1494/1542/106 1493/1541/106
f 1493/1541/106 1494/1542/106 1495/1543/106
f 1494/1542/106 1496/1544/107 1495/1543/106
f 1495/1543/106 1496/1544/107 1497/1545/106
f 1496/1544/107 1498/1546/106 1497/1545/106
f 1499/1547/86 1500/1548/86 1501/1549/86
f 1502/1550/86 1499/1547/86 1501/1549/86
f 1503/1551/76 1504/1552/76 1505/1553/76
f 1506/1554/76 1503/1551/76 1505/1553/76
f 1507/1555/147 1508/1556/147 1509/1557/147
f 1510/1558/147 1507/1555/147 1509/1557/147
f 1511/1559/133 1512/1560/133 1513/1561/133
f 1514/1562/133 1511/1559/133 1513/1561/133
f 1515/1563/132 1516/1564/132 1517/1565/132
f 1518/1566/132 1515/1563/132 1517/1565/132
f 1519/1567/131 1520/1568/131 1521/1569/131
f 1522/1570/131 1519/1567/131 1521/1569/131
f 1523/1571/130 1524/1572/130 1525/1573/130
f 1526/1574/130 1523/1571/130 1525/1573/130
f 1527/1575/115 1528/1576/114 1529/1577/115
f 1530/1578/114 1527/1575/115 1529/1577/115
f 1529/1577/115 1528/1576/114 1531/1579/114
f 1528/1576/114 1532/1580/114 1531/1579/114
f 1531/1579/114 1532/1580/114 1533/1581/114
f 1532/1580/114 1534/1582/114 1533/1581/114
f 1533/1581/114 1534/1582/114 1535/1583/114
f 1534/1582/114 1536/1584/114 1535/1583/114
f 1535/1583/114 1536/1584/114 1537/1585/114
f 1536/1584/114 1538/1586/114 1537/1585/114
f 1539/1587/148 1540/1588/148 1541/1589/148
f 1542/1590/148 1539/1587/148 1541/1589/148
f 1543/1591/128 1544/1592/128 1545/1593/128
f 1546/1594/128 1543/1591/128 1545/1593/128
f 1547/1595/127 1548/1596/127 1549/1597/127
f 1550/1598/127 1547/1595/127 1549/1597/127
f 1551/1599/126 1552/1600/126 1553/1601/126
f 1554/1602/126 1551/1599/126 1553/1601/126
f 1555/1603/125 1556/1604/125 1557/1605/125
f 1558/1606/125 1555/1603/125 1557/1605/125
f 1559/1607/106 1560/1608/106 1561/1609/106
f 1562/1610/107 1559/1607/106 1561/1609/106
f 1561/1609/106 1560/1608/106 1563/1611/106
f 1560/1608/106 1564/1612/106 1563/1611/106
f 1563/1611/106 1564/1612/106 1565/1613/107
f 1564/1612/106 1566/1614/107 1565/1613/107
f 1565/1613/107 1566/1614/107 1567/1615/106
f 1566/1614/107 1568/1616/106 1567/1615/106
f 1567/1615/106 1568/1616/106 1569/1617/106
f 1568/1616/106 1570/1618/106 1569/1617/106
f 1571/1619/86 1572/1620/86 1573/1621/86
f 1574/1622/86 1571/1619/86 1573/1621/86
f 1575/1623/96 1576/1624/96 1577/1625/96
f 1578/1626/96 1575/1623/96 1577/1625/96
f 1579/1627/149 1580/1628/149 1581/1629/150
f 1582/1630/150 1579/1627/149 1581/1629/150
f 1581/1631/150 1583/1632/151 1582/1633/150
f 1583/1632/151 1584/1634/151 1582/1633/150
f 1579/1627/149 1585/1635/152 1580/1628/149
f 1585/1635/152 1586/1636/152 1580/1628/149
f 1585/1635/152 1587/1637/153 1586/1636/152
f 1587/1637/153 1588/1638/153 1586/1636/152
f 1587/1637/153 1589/1639/154 1588/1638/153
f 1589/1639/154 1590/1640/154 1588/1638/153
f 1589/1639/154 1591/1641/155 1590/1640/154
f 1591/1641/155 1592/1642/155 1590/1640/154
f 1591/1641/155 1593/1643/156 1592/1642/155
f 1593/1643/156 1594/1644/156 1592/1642/155
f 1593/1643/156 1595/1645/157 1594/1644/156
f 1595/1645/157 1596/1646/157 1594/1644/156
f 1595/1645/157 1597/1647/158 1596/1646/157
f 1597/1647/158 1598/1648/158 1596/1646/157
f 1597/1647/158 1599/1649/159 1598/1648/158
f 1599/1649/159 1600/1650/159 1598/1648/158
f 1599/1649/159 1601/1651/160 1600/1650/159
f 1601/1651/160 1602/1652/160 1600/1650/159
f 1601/1651/160 1603/1653/161 1602/1652/160
f 1603/1653/161 1604/1654/161 1602/1652/160
f 1603/1653/161 1605/1655/162 1604/1654/161
f 1605/1655/162 1606/1656/162 1604/1654/161
f 1605/1655/162 1607/1657/163 1606/1656/162
f 1607/1657/163 1608/1658/163 1606/1656/162
f 1607/1657/163 1609/1659/164 1608/1658/163
f 1609/1659/164 1610/1660/164 1608/1658/163
f 1609/1659/164 1611/1661/165 1610/1660/164
f 1611/1661/165 1612/1662/165 1610/1660/164
f 1611/1661/165 1613/1663/166 1612/1662/165
f 1613/1663/166 1614/1664/166 1612/1662/165
f 1613/1663/166 1615/1665/167 1614/1664/166
f 1615/1665/167 1616/1666/167 1614/1664/166
f 1615/1665/167 1617/1667/168 1616/1666/167
f 1617/1667/168 1618/1668/168 1616/1666/167
f 1617/1667/168 1619/1669/169 1618/1668/168
f 1619/1669/169 1620/1670/169 1618/1668/168
f 1621/1671/170 1622/1672/170 1623/1673/169
f 1624/1674/169 1621/1671/170 1623/1673/169
f 1621/1671/170 1625/1675/171 1622/1672/170
f 1625/1675/171 1626/1676/171 1622/1672/170
f 1625/1675/171 1627/1677/172 1626/1676/171
f 1627/1677/172 1628/1678/172 1626/1676/171
f 1627/1677/172 1629/1679/173 1628/1678/172
f 1629/1679/173 1630/1680/173 1628/1678/172
f 1629/1679/173 1631/1681/174 1630/1680/173
f 1631/1681/174 1632/1682/174 1630/1680/173
f 1631/1681/174 1633/1683/175 1632/1682/174
f 1633/1683/175 1634/1684/175 1632/1682/174
f 1633/1683/175 1635/1685/176 1634/1684/175
f 1635/1685/176 1636/1686/176 1634/1684/175
f 1635/1685/176 1637/1687/177 1636/1686/176
f 1637/1687/177 1638/1688/177 1636/1686/176
f 1637/1687/177 1639/1689/178 1638/1688/177
f 1639/1689/178 1640/1690/178 1638/1688/177
f 1639/1689/178 1641/1691/179 1640/1690/178
f 1641/1691/179 1642/1692/179 1640/1690/178
f 1641/1691/179 1643/1693/180 1642/1692/179
f 1643/1693/180 1644/1694/180 1642/1692/179
f 1643/1693/180 1645/1695/181 1644/1694/180
f 1645/1695/181 1646/1696/181 1644/1694/180
f 1645/1695/181 1647/1697/182 1646/1696/181
f 1647/1697/182 1648/1698/182 1646/1696/181
f 1647/1697/182 1649/1699/183 1648/1698/182
f 1649/1699/183 1650/1700/183 1648/1698/182
f 1649/1699/183 1651/1701/184 1650/1700/183
f 1651/1701/184 1652/1702/184 1650/1700/183
f 1651/1701/184 1653/1703/185 1652/1702/184
f 1653/1703/185 1654/1704/185 1652/1702/184
f 1653/1703/185 1655/1705/186 1654/1704/185
f 1655/1705/186 1656/1706/186 1654/1704/185
f 1655/1705/186 1657/1707/187 1656/1706/186
f 1657/1707/187 1658/1708/187 1656/1706/186
f 1657/1707/187 1659/1709/188 1658/1708/187
f 1659/1709/188 1660/1710/188 1658/1708/187
f 1659/1711/188 1661/1712/151 1660/1713/188
f 1661/1712/151 1662/1714/151 1660/1713/188
f 1663/1715/189 1664/1716/189 1665/1717/190
f 1666/1718/190 1663/1715/189 1665/1717/190
f 1665/1717/190 1667/1719/191 1666/1718/190
f 1667/1719/191 1668/1720/191 1666/1718/190
f 1667/1719/191 1669/1721/192 1668/1720/191
f 1669/1721/192 1670/1722/192 1668/1720/191
f 1669/1721/192 1671/1723/193 1670/1722/192
f 1671/1723/193 1672/1724/193 1670/1722/192
f 1671/1723/193 1673/1725/194 1672/1724/193
f 1673/1725/194 1674/1726/194 1672/1724/193
f 1673/1725/194 1675/1727/195 1674/1726/194
f 1675/1727/195 1676/1728/195 1674/1726/194
f 1675/1727/195 1677/1729/196 1676/1728/195
f 1677/1729/196 1678/1730/196 1676/1728/195
f 1677/1729/196 1679/1731/197 1678/1730/196
f 1679/1731/197 1680/1732/197 1678/1730/196
f 1679/1731/197 1681/1733/198 1680/1732/197
f 1681/1733/198 1682/1734/198 1680/1732/197
f 1681/1733/198 1683/1735/199 1682/1734/198
f 1683/1735/199 1684/1736/199 1682/1734/198
f 1683/1735/199 1685/1737/200 1684/1736/199
f 1685/1737/200 1686/1738/200 1684/1736/199
f 1685/1737/200 1687/1739/201 1686/1738/200
f 1687/1739/201 1688/1740/201 1686/1738/200
f 1687/1739/201 1689/1741/202 1688/1740/201
f 1689/1741/202 1690/1742/202 1688/1740/201
f 1689/1741/202 1691/1743/203 1690/1742/202
f 1691/1743/203 1692/1744/203 1690/1742/202
f 1691/1743/203 1693/1745/204 1692/1744/203
f 1693/1745/204 1694/1746/204 1692/1744/203
f 1693/1745/204 1695/1747/205 1694/1746/204
f 1695/1747/205 1696/1748/205 1694/1746/204
f 1695/1747/205 1697/1749/206 1696/1748/205
f 1697/1749/206 1698/1750/206 1696/1748/205
f 1697/1749/206 1699/1751/207 1698/1750/206
f 1699/1751/207 1700/1752/207 1698/1750/206
f 1699/1751/207 1701/1753/208 1700/1752/207
f 1701/1753/208 1702/1754/208 1700/1752/207
f 1701/1755/208 1703/1756/209 1702/1757/208
f 1703/1756/209 1704/1758/209 1702/1757/208
f 1705/1759/210 1706/1760/210 1707/1761/209
f 1708/1762/209 1705/1759/210 1707/1761/209
f 1705/1763/210 1709/1764/211 1706/1765/210
f 1709/1764/211 1710/1766/211 1706/1765/210
f 1709/1764/211 1711/1767/212 1710/1766/211
f 1711/1767/212 1712/1768/212 1710/1766/211
f 1711/1767/212 1713/1769/213 1712/1768/212
f 1713/1769/213 1714/1770/213 1712/1768/212
f 1713/1769/213 1715/1771/214 1714/1770/213
f 1715/1771/214 1716/1772/214 1714/1770/213
f 1715/1771/214 1717/1773/215 1716/1772/214
f 1717/1773/215 1718/1774/215 1716/1772/214
f 1717/1773/215 1719/1775/216 1718/1774/215
f 1719/1775/216 1720/1776/216 1718/1774/215
f 1719/1775/216 1721/1777/217 1720/1776/216
f 1721/1777/217 1722/1778/217 1720/1776/216
f 1721/1777/217 1723/1779/218 1722/1778/217
f 1723/1779/218 1724/1780/218 1722/1778/217
f 1723/1779/218 1725/1781/219 1724/1780/218
f 1725/1781/219 1726/1782/219 1724/1780/218
f 1725/1781/219 1727/1783/220 1726/1782/219
f 1727/1783/220 1728/1784/220 1726/1782/219
f 1727/1783/220 1729/1785/221 1728/1784/220
f 1729/1785/221 1730/1786/221 1728/1784/220
f 1729/1785/221 1731/1787/222 1730/1786/221
f 1731/1787/222 1732/1788/222 1730/1786/221
f 1731/1787/222 1733/1789/223 1732/1788/222
f 1733/1789/223 1734/1790/223 1732/1788/222
f 1733/1789/223 1735/1791/224 1734/1790/223
f 1735/1791/224 1736/1792/224 1734/1790/223
f 1735/1791/224 1737/1793/225 1736/1792/224
f 1737/1793/225 1738/1794/225 1736/1792/224
f 1737/1793/225 1739/1795/226 1738/1794/225
f 1739/1795/226 1740/1796/226 1738/1794/225
f 1739/1795/226 1741/1797/227 1740/1796/226
f 1741/1797/227 1742/1798/227 1740/1796/226
f 1741/1797/227 1743/1799/228 1742/1798/227
f 1743/1799/228 1744/1800/228 1742/1798/227
f 1743/1799/228 1745/1801/189 1744/1800/228
f 1745/1801/189 1746/1802/189 1744/1800/228
f 1747/1803/229 1748/1804/230 1749/1805/230
f 1750/1806/229 1747/1803/229 1749/1805/230
f 1751/1807/231 1747/1803/229 1750/1806/229
f 1752/1808/231 1751/1807/231 1750/1806/229
f 1753/1809/232 1751/1807/231 1752/1808/231
f 1754/1810/232 1753/1809/232 1752/1808/231
f 1755/1811/233 1753/1809/232 1754/1810/232
f 1756/1812/233 1755/1811/233 1754/1810/232
f 1757/1813/234 1755/1814/233 1756/1815/233
f 1758/1816/234 1757/1813/234 1756/1815/233
f 1759/1817/235 1757/1813/234 1758/1816/234
f 1760/1818/235 1759/1817/235 1758/1816/234
f 1761/1819/236 1759/1817/235 1760/1818/235
f 1762/1820/236 1761/1819/236 1760/1818/235
f 1763/1821/237 1761/1819/236 1762/1820/236
f 1764/1822/237 1763/1821/237 1762/1820/236
f 1765/1823/22 1763/1821/237 1764/1822/237
f 1766/1824/22 1765/1823/22 1764/1822/237
f 1767/1825/238 1765/1823/22 1766/1824/22
f 1768/1826/238 1767/1825/238 1766/1824/22
f 1769/1827/239 1767/1825/238 1768/1826/238
f 1770/1828/239 1769/1827/239 1768/1826/238
f 1771/1829/240 1769/1827/239 1770/1828/239
f 1772/1830/240 1771/1829/240 1770/1828/239
f 1773/1831/241 1771/1829/240 1772/1830/240
f 1774/1832/241 1773/1831/241 1772/1830/240
f 1775/1833/242 1773/1831/241 1774/1832/241
f 1776/1834/242 1775/1833/242 1774/1832/241
f 1777/1835/243 1775/1836/242 1776/1837/242
f 1778/1838/243 1777/1835/243 1776/1837/242
f 1779/1839/244 1777/1835/243 1778/1838/243
f 1780/1840/244 1779/1839/244 1778/1838/243
f 1781/1841/245 1779/1839/244 1780/1840/244
f 1782/1842/245 1781/1841/245 1780/1840/244
f 1783/1843/246 1781/1841/245 1782/1842/245
f 1784/1844/246 1783/1843/246 1782/1842/245
f 1785/1845/28 1783/1843/246 1784/1844/246
f 1786/1846/28 1785/1845/28 1784/1844/246
f 1787/1847/247 1788/1848/28 1789/1849/28
f 1790/1850/247 1787/1847/247 1789/1849/28
f 1791/1851/248 1787/1847/247 1790/1850/247
f 1792/1852/248 1791/1851/248 1790/1850/247
f 1793/1853/249 1791/1851/248 1792/1852/248
f 1794/1854/249 1793/1853/249 1792/1852/248
f 1795/1855/250 1793/1853/249 1794/1854/249
f 1796/1856/250 1795/1855/250 1794/1854/249
f 1797/1857/251 1795/1855/250 1796/1856/250
f 1798/1858/251 1797/1857/251 1796/1856/250
f 1799/1859/252 1797/1860/251 1798/1861/251
f 1800/1862/252 1799/1859/252 1798/1861/251
f 1801/1863/253 1799/1859/252 1800/1862/252
f 1802/1864/253 1801/1863/253 1800/1862/252
f 1803/1865/254 1801/1863/253 1802/1864/253
f 1804/1866/254 1803/1865/254 1802/1864/253
f 1805/1867/255 1803/1865/254 1804/1866/254
f 1806/1868/255 1805/1867/255 1804/1866/254
f 1807/1869/20 1805/1867/255 1806/1868/255
f 1808/1870/20 1807/1869/20 1806/1868/255
f 1809/1871/256 1807/1869/20 1808/1870/20
f 1810/1872/256 1809/1871/256 1808/1870/20
f 1811/1873/257 1809/1871/256 1810/1872/256
f 1812/1874/257 1811/1873/257 1810/1872/256
f 1813/1875/258 1811/1873/257 1812/1874/257
f 1814/1876/258 1813/1875/258 1812/1874/257
f 1815/1877/259 1813/1875/258 1814/1876/258
f 1816/1878/259 1815/1877/259 1814/1876/258
f 1817/1879/260 1815/1877/259 1816/1878/259
f 1818/1880/260 1817/1879/260 1816/1878/259
f 1819/1881/261 1817/1882/260 1818/1883/260
f 1820/1884/261 1819/1881/261 1818/1883/260
f 1821/1885/262 1819/1881/261 1820/1884/261
f 1822/1886/262 1821/1885/262 1820/1884/261
f 1823/1887/263 1821/1885/262 1822/1886/262
f 1824/1888/263 1823/1887/263 1822/1886/262
f 1825/1889/264 1823/1887/263 1824/1888/263
f 1826/1890/264 1825/1889/264 1824/1888/263
f 1827/1891/27 1825/1889/264 1826/1890/264
f 1828/1892/27 1827/1891/27 1826/1890/264
f 1748/1804/230 1829/1893/27 1830/1894/27
f 1749/1805/230 1748/1804/230 1830/1894/27
f 1831/1895/25 1832/1896/25 1833/1897/25
f 1833/1897/25 1832/1896/25 1834/1898/25
f 1835/1899/25 1832/1896/25 1831/1895/25
f 1836/1900/25 1832/1901/25 1837/1902/25
f 1838/1903/25 1839/1904/25 1840/1905/25
f 1840/1905/25 1839/1904/25 1841/1906/25
f 1841/1906/25 1839/1904/25 1842/1907/25
f 1842/1907/25 1839/1904/25 1843/1908/25
f 1843/1908/25 1839/1904/25 1844/1909/25
f 1844/1909/25 1839/1904/25 1845/1910/25
f 1845/1910/25 1839/1904/25 1846/1911/25
f 1846/1911/25 1839/1904/25 1847/1912/25
f 1847/1912/25 1839/1904/25 1848/1913/25
f 1848/1913/25 1839/1904/25 1849/1914/25
f 1849/1914/25 1839/1904/25 1850/1915/25
f 1850/1915/25 1839/1904/25 1851/1916/25
f 1851/1916/25 1839/1904/25 1852/1917/25
f 1852/1917/25 1839/1904/25 1853/1918/25
f 1853/1918/25 1839/1904/25 1854/1919/25
f 1854/1919/25 1839/1904/25 1855/1920/25
f 1855/1920/25 1839/1904/25 1856/1921/25
f 1856/1921/25 1839/1904/25 1857/1922/25
f 1857/1922/25 1839/1904/25 1858/1923/25
f 1858/1923/25 1839/1904/25 1859/1924/25
f 1859/1924/25 1839/1904/25 1860/1925/25
f 1860/1925/25 1839/1904/25 1861/1926/25
f 1861/1926/25 1839/1904/25 1862/1927/25
f 1862/1927/25 1839/1904/25 1863/1928/25
f 1863/1928/25 1839/1904/25 1864/1929/25
f 1864/1929/25 1839/1904/25 1865/1930/25
f 1865/1930/25 1839/1904/25 1866/1931/25
f 1866/1931/25 1839/1904/25 1867/1932/25
f 1867/1932/25 1839/1904/25 1868/1933/25
f 1868/1933/25 1839/1904/25 1869/1934/25
f 1869/1934/25 1839/1904/25 1870/1935/25
f 1870/1935/25 1839/1904/25 1871/1936/25
f 1871/1936/25 1839/1904/25 1872/1937/25
f 1873/1938/25 1839/1939/25 1874/1940/25
f 1874/1940/25 1839/1939/25 1875/1941/25
f 1875/1941/25 1839/1939/25 1876/1942/25
f 1877/1943/26 1878/1944/26 1879/1945/26
f 1880/1946/26 1878/1944/26 1877/1943/26
f 1881/1947/26 1878/1944/26 1880/1946/26
f 1882/1948/26 1878/1944/26 1881/1947/26
f 1883/1949/26 1878/1944/26 1882/1948/26
f 1884/1950/26 1878/1944/26 1883/1949/26
f 1885/1951/26 1878/1944/26 1884/1950/26
f 1879/1945/26 1878/1944/26 1886/1952/26
f 1887/1953/26 1878/1954/26 1888/1955/26
f 1889/1956/26 1890/1957/26 1891/1958/26
f 1892/1959/26 1890/1957/26 1889/1956/26
f 1893/1960/26 1890/1957/26 1892/1959/26
f 1894/1961/26 1890/1957/26 1893/1960/26
f 1895/1962/26 1890/1957/26 1894/1961/26
f 1896/1963/26 1890/1957/26 1895/1962/26
f 1897/1964/26 1890/1957/26 1896/1963/26
f 1898/1965/26 1890/1957/26 1897/1964/26
f 1899/1966/26 1890/1957/26 1898/1965/26
f 1900/1967/26 1890/1957/26 1899/1966/26
f 1901/1968/26 1890/1957/26 1900/1967/26
f 1902/1969/26 1890/1957/26 1901/1968/26
f 1903/1970/26 1890/1957/26 1902/1969/26
f 1904/1971/26 1890/1957/26 1903/1970/26
f 1905/1972/26 1890/1957/26 1904/1971/26
f 1906/1973/26 1890/1957/26 1905/1972/26
f 1907/1974/26 1890/1957/26 1906/1973/26
f 1908/1975/26 1890/1957/26 1907/1974/26
f 1909/1976/26 1890/1957/26 1908/1975/26
f 1910/1977/26 1890/1957/26 1909/1976/26
f 1911/1978/26 1890/1957/26 1910/1977/26
f 1912/1979/26 1890/1957/26 1911/1978/26
f 1913/1980/26 1890/1957/26 1912/1979/26
f 1914/1981/26 1890/1982/26 1915/1983/26
f 1916/1984/26 1890/1982/26 1914/1981/26
f 1917/1985/26 1890/1982/26 1916/1984/26
f 1918/1986/26 1890/1982/26 1917/1985/26
f 1919/1987/26 1890/1982/26 1918/1986/26
f 1920/1988/26 1890/1982/26 1919/1987/26
f 1921/1989/26 1890/1982/26 1920/1988/26
f 1922/1990/26 1890/1982/26 1921/1989/26
