# Blender 3.6.0
# www.blender.org
mtllib SonicMan.mtl
o Sonic_Man
v -14.447700 104.164001 6.078252
v -9.759020 104.008003 10.207592
v -2.813680 99.831200 11.345093
v 9.759020 103.996002 10.207592
v 14.447700 104.164001 6.078252
v -17.005501 117.883003 -1.230809
v -16.114599 117.883003 5.517161
v -16.080099 117.883003 -7.127079
v -10.466800 117.883003 -10.841208
v -8.570430 117.883003 10.875591
v -3.025270 117.883003 11.681691
v 0.000000 117.883003 -12.383108
v 0.000000 117.883003 11.681691
v 3.025270 117.883003 11.681691
v 8.570430 117.883003 10.875591
v 10.466800 117.883003 -10.841208
v 16.080099 117.883003 -7.127079
v 16.114599 117.883003 5.517161
v 17.005501 117.883003 -1.230809
v -16.911200 110.755997 -1.588678
v -16.170099 110.246002 -1.506808
v -15.911000 110.755997 -7.945389
v -15.312000 110.755997 5.399712
v -14.747000 110.223000 -7.401288
v -12.862200 110.135002 5.560992
v -10.559800 110.755997 -12.000709
v -10.251200 110.135002 -11.339209
v -8.139680 110.755997 11.445191
v -7.728480 110.176003 10.559092
v -3.234390 110.755997 13.278691
v -2.793080 110.206001 12.148392
v -0.000000 110.755997 -13.451509
v -0.000000 110.755997 13.278691
v -0.000000 110.277000 12.148392
v -0.000000 110.135002 -12.657708
v 2.793080 110.206001 12.148392
v 3.234390 110.755997 13.278691
v 7.728480 110.169998 10.559092
v 8.139680 110.755997 11.445191
v 10.251200 110.135002 -11.339209
v 10.559800 110.755997 -12.000709
v 12.862200 110.135002 5.560992
v 14.747000 110.223000 -7.401288
v 15.312000 110.755997 5.399712
v 15.911000 110.755997 -7.945389
v 16.170099 110.246002 -1.506808
v 16.911200 110.755997 -1.588678
v -18.896900 104.948997 -2.049608
v -10.251200 106.410004 -11.887407
v -0.000000 105.802002 -13.344308
v 10.251200 106.410004 -11.887407
v 18.896900 104.948997 -2.049608
v -17.465300 106.115997 -1.056408
v -17.233900 104.150002 -8.938098
v -15.031200 104.031998 6.210052
v -11.979900 103.271004 -13.540008
v -9.031750 103.318001 12.050893
v -3.264080 103.365997 13.908293
v 0.000000 103.460999 13.908293
v 0.000000 103.271004 -15.080908
v 3.264080 103.365997 13.908293
v 9.031750 103.318001 12.050893
v 11.979900 103.271004 -13.540008
v 15.031200 104.031998 6.210052
v 17.233900 104.150002 -8.938098
v 17.465300 106.115997 -1.056408
v 10.055000 93.118896 10.504494
v 17.342400 93.118896 -7.567957
v 12.186800 88.674103 -12.167207
v 3.855340 85.191803 -9.130816
v 3.855340 88.668404 -12.662507
v 12.980800 93.508003 -14.051706
v 4.920440 93.739799 -15.755607
v 5.283200 101.642998 -14.723608
v 12.210800 101.642998 -13.207408
v 16.322399 102.642998 -7.878078
v -10.055000 93.118896 10.504494
v -17.342400 93.118896 -7.567957
v -12.186800 88.674103 -12.167207
v -2.395900 91.096298 9.455363
v -3.855340 85.191803 -9.130816
v -12.980800 93.508003 -14.051706
v -3.855340 88.668404 -12.662507
v -16.322399 102.642998 -7.878078
v -12.210800 101.642998 -13.207408
v -5.283200 101.642998 -14.723608
v -2.776570 132.199005 12.498990
v 0.000000 131.182007 12.467991
v 0.000000 133.960007 12.254990
v 2.776570 132.199005 12.498990
v -18.771900 135.628006 -1.105060
v -16.425200 134.882004 -7.330400
v -14.922700 134.882004 8.156619
v -9.978800 133.557999 -11.594610
v -9.708110 133.026001 10.327789
v -9.154680 134.248993 11.739989
v -4.377140 133.087006 -14.189911
v -1.975640 133.617004 13.281090
v -0.000000 132.705994 -14.228810
v 1.975640 133.617004 13.281090
v 4.377140 133.087006 -14.189911
v 9.154680 134.248993 11.739989
v 9.708110 133.026001 10.327789
v 9.978800 133.557999 -11.594610
v 14.922700 134.882004 8.156619
v 16.425200 134.882004 -7.330400
v 18.771900 135.628006 -1.105060
v -17.069099 127.660004 -1.105060
v -15.613100 126.919998 -6.698520
v -14.929100 126.919998 6.056110
v -9.858350 125.573997 -9.849910
v -8.961130 125.573997 10.374690
v -2.869700 124.835999 12.169690
v 0.000000 124.835999 -11.952310
v 0.000000 124.835999 12.226490
v 2.869700 124.835999 12.169690
v 8.961130 125.573997 10.374690
v 9.858350 125.573997 -9.849910
v 14.929100 126.919998 6.056110
v 15.613100 126.919998 -6.698520
v 17.069099 127.660004 -1.105060
v -8.608710 142.050003 10.256189
v -6.127630 153.606003 3.657948
v -5.366160 150.912003 8.870668
v -2.343370 150.597000 7.265268
v -1.765810 145.186005 11.237089
v -1.646860 141.927994 11.860390
v -0.000000 143.876007 -15.722111
v -0.000000 151.315994 -14.240611
v 0.000000 150.548996 7.750799
v 0.000000 150.942001 8.793578
v 0.000000 153.809006 6.105059
v 0.000000 145.186996 10.736090
v 0.000000 141.901001 11.382389
v 1.646860 141.927994 11.860390
v 1.765810 145.186005 11.237089
v 2.343370 150.597000 7.265268
v 5.366160 150.912003 8.870668
v 6.127630 153.606003 3.657948
v 8.608710 142.050003 10.256189
v -5.433020 163.154999 -4.021652
v 5.433020 163.154999 -4.021652
v -3.142290 157.315994 4.014298
v -1.772250 156.869995 4.038258
v -0.000000 156.151001 5.094128
v 3.142290 157.315994 4.014298
v 3.826000 160.962997 -7.535652
v 6.362830 162.468994 -4.583602
v -8.011000 161.516006 -2.321702
v -6.348060 158.188004 -0.461135
v -4.303350 155.556000 2.477268
v -2.347370 153.835007 4.690399
v 0.000000 153.167007 5.349278
v 2.347370 153.835007 4.690399
v 4.303350 155.556000 2.477268
v 6.348060 158.188004 -0.461135
v 8.011000 161.516006 -2.321702
v -6.892320 161.585007 -4.848463
v 6.892320 161.585007 -4.848463
v -8.677660 160.552994 -2.586562
v -7.947660 156.802002 0.492967
v -7.337090 158.406998 0.757830
v -6.046480 156.339996 2.802768
v -3.089200 154.447006 5.521209
v 3.089200 154.447006 5.521668
v 6.046480 156.339996 2.802768
v 7.337090 158.406998 0.757830
v 7.947660 156.802002 0.492967
v 8.677660 160.552994 -2.586562
v 9.957340 157.272003 1.559248
v 9.899510 153.654007 5.120268
v 10.285700 160.031006 -3.144392
v 10.898900 141.505005 -14.020011
v 4.989830 144.080002 -16.814711
v -12.202900 150.921997 -14.772411
v -11.487800 144.865005 -15.873111
v -9.957340 157.272003 1.559248
v -10.285700 160.031006 -3.144392
v -9.899510 153.654007 5.120268
v -14.263200 148.615005 6.841969
v -4.989830 144.080002 -16.814711
v 27.596201 148.557007 4.228369
v 21.220400 156.391006 -8.427681
v 21.265400 157.960999 -3.911572
v 21.467501 153.175995 -11.657412
v 21.651600 156.565994 0.114067
v 22.276800 154.158005 3.493758
v 25.585899 143.419006 -7.671541
v 19.019400 151.375000 -11.237111
v 21.201000 146.834000 -12.348111
v 17.922899 155.921997 -9.048681
v 18.039499 157.483002 -3.933962
v 18.276400 155.820999 1.202738
v 12.284800 155.917007 -10.869411
v 14.447700 158.207993 -3.477862
v 16.511900 157.567993 -3.850872
v 16.600000 155.516998 3.018468
v 14.223600 156.072006 2.528318
v 24.299101 157.050003 1.111288
v 24.340300 154.925003 -11.217511
v 24.917900 157.225998 -8.385342
v 24.929300 158.039001 -3.601672
v 26.736799 143.960007 -1.166661
v 29.045300 150.457993 -11.779112
v 29.896601 154.819000 3.102988
v 29.957600 155.917999 -8.218862
v 30.252600 157.429993 -2.965402
v 30.934999 151.309006 -4.029441
v 31.270800 152.626999 -7.080822
v 31.530800 154.828003 -5.143562
v 31.907200 142.988007 -1.332641
v 32.270401 149.244003 -7.287712
v 32.396099 143.785004 -8.008950
v 33.565399 155.988007 -2.390862
v 34.537800 146.602997 -3.659941
v 34.601398 148.852005 3.141119
v 34.709801 146.643005 -6.696981
v 34.774200 148.539993 -11.038311
v 35.042900 154.955994 -1.022392
v 35.220402 147.063004 -1.467881
v 35.825699 153.725998 1.282048
v 35.915901 147.977997 0.484716
v 36.364300 149.886993 2.463549
v 36.429501 151.871002 2.397768
v 37.842602 155.427994 -3.782172
v 38.750599 149.692001 1.514659
v 39.076500 154.319000 0.407770
v 39.082500 143.727997 -7.668031
v 39.109501 144.363998 -1.312481
v 39.310101 148.151993 3.079189
v 39.524799 148.444000 -11.220311
v 39.601398 152.386993 4.190498
v 39.734798 155.382004 -2.437762
v 39.830299 152.391998 -11.971111
v 40.046398 157.085999 -7.533662
v 40.091400 157.968002 -0.987566
v 41.959202 149.412994 -0.943551
v 42.645901 154.852005 -0.139601
v 42.681999 152.169998 0.345224
v 53.576401 156.466003 -0.722373
v 49.815800 154.087997 2.136108
v 42.991901 152.537003 -9.120591
v 44.576900 156.177002 -2.610402
v 44.961201 156.184998 -5.819552
v 47.866699 148.203995 -9.377501
v 48.090698 151.742004 -9.997842
v 49.380100 148.048996 -8.276941
v 49.783298 151.998993 -9.019201
v 43.966000 146.841995 -5.526451
v 41.413898 149.007004 -7.742551
v 41.854000 153.434006 -8.104582
v 42.862499 149.048004 -9.101841
v 42.142799 147.264008 -2.950831
v 48.608101 146.057007 -5.829471
v 50.141701 150.117996 0.188544
v 50.478298 147.567001 -0.686448
v 50.710499 147.227005 -7.803041
v 50.800499 153.817993 -8.387562
v 51.410400 146.330002 -3.445701
v 51.716499 150.125000 -9.489391
v 54.501499 156.501007 -5.107272
v 55.495300 147.100006 -7.748941
v 56.031200 153.559006 -8.952222
v 56.483799 149.714996 -9.621701
v 66.133797 154.539993 -2.517052
v 66.195198 153.432007 -0.267064
v 66.383797 150.770996 1.296269
v 66.480499 150.878998 0.697889
v 66.490196 153.417007 0.841732
v 66.671799 154.770004 0.066201
v 66.671799 156.026993 0.066201
v 66.690201 148.444000 -0.012524
v 67.251503 153.561996 -5.113361
v 67.266197 147.524994 -2.472251
v 67.625198 148.985992 -1.249041
v 67.842102 148.444000 -4.931982
v 67.860497 156.026993 -5.010702
v 67.860497 154.770004 -5.010702
v 67.889503 151.084000 -5.495651
v 68.042099 153.417007 -5.786232
v 68.148499 150.770996 -6.240771
v 68.240997 149.070999 -3.550151
v 70.762497 150.945007 1.697299
v 71.063103 153.188995 0.503882
v 71.321800 149.384995 -1.568871
v 71.542397 150.938004 -4.879261
v 71.646896 153.231003 -4.277482
v 71.707001 150.076004 -3.986841
v 71.791603 154.294006 -1.865892
v 71.998398 150.770996 2.553458
v 72.104797 153.417007 2.098918
v 72.286400 156.026993 1.323388
v 72.286400 154.770004 1.323388
v 72.304802 148.444000 1.244659
v 72.880699 147.524994 -1.215071
v 73.456596 148.444000 -3.674801
v 73.474998 154.770004 -3.753522
v 73.474998 156.026993 -3.753522
v 73.656601 153.417007 -4.529051
v 73.763000 150.770996 -4.983592
v 73.586502 148.440002 1.006849
v 73.884399 149.634995 2.754809
v 74.376404 148.947006 -1.904501
v 74.928902 151.132004 3.274939
v 75.235100 147.179993 2.747309
v 75.554497 149.682999 -4.547202
v 75.707603 147.289001 0.766568
v 75.961304 148.134003 4.259099
v 76.228996 152.998001 2.113569
v 76.663803 152.490005 -4.265421
v 76.707901 150.522995 -5.029511
v 76.916000 148.828995 -0.930338
v 77.033096 153.576004 0.338000
v 77.160797 153.335999 -1.950872
v 77.978798 149.082993 -3.674351
v 73.263298 152.772995 1.702238
v 74.515999 154.018997 -0.841936
v 74.915604 153.182007 -3.531052
v 72.387001 149.725006 1.912129
v 72.676102 151.052002 2.348199
v 72.867996 149.013000 -1.163181
v 74.291000 150.098999 -4.494961
v 74.856903 151.483994 -4.485571
v 76.634003 149.714005 4.576159
v 79.835503 150.891006 4.842669
v 80.354103 151.731995 4.627668
v 81.347504 149.824005 1.632069
v 81.402100 150.662994 -5.221561
v 81.514603 149.464005 3.047789
v 81.867104 150.238007 -0.941784
v 81.954201 149.664993 -3.303591
v 82.030098 149.962006 4.547769
v 82.902496 150.903000 5.142778
v 83.470001 152.710007 -3.862211
v 83.502098 152.832001 3.985579
v 83.758202 153.593994 1.335128
v 83.765198 153.533005 -1.290122
v 83.774803 150.781998 -4.915251
v 83.908798 152.279999 -0.207652
v 83.936203 152.039993 -2.951931
v 84.453598 151.130997 2.636158
v 84.807602 151.382996 -2.572501
v 85.198097 151.386002 0.049557
v 78.539398 146.128006 4.652649
v 78.564102 146.584000 5.752719
v 78.575798 149.179001 5.046389
v 79.078499 147.903000 5.825459
v 80.198402 148.899002 3.865659
v 83.807404 149.380005 4.458989
v 84.070503 149.496994 3.359629
v 84.523804 151.740997 4.105029
v 84.767998 152.682999 1.522808
v 83.581001 152.403000 2.702409
v 84.314598 149.847000 -3.025551
v 84.651100 149.850998 -0.497281
v 84.725304 149.852997 -2.360791
v 85.787201 152.386002 -1.311272
v 84.388298 151.675003 -4.143402
v 84.545799 151.203995 -3.004822
v 82.885101 149.783005 -3.938671
v 79.276901 146.261002 3.737369
v 79.674202 148.042999 2.637349
v 79.932999 148.343002 4.986589
v 80.520500 146.973999 4.259089
v 80.992897 146.264008 6.461019
v 81.122398 145.602005 5.561559
v 81.199501 147.464996 6.353989
v 82.282600 148.097000 5.305959
v 82.342400 145.714005 4.824069
v 82.709801 147.449005 4.686779
v 84.103401 146.080994 5.475579
v 84.154099 145.641006 6.351789
v 84.335197 146.806000 6.420059
v 87.567703 150.218994 4.428149
v 85.679497 148.710999 4.260788
v 86.897903 149.660995 5.374779
v 87.354797 149.231995 3.154199
v 88.334999 147.270996 4.869359
v 88.532997 147.444000 4.050649
v 89.750801 146.102997 5.105759
v 89.856499 146.063995 4.322119
v 90.121597 147.147995 5.650069
v 90.127502 147.416000 3.649289
v 90.375504 148.095993 4.732809
v 91.278297 146.544998 5.381589
v 91.352699 146.500000 4.387529
v 83.849701 149.246994 -3.910341
v 84.067101 149.889008 2.160109
v 84.480003 149.759995 0.791783
v 85.514503 148.449997 1.328179
v 85.609901 148.850998 -1.477251
v 87.117104 147.996002 -1.626931
v 85.682503 148.973999 -5.335402
v 85.910400 146.556000 -4.603171
v 85.949600 148.996994 -3.207241
v 86.095596 146.643005 -3.819061
v 86.146004 149.979996 -4.466131
v 86.717300 145.100998 -4.325361
v 87.957497 146.455002 -4.480131
v 88.123703 145.369995 -5.051941
v 88.281898 145.199997 -3.918901
v 85.022202 148.158997 -3.987261
v 87.528702 148.912003 2.912019
v 87.705200 148.804001 0.654341
v 88.032898 149.091995 -2.707581
v 88.279999 149.059998 -0.445772
v 88.093697 149.688004 1.690549
v 88.502403 149.694000 -1.618231
v 87.519203 146.934006 1.742849
v 87.574402 147.020996 -1.722801
v 89.029602 145.862000 -2.499621
v 89.073700 145.798004 1.270489
v 89.082497 145.768005 -1.210131
v 89.096199 145.809998 2.216269
v 89.522102 144.378998 -2.397951
v 89.556503 144.261993 -1.613511
v 90.060799 144.082993 2.191989
v 90.128899 144.199997 1.359099
v 90.653702 144.893997 -2.847041
v 90.914101 145.205994 -1.147671
v 91.142403 145.395996 -2.083281
v 91.274002 145.197998 2.833069
v 91.283997 145.130997 0.918967
v 91.315002 144.059998 -1.704231
v 91.380402 144.348007 -2.609091
v 91.474403 146.063995 1.948099
v 92.024902 144.455994 2.606629
v 92.031998 144.343002 1.374799
v -27.596201 148.557007 4.228369
v -22.276800 154.158005 3.493758
v -21.651600 156.565994 0.114066
v -21.467501 153.175995 -11.657412
v -21.265400 158.173996 -4.095242
v -21.220400 156.391006 -8.427681
v -24.252300 145.298996 -11.647712
v -21.201000 146.834000 -12.348111
v -19.998400 148.901993 5.388019
v -17.922899 155.921997 -9.048681
v -18.276400 155.820999 1.202738
v -18.039499 157.483002 -3.933962
v -16.511900 157.567993 -3.850872
v -14.447700 158.207993 -3.477862
v -12.284800 155.917007 -10.869411
v -16.600000 155.516998 3.018468
v -14.223600 156.072006 2.528318
v -42.681999 152.169998 0.345224
v -42.645901 154.852005 -0.139601
v -41.959202 149.412994 -0.943552
v -40.091400 157.968002 -0.987566
v -40.046398 157.085999 -7.533662
v -39.830299 152.391998 -11.971111
v -39.734798 155.382004 -2.437762
v -39.601398 152.386993 4.190498
v -39.524799 148.444000 -11.220311
v -39.310101 148.151993 3.079189
v -39.109501 144.363998 -1.312481
v -39.082500 143.727997 -7.668031
v -39.076500 154.319000 0.407770
v -38.750599 149.692001 1.514659
v -37.842602 155.427994 -3.782172
v -36.429501 151.871002 2.397768
v -36.364300 149.886993 2.463549
v -35.915901 147.977997 0.484715
v -35.825699 153.725998 1.282048
v -35.220402 147.063004 -1.467881
v -35.042900 154.955994 -1.022392
v -34.774200 148.539993 -11.038311
v -34.709801 146.643005 -6.696981
v -34.601398 148.852005 3.141119
v -34.537800 146.602997 -3.659941
v -33.565399 155.988007 -2.390862
v -32.396099 143.785004 -8.008950
v -32.270401 149.244003 -7.287712
v -31.907200 142.988007 -1.332641
v -31.530800 154.828003 -5.143562
v -31.270800 152.626999 -7.080822
v -30.934999 151.309006 -4.029441
v -30.252600 157.429993 -2.965402
v -29.957600 155.917999 -8.218862
v -29.896601 154.819000 3.102988
v -29.045300 150.457993 -11.779112
v -26.736799 143.960007 -1.166661
v -24.929300 158.039001 -3.601672
v -24.917900 157.225998 -8.385342
v -24.340300 154.925003 -11.217511
v -24.299101 157.050003 1.111288
v -53.576401 156.466003 -0.722373
v -49.815800 154.087997 2.136108
v -49.783298 151.998993 -9.019201
v -49.380100 148.048996 -8.276941
v -48.090698 151.742004 -9.997842
v -47.866699 148.203995 -9.377501
v -44.961201 156.184998 -5.819552
v -44.576900 156.177002 -2.610402
v -42.991901 152.537003 -9.120591
v -43.966000 146.841995 -5.526451
v -41.854000 153.434006 -8.104582
v -41.413898 149.007004 -7.742551
v -42.862499 149.048004 -9.101841
v -42.142799 147.264008 -2.950831
v -73.763000 150.770996 -4.983592
v -73.656601 153.417007 -4.529051
v -73.474998 156.026993 -3.753522
v -73.474998 154.770004 -3.753522
v -73.456596 148.444000 -3.674801
v -72.880699 147.524994 -1.215071
v -72.304802 148.444000 1.244659
v -72.286400 154.770004 1.323388
v -72.286400 156.026993 1.323388
v -72.104797 153.417007 2.098918
v -71.998398 150.770996 2.553458
v -71.791603 154.294006 -1.865892
v -71.707001 150.076004 -3.986841
v -71.646896 153.231003 -4.277482
v -71.542397 150.938004 -4.879261
v -71.321800 149.384995 -1.568871
v -71.063103 153.188995 0.503882
v -70.762497 150.945007 1.697299
v -68.240997 149.070999 -3.550151
v -68.148499 150.770996 -6.240771
v -68.042099 153.417007 -5.786232
v -67.889503 151.084000 -5.495661
v -67.860497 156.026993 -5.010702
v -67.860497 154.770004 -5.010702
v -67.842102 148.444000 -4.931982
v -67.625198 148.985992 -1.249041
v -67.266197 147.524994 -2.472251
v -67.251503 153.561996 -5.113361
v -66.690201 148.444000 -0.012524
v -66.671799 154.770004 0.066201
v -66.671799 156.026993 0.066201
v -66.490196 153.417007 0.841732
v -66.480499 150.878998 0.697889
v -66.383797 150.770996 1.296269
v -66.195198 153.432007 -0.267064
v -66.133797 154.539993 -2.517062
v -56.483799 149.714996 -9.621701
v -56.031200 153.559006 -8.952222
v -55.495300 147.100006 -7.748941
v -54.501499 156.501007 -5.107272
v -51.716499 150.125000 -9.489391
v -51.410400 146.330002 -3.445701
v -50.800499 153.817993 -8.387562
v -50.710499 147.227005 -7.803041
v -50.478298 147.567001 -0.686448
v -50.141701 150.117996 0.188543
v -48.608101 146.057007 -5.829471
v -77.978798 149.082993 -3.674351
v -77.160797 153.335999 -1.950872
v -77.033096 153.576004 0.338000
v -76.916000 148.828995 -0.930338
v -76.707901 150.522995 -5.029511
v -76.663902 152.490005 -4.265421
v -76.228996 152.998001 2.113569
v -75.961304 148.134003 4.259099
v -75.707603 147.289001 0.766568
v -75.554497 149.682999 -4.547202
v -75.235100 147.179993 2.747309
v -74.928902 151.132004 3.274939
v -74.376404 148.947006 -1.904501
v -73.884399 149.634995 2.754809
v -73.586502 148.440002 1.006849
v -74.915604 153.182007 -3.531052
v -74.515999 154.018997 -0.841936
v -73.263298 152.772995 1.702238
v -74.856903 151.483994 -4.485571
v -74.291000 150.098999 -4.494961
v -72.867996 149.013000 -1.163181
v -72.676102 151.052002 2.348199
v -72.387001 149.725006 1.912129
v -85.198097 151.386002 0.049557
v -84.807602 151.382996 -2.572501
v -84.453697 151.130997 2.636158
v -83.936203 152.039993 -2.951921
v -83.908798 152.279999 -0.207652
v -83.774803 150.781998 -4.915251
v -83.765198 153.533005 -1.290122
v -83.758202 153.593994 1.335128
v -83.502098 152.832001 3.985579
v -83.470001 152.710007 -3.862211
v -82.902496 150.903000 5.142778
v -82.030098 149.962006 4.547769
v -81.954201 149.664993 -3.303591
v -81.867104 150.238007 -0.941783
v -81.514603 149.464005 3.047789
v -81.402100 150.662994 -5.221561
v -81.347504 149.824005 1.632069
v -80.354103 151.731995 4.627668
v -79.835503 150.891006 4.842669
v -76.634003 149.714005 4.576159
v -80.198402 148.899002 3.865659
v -79.078499 147.903000 5.825459
v -78.575798 149.179001 5.046389
v -78.564102 146.584000 5.752719
v -78.539398 146.128006 4.652649
v -84.070503 149.496994 3.359629
v -83.807404 149.380005 4.458989
v -84.767998 152.682999 1.522808
v -84.523804 151.740997 4.105029
v -83.581001 152.403000 2.702409
v -84.725304 149.852997 -2.360791
v -84.651100 149.850998 -0.497281
v -84.315002 149.847000 -3.026011
v -85.787003 152.386002 -1.311012
v -84.545799 151.203995 -3.004822
v -84.388298 151.675003 -4.143392
v -82.885201 149.783005 -3.938671
v -80.520500 146.973999 4.259089
v -79.932999 148.343002 4.986589
v -79.674202 148.042999 2.637349
v -79.276901 146.261002 3.737369
v -84.335197 146.806000 6.420059
v -84.154099 145.641006 6.351789
v -84.103401 146.080994 5.475579
v -82.709801 147.449005 4.686789
v -82.342400 145.714996 4.824069
v -82.282600 148.097000 5.305969
v -81.199501 147.464996 6.353989
v -81.122398 145.602005 5.561559
v -80.992897 146.264008 6.461019
v -87.567703 150.218994 4.428149
v -85.679497 148.710999 4.260788
v -87.354797 149.231995 3.154199
v -86.897903 149.660995 5.374779
v -91.352699 146.500000 4.387529
v -91.278297 146.544998 5.381589
v -90.375504 148.095993 4.732809
v -90.127502 147.416000 3.649289
v -90.121597 147.147995 5.650069
v -89.856499 146.063995 4.322119
v -89.750801 146.102997 5.105759
v -88.532997 147.444000 4.050649
v -88.334999 147.270996 4.869359
v -85.609901 148.850998 -1.477251
v -85.514999 148.449997 1.328179
v -84.480003 149.759995 0.791783
v -84.067101 149.889008 2.160109
v -83.849701 149.246994 -3.910341
v -87.117104 147.996002 -1.626921
v -88.281898 145.199997 -3.918901
v -88.123703 145.369995 -5.051941
v -87.957497 146.455002 -4.480131
v -86.717300 145.100998 -4.325361
v -86.146004 149.979996 -4.466131
v -86.095596 146.643005 -3.819051
v -85.949600 148.998001 -3.207241
v -85.910400 146.556000 -4.603171
v -85.682503 148.973999 -5.335402
v -88.279999 149.059998 -0.445771
v -88.032898 149.091995 -2.707581
v -87.705200 148.804001 0.654341
v -87.528702 148.912003 2.912019
v -85.022202 148.158997 -3.987261
v -88.502403 149.694000 -1.618231
v -88.093697 149.688004 1.690549
v -92.031998 144.343002 1.374799
v -92.024902 144.455994 2.606629
v -91.474403 146.063995 1.948099
v -91.380402 144.348007 -2.609081
v -91.315002 144.059998 -1.704231
v -91.283997 145.130997 0.918967
v -91.274002 145.197998 2.833069
v -91.142403 145.395996 -2.083281
v -90.914101 145.205994 -1.147671
v -90.653702 144.893997 -2.847041
v -90.128899 144.199997 1.359099
v -90.060799 144.082993 2.191989
v -89.556503 144.261993 -1.613511
v -89.522102 144.378998 -2.397951
v -89.096199 145.809998 2.216269
v -89.082497 145.768005 -1.210131
v -89.073700 145.798004 1.270489
v -89.029602 145.862000 -2.499621
v -87.574402 147.020996 -1.722801
v -87.519203 146.934006 1.742849
v 0.709812 77.355400 -0.891896
v 2.037050 63.898998 -1.731995
v 2.735860 63.898998 -7.797425
v 10.888900 77.355400 10.141194
v 11.202200 77.355400 -11.510305
v 11.651500 63.898998 -11.131004
v 15.920000 93.118896 6.776583
v 16.498100 77.355400 6.608444
v 17.765499 77.355400 -7.013056
v 17.839800 63.898998 -6.497175
v 18.321100 63.898998 -1.049705
v 18.924999 93.118896 -1.255087
v 19.283100 77.355400 -0.820772
v 2.992120 52.308399 -1.117314
v 5.304370 53.124100 4.793156
v 10.153800 53.124100 6.620196
v 15.751200 53.124100 4.793156
v 17.234699 52.308399 -1.824684
v 4.713190 57.569302 6.332826
v 10.729800 57.569302 8.578586
v 16.325899 57.569302 5.938836
v 4.279780 62.058102 4.934325
v 11.032100 62.058102 8.785895
v 16.810301 62.058102 4.934325
v 2.808100 37.055500 -2.615353
v 2.817770 45.749699 -2.663763
v 3.188340 52.308399 -8.065504
v 3.584770 45.749699 -10.004504
v 3.791530 37.055500 -10.718603
v 5.139280 45.749699 2.664247
v 5.451940 37.055500 2.318427
v 10.009000 37.055500 4.640547
v 10.323200 45.749699 5.468827
v 11.088600 37.055500 -14.914103
v 11.191600 52.308399 -11.724004
v 11.402800 45.749699 -13.662304
v 14.443100 37.055500 1.678317
v 14.891000 45.749699 2.526947
v 15.822700 37.055500 -10.168003
v 16.251900 45.749699 -9.407694
v 17.138399 52.308399 -7.397184
v 17.871901 37.055500 -3.237693
v 17.914499 45.749699 -2.980833
v 3.395420 7.341360 -0.720458
v 4.948510 6.645790 2.890209
v 16.200001 6.645790 2.890209
v 5.672950 6.645800 -8.189351
v 10.023700 6.645799 -11.583101
v 14.333000 6.645800 -8.189351
v 3.328020 5.825359 -9.051380
v 6.816290 12.652100 -6.033631
v 10.023700 12.652099 -9.715411
v 10.693500 5.772829 -13.624300
v 15.583800 5.825359 -9.051380
v 10.900100 13.307699 -14.164201
v 14.970000 16.517799 2.187589
v 17.158800 14.903100 -1.977131
v 3.749360 13.333999 -9.375241
v 15.640100 13.333999 -9.276681
v 3.834330 22.464899 -2.634272
v 4.170700 22.464899 -9.701732
v 5.629270 22.464899 1.088378
v 10.027100 22.464899 3.074888
v 11.106700 22.464897 -13.602602
v 14.615000 22.464899 0.884001
v 15.696500 22.464899 -9.504622
v 16.787800 22.464899 -3.233792
v 4.798910 0.004783 -2.966330
v 4.798910 1.090420 -2.966330
v 5.258010 1.090420 1.356060
v 5.913230 0.004782 -9.323080
v 10.023700 0.004782 -10.696600
v 14.013500 0.004782 -9.323070
v 15.904000 1.090420 -2.966330
v 15.904000 0.004783 -2.966340
v 16.485901 1.090420 1.356060
v 5.318410 0.737343 18.610901
v 7.613080 2.167192 21.423201
v 7.613090 7.626021 18.610901
v 12.909600 2.167192 21.423201
v 12.909600 7.626021 18.610901
v 15.621400 0.737343 18.610901
v 3.485930 0.004784 12.824700
v 18.692600 0.004784 12.824700
v 5.233830 6.413921 12.824699
v 10.023700 7.515421 12.824699
v 16.697001 6.413921 12.824699
v 3.767690 0.004783 6.627970
v 15.656800 8.055840 6.627970
v 18.123501 0.004783 6.627970
v -19.283100 77.355400 -0.820772
v -18.924999 93.118896 -1.255087
v -18.321100 63.898998 -1.049705
v -17.839800 63.898998 -6.497175
v -17.765499 77.355400 -7.013056
v -16.498100 77.355400 6.608444
v -15.920000 93.118896 6.776583
v -11.651500 63.898998 -11.131004
v -11.202200 77.355400 -11.510305
v -10.888900 77.355400 10.141194
v -3.127570 77.355400 -8.147655
v -2.735860 63.898998 -7.797425
v -2.081150 77.355400 5.184914
v -2.037050 63.898998 -1.731995
v -0.709812 77.355400 -0.891896
v -17.234699 52.308399 -1.824684
v -15.751200 53.124100 4.793156
v -10.153800 53.124100 6.620196
v -5.304370 53.124100 4.793156
v -2.992120 52.308399 -1.117314
v -16.325899 57.569302 5.938836
v -10.729800 57.569302 8.578586
v -4.713190 57.569302 6.332826
v -16.810301 62.058102 4.934325
v -11.032100 62.058102 8.785895
v -4.279780 62.058102 4.934325
v -17.914499 45.749699 -2.980833
v -17.871901 37.055500 -3.237693
v -17.138399 52.308399 -7.397184
v -16.251900 45.749699 -9.407694
v -15.822700 37.055500 -10.168003
v -14.891000 45.749699 2.526947
v -14.443100 37.055500 1.678317
v -11.402800 45.749699 -13.662304
v -11.191600 52.308399 -11.724004
v -11.088600 37.055500 -14.914103
v -10.323200 45.749699 5.468827
v -10.009000 37.055500 4.640547
v -5.451940 37.055500 2.318427
v -5.139280 45.749699 2.664247
v -3.791530 37.055500 -10.718603
v -3.584770 45.749699 -10.004504
v -3.188340 52.308399 -8.065504
v -2.817770 45.749699 -2.663763
v -2.808100 37.055500 -2.615353
v -16.200001 6.645790 2.890209
v -14.333000 6.645800 -8.189351
v -10.023700 6.645799 -11.583101
v -5.672950 6.645800 -8.189351
v -15.583800 5.825359 -9.051380
v -10.693500 5.772829 -13.624300
v -10.023700 12.652099 -9.715411
v -3.328020 5.825359 -9.051380
v -10.900100 13.307699 -14.164201
v -3.614880 14.903100 -1.677361
v -15.640100 13.333999 -9.276681
v -3.749360 13.333999 -9.375241
v -16.787800 22.464899 -3.233792
v -15.696500 22.464899 -9.504622
v -14.615000 22.464899 0.884001
v -11.106700 22.464897 -13.602602
v -10.027100 22.464899 3.074888
v -5.629270 22.464899 1.088378
v -4.170700 22.464899 -9.701732
v -3.834330 22.464899 -2.634272
v -16.485901 1.090420 1.356060
v -15.904000 1.090420 -2.966330
v -15.904000 0.004783 -2.966340
v -14.013500 0.004782 -9.323070
v -10.023700 0.004782 -10.696600
v -5.913230 0.004782 -9.323080
v -5.258010 1.090420 1.356060
v -4.798910 0.004783 -2.966340
v -4.798910 1.090420 -2.966340
v -15.621400 0.737343 18.610901
v -12.909600 7.626021 18.610901
v -12.909600 2.167192 21.423201
v -7.613090 7.626021 18.610901
v -7.613080 2.167192 21.423201
v -5.318410 0.737343 18.610901
v -18.692600 0.004784 12.824700
v -3.485930 0.004784 12.824700
v -16.697001 6.413921 12.824699
v -10.023700 7.515421 12.824699
v -5.233830 6.413921 12.824699
v -18.123501 0.004783 6.627970
v -10.023700 9.394221 6.627970
v -5.040140 8.055840 6.627980
v -3.767690 0.004783 6.627970
v -0.000000 100.054001 11.994192
v 2.813680 99.831200 11.345093
v 2.395900 91.096298 9.455363
v -0.000000 90.856003 9.762963
v -0.000000 87.642799 5.184913
v -0.000000 101.642998 -14.760307
v -0.000000 86.256500 -1.746737
v -0.000000 94.845497 -14.844007
v -0.000000 86.866203 -7.954167
v -0.000000 89.477303 -12.731007
v -4.920440 93.739799 -15.755607
v -6.167230 162.619995 -1.955442
v -3.532100 161.895004 -7.270782
v -0.000000 162.009995 -8.031543
v 3.532100 162.108002 -7.454443
v 6.167230 162.619995 -1.955442
v -4.530390 158.126999 1.792998
v 1.772250 156.869995 4.038258
v 4.530390 158.126999 1.792998
v -6.362830 162.468994 -4.583602
v -5.597620 158.873001 -0.389804
v -3.826000 160.962997 -7.535652
v -0.000001 160.856995 -8.112713
v 5.597620 158.873001 -0.389804
v -0.000000 156.921005 -12.389812
v -0.000000 163.279999 -6.466793
v -5.709050 164.014999 -1.589152
v -5.074440 163.276993 1.750458
v -4.811770 164.326996 -3.628122
v -4.264390 159.884995 3.318868
v -3.060330 160.266998 3.888088
v -1.691020 159.449005 4.933078
v 0.000000 158.625000 6.017668
v 0.000000 160.158997 7.323528
v 1.691020 159.449005 4.933078
v 3.060330 160.266998 3.888088
v 4.264390 159.884995 3.318868
v 4.811770 164.326996 -3.628122
v 5.074440 163.276993 1.750458
v 5.709050 164.014999 -1.589152
v -3.227300 164.244995 -5.678802
v 3.227300 164.244995 -5.678802
v 8.833610 159.669006 -8.500173
v 5.468680 157.447998 -11.946212
v -8.833610 159.669006 -8.500173
v -5.468680 157.447998 -11.946212
v 12.202900 150.921997 -14.772411
v 11.487800 144.865005 -15.873111
v 14.263200 148.615005 6.841969
v 5.464000 151.315994 -15.368711
v 14.726400 143.391006 8.091599
v 16.223101 146.363998 -12.772812
v 16.955299 150.074997 -11.867711
v 19.863100 142.787994 -1.000681
v 17.957500 143.792999 5.926979
v 18.135201 143.013000 -12.136311
v 19.543800 141.210007 -8.565801
v -10.898900 141.505005 -14.020011
v -14.726400 143.391006 8.091599
v -5.464000 151.315994 -15.368711
v -19.863100 142.787994 -1.000681
v -16.955299 150.074997 -11.867711
v -16.223101 146.363998 -12.772812
v -19.543800 141.210007 -8.565801
v -18.135201 143.013000 -12.136311
v -17.957500 143.792999 5.926979
v -6.305910 166.865005 0.729174
v -6.217190 167.779007 -1.284263
v -5.221620 168.194000 -3.510593
v -4.844480 165.408005 3.031218
v -4.045600 163.798004 5.037678
v -3.276890 167.188004 -5.240693
v -2.272540 162.541000 6.477468
v -0.000000 166.628998 -6.114382
v 0.000000 161.850006 7.506338
v 2.272540 162.541000 6.477468
v 3.277020 167.188004 -5.240633
v 4.045600 163.798004 5.037678
v 4.844480 165.408005 3.031218
v 5.221620 168.194000 -3.510593
v 6.217190 167.779007 -1.284263
v 6.305910 166.865005 0.729174
v 23.425900 143.373993 -1.083671
v 24.252300 145.298996 -11.647712
v 19.998400 148.901993 5.388019
v 21.497700 145.938004 5.077679
v 16.322399 155.470001 -9.546572
v -25.585899 143.419006 -7.671541
v -23.425900 143.373993 -1.083671
v -19.019400 151.375000 -11.237111
v -21.497700 145.938004 5.077679
v -16.322399 155.470001 -9.546572
v 2.081150 77.355400 5.184914
v 3.127570 77.355400 -8.147655
v 17.529800 7.341360 -0.720459
v 13.360300 12.652100 -6.033631
v 3.614880 14.903100 -1.677361
v 5.645200 16.517799 2.289779
v 9.820530 16.949400 4.266469
v 10.890300 13.560700 -2.305421
v 6.132940 10.461100 3.904599
v 10.023700 11.130300 4.641029
v 14.508600 10.461100 3.904599
v 5.661120 10.570800 3.491179
v 6.816290 14.605800 0.526354
v 9.613930 11.434000 5.458059
v 10.023700 14.605800 1.999209
v 13.360300 14.605800 0.526354
v 15.325100 10.570800 3.491179
v 5.040140 8.055840 6.627980
v 10.023700 9.394221 6.627970
v -17.529800 7.341360 -0.720459
v -4.948510 6.645790 2.890209
v -3.395420 7.341360 -0.720458
v -13.360300 12.652100 -6.033631
v -6.816290 12.652100 -6.033631
v -17.158800 14.903100 -1.977131
v -14.970000 16.517799 2.187589
v -9.820530 16.949400 4.266469
v -5.645200 16.517799 2.289779
v -10.890300 13.560700 -2.305421
v -14.508600 10.461100 3.904599
v -10.023700 11.130300 4.641029
v -6.132940 10.461100 3.904599
v -15.325100 10.570800 3.491179
v -13.360300 14.605800 0.526353
v -10.023700 14.605800 1.999209
v -9.613930 11.434000 5.458059
v -6.816290 14.605800 0.526353
v -5.661120 10.570800 3.491179
v -15.656800 8.055840 6.627970
v 7.430200 163.887329 6.483420
v -7.430181 163.887329 6.483419
v 6.417590 164.105042 7.624530
v -6.417581 164.105042 7.624529
v 6.542390 164.479431 4.982760
v -6.542380 164.479431 4.982759
v 0.000009 166.526321 -6.114370
v 6.604590 166.875916 7.234820
v -6.604570 166.875916 7.234819
v 7.895350 166.999802 6.107740
v -7.895340 166.999802 6.107739
v 3.277031 167.085205 -5.240610
v -3.276879 167.085236 -5.240680
v 7.049281 167.123703 4.510180
v -7.049270 167.123703 4.510180
v 6.765641 167.753220 1.368040
v -6.765619 167.753220 1.368040
v -5.221669 168.091217 -3.510540
v 5.221621 168.091248 -3.510580
v 10.115001 168.196182 1.368040
v -10.114999 168.196182 1.368039
v 7.495861 168.929718 4.208351
v -7.495849 168.929718 4.208350
v 6.502541 168.929718 -1.472270
v -6.502519 168.929718 -1.472270
v 0.000008 169.232819 15.550600
v 10.115001 169.242935 3.895130
v 10.115001 169.242935 -1.159060
v -10.114999 169.242935 3.895129
v -10.114999 169.242935 -1.159060
v 0.000009 169.685440 -8.912120
v 2.577370 169.994278 14.477700
v -2.577359 169.994278 14.477800
v 6.889661 170.384125 7.705390
v -6.889639 170.384125 7.705389
v 5.429502 170.459015 -7.056140
v -5.429488 170.459015 -7.056140
v 0.000008 170.468994 16.445200
v 4.800211 171.076645 12.333100
v -4.800189 171.076645 12.333100
v 7.048562 171.216232 -4.208240
v -7.048539 171.216232 -4.208241
v 8.600422 171.770035 5.384840
v 10.115002 171.770035 4.941890
v -8.600398 171.770035 5.384840
v -10.114998 171.770035 4.941889
v 8.414351 171.770035 -2.648770
v 10.115002 171.770035 -2.205810
v -8.414328 171.770035 -2.648771
v -10.114998 171.770035 -2.205811
v -3.354639 171.940216 15.502400
v 3.354661 171.940216 15.502400
v 6.306651 171.971985 9.893050
v -6.306629 171.971985 9.893050
v 0.000009 171.974350 16.892099
v 7.239292 172.612076 8.201490
v -7.239269 172.612076 8.201490
v 0.000010 172.800659 -10.342500
v 0.000009 173.593384 17.064899
v -6.198099 173.653763 12.556300
v 6.198112 173.653763 12.556300
v 3.433031 173.705429 15.719800
v -3.433009 173.705429 15.719800
v 8.346942 173.741837 6.046021
v -8.346918 173.741837 6.046020
v 7.634451 173.754654 9.004120
v -7.634439 173.754654 9.004120
v 8.277922 173.841003 -4.370969
v -8.277898 173.841003 -4.370970
v 10.115002 174.297104 3.895130
v 10.115002 174.297104 -1.159050
v -10.114998 174.297104 3.895129
v -10.114998 174.297104 -1.159050
v 8.714782 174.610001 4.208001
v -8.714988 174.610001 4.208000
v 6.524613 175.063004 -8.691800
v -6.524587 175.063004 -8.691800
v 0.000010 175.221695 16.837099
v 10.115002 175.343903 1.368040
v -10.114998 175.343903 1.368039
v 3.354661 175.347397 15.539100
v -3.354639 175.347397 15.539100
v 11.248902 175.466293 -5.171780
v -6.080438 175.519501 12.680000
v 6.080462 175.519501 12.680000
v 10.804602 175.525894 1.257870
v 7.749152 175.694595 8.952100
v -7.749128 175.694595 8.952100
v -8.649228 175.770294 -4.004040
v 8.553061 175.811203 6.019441
v -8.553038 175.811203 6.019430
v 12.042202 175.873291 -1.361320
v -8.838988 176.062302 3.401930
v 8.838752 176.063095 3.401931
v 8.649241 176.197693 -4.387549
v 0.000011 176.197693 -10.853600
v 0.000010 176.761597 16.158100
v 3.122562 176.861099 15.299600
v -3.122538 176.861099 15.299600
v 5.732002 176.964005 12.693900
v -5.731978 176.964005 12.693900
v -12.194798 177.014709 1.538830
v -11.517697 177.276794 -3.718700
v 7.436522 177.287003 8.939940
v -7.436508 177.287003 8.939940
v 11.610903 177.302704 2.908150
v -8.005367 177.610107 6.224070
v 8.005393 177.611694 6.224071
v 14.103303 177.660400 -5.736780
v 0.000012 177.955399 -12.250200
v 0.000010 177.964096 15.332200
v 6.036033 178.226196 -9.213510
v -6.036016 178.226196 -9.213510
v 13.599703 178.329590 -0.356415
v 8.800003 178.388306 -5.536690
v -10.456098 178.528198 4.948520
v 6.664382 178.793304 9.271320
v -6.664368 178.793304 9.271330
v 12.340302 178.814392 -7.094029
v 2.338002 178.842102 14.552400
v -2.337978 178.842102 14.552400
v 8.912213 178.904602 6.203471
v -3.220977 178.969604 -11.430200
v 3.220993 178.969604 -11.430200
v 0.000012 179.093994 -14.536900
v 8.181113 179.224701 6.319820
v -8.164277 179.246902 -5.120400
v -4.808897 179.340698 12.368600
v 4.808922 179.340698 12.368600
v 10.529303 179.412704 2.641881
v -8.582747 179.446701 6.173920
v 0.000012 179.672394 -19.446400
v 6.687313 179.748093 9.662290
v -12.530897 179.798798 2.895020
v -2.343588 179.819595 14.713200
v 14.737603 179.825302 -4.087930
v 9.412622 179.927292 2.719620
v -14.036098 179.999695 -3.325951
v -12.576697 180.095505 -5.027911
v 12.303303 180.137299 -0.652791
v -8.282027 180.637802 9.217770
v -10.506197 180.652405 3.226330
v 3.265383 180.815094 13.400600
v 0.000011 180.850403 14.652700
v 1.898213 180.850403 12.895800
v 9.819783 180.851196 -0.857732
v -2.354977 181.061905 13.153400
v 8.755873 181.097198 6.769091
v -10.665997 181.268600 -5.755341
v 8.991693 181.493896 -3.547480
v 13.736504 181.519699 -4.296690
v -9.750366 181.534897 0.023114
v 10.306304 181.642700 2.730391
v 6.927193 181.785797 10.300800
v 7.581664 181.802902 -7.525589
v -4.765607 181.972794 11.404300
v -5.131606 181.994400 -11.978400
v 5.307364 182.022202 -12.072100
v 11.941104 182.126694 -4.546070
v 12.016504 182.224701 -6.309400
v 11.689804 182.251404 -1.136250
v -13.933496 182.350296 -2.631241
v -7.230166 182.354401 -7.338080
v 8.724483 182.904297 -4.154960
v -8.183936 182.921600 -3.174630
v -10.893597 182.935608 2.979059
v -11.484996 183.326401 -4.897430
v 0.000013 183.646500 -14.398100
v 3.666273 183.662796 9.833090
v -7.324096 183.808807 -4.813860
v 5.674613 183.832504 10.122600
v 15.191604 183.850693 -8.581079
v 9.418184 183.878204 7.097790
v -11.261796 183.949600 -0.023685
v -14.847496 184.116806 -7.933461
v -3.841007 184.303101 8.225640
v -2.506567 184.794800 11.923200
v 11.919404 185.087692 2.299670
v 0.239441 185.274506 13.010700
v 5.087314 185.275192 6.047760
v -10.029696 185.319305 2.929169
v 2.981354 185.337097 11.002400
v -9.855836 185.468109 -2.544831
v 8.008904 185.543793 6.115780
v 0.000013 185.586792 -9.852410
v 4.959014 185.665604 -5.359000
v -4.959356 185.666000 -5.358690
v 12.984604 185.848892 -2.738750
v -4.455846 185.985397 5.663670
v 5.022944 186.436295 -3.696130
v 0.450812 186.436295 -6.094880
v 6.250554 186.492599 -0.153149
v -7.159636 186.658508 6.047760
v 10.035405 186.758392 1.388291
v 13.178705 186.775299 -8.362449
v -2.730965 187.021194 -2.897700
v -6.659656 187.242401 -3.967470
v 10.656805 187.316696 -3.756880
v -10.302395 187.832703 -2.089550
v -5.135045 187.913406 0.584945
v -6.754005 188.818802 -4.034831
v 7.484475 189.292801 -6.072919
v -5.788895 189.360306 -2.035690
v 2.919705 189.381897 -7.850510
v 4.087824 189.597794 7.367680
v -8.884955 189.902206 -3.754170
v -7.840865 190.041397 -1.314010
v -2.652825 190.123306 4.700240
v -0.164933 190.608505 -4.919510
v 1.399955 190.939194 7.581200
v 5.570895 191.139893 2.038660
v -5.948915 191.474304 -4.933441
v 9.268196 191.883499 -10.465300
v 7.305856 192.174393 -5.246480
v 4.689146 192.212296 2.544470
v -0.979943 192.360504 -1.098120
v 1.050846 192.938004 2.260360
v 4.053176 193.169403 -6.091810
v 1.379218 174.432922 9.422028
v 1.945609 175.800919 9.417148
v 1.945608 173.065918 9.426918
v 1.982169 174.437927 10.756238
v 2.371954 173.496918 10.759638
v 2.371955 175.378922 10.752938
v 2.597800 174.439926 11.207938
v 2.597800 174.439926 11.207938
v 2.807273 173.933929 11.209738
v 2.807273 173.933929 11.209738
v 2.807273 174.944931 11.206138
v 2.807273 174.944931 11.206138
v 3.302619 174.414917 11.369138
v 3.312980 175.154922 11.205438
v 3.312980 175.154922 11.205438
v 3.312979 173.724930 11.210538
v 3.312979 173.724930 11.210538
v 3.312980 175.768921 10.751538
v 3.312979 173.106918 10.761038
v 3.312980 176.366928 9.415118
v 3.312978 172.499924 9.428948
v 3.818687 174.944931 11.206138
v 3.818687 174.944931 11.206138
v 3.818686 173.933929 11.209738
v 3.818686 173.933929 11.209738
v 4.028159 174.439926 11.207937
v 4.028159 174.439926 11.207937
v 4.254020 175.378922 10.752937
v 4.254019 173.496918 10.759638
v 4.643806 174.437927 10.756237
v 4.680366 175.800919 9.417147
v 4.680365 173.065918 9.426927
v 5.246756 174.432922 9.422037
v -5.247201 174.432922 9.421861
v -4.680811 173.065918 9.426751
v -4.680810 175.800919 9.416971
v -4.644250 174.437927 10.756041
v -4.254449 173.496918 10.759439
v -4.254464 175.378922 10.752741
v -4.028604 174.439926 11.207741
v -4.028604 174.439926 11.207741
v -3.819131 173.933929 11.209540
v -3.819131 173.933929 11.209540
v -3.819131 174.944931 11.205940
v -3.819131 174.944931 11.205940
v -3.313424 175.154922 11.205240
v -3.313424 175.154922 11.205240
v -3.313424 173.724930 11.210340
v -3.313424 173.724930 11.210340
v -3.313425 173.106918 10.760839
v -3.313424 175.768921 10.751340
v -3.313426 172.499924 9.428770
v -3.313424 176.366928 9.414940
v -3.303079 174.414917 11.368940
v -2.807732 174.944931 11.205940
v -2.807732 174.944931 11.205940
v -2.807733 173.933929 11.209540
v -2.807733 173.933929 11.209540
v -2.598260 174.439926 11.207740
v -2.598260 174.439926 11.207740
v -2.372399 175.378922 10.752740
v -2.372400 173.496918 10.759439
v -1.982614 174.437927 10.756040
v -1.946039 173.065918 9.426750
v -1.946038 175.800919 9.416970
v -1.379648 174.432922 9.421860
v -10.011595 173.299927 -0.754453
v -9.874372 174.780930 -0.175882
v -9.615248 171.078918 -0.342107
v -9.553631 175.213928 0.532929
v -9.350264 173.699921 -1.056698
v -9.187634 175.023926 -0.536055
v -8.988326 171.404922 -0.948389
v -8.903043 173.535919 -0.405068
v -8.885326 174.388931 1.606182
v -8.805065 175.448929 0.670623
v -8.788144 174.668930 0.228538
v -8.767101 176.867920 -0.522807
v -8.717508 179.449921 2.479462
v -8.625334 171.926926 -0.494541
v -8.484385 177.109924 2.519522
v -8.293853 169.168930 1.984812
v -8.179133 175.509918 3.316442
v -8.156935 172.178925 -0.571802
v -8.104629 169.369919 0.756459
v -8.100228 179.753922 4.431692
v -8.032620 174.590927 0.076006
v -7.901272 174.443924 2.121071
v -7.839566 173.173920 2.240612
v -7.825942 168.888931 1.514462
v -7.699248 170.276917 1.122892
v -7.693124 177.435928 5.828202
v -7.626524 171.787918 -1.058758
v -7.508373 173.123917 4.130152
v -7.496564 170.704926 2.328902
v -7.333266 170.412918 0.828592
v -7.181914 169.130920 2.516072
v -7.133770 172.896927 6.019702
v -6.969831 170.130920 5.689122
v -6.865340 169.444931 1.960292
v -6.857231 179.799927 7.575562
v -6.641581 172.465927 8.928521
v -6.586134 167.907928 5.563422
v -6.502518 169.032928 -1.472288
v -6.461333 166.463928 4.008572
v -6.305984 166.865921 0.729199
v -6.217255 167.778931 -1.284228
v -6.024154 167.416931 2.229181
v -5.928524 169.750931 8.505391
v -5.539195 171.760925 10.534941
v -5.309534 173.001923 10.416941
v -5.249249 167.957916 8.076490
v -5.221681 168.194931 -3.510558
v -4.846518 179.818924 10.925841
v -4.844543 165.407928 3.031241
v -4.569241 168.847931 10.361340
v -4.045670 163.797928 5.037701
v -3.590924 169.347931 6.821501
v -3.574857 168.081924 6.821501
v -3.379225 167.660919 6.491901
v -3.321481 174.341919 10.240440
v -3.244989 172.439926 11.655840
v -3.196955 171.202927 12.049240
v -3.190242 168.898926 11.168940
v -2.947200 169.490921 11.588440
v -2.944622 167.200928 11.064740
v -2.389654 179.990921 12.293740
v -2.272614 162.541931 6.477490
v -1.947568 165.307922 10.332640
v -1.845212 168.625931 6.491900
v -1.841623 174.189926 11.001440
v -1.838238 168.679916 10.472140
v -1.825755 170.313919 12.200739
v -1.692091 165.839920 6.491900
v -1.655084 174.161926 11.193840
v -1.565394 171.018921 12.347740
v -1.526072 170.020920 13.063540
v -1.483332 170.555923 13.009140
v -1.469157 169.543930 12.515640
v -1.341821 174.248917 11.781239
v -1.262292 172.997925 11.916540
v -1.111231 170.099930 14.103640
v -1.075250 170.773926 13.979239
v -0.966654 169.374924 13.070139
v -0.945902 169.751923 13.984138
v -0.921243 171.267929 13.180939
v -0.695291 170.947922 15.221539
v -0.674996 173.112930 13.410239
v -0.629053 169.830917 14.649839
v -0.587396 171.770920 14.091839
v -0.582773 170.228928 15.347339
v -0.547327 170.377930 13.640239
v -0.410243 169.217926 13.583939
v -0.365320 169.750931 14.804339
v -0.000009 170.216919 15.567839
v -0.000009 170.945923 15.491639
v -0.000009 169.934921 15.334839
v -0.000009 169.668930 14.920439
v -0.000009 171.813919 14.415739
v -0.000008 173.167923 13.636939
v -0.000010 168.951920 13.299339
v -0.000006 179.917923 12.563839
v -0.000010 169.156921 12.465939
v -0.000012 167.063919 12.090239
v -0.000011 168.679916 10.798939
v 0.000000 161.849930 7.506360
v 0.000003 168.625931 6.491910
v 0.000001 165.839920 6.491910
v 0.365301 169.750931 14.804339
v 0.410207 169.217926 13.583939
v 0.547293 170.377930 13.640239
v 0.582739 170.228928 15.347339
v 0.587363 171.770920 14.091839
v 0.629019 169.830917 14.649839
v 0.674979 173.112930 13.410239
v 0.695273 170.947922 15.221539
v 0.921225 171.267929 13.180939
v 0.945867 169.751923 13.984138
v 0.966634 169.374924 13.070139
v 1.075217 170.773926 13.979239
v 1.111197 170.099930 14.103638
v 1.262274 172.997925 11.916538
v 1.341804 174.248917 11.781239
v 1.469136 169.543930 12.515638
v 1.483328 170.555923 13.009138
v 1.526052 170.020920 13.063538
v 1.565374 171.018921 12.347738
v 1.655066 174.161926 11.193838
v 1.692094 165.839920 6.491910
v 1.825735 170.313919 12.200838
v 1.838215 168.679916 10.472238
v 1.841620 174.189926 11.001438
v 1.845217 168.625931 6.491910
v 1.947558 165.307922 10.332638
v 2.272614 162.541931 6.477499
v 2.389627 179.990921 12.293738
v 2.944614 167.200928 11.064738
v 2.947179 169.490921 11.588438
v 3.190236 168.898926 11.168938
v 3.196935 171.202927 12.049238
v 3.244971 172.439926 11.655838
v 3.321478 174.341919 10.240438
v 3.379214 167.660919 6.491909
v 3.574847 168.081924 6.821508
v 3.590930 169.347931 6.821508
v 4.045670 163.797928 5.037708
v 4.569218 168.847931 10.361437
v 4.844543 165.407928 3.031258
v 4.846521 179.818924 10.925838
v 5.221694 168.194931 -3.510552
v 5.249240 167.957916 8.076497
v 5.309515 173.001923 10.416937
v 5.539190 171.760925 10.534937
v 5.928516 169.750931 8.505397
v 6.024170 167.416931 2.229198
v 6.217269 167.778931 -1.284212
v 6.305984 166.865921 0.729216
v 6.461335 166.463928 4.008588
v 6.502533 169.032928 -1.472272
v 6.586123 167.907928 5.563437
v 6.641576 172.465927 8.928537
v 6.857231 179.799927 7.575577
v 6.865343 169.444931 1.960307
v 6.969821 170.130920 5.689137
v 7.133778 172.896927 6.019717
v 7.181932 169.130920 2.516087
v 7.333284 170.412918 0.828611
v 7.496569 170.704926 2.328927
v 7.508381 173.123917 4.130177
v 7.626543 171.787918 -1.058743
v 7.693137 177.435928 5.828217
v 7.699251 170.276917 1.122917
v 7.825944 168.888931 1.514477
v 7.839557 173.173920 2.240627
v 7.901264 174.443924 2.121097
v 8.032626 174.590927 0.076027
v 8.100242 179.753922 4.431706
v 8.104630 169.369919 0.756480
v 8.156954 172.178925 -0.571781
v 8.179143 175.509918 3.316456
v 8.293855 169.168930 1.984827
v 8.484380 177.109924 2.519547
v 8.625338 171.926926 -0.494519
v 8.717520 179.449921 2.479486
v 8.767124 176.867920 -0.522785
v 8.788165 174.668930 0.228560
v 8.805088 175.448929 0.670645
v 8.885334 174.388931 1.606206
v 8.903064 173.535919 -0.405046
v 8.988343 171.404922 -0.948366
v 9.187655 175.023926 -0.536032
v 9.350283 173.699921 -1.056673
v 9.553654 175.213928 0.532953
v 9.615267 171.078918 -0.342084
v 9.874377 174.780930 -0.175858
v 10.011599 173.299927 -0.754428
v -3.179289 163.870926 10.200439
v -3.015654 162.921921 9.465491
v -2.422132 164.934921 10.885240
v -1.879027 162.663925 9.143580
v -0.000013 165.307922 10.907839
v 1.879014 162.663925 9.143579
v 2.422122 164.934921 10.885238
v 3.015626 162.921921 9.465499
v 3.179277 163.870926 10.200438
v -0.000015 162.232925 9.112380
v -4.295348 164.008926 7.339982
v -4.228575 165.092926 8.780201
v 4.228563 165.092926 8.780218
v 4.295335 164.008926 7.339989
v -5.858306 165.374924 5.392502
v -5.453978 166.127930 7.477432
v -3.482816 165.467926 10.162640
v 3.482790 165.467926 10.162638
v 5.453966 166.127930 7.477448
v 5.858293 165.374924 5.392518
v -0.410762 167.983917 13.567139
v -0.000011 167.867920 13.539539
v -0.000011 167.477921 13.462039
v 0.410741 167.983917 13.567139
v -1.962184 168.761917 12.404440
v -0.507335 168.656921 13.147939
v -0.000011 168.542923 13.072439
v 0.507314 168.656921 13.147939
v 1.962163 168.761917 12.404539
v 3.198078 166.886917 11.227438
v 2.745365 167.286926 12.065938
v 2.897815 166.352921 10.630838
v 3.711460 167.944931 10.861638
v 4.215716 166.964920 9.576597
v -3.198102 166.886917 11.227440
v -2.745373 167.286926 12.065840
v -2.897840 166.352921 10.630840
v -4.215726 166.964920 9.576580
v -3.711483 167.944931 10.861640
v 3.081580 174.834930 11.797438
v 3.990943 174.718918 11.583937
v 2.403190 174.532928 11.733038
v 2.114234 174.384918 11.549639
v 2.575217 174.609924 10.990838
v 3.223197 175.031921 11.238638
v 4.076926 174.882919 10.974237
v 1.946143 174.712921 11.578039
v 4.721900 174.283920 10.949738
v -3.990960 174.718918 11.583941
v -3.081597 174.834930 11.797440
v -2.403207 174.532928 11.733040
v -2.114251 174.384918 11.549639
v -2.575234 174.609924 10.990840
v -4.076943 174.882919 10.974241
v -3.223214 175.031921 11.238640
v -4.721902 174.283920 10.949739
v -1.946160 174.712921 11.578039
v 2.889228 174.012924 11.523038
v 3.867774 174.046921 11.366338
v 2.101096 174.115921 11.328938
v 2.202887 173.359924 11.187738
v 3.574530 173.104919 10.988838
v 4.640707 173.441925 10.569838
v 5.186652 173.840927 10.178137
v -3.867791 174.046921 11.366340
v -2.889245 174.012924 11.523040
v -2.101113 174.115921 11.328940
v -5.186670 173.840927 10.178141
v -4.640710 173.441925 10.569839
v -3.574548 173.104919 10.988840
v -2.202905 173.359924 11.187740
v -0.000008 175.282928 12.957139
v -0.000008 174.635925 12.858039
v -0.000007 176.210922 12.821639
v -0.000007 177.096924 12.799439
v -1.937446 177.167923 12.631840
v -1.896370 176.084930 12.866739
v -1.885033 175.129929 12.827639
v -1.333443 174.860916 12.741640
v -1.059563 174.568924 12.728640
v 1.059532 174.568924 12.728638
v 1.333427 174.860916 12.741638
v 1.885002 175.129929 12.827639
v 1.896355 176.084930 12.866739
v 1.937417 177.167923 12.631838
v 5.283454 174.992920 11.282437
v 5.388557 176.150925 10.683637
v 5.809470 174.426926 9.568617
v 6.165977 175.514923 9.742747
v 6.201545 176.601929 9.916887
v 3.877800 175.390930 12.153938
v 4.126869 176.211929 12.139837
v 4.398598 177.130920 11.616238
v 5.957891 173.612930 9.352117
v 6.439979 178.027924 8.260837
v 6.655157 174.242920 8.077477
v 7.176794 175.846924 6.965477
v -6.201546 176.601929 9.916871
v -6.165978 175.514923 9.742731
v -5.809473 174.426926 9.568601
v -5.388573 176.150925 10.683640
v -5.283471 174.992920 11.282441
v -4.398612 177.130920 11.616240
v -4.126869 176.211929 12.139740
v -3.877831 175.390930 12.153940
v -7.176798 175.846924 6.965462
v -6.655161 174.242920 8.077451
v -6.439980 178.027924 8.260821
v -5.957895 173.612930 9.352101
v -3.316924 166.369919 6.137751
v -3.306226 168.147919 6.137761
v -2.651777 165.544922 10.196740
v -2.608365 167.461929 10.196740
v -2.159330 163.514923 11.273041
v -1.973403 162.463928 11.133541
v -1.399198 163.432922 12.327141
v -1.345792 164.121918 11.906839
v -1.257765 162.350922 11.853540
v -0.000013 163.388931 12.597640
v -0.000013 164.267929 12.036039
v -0.000014 162.293930 11.973240
v -0.000012 167.224930 11.646039
v -0.000012 165.598923 11.484639
v 1.257738 162.350922 11.853539
v 1.345767 164.121918 11.906839
v 1.399172 163.432922 12.327139
v 1.973375 162.463928 11.133539
v 2.159304 163.514923 11.273039
v 2.608341 167.461929 10.196738
v 2.651766 165.544922 10.196738
v 3.306216 168.147919 6.137769
v 3.316926 166.369919 6.137769
v -0.000012 165.340927 11.985639
v -1.456815 165.322922 11.731939
v 1.456805 165.322922 11.731939
v 2.654132 166.210922 11.474338
v -2.654156 166.210922 11.474339
v -1.947568 165.307922 10.332640
v -1.838238 168.679916 10.472140
v -0.000011 168.679916 10.798939
v 1.838215 168.679916 10.472238
v 1.947558 165.307922 10.332638
v -2.422132 164.934921 10.885240
v -0.000013 165.307922 10.907839
v 2.422122 164.934921 10.885238
v 2.668964 166.981918 11.843538
v -2.668988 166.981918 11.843540
v -0.410762 167.983917 13.567139
v -0.000011 167.477921 13.462039
v -0.000011 167.164917 13.101439
v -0.000011 167.265930 12.562939
v -0.000011 167.265930 12.562939
v 0.410741 167.983917 13.567139
v -1.962184 168.761917 12.404440
v -0.507335 168.656921 13.147939
v 0.507314 168.656921 13.147939
v 1.962163 168.761917 12.404539
v 1.600666 167.056931 12.525038
v 1.600666 167.056931 12.525038
v 1.678105 167.315918 12.815638
v 1.755558 167.747925 12.899139
v -1.755580 167.747925 12.899040
v -1.678127 167.315918 12.815639
v -1.600689 167.056931 12.525040
v -1.600689 167.056931 12.525040
v 3.198078 166.886917 11.227438
v 2.745365 167.286926 12.065938
v 2.897815 166.352921 10.630838
v 2.897815 166.352921 10.630838
v 3.711460 167.944931 10.861638
v -3.198102 166.886917 11.227440
v -2.745373 167.286926 12.065840
v -2.897840 166.352921 10.630840
v -2.897840 166.352921 10.630840
v -3.711483 167.944931 10.861640
v 3.081580 174.834930 11.797438
v 3.990943 174.718918 11.583937
v 2.403190 174.532928 11.733038
v 1.946143 174.712921 11.578039
v 4.721900 174.283920 10.949738
v 2.240684 174.897919 11.740338
v 3.240699 175.263931 11.800538
v 4.309272 175.028931 11.582937
v -3.990960 174.718918 11.583941
v -3.081597 174.834930 11.797440
v -2.403207 174.532928 11.733040
v -4.721902 174.283920 10.949739
v -1.946160 174.712921 11.578039
v -4.309289 175.028931 11.582941
v -3.240716 175.263931 11.800540
v -2.240700 174.897919 11.740340
v -1.885033 175.129929 12.827639
v 1.885002 175.129929 12.827639
v 5.283454 174.992920 11.282437
v 3.877800 175.390930 12.153938
v -5.283471 174.992920 11.282441
v -3.877831 175.390930 12.153940
v -0.000011 166.404922 13.103639
v -0.000011 166.943924 12.989739
v -0.000011 167.265930 12.562939
v -0.000012 165.872925 12.198039
v -0.000012 165.340927 11.985639
v -1.456815 165.322922 11.731939
v 1.456805 165.322922 11.731939
v 0.854664 166.380920 12.942438
v 1.154057 166.871918 12.769138
v 1.263538 166.748917 11.758438
v 1.263538 166.748917 11.758438
v 1.397053 167.349930 12.331539
v 1.557346 165.891922 12.017038
v -1.557355 165.891922 12.017040
v -1.397076 167.349930 12.331539
v -1.263562 166.748917 11.758440
v -1.263562 166.748917 11.758440
v -1.154064 166.871918 12.769140
v -0.854687 166.380920 12.942440
v 1.973606 166.562927 12.285738
v 2.654132 166.210922 11.474338
v -2.654156 166.210922 11.474339
v -1.973629 166.562927 12.285740
v -0.000011 167.056931 12.315739
v -0.000011 167.056931 12.315739
vn -0.9764 0.0618 0.2070
vn -0.7075 0.1444 0.6918
vn -0.9817 0.0019 0.1902
vn -0.7163 0.0331 0.6970
vn -0.7042 -0.0601 0.7074
vn -0.9831 -0.0355 0.1794
vn -0.7343 -0.0929 0.6725
vn -0.9886 -0.0250 0.1485
vn -0.9838 -0.0707 0.1645
vn -0.6806 -0.2469 0.6898
vn -0.0103 -0.3061 0.9519
vn -0.6996 -0.1029 0.7071
vn -0.9962 -0.0699 0.0528
vn -0.7951 0.0011 0.6064
vn -0.9946 -0.0898 -0.0526
vn -0.7912 -0.1424 0.5948
vn 0.0462 -0.0234 0.9987
vn 0.0297 -0.2035 0.9786
vn 0.7542 -0.1413 0.6413
vn 0.8329 -0.0188 0.5531
vn 0.9953 -0.0580 0.0769
vn 0.7814 -0.0203 0.6237
vn 0.0816 -0.0843 0.9931
vn -0.1357 -0.3278 0.9349
vn 0.2325 -0.0429 0.9717
vn 0.1299 -0.1060 0.9858
vn 0.4522 0.0789 0.8884
vn 0.7858 0.1724 0.5940
vn 0.7804 0.0634 0.6221
vn 0.9717 0.2146 0.0991
vn 0.9956 0.0700 0.0626
vn 0.9978 -0.0072 0.0658
vn 0.8447 -0.0212 -0.5348
vn 0.7343 -0.0929 0.6725
vn -0.0314 -0.1686 0.9852
vn 0.7042 -0.0601 0.7074
vn 0.0103 -0.3061 0.9519
vn 0.6806 -0.2469 0.6898
vn 0.6996 -0.1029 0.7071
vn -0.0297 -0.2035 0.9786
vn -0.0461 -0.0234 0.9987
vn 0.7951 0.0011 0.6064
vn 0.7912 -0.1424 0.5948
vn 0.9946 -0.0898 -0.0526
vn 0.9962 -0.0699 0.0528
vn 0.9838 -0.0707 0.1645
vn 0.9886 -0.0250 0.1485
vn 0.9831 -0.0355 0.1794
vn 0.9817 0.0019 0.1902
vn 0.7163 0.0331 0.6970
vn -0.0353 -0.0913 0.9952
vn -0.7029 -0.0693 0.7079
vn -0.7303 -0.1261 0.6713
vn -0.9885 -0.0417 0.1452
vn -0.9930 -0.0358 0.1128
vn -0.8550 -0.0126 -0.5184
vn -0.8445 0.0778 -0.5299
vn -0.1170 0.0089 -0.9931
vn -0.1378 0.1728 -0.9753
vn 0.8043 0.1053 -0.5849
vn -0.1134 0.1506 -0.9821
vn 0.8390 0.0550 -0.5413
vn -0.1350 0.0043 -0.9908
vn 0.7917 -0.0245 -0.6104
vn -0.1211 -0.0397 -0.9918
vn 0.7335 -0.0403 -0.6785
vn -0.3533 -0.2937 -0.8882
vn 0.5034 -0.4790 -0.7192
vn 0.1027 -0.6202 -0.7777
vn -0.5262 -0.1546 -0.8362
vn -0.0228 -0.1916 -0.9812
vn -0.5230 0.2524 -0.8141
vn -0.0897 0.2423 -0.9660
vn -0.3935 0.2697 -0.8789
vn -0.0000 0.2715 -0.9625
vn -0.0000 0.1515 -0.9885
vn -0.4191 0.1350 -0.8978
vn -0.8180 0.2024 -0.5385
vn -0.8687 0.1785 -0.4621
vn -0.9717 0.2147 0.0991
vn -0.9519 0.2931 0.0890
vn -0.7700 0.2490 0.5874
vn -0.7858 0.1723 0.5939
vn -0.4638 0.1149 0.8784
vn -0.4524 0.0789 0.8883
vn -0.1815 -0.0332 0.9828
vn -0.1299 -0.1060 0.9858
vn -0.0000 -0.1346 0.9909
vn -0.0000 -0.0463 0.9989
vn 0.1814 -0.0332 0.9828
vn 0.4638 0.1147 0.8785
vn 0.7700 0.2490 0.5875
vn 0.9519 0.2931 0.0890
vn 0.8180 0.2024 -0.5385
vn 0.8686 0.1785 -0.4622
vn 0.8889 0.0081 -0.4581
vn 0.3533 -0.2937 -0.8882
vn 0.5262 -0.1546 -0.8362
vn 0.5230 0.2524 -0.8141
vn 0.3936 0.2698 -0.8788
vn 0.4191 0.1350 -0.8978
vn 0.0897 0.2423 -0.9660
vn 0.0228 -0.1916 -0.9812
vn -0.1027 -0.6202 -0.7777
vn -0.5034 -0.4790 -0.7192
vn -0.7336 -0.0402 -0.6784
vn 0.1211 -0.0397 -0.9918
vn 0.8724 -0.0292 -0.4879
vn 0.9915 -0.0749 0.1068
vn 0.7271 -0.2429 0.6422
vn 0.0314 -0.1686 0.9852
vn 0.0353 -0.0913 0.9952
vn 0.0174 0.0686 0.9975
vn -0.0298 0.2149 0.9762
vn 0.6828 0.1763 0.7090
vn 0.7034 0.0598 0.7082
vn 0.7029 -0.0693 0.7079
vn 0.7303 -0.1261 0.6714
vn 0.9930 -0.0358 0.1128
vn 0.8850 0.0384 -0.4640
vn 0.1350 0.0043 -0.9908
vn -0.7917 -0.0245 -0.6104
vn -0.8524 -0.0178 -0.5225
vn 0.1033 -0.0134 -0.9946
vn -0.8712 0.0285 -0.4901
vn 0.1217 -0.0303 -0.9921
vn -0.8228 -0.0072 -0.5683
vn 0.1170 0.0089 -0.9931
vn -0.8043 0.1053 -0.5849
vn -0.9835 0.0908 0.1567
vn -0.8340 0.1582 -0.5286
vn -0.0217 -0.9299 0.3673
vn 0.8668 0.0691 -0.4938
vn 0.8792 -0.0060 -0.4765
vn 0.9918 0.1243 0.0287
vn 0.9911 0.0678 0.1148
vn 0.8732 -0.0242 -0.4868
vn 0.8550 -0.0127 -0.5185
vn 0.8445 0.0778 -0.5299
vn 0.1376 0.1728 -0.9753
vn 0.1134 0.1506 -0.9821
vn -0.8390 0.0550 -0.5413
vn 0.9885 -0.0417 0.1453
vn 0.9911 0.0093 0.1328
vn 0.8712 0.0285 -0.4901
vn -0.1033 -0.0134 -0.9946
vn 0.8524 -0.0178 -0.5226
vn 0.8228 -0.0072 -0.5683
vn -0.1217 -0.0303 -0.9921
vn -0.8732 -0.0242 -0.4868
vn -0.8792 -0.0060 -0.4765
vn -0.8329 -0.0188 0.5531
vn -0.9953 -0.0579 0.0770
vn -0.7542 -0.1412 0.6413
vn -0.9915 -0.0749 0.1068
vn -0.7271 -0.2429 0.6422
vn -0.7814 -0.0203 0.6237
vn -0.9978 -0.0072 0.0658
vn 0.9764 0.0618 0.2070
vn 0.9834 0.0909 0.1568
vn 0.8340 0.1582 -0.5287
vn 0.0216 -0.9299 0.3673
vn -0.8668 0.0691 -0.4939
vn -0.9918 0.1243 0.0287
vn -0.9911 0.0678 0.1148
vn -0.9911 0.0093 0.1328
vn -0.6828 0.1764 0.7090
vn -0.7034 0.0598 0.7082
vn -0.0174 0.0686 0.9975
vn 0.0298 0.2149 0.9762
vn 0.7074 0.1444 0.6919
vn -0.9956 0.0700 0.0626
vn -0.7804 0.0634 0.6221
vn -0.2325 -0.0430 0.9717
vn -0.0816 -0.0843 0.9931
vn 0.1357 -0.3278 0.9349
vn -0.8889 0.0081 -0.4581
vn -0.8447 -0.0212 -0.5348
vn -0.8724 -0.0292 -0.4879
vn -0.8850 0.0384 -0.4640
vn 0.7700 0.5572 0.3109
vn 0.0412 -0.9737 0.2240
vn 0.0806 0.0946 0.9923
vn -0.5045 -0.8434 -0.1847
vn -0.7154 -0.6987 -0.0048
vn 0.2334 0.0398 -0.9716
vn -0.5813 -0.5436 -0.6055
vn 0.3632 0.0585 -0.9299
vn -0.3359 -0.7596 -0.5570
vn 0.7383 -0.5065 -0.4454
vn 0.7052 -0.4125 0.5767
vn -0.3991 -0.8234 0.4035
vn 0.2330 0.0985 0.9675
vn -0.6182 -0.5434 0.5679
vn 0.6217 0.7831 -0.0150
vn 0.7964 0.5930 0.1188
vn 0.7373 0.6715 -0.0736
vn 0.3501 0.1317 0.9274
vn 0.8877 0.4295 -0.1660
vn 0.5615 0.0278 0.8270
vn 0.6136 -0.7039 0.3579
vn -0.5554 -0.4722 0.6846
vn -0.5733 -0.6424 -0.5086
vn -0.5168 -0.7362 0.4369
vn -0.6502 -0.3843 -0.6554
vn -0.8677 -0.4970 0.0111
vn 0.1783 0.2006 -0.9633
vn 0.2700 -0.4781 -0.8358
vn 0.5668 0.2872 -0.7722
vn -0.0001 -0.9911 -0.1328
vn 0.1521 -0.8434 0.5153
vn -0.0983 -0.9222 -0.3741
vn -0.6084 -0.7918 -0.0532
vn -0.7980 -0.5733 0.1859
vn 0.3809 0.0477 0.9234
vn 0.9040 0.4198 -0.0816
vn 0.5471 0.8347 0.0633
vn 0.5299 0.7844 0.3223
vn 0.2202 0.0210 -0.9752
vn 0.6708 0.7347 0.1010
vn 0.3414 0.0901 -0.9356
vn 0.8508 -0.3396 -0.4010
vn 0.7536 -0.2804 0.5946
vn 0.0919 0.0739 0.9930
vn 0.0344 0.1877 0.9816
vn -0.0059 0.0694 0.9976
vn -0.0523 0.0657 0.9965
vn -0.0728 -0.6876 0.7224
vn 0.8338 -0.3638 0.4153
vn 0.1281 0.3672 0.9213
vn 0.4667 0.8072 0.3613
vn -0.1389 0.3921 0.9094
vn 0.2895 0.9567 -0.0304
vn -0.0148 0.4906 0.8712
vn 0.7739 0.3910 0.4982
vn 0.5675 -0.6797 0.4647
vn 0.7490 -0.2612 -0.6089
vn 0.4440 0.4038 -0.7999
vn 0.5140 0.0768 -0.8543
vn 0.5628 0.7864 -0.2545
vn 0.1993 -0.0080 -0.9799
vn 0.6973 -0.3941 -0.5987
vn 0.0856 -0.2630 -0.9610
vn -0.1306 -0.5603 -0.8179
vn 0.0182 -0.8574 -0.5144
vn -0.3072 -0.9434 -0.1253
vn -0.1081 -0.9925 0.0570
vn -0.4990 -0.6104 0.6151
vn -0.3268 -0.2362 0.9151
vn -0.3792 0.1553 0.9122
vn -0.2166 0.7089 0.6712
vn -0.1392 0.7365 0.6620
vn 0.0575 0.9983 0.0107
vn 0.0550 0.9967 0.0605
vn 0.1204 0.8049 -0.5810
vn 0.1541 0.6645 -0.7312
vn -0.0322 0.2748 -0.9610
vn -0.0379 -0.1437 -0.9889
vn -0.0093 0.6791 -0.7340
vn 0.0723 -0.2149 -0.9740
vn 0.3642 0.8938 -0.2617
vn 0.0532 0.0597 -0.9968
vn 0.6183 0.6700 -0.4109
vn 0.7691 0.5933 -0.2376
vn -0.0405 0.0403 -0.9984
vn 0.8954 0.4362 -0.0893
vn 0.5482 -0.4227 -0.7217
vn 0.6748 -0.5314 0.5121
vn 0.0863 0.9681 -0.2354
vn 0.0454 0.9907 0.1285
vn -0.1308 0.8290 0.5437
vn -0.3668 0.3544 0.8602
vn -0.5631 -0.3010 0.7697
vn -0.5976 -0.7960 0.0964
vn -0.1703 -0.9252 -0.3390
vn -0.1255 -0.7137 -0.6891
vn 0.0850 -0.9275 -0.3641
vn -0.7670 -0.4741 -0.4324
vn -0.5177 -0.8547 0.0391
vn -0.5486 -0.4232 0.7211
vn -0.7413 -0.6711 0.0113
vn -0.2643 -0.9642 0.0215
vn 0.0041 -0.9980 0.0628
vn 0.2269 -0.9179 -0.3256
vn 0.2567 -0.9466 -0.1950
vn -0.1175 -0.9135 -0.3895
vn 0.0621 -0.8364 0.5445
vn 0.3089 -0.9511 -0.0105
vn 0.0509 -0.9004 -0.4321
vn -0.2103 -0.8572 0.4701
vn -0.3162 -0.9429 0.1043
vn 0.6753 -0.5616 -0.4780
vn 0.2065 -0.8368 -0.5071
vn 0.2023 -0.7094 -0.6752
vn -0.3346 -0.9358 0.1109
vn -0.1481 -0.9748 0.1669
vn -0.4741 -0.4574 0.7524
vn -0.1700 -0.3842 0.9075
vn -0.1395 -0.9141 -0.3808
vn -0.6115 -0.7438 0.2697
vn -0.6054 -0.2525 0.7548
vn -0.3784 0.2367 0.8949
vn -0.1397 0.5540 0.8207
vn 0.3731 0.8516 0.3683
vn 0.5124 0.8296 0.2219
vn 0.2987 0.9533 0.0443
vn 0.6578 0.7328 0.1740
vn 0.4414 0.8836 0.1563
vn 0.2869 0.9576 0.0270
vn 0.7223 0.6915 0.0036
vn 0.7944 0.6066 0.0291
vn -0.3933 -0.6739 -0.6255
vn -0.1398 -0.8794 -0.4551
vn -0.2579 -0.8426 0.4727
vn -0.5771 -0.7253 0.3753
vn 0.5938 0.7542 0.2803
vn 0.4554 0.8735 0.1721
vn 0.4595 0.8457 -0.2713
vn 0.7957 0.5712 0.2014
vn 0.0143 0.8758 0.4825
vn 0.0252 0.9952 0.0947
vn -0.7144 0.6681 0.2080
vn -0.7276 0.6602 0.1866
vn -0.3685 0.7836 0.5001
vn 0.4279 0.7696 0.4739
vn 0.7371 0.6515 0.1796
vn 0.8711 0.1722 -0.4599
vn 0.6549 0.6914 -0.3052
vn 0.9956 0.0925 0.0138
vn 0.0029 0.7149 -0.6992
vn -0.0032 0.1538 -0.9881
vn 0.6155 -0.6101 -0.4989
vn -0.0034 -0.6903 -0.7235
vn -0.9474 -0.3000 0.1112
vn -0.5842 -0.6193 -0.5246
vn -0.6621 -0.5637 0.4939
vn -0.8457 0.1717 -0.5053
vn -0.9651 0.2526 -0.0688
vn -0.7254 -0.6489 -0.2297
vn -0.7733 -0.6112 -0.1685
vn -0.8182 -0.5469 0.1776
vn -0.6374 -0.5382 0.5514
vn -0.3528 -0.2303 0.9069
vn 0.3569 -0.2309 0.9051
vn 0.6894 -0.5449 0.4773
vn 0.7889 -0.5953 0.1528
vn 0.7466 -0.6426 -0.1719
vn 0.6826 -0.7253 -0.0898
vn 0.9330 -0.2780 0.2285
vn 0.6298 -0.5688 0.5290
vn -0.6360 0.6942 -0.3369
vn -0.7964 0.5930 0.1188
vn -0.7373 0.6715 -0.0736
vn -0.3500 0.1314 0.9275
vn -0.8877 0.4295 -0.1660
vn -0.5615 0.0278 0.8270
vn -0.6136 -0.7039 0.3579
vn -0.6973 -0.3941 -0.5987
vn -0.1992 -0.0080 -0.9799
vn -0.1783 0.2006 -0.9633
vn -0.5668 0.2872 -0.7722
vn -0.6217 0.7831 -0.0149
vn -0.4414 0.8836 0.1563
vn -0.6578 0.7328 0.1740
vn -0.2987 0.9533 0.0443
vn -0.5123 0.8296 0.2219
vn -0.0454 0.9907 0.1285
vn -0.2869 0.9576 0.0270
vn -0.5628 0.7864 -0.2545
vn -0.9040 0.4198 -0.0816
vn -0.2701 -0.4782 -0.8357
vn -0.1520 -0.8429 0.5161
vn 0.5168 -0.7362 0.4369
vn 0.5733 -0.6424 -0.5086
vn 0.5554 -0.4722 0.6846
vn 0.6502 -0.3843 -0.6554
vn 0.8677 -0.4970 0.0111
vn 0.7413 -0.6711 0.0113
vn -0.6748 -0.5314 0.5121
vn 0.5486 -0.4232 0.7211
vn -0.3811 0.0479 0.9233
vn 0.7980 -0.5732 0.1860
vn 0.6084 -0.7919 -0.0529
vn 0.0983 -0.9222 -0.3741
vn -0.0532 0.0597 -0.9968
vn 0.0405 0.0403 -0.9984
vn 0.7670 -0.4741 -0.4324
vn -0.5482 -0.4227 -0.7217
vn 0.5177 -0.8547 0.0391
vn -0.7700 0.5572 0.3109
vn -0.0805 0.0946 0.9923
vn -0.1204 0.8049 -0.5811
vn 0.0322 0.2748 -0.9610
vn 0.0093 0.6791 -0.7340
vn -0.1542 0.6645 -0.7312
vn -0.0575 0.9983 0.0107
vn -0.0957 -0.3143 -0.9445
vn 0.1359 -0.5687 -0.8112
vn 0.0379 -0.1437 -0.9889
vn -0.0724 -0.2154 -0.9738
vn -0.3642 0.8938 -0.2617
vn -0.6183 0.6700 -0.4109
vn -0.7690 0.5934 -0.2377
vn -0.8954 0.4362 -0.0893
vn -0.0863 0.9681 -0.2354
vn -0.0550 0.9967 0.0605
vn 0.2165 0.7088 0.6713
vn 0.1392 0.7365 0.6620
vn 0.3268 -0.2362 0.9151
vn 0.1480 -0.9749 0.1666
vn -0.2024 -0.7090 -0.6755
vn 0.3345 -0.9358 0.1109
vn -0.2644 -0.8150 -0.5157
vn 0.1395 -0.9141 -0.3808
vn 0.6115 -0.7438 0.2697
vn 0.5976 -0.7960 0.0964
vn 0.6054 -0.2525 0.7548
vn 0.4741 -0.4574 0.7524
vn -0.7944 0.6066 0.0291
vn -0.7383 -0.5065 -0.4454
vn -0.7052 -0.4125 0.5767
vn -0.3632 0.0585 -0.9299
vn -0.2334 0.0398 -0.9716
vn -0.7223 0.6915 0.0036
vn -0.2329 0.0985 0.9675
vn 0.5813 -0.5436 -0.6055
vn 0.7154 -0.6987 -0.0048
vn 0.6184 -0.5437 0.5675
vn 0.3991 -0.8234 0.4035
vn 0.3358 -0.7598 -0.5568
vn 0.5044 -0.8435 -0.1847
vn 0.1175 -0.9135 -0.3895
vn -0.0621 -0.8364 0.5445
vn 0.2643 -0.9642 0.0215
vn -0.8111 -0.4416 0.3837
vn -0.5222 0.0996 -0.8470
vn -0.4667 0.8072 0.3614
vn -0.4440 0.4037 -0.7999
vn -0.2895 0.9567 -0.0304
vn 0.1389 0.3921 0.9094
vn 0.0148 0.4906 0.8712
vn 0.1700 -0.3842 0.9075
vn -0.5675 -0.6797 0.4647
vn -0.7739 0.3910 0.4982
vn -0.7489 -0.2613 -0.6090
vn -0.3414 0.0901 -0.9356
vn 0.1398 -0.8793 -0.4553
vn -0.8508 -0.3396 -0.4010
vn 0.3933 -0.6739 -0.6255
vn -0.2202 0.0210 -0.9752
vn 0.1255 -0.7137 -0.6891
vn 0.1703 -0.9252 -0.3390
vn -0.0850 -0.9275 -0.3641
vn -0.2269 -0.9179 -0.3256
vn -0.0041 -0.9980 0.0628
vn -0.2567 -0.9466 -0.1950
vn -0.0412 -0.9737 0.2240
vn -0.0509 -0.9004 -0.4321
vn 0.3162 -0.9429 0.1043
vn 0.5771 -0.7253 0.3753
vn 0.2579 -0.8426 0.4727
vn -0.7536 -0.2804 0.5946
vn -0.0916 0.0736 0.9931
vn -0.0343 0.1873 0.9817
vn 0.2103 -0.8572 0.4701
vn -0.3088 -0.9511 -0.0105
vn -0.6600 -0.5773 -0.4807
vn 0.3063 -0.9400 -0.1502
vn 0.4990 -0.6104 0.6151
vn 0.5631 -0.3010 0.7697
vn 0.3668 0.3544 0.8602
vn 0.3792 0.1553 0.9122
vn 0.1308 0.8290 0.5437
vn 0.0940 -0.9952 0.0267
vn -0.0404 -0.8796 -0.4740
vn 0.0001 -0.9911 -0.1328
vn 0.0059 0.0694 0.9976
vn 0.0728 -0.6876 0.7224
vn 0.0523 0.0657 0.9965
vn -0.1281 0.3672 0.9213
vn 0.3784 0.2367 0.8949
vn 0.1397 0.5540 0.8207
vn -0.3731 0.8516 0.3683
vn -0.5299 0.7844 0.3223
vn -0.5471 0.8347 0.0633
vn -0.6708 0.7347 0.1010
vn 0.1732 0.8063 -0.5656
vn 0.1169 0.3773 -0.9187
vn -0.0333 0.8873 -0.4600
vn 0.0322 0.5665 -0.8234
vn -0.1115 0.8189 -0.5631
vn -0.0885 0.1709 -0.9813
vn -0.0417 0.9968 0.0679
vn -0.0486 0.5594 0.8275
vn 0.0674 0.8591 0.5073
vn 0.0944 0.5078 0.8563
vn 0.2020 0.8683 0.4530
vn -0.1597 -0.2881 0.9442
vn -0.0193 -0.3855 0.9225
vn -0.0352 -0.9279 0.3712
vn -0.0897 -0.9387 0.3330
vn 0.1187 -0.3676 -0.9224
vn -0.0529 -0.8877 -0.4574
vn 0.1391 -0.8861 -0.4421
vn -0.0375 -0.3832 -0.9229
vn 0.1978 0.2584 -0.9456
vn 0.1899 0.7740 -0.6041
vn 0.2023 0.9657 0.1627
vn 0.2020 0.2379 0.9501
vn -0.7793 0.2757 -0.5627
vn 0.0083 -0.8894 0.4571
vn -0.1491 -0.9680 -0.2020
vn -0.2940 -0.9136 0.2808
vn -0.3121 -0.4780 0.8211
vn -0.1836 0.2107 0.9601
vn -0.0393 0.8347 0.5494
vn 0.0658 0.9978 -0.0053
vn 0.1108 0.9938 -0.0115
vn -0.0736 0.9970 0.0233
vn 0.0756 0.7786 -0.6230
vn 0.0814 0.3450 -0.9351
vn -0.0759 -0.0065 -0.9971
vn -0.2083 -0.5129 -0.8328
vn -0.9900 -0.0238 -0.1388
vn 0.2497 0.2623 -0.9321
vn -0.9615 0.0176 -0.2742
vn 0.9821 0.0150 0.1880
vn 0.2643 -0.1739 -0.9486
vn 0.1657 -0.1745 -0.9706
vn -0.9597 -0.0586 -0.2749
vn 0.9820 -0.0583 0.1795
vn 0.0769 -0.9968 0.0202
vn -0.0506 -0.9987 -0.0053
vn -0.0913 -0.7639 0.6388
vn -0.2184 -0.7608 0.6111
vn -0.9879 -0.0132 -0.1543
vn 0.9537 -0.0133 0.3005
vn -0.1784 0.3455 0.9213
vn -0.2317 0.3435 0.9102
vn -0.9283 0.1605 -0.3356
vn 0.9579 -0.1986 0.2073
vn 0.9900 -0.0239 -0.1388
vn 0.9283 0.1605 -0.3356
vn 0.9615 0.0176 -0.2742
vn 0.9597 -0.0585 -0.2750
vn -0.2643 -0.1739 -0.9486
vn 0.9879 -0.0132 -0.1543
vn 0.1784 0.3455 0.9213
vn -0.0769 -0.9968 0.0202
vn 0.0913 -0.7639 0.6388
vn -0.2496 0.2625 -0.9321
vn -0.9821 0.0150 0.1880
vn -0.9579 -0.1986 0.2073
vn -0.9537 -0.0133 0.3005
vn 0.2314 0.3463 0.9091
vn -0.9820 -0.0583 0.1795
vn -0.1657 -0.1731 -0.9709
vn 0.2172 -0.7652 0.6061
vn 0.0487 -0.9987 -0.0136
vn 0.0034 -0.6903 -0.7235
vn -0.6155 -0.6101 -0.4989
vn 0.0032 0.1538 -0.9881
vn -0.8711 0.1722 -0.4599
vn -0.0029 0.7149 -0.6992
vn -0.6549 0.6914 -0.3052
vn -0.9956 0.0925 0.0138
vn 0.3689 0.7837 0.4997
vn 0.7297 0.6601 0.1785
vn -0.0252 0.9952 0.0947
vn 0.7144 0.6681 0.2080
vn -0.0143 0.8758 0.4825
vn -0.7957 0.5712 0.2014
vn -0.7371 0.6515 0.1796
vn -0.4279 0.7696 0.4739
vn 0.8457 0.1717 -0.5053
vn 0.6360 0.6942 -0.3369
vn 0.9651 0.2526 -0.0688
vn 0.5842 -0.6193 -0.5246
vn -0.9330 -0.2780 0.2285
vn -0.6298 -0.5688 0.5290
vn -0.6826 -0.7253 -0.0898
vn -0.7466 -0.6426 -0.1719
vn -0.7889 -0.5953 0.1528
vn -0.6894 -0.5449 0.4773
vn -0.3569 -0.2309 0.9051
vn 0.3262 -0.2322 0.9163
vn 0.6302 -0.5383 0.5595
vn 0.8182 -0.5469 0.1776
vn 0.7733 -0.6112 -0.1685
vn 0.7254 -0.6489 -0.2297
vn 0.9474 -0.3000 0.1112
vn 0.6621 -0.5637 0.4939
vn -0.2159 -0.0035 -0.9764
vn -0.5715 0.6695 0.4745
vn -0.5016 -0.3306 0.7994
vn -0.0014 1.0000 -0.0009
vn 0.5714 0.6695 0.4745
vn 0.2159 -0.0035 -0.9764
vn 0.5015 -0.3306 0.7995
vn 0.0014 1.0000 -0.0010
vn -0.9981 -0.0612 0.0053
vn -0.1349 0.9903 -0.0316
vn -0.9035 -0.3144 -0.2912
vn -0.3182 0.9474 0.0334
vn -0.3444 0.6675 -0.6602
vn -0.4371 0.8516 -0.2893
vn -0.4554 0.8735 0.1721
vn -0.5938 0.7542 0.2803
vn 0.0509 -0.9785 0.2001
vn 0.9981 -0.0612 0.0053
vn -0.2023 0.9657 0.1627
vn -0.2020 0.2380 0.9500
vn -0.1851 0.8557 -0.4832
vn -0.1922 0.2996 -0.9345
vn -0.1187 -0.3677 -0.9224
vn -0.1391 -0.8861 -0.4421
vn -0.0083 -0.8893 0.4572
vn 0.7793 0.2757 -0.5627
vn 0.0765 -0.8759 -0.4765
vn 0.0375 -0.3832 -0.9229
vn 0.0793 0.1557 -0.9846
vn 0.1078 0.8150 -0.5694
vn 0.0417 0.9968 0.0679
vn 0.0486 0.5594 0.8275
vn 0.0193 -0.3855 0.9225
vn 0.0309 -0.9267 0.3745
vn 0.1494 -0.9679 -0.2022
vn 0.0533 -0.9284 0.3677
vn 0.2940 -0.9136 0.2808
vn 0.3121 -0.4780 0.8211
vn 0.1597 -0.2881 0.9442
vn 0.1836 0.2107 0.9601
vn -0.0944 0.5078 0.8563
vn 0.0428 0.8363 0.5466
vn -0.1952 0.8758 0.4414
vn -0.0509 0.9987 -0.0087
vn -0.1146 0.9934 0.0034
vn -0.0705 0.8614 0.5031
vn 0.0468 0.9987 0.0188
vn 0.0246 0.8913 -0.4528
vn -0.1648 0.8191 -0.5495
vn -0.0675 0.7826 -0.6189
vn -0.1169 0.3773 -0.9187
vn -0.0814 0.3450 -0.9351
vn 0.0759 -0.0065 -0.9971
vn -0.0322 0.5665 -0.8234
vn 0.2083 -0.5129 -0.8328
vn 0.3444 0.6675 -0.6602
vn 0.3182 0.9474 0.0334
vn 0.2239 0.7239 -0.6525
vn 0.1349 0.9903 -0.0316
vn 0.8438 0.0712 -0.5320
vn 0.3604 0.1204 -0.9250
vn 0.8132 -0.0473 -0.5800
vn 0.3921 -0.0592 -0.9180
vn 0.7484 -0.3374 -0.5710
vn 0.4474 -0.2608 -0.8555
vn 0.1737 -0.2574 -0.9506
vn 0.3707 -0.3541 -0.8586
vn 0.0335 -0.0498 -0.9982
vn 0.3078 -0.1163 -0.9443
vn 0.3241 0.3310 -0.8862
vn 0.0058 0.3400 -0.9404
vn -0.0000 0.3128 -0.9498
vn -0.0000 0.0021 -1.0000
vn -0.0000 -0.2319 -0.9727
vn -0.0000 -0.1161 -0.9932
vn -0.0000 0.1299 -0.9915
vn -0.3921 -0.0592 -0.9180
vn -0.3604 0.1204 -0.9250
vn -0.8132 -0.0473 -0.5800
vn -0.8438 0.0712 -0.5320
vn -0.9999 -0.0121 -0.0075
vn -0.9962 -0.0863 -0.0081
vn -0.8630 -0.0225 0.5047
vn -0.8150 -0.0597 0.5763
vn -0.4071 0.0490 0.9121
vn -0.4290 -0.0209 0.9031
vn -0.1349 -0.0387 0.9901
vn -0.0746 0.0762 0.9943
vn -0.0000 -0.0582 0.9983
vn -0.0000 0.0731 0.9973
vn 0.0746 0.0763 0.9943
vn 0.1349 -0.0387 0.9901
vn 0.4071 0.0490 0.9121
vn 0.4290 -0.0209 0.9031
vn 0.8150 -0.0597 0.5763
vn 0.8630 -0.0225 0.5047
vn -0.0000 0.0064 1.0000
vn 0.1141 -0.2552 0.9601
vn -0.2422 0.6792 0.6928
vn -0.2954 0.3300 0.8965
vn -0.1870 0.7676 0.6130
vn -0.1513 0.7863 0.5990
vn -0.1546 0.6279 0.7628
vn -0.1502 0.5002 0.8528
vn -0.2533 0.2114 0.9440
vn -0.4387 0.1581 0.8846
vn -0.3455 -0.2031 0.9162
vn -0.7222 -0.1144 0.6822
vn -0.3948 -0.2904 0.8717
vn -0.1141 -0.2551 0.9601
vn 0.1602 -0.2663 0.9505
vn -0.0000 -0.0290 0.9996
vn -0.0000 0.1737 0.9848
vn -0.1602 -0.2663 0.9505
vn -0.0321 0.1882 0.9816
vn -0.0222 0.2573 0.9661
vn -0.0000 0.2599 0.9656
vn 0.0003 0.5406 0.8413
vn 0.0222 0.2573 0.9661
vn 0.0321 0.1882 0.9816
vn 0.9744 0.2188 0.0516
vn 0.7965 0.2778 -0.5370
vn 0.9934 0.0991 0.0577
vn 0.8298 0.1760 -0.5295
vn 0.3801 0.2436 -0.8923
vn 0.3622 0.1910 -0.9123
vn -0.0000 0.2188 -0.9758
vn -0.0000 0.1877 -0.9822
vn -0.3622 0.1910 -0.9123
vn -0.3801 0.2437 -0.8923
vn -0.8298 0.1760 -0.5295
vn -0.7965 0.2778 -0.5370
vn -0.9934 0.0991 0.0577
vn -0.9744 0.2188 0.0516
vn -0.8497 0.0208 0.5269
vn -0.8160 0.0939 0.5703
vn -0.4960 0.1124 0.8610
vn -0.4820 0.0692 0.8735
vn -0.1653 0.0946 0.9817
vn -0.1558 0.1287 0.9794
vn -0.0000 0.1523 0.9883
vn -0.0000 0.0857 0.9963
vn 0.1653 0.0946 0.9817
vn 0.1558 0.1287 0.9794
vn 0.4820 0.0692 0.8735
vn 0.4960 0.1124 0.8610
vn 0.8497 0.0207 0.5269
vn 0.8160 0.0939 0.5703
vn 0.9999 -0.0121 -0.0075
vn 0.9962 -0.0863 -0.0081
vn 0.9729 -0.2250 0.0535
vn 0.7222 -0.1144 0.6822
vn 0.3948 -0.2904 0.8717
vn 0.3455 -0.2031 0.9162
vn 0.4387 0.1581 0.8846
vn 0.2533 0.2114 0.9440
vn 0.2954 0.3300 0.8965
vn 0.1502 0.5001 0.8528
vn 0.1546 0.6279 0.7628
vn 0.0635 0.7122 0.6991
vn 0.0916 0.7107 0.6975
vn 0.1513 0.7863 0.5990
vn 0.2146 0.7346 0.6437
vn 0.2422 0.6792 0.6928
vn 0.1870 0.7676 0.6130
vn -0.2146 0.7346 0.6437
vn -0.0916 0.7107 0.6975
vn -0.0637 0.7124 0.6988
vn 0.0001 0.6850 0.7285
vn -0.9729 -0.2250 0.0535
vn -0.7484 -0.3374 -0.5710
vn -0.4474 -0.2608 -0.8555
vn -0.1737 -0.2574 -0.9506
vn -0.3707 -0.3541 -0.8586
vn -0.0335 -0.0498 -0.9982
vn -0.3078 -0.1163 -0.9443
vn -0.3241 0.3310 -0.8862
vn -0.0058 0.3400 -0.9404
vn -0.0509 -0.9785 0.2001
vn -0.0000 -0.8724 -0.4888
vn -0.0000 -0.4739 0.8806
vn -0.0000 -0.5595 0.8288
vn -0.7340 0.2892 0.6146
vn -0.0626 0.3449 0.9366
vn 0.7735 0.3186 0.5480
vn 0.3823 0.7873 -0.4836
vn 0.1045 0.6003 -0.7929
vn -0.0065 0.5446 -0.8387
vn -0.1049 0.6089 -0.7863
vn -0.3682 0.7935 -0.4846
vn -0.1465 0.7640 -0.6284
vn -0.0137 0.6853 -0.7281
vn 0.1597 0.7547 -0.6363
vn 0.3842 -0.4188 -0.8228
vn 0.6510 -0.6827 -0.3318
vn 0.3408 -0.0171 -0.9400
vn 0.2725 0.3143 -0.9094
vn 0.7280 -0.6434 0.2368
vn -0.6510 -0.6827 -0.3318
vn -0.3842 -0.4188 -0.8228
vn -0.3408 -0.0171 -0.9400
vn -0.2725 0.3143 -0.9094
vn -0.7280 -0.6434 0.2368
vn -0.6240 -0.1889 0.7583
vn 0.7340 0.2891 0.6145
vn 0.0626 0.3449 0.9366
vn -0.7735 0.3186 0.5480
vn 0.6393 0.6318 0.4382
vn 0.5351 0.8345 0.1313
vn -0.5769 0.8066 0.1286
vn -0.6842 0.5880 0.4314
vn -0.0093 0.8602 0.5098
vn -0.0138 0.7120 0.7020
vn -0.0000 -0.9404 -0.3402
vn -0.0000 -0.6155 -0.7882
vn -0.0000 -0.1524 -0.9883
vn -0.0000 0.2016 -0.9795
vn -0.5351 0.8345 0.1313
vn -0.6393 0.6319 0.4382
vn 0.6842 0.5880 0.4314
vn 0.0093 0.8602 0.5098
vn 0.0138 0.7120 0.7020
vn 0.5769 0.8066 0.1286
vn 0.6240 -0.1889 0.7583
vn 0.0683 0.2431 0.9676
vn 0.1131 0.6719 0.7319
vn -0.0671 0.9185 0.3897
vn 0.0970 0.9769 0.1903
vn 0.0808 0.9102 -0.4063
vn -0.0774 0.9503 -0.3015
vn 0.0656 0.5503 -0.8324
vn -0.1193 0.5198 -0.8459
vn 0.0918 -0.9651 -0.2452
vn 0.0566 -0.6993 -0.7126
vn -0.0354 -0.6139 -0.7886
vn -0.1386 -0.8527 -0.5037
vn -0.0422 -0.9746 0.2201
vn -0.1982 -0.9094 -0.3657
vn -0.0754 -0.9340 0.3492
vn 0.0407 -0.3954 0.9176
vn 0.0131 -0.2686 0.9632
vn -0.0510 0.6942 0.7179
vn -0.1447 0.9876 0.0601
vn -0.2316 0.6623 -0.7126
vn -0.2703 -0.2307 -0.9347
vn -0.1758 -0.2462 -0.9531
vn 0.1131 -0.1379 -0.9840
vn -0.0968 0.2732 -0.9571
vn -0.2194 0.2615 -0.9399
vn 0.3207 0.3247 -0.8898
vn 0.2516 0.5073 -0.8242
vn 0.0116 0.9664 -0.2566
vn 0.0794 0.9550 0.2857
vn -0.0591 0.7453 0.6641
vn -0.0584 -0.1088 0.9923
vn -0.1675 -0.6151 -0.7704
vn 0.4002 -0.4406 -0.8036
vn 0.2457 -0.4488 -0.8592
vn 0.0996 0.3765 -0.9210
vn 0.0509 -0.0495 -0.9975
vn 0.0084 -0.7210 -0.6929
vn 0.1048 -0.9638 -0.2450
vn -0.0436 -0.9947 0.0929
vn -0.1589 -0.9363 0.3132
vn -0.0408 -0.8781 0.4768
vn -0.1599 -0.6315 0.7587
vn -0.2747 -0.8517 0.4462
vn -0.3557 -0.4841 0.7994
vn -0.2909 -0.3861 0.8754
vn -0.2849 0.2188 0.9333
vn -0.1252 0.7226 0.6798
vn -0.0733 0.8615 0.5024
vn -0.0339 0.9931 -0.1119
vn 0.0654 0.8056 -0.5889
vn 0.0585 -0.6987 0.7130
vn 0.0671 0.9185 0.3897
vn -0.1131 0.6719 0.7319
vn -0.0683 0.2431 0.9676
vn -0.0970 0.9769 0.1903
vn -0.0808 0.9102 -0.4063
vn 0.0774 0.9503 -0.3015
vn -0.0656 0.5503 -0.8324
vn 0.1193 0.5198 -0.8459
vn 0.2702 -0.2306 -0.9348
vn 0.2315 0.6622 -0.7127
vn 0.1447 0.9876 0.0601
vn 0.0510 0.6942 0.7179
vn -0.0131 -0.2686 0.9632
vn 0.0754 -0.9340 0.3492
vn 0.1982 -0.9094 -0.3657
vn 0.1386 -0.8527 -0.5037
vn 0.1758 -0.2460 -0.9532
vn -0.1131 -0.1379 -0.9840
vn -0.0566 -0.6992 -0.7127
vn 0.0354 -0.6139 -0.7886
vn 0.0968 0.2732 -0.9571
vn 0.1675 -0.6151 -0.7704
vn 0.2194 0.2615 -0.9399
vn -0.4002 -0.4406 -0.8036
vn -0.3207 0.3247 -0.8898
vn -0.2516 0.5073 -0.8242
vn -0.2457 -0.4488 -0.8592
vn -0.0996 0.3765 -0.9210
vn -0.0509 -0.0495 -0.9975
vn -0.0084 -0.7210 -0.6929
vn -0.1048 -0.9638 -0.2450
vn 0.0436 -0.9947 0.0929
vn 0.1589 -0.9363 0.3132
vn 0.0408 -0.8781 0.4768
vn 0.1599 -0.6315 0.7587
vn 0.2747 -0.8517 0.4462
vn 0.3557 -0.4841 0.7994
vn 0.2909 -0.3861 0.8754
vn 0.0584 -0.1088 0.9923
vn 0.2849 0.2188 0.9333
vn 0.1252 0.7226 0.6798
vn 0.0591 0.7453 0.6641
vn -0.0794 0.9550 0.2857
vn 0.0733 0.8615 0.5024
vn 0.0339 0.9931 -0.1119
vn -0.0116 0.9664 -0.2566
vn -0.0654 0.8056 -0.5889
vn -0.0585 -0.6987 0.7130
vn -0.0407 -0.3954 0.9176
vn 0.0422 -0.9746 0.2201
vn -0.0918 -0.9651 -0.2452
vn 0.2912 0.5343 0.7936
vn 0.7179 0.2021 0.6662
vn 0.4833 0.4354 0.7595
vn 0.8905 -0.0647 0.4503
vn 0.2900 0.4267 0.8566
vn 0.5124 -0.0051 0.8587
vn -0.0000 0.4962 0.8682
vn 0.2588 0.0730 0.9632
vn -0.0000 -0.0830 0.9965
vn -0.2588 0.0730 0.9632
vn -0.5124 -0.0051 0.8587
vn -0.2900 0.4267 0.8566
vn -0.8905 -0.0647 0.4503
vn -0.4833 0.4354 0.7595
vn -0.7179 0.2021 0.6662
vn -0.2912 0.5343 0.7936
vn -0.6313 0.7001 -0.3337
vn -0.6998 0.5941 -0.3966
vn -0.3046 0.5668 -0.7654
vn -0.8842 0.4318 0.1783
vn -0.5366 0.6065 0.5866
vn -0.1405 0.6521 0.7450
vn -0.2212 0.6336 0.7414
vn -0.1759 0.6126 0.7706
vn -0.0000 0.6410 0.7676
vn 0.1759 0.6126 0.7706
vn 0.2212 0.6336 0.7414
vn 0.1405 0.6521 0.7450
vn 0.5366 0.6065 0.5866
vn 0.8842 0.4318 0.1783
vn 0.6313 0.7001 -0.3337
vn 0.6998 0.5941 -0.3966
vn 0.3046 0.5668 -0.7654
vn -0.0000 0.5296 -0.8482
vn -0.0000 0.3727 -0.9279
vn 0.4525 0.3500 -0.8202
vn -0.0000 -0.2869 -0.9580
vn 0.4737 -0.2930 -0.8305
vn 0.8361 0.2299 -0.4981
vn 0.7822 -0.3037 -0.5440
vn 0.9036 -0.3143 -0.2911
vn 0.9911 0.0920 -0.0962
vn 0.9324 -0.3388 0.1262
vn 0.9485 -0.1049 0.2989
vn 0.7240 -0.6424 -0.2512
vn 0.7652 -0.0751 0.6393
vn 0.6042 -0.1740 0.7776
vn 0.6283 -0.7661 -0.1354
vn 0.6644 -0.3411 0.6650
vn 0.4552 -0.8895 -0.0399
vn -0.0000 -0.4544 0.8908
vn 0.0001 -0.9997 -0.0259
vn -0.4552 -0.8895 -0.0399
vn -0.6644 -0.3411 0.6650
vn -0.6283 -0.7661 -0.1354
vn -0.6042 -0.1740 0.7776
vn -0.7240 -0.6424 -0.2512
vn -0.7652 -0.0751 0.6393
vn -0.9485 -0.1049 0.2989
vn -0.9324 -0.3388 0.1262
vn -0.9911 0.0920 -0.0962
vn -0.9036 -0.3143 -0.2912
vn -0.8361 0.2299 -0.4981
vn -0.7822 -0.3037 -0.5440
vn -0.4737 -0.2930 -0.8305
vn -0.4525 0.3500 -0.8202
vn -0.0000 -0.4988 0.8667
vn 0.3360 0.8702 -0.3605
vn -0.2159 0.9734 0.0762
vn 0.4686 0.8036 -0.3671
vn 0.4881 -0.7521 -0.4429
vn 0.9712 -0.1589 -0.1775
vn 0.0627 -0.3400 -0.9383
vn 0.7155 0.5955 -0.3654
vn 0.9970 -0.0734 0.0242
vn 0.6891 -0.4481 -0.5695
vn -0.4619 0.7553 -0.4650
vn -0.0408 -0.9955 -0.0852
vn 0.2017 -0.7206 -0.6633
vn 0.2512 -0.8260 -0.5046
vn 0.0114 0.9750 -0.2221
vn -0.0145 0.9593 0.2821
vn 0.1352 0.9254 0.3540
vn -0.5808 0.1770 -0.7946
vn 0.2167 0.8586 0.4645
vn 0.5043 0.7023 0.5024
vn 0.9201 -0.3913 0.0184
vn 0.6732 0.5310 0.5147
vn 0.4842 0.7379 0.4702
vn 0.6934 0.4074 0.5943
vn 0.5966 0.6548 0.4639
vn 0.8917 0.3289 0.3109
vn 0.8499 0.1965 0.4890
vn 0.7893 -0.1448 0.5967
vn 0.8821 -0.3203 0.3454
vn 0.8565 -0.5017 0.1214
vn 0.2525 0.5891 -0.7676
vn -0.7460 0.2082 -0.6326
vn -0.1850 0.9696 -0.1604
vn -0.7180 -0.4126 -0.5605
vn -0.6978 0.6211 -0.3568
vn -0.6246 0.1171 -0.7721
vn -0.0689 -0.1847 -0.9804
vn 0.8435 -0.1720 -0.5089
vn -0.4361 -0.0824 -0.8961
vn -0.1021 -0.2668 -0.9583
vn -0.2334 -0.4709 -0.8508
vn -0.9189 -0.0022 -0.3946
vn -0.9125 0.2334 -0.3360
vn 0.0421 -0.1443 -0.9886
vn -0.0296 -0.4810 -0.8762
vn -0.5876 -0.6005 -0.5423
vn -0.6056 -0.6308 -0.4851
vn 0.2607 0.9371 0.2320
vn 0.4204 0.8831 0.2081
vn 0.2228 0.8954 0.3855
vn 0.9455 0.1296 0.2988
vn 0.2141 0.7424 0.6349
vn -0.1223 0.8439 0.5224
vn 0.6776 0.1807 0.7129
vn 0.2350 0.5375 0.8099
vn -0.1932 0.1003 0.9760
vn 0.3730 0.4764 0.7962
vn 0.8754 0.0297 0.4824
vn 0.8268 -0.2362 0.5105
vn 0.4820 0.6975 0.5303
vn 0.5134 0.7921 0.3302
vn 0.4720 0.8587 0.1995
vn -0.4244 -0.5080 -0.7495
vn -0.5508 -0.6559 0.5161
vn -0.5332 -0.6496 0.5420
vn -0.9381 0.1830 0.2941
vn -0.7868 -0.5432 0.2929
vn -0.4582 0.7043 0.5423
vn -0.9124 -0.3904 -0.1233
vn -0.0768 0.9346 0.3472
vn -0.7659 0.3243 0.5552
vn 0.3394 0.8449 0.4134
vn 0.4315 0.7899 0.4358
vn 0.3530 0.7750 0.5242
vn 0.2965 0.8555 0.4245
vn 0.2316 0.8592 0.4562
vn -0.8885 0.3161 0.3326
vn -0.0858 0.7972 0.5976
vn -0.5904 0.2595 0.7643
vn -0.6046 -0.0711 0.7934
vn -0.4905 0.0725 0.8684
vn 0.4580 -0.5922 -0.6630
vn 0.6941 -0.2037 -0.6904
vn -0.0000 -0.7822 -0.6230
vn -0.0000 -0.3633 -0.9317
vn -0.0062 -0.9443 -0.3289
vn -0.9574 0.0899 0.2743
vn -0.8090 -0.0879 0.5812
vn -0.8108 0.4573 0.3653
vn -0.7235 0.3784 0.5774
vn -0.3764 0.4679 0.7997
vn -0.5909 0.5824 0.5582
vn -0.9651 -0.2349 0.1159
vn -0.7593 -0.3887 -0.5220
vn -0.7315 0.6002 0.3235
vn -0.3553 -0.1569 -0.9215
vn -0.0860 0.9244 0.3717
vn 0.9604 0.0290 0.2770
vn 0.9125 0.2865 0.2920
vn 0.7550 0.5507 0.3559
vn 0.7243 0.4626 0.5113
vn -0.3886 0.8055 0.4475
vn 0.5468 0.3307 0.7692
vn 0.7392 0.2424 0.6283
vn 0.6577 0.1980 0.7268
vn 0.0314 0.9458 0.3233
vn -0.7211 -0.1691 -0.6719
vn -0.4672 -0.5753 -0.6713
vn 0.9286 -0.3255 0.1782
vn -0.4442 0.0384 -0.8951
vn 0.9120 -0.1947 -0.3609
vn -0.7176 -0.1160 -0.6867
vn -0.1819 0.9172 -0.3545
vn -0.1545 0.9685 0.1954
vn -0.6975 0.3841 0.6049
vn -0.6671 0.6768 0.3113
vn -0.5566 0.8159 -0.1562
vn -0.6629 0.4278 -0.6145
vn 0.8812 -0.4532 0.1344
vn -0.2172 -0.3374 -0.9160
vn 0.6661 0.0684 -0.7427
vn 0.6634 -0.1841 -0.7252
vn 0.6080 -0.5024 -0.6148
vn -0.0000 -0.3044 -0.9525
vn -0.0000 -0.5348 -0.8450
vn -0.6080 -0.5024 -0.6148
vn -0.6721 -0.1758 -0.7193
vn -0.8614 -0.2434 -0.4457
vn -0.2712 -0.2077 -0.9398
vn -0.7818 -0.4702 -0.4094
vn 0.7818 -0.4703 -0.4094
vn 0.7328 -0.5907 -0.3377
vn 0.4605 -0.6403 -0.6148
vn -0.0000 -0.6630 -0.7486
vn -0.4605 -0.6403 -0.6148
vn -0.7328 -0.5907 -0.3378
vn -0.0911 -0.7667 -0.6356
vn 0.0910 -0.7667 -0.6356
vn 0.2712 -0.2076 -0.9398
vn 0.9584 0.1172 -0.2604
vn 0.4471 -0.7138 0.5390
vn 0.5303 -0.7590 0.3778
vn 0.7227 -0.6813 0.1161
vn 0.7450 0.3145 0.5883
vn 0.8724 -0.3995 0.2817
vn 0.8742 -0.3062 0.3769
vn 0.8342 -0.2489 0.4921
vn 0.1777 -0.0000 -0.9841
vn 0.0483 -0.7223 -0.6899
vn 0.1281 -0.9899 -0.0609
vn 0.0817 -0.9966 -0.0075
vn 0.6888 -0.6767 0.2602
vn 0.9964 -0.0611 0.0585
vn 0.7111 -0.0877 0.6976
vn 0.2069 -0.0000 0.9784
vn 0.9954 0.0677 0.0682
vn 0.8431 0.2673 0.4667
vn 0.9570 -0.1464 0.2503
vn 0.9862 0.1019 0.1304
vn -0.9862 0.1021 0.1305
vn -0.8431 0.2673 0.4667
vn -0.9570 -0.1464 0.2503
vn -0.9954 0.0677 0.0682
vn -0.9964 -0.0611 0.0586
vn -0.2069 -0.0000 0.9784
vn -0.0483 -0.7223 -0.6899
vn -0.1777 0.0001 -0.9841
vn -0.0817 -0.9966 -0.0084
vn 0.8661 -0.2293 -0.4442
vn 0.9732 -0.1755 0.1483
vn 0.8241 -0.2070 -0.5273
vn 0.9761 -0.0854 0.2000
vn 0.7513 0.0419 0.6587
vn 0.6753 -0.0669 0.7345
vn 0.8112 -0.1300 0.5702
vn 0.8723 -0.1978 0.4472
vn -0.6753 -0.0669 0.7345
vn -0.9761 -0.0854 0.2000
vn -0.7513 0.0419 0.6587
vn -0.9733 -0.1755 0.1483
vn -0.8112 -0.1300 0.5702
vn -0.7111 -0.0877 0.6976
vn -0.8723 -0.1978 0.4472
vn -0.8241 -0.2070 -0.5272
vn -0.8661 -0.2293 -0.4442
vn -0.6888 -0.6767 0.2602
vn -0.1281 -0.9899 -0.0609
vn -0.9044 0.2843 0.3181
vn -0.9443 0.0759 0.3201
vn -0.9203 -0.2571 0.2949
vn -0.8261 -0.4668 0.3157
vn -0.8476 -0.2100 0.4874
vn -0.7705 -0.4765 0.4234
vn -0.5979 -0.3349 0.7282
vn -0.5620 -0.5458 0.6215
vn -0.0000 -0.4691 0.8832
vn -0.0000 -0.5863 0.8101
vn 0.5620 -0.5458 0.6215
vn 0.5979 -0.3349 0.7282
vn 0.7705 -0.4765 0.4234
vn 0.8476 -0.2100 0.4874
vn 0.8261 -0.4668 0.3157
vn 0.9203 -0.2571 0.2949
vn 0.9443 0.0758 0.3202
vn 0.9044 0.2842 0.3182
vn 0.7817 0.2780 0.5583
vn 0.4595 0.3166 0.8299
vn -0.0000 0.4234 0.9060
vn -0.4595 0.3166 0.8299
vn -0.7817 0.2780 0.5583
vn -0.8276 0.1078 0.5509
vn 0.8276 0.1078 0.5509
vn 0.5286 0.1736 0.8309
vn -0.0000 0.2614 0.9652
vn -0.5286 0.1736 0.8309
vn -0.5659 -0.0068 0.8244
vn -0.0000 -0.1963 0.9805
vn 0.5659 -0.0068 0.8244
vn -0.0000 0.0136 0.9999
vn -0.9816 -0.0929 0.1668
vn -0.9745 -0.1552 0.1620
vn -0.9389 -0.0311 0.3427
vn -0.9427 -0.0546 0.3292
vn -0.9109 0.0991 0.4005
vn -0.8574 0.0458 0.5126
vn -0.8882 -0.1802 0.4226
vn -0.7475 0.0944 0.6575
vn -0.6718 -0.2889 0.6820
vn -0.8458 -0.2073 0.4916
vn -0.3771 -0.4718 0.7970
vn -0.7240 -0.0200 0.6896
vn -0.4781 -0.0773 0.8749
vn -0.5913 0.2630 0.7623
vn -0.3040 0.1554 0.9399
vn -0.3131 0.4067 0.8582
vn -0.2421 0.2105 0.9471
vn -0.7131 0.1769 0.6784
vn -0.8212 -0.2691 0.5033
vn -0.5592 -0.1613 0.8132
vn -0.1339 -0.6648 0.7349
vn -0.3168 -0.5694 0.7586
vn -0.2820 -0.5235 0.8040
vn -0.0000 -0.0411 0.9992
vn -0.0000 0.1327 0.9912
vn -0.6813 0.2614 0.6838
vn -0.8803 0.3436 0.3273
vn -0.6117 0.2419 0.7532
vn -0.3743 -0.0118 0.9272
vn -0.7146 -0.0472 0.6979
vn -0.9087 -0.0066 0.4174
vn -0.8810 -0.3208 0.3477
vn -0.9689 -0.1063 0.2235
vn -0.9576 -0.1822 0.2233
vn -0.9770 -0.1279 0.1704
vn -0.9033 -0.1419 0.4049
vn -0.9234 -0.0043 0.3838
vn -0.9210 0.0459 0.3869
vn -0.7940 0.1517 0.5887
vn 0.8437 -0.2724 -0.4626
vn 0.9091 -0.2980 -0.2909
vn 0.9044 -0.2990 -0.3043
vn 0.9333 -0.3389 0.1189
vn 0.8481 -0.3428 -0.4039
vn 0.7153 -0.5891 -0.3758
vn 0.4453 -0.1126 -0.8883
vn 0.6288 0.5524 -0.5471
vn -0.5556 -0.1168 -0.8232
vn -0.3758 -0.4790 -0.7933
vn 0.4801 -0.7780 -0.4051
vn 0.8865 -0.4577 -0.0680
vn 0.8654 -0.4767 -0.1544
vn 0.8260 -0.5615 0.0488
vn -0.0168 -0.9640 -0.2654
vn -0.0845 -0.7111 -0.6980
vn -0.1252 -0.2854 -0.9502
vn 0.8893 -0.4175 -0.1865
vn 0.7142 -0.4956 0.4943
vn 0.8915 -0.0387 0.4514
vn 0.9109 0.0991 0.4006
vn 0.9427 -0.0546 0.3292
vn 0.9389 -0.0311 0.3427
vn 0.8574 0.0458 0.5126
vn -0.0000 0.4457 0.8952
vn -0.6353 -0.3063 0.7090
vn -0.0000 -0.2714 0.9625
vn -0.6725 0.3862 0.6314
vn -0.0000 0.6866 0.7271
vn -0.7408 0.4581 0.4914
vn -0.0000 0.4455 0.8953
vn -0.9234 0.2773 0.2655
vn -0.8915 -0.2389 0.3849
vn -0.9145 -0.2102 0.3456
vn -0.8879 0.2951 0.3528
vn -0.6333 -0.0548 0.7719
vn -0.7168 -0.1497 0.6811
vn -0.5305 -0.1287 0.8379
vn 0.3804 -0.2295 0.8959
vn -0.0000 -0.1775 0.9841
vn -0.0000 0.3119 0.9501
vn -0.3804 -0.2295 0.8959
vn -0.4493 0.2796 0.8485
vn -0.6410 -0.1643 0.7497
vn -0.7393 -0.0635 0.6704
vn -0.8073 -0.2420 0.5382
vn -0.5757 -0.7556 0.3125
vn -0.6388 -0.7501 0.1711
vn -0.2404 -0.9706 0.0098
vn -0.0000 -0.9957 0.0932
vn -0.3622 -0.7731 0.5207
vn -0.4865 0.0495 0.8723
vn -0.0000 0.0328 0.9995
vn -0.0000 -0.8391 0.5440
vn 0.3622 -0.7731 0.5207
vn 0.4865 0.0495 0.8723
vn 0.4493 0.2796 0.8485
vn 0.6410 -0.1643 0.7497
vn 0.7393 -0.0635 0.6704
vn 0.5757 -0.7557 0.3124
vn 0.2404 -0.9706 0.0098
vn 0.6388 -0.7501 0.1711
vn 0.8073 -0.2420 0.5382
vn 0.7622 -0.6248 0.1694
vn 0.8403 -0.3101 0.4447
vn 0.8634 -0.2691 0.4268
vn 0.8270 -0.5609 0.0389
vn 0.9398 -0.1982 0.2782
vn 0.8709 -0.2313 0.4337
vn 0.9576 -0.1823 0.2233
vn 0.8810 -0.3207 0.3480
vn 0.9689 -0.1063 0.2234
vn 0.9770 -0.1279 0.1704
vn 0.9745 -0.1552 0.1620
vn 0.9234 -0.0043 0.3838
vn 0.9033 -0.1419 0.4049
vn -0.6112 -0.0883 0.7865
vn -0.0009 -0.7900 0.6131
vn -0.1052 -0.6831 0.7227
vn -0.4351 -0.8317 0.3449
vn -0.1843 -0.6620 0.7265
vn -0.1566 -0.9848 0.0746
vn 0.0199 -0.8118 0.5836
vn 0.4259 -0.8630 0.2719
vn -0.0556 0.1533 0.9866
vn -0.7149 0.1347 0.6861
vn 0.1490 0.5701 0.8079
vn -0.0136 0.3748 0.9270
vn -0.2422 0.3532 0.9037
vn -0.8437 -0.2724 -0.4626
vn -0.9044 -0.2990 -0.3043
vn -0.9090 -0.2983 -0.2911
vn -0.9333 -0.3389 0.1189
vn -0.8481 -0.3428 -0.4039
vn -0.7153 -0.5891 -0.3758
vn -0.4453 -0.1126 -0.8883
vn -0.6288 0.5524 -0.5471
vn 0.5556 -0.1168 -0.8232
vn 0.6343 0.2048 -0.7454
vn 0.1530 0.2123 -0.9651
vn 0.6814 0.5106 -0.5244
vn -0.9768 -0.2016 0.0727
vn -0.9758 -0.0666 0.2082
vn -0.9492 -0.0259 0.3135
vn -0.8945 0.0133 0.4470
vn -0.6816 0.1102 0.7234
vn -0.5659 0.1553 0.8097
vn -0.4967 0.1151 0.8602
vn -0.2707 -0.5417 0.7958
vn -0.1793 0.0917 0.9795
vn -0.0000 0.1363 0.9907
vn 0.1794 0.0917 0.9795
vn 0.2176 0.1608 0.9627
vn 0.4967 0.1151 0.8602
vn 0.5659 0.1552 0.8097
vn 0.7475 0.0944 0.6575
vn 0.8882 -0.1802 0.4226
vn 0.8458 -0.2073 0.4916
vn 0.9210 0.0459 0.3869
vn 0.7940 0.1517 0.5887
vn 0.9087 -0.0066 0.4174
vn 0.5913 0.2630 0.7624
vn 0.7146 -0.0473 0.6979
vn 0.3743 -0.0118 0.9272
vn 0.7302 -0.2939 0.6168
vn 0.5305 -0.1287 0.8379
vn 0.7357 -0.1643 0.6570
vn 0.5810 0.1612 0.7978
vn 0.7168 -0.1497 0.6811
vn 0.5327 -0.4474 0.7183
vn 0.2447 0.1623 0.9559
vn -0.0000 -0.6577 0.7533
vn -0.0000 0.1082 0.9941
vn 0.1740 0.1274 0.9765
vn -0.0000 0.1380 0.9904
vn -0.0000 -0.5295 0.8483
vn -0.1740 0.1274 0.9765
vn -0.2447 0.1623 0.9559
vn -0.5327 -0.4474 0.7183
vn -0.5810 0.1612 0.7978
vn -0.7357 -0.1643 0.6570
vn -0.7302 -0.2939 0.6168
vn -0.8305 -0.2420 0.5017
vn -0.8708 -0.2313 0.4337
vn -0.8634 -0.2691 0.4268
vn -0.9400 -0.1978 0.2781
vn -0.8270 -0.5609 0.0389
vn -0.8654 -0.4767 -0.1544
vn -0.6398 -0.7610 -0.1068
vn -0.7622 -0.6248 0.1694
vn -0.8403 -0.3101 0.4447
vn -0.7749 -0.2217 0.5919
vn -0.7725 -0.2782 0.5708
vn -0.6701 -0.2142 0.7107
vn 0.0845 -0.7111 -0.6980
vn 0.0168 -0.9640 -0.2654
vn -0.7142 -0.4956 0.4943
vn -0.8260 -0.5615 0.0488
vn -0.8915 -0.0387 0.4514
vn -0.8893 -0.4175 -0.1865
vn 0.1252 -0.2854 -0.9502
vn -0.9224 -0.0899 -0.3757
vn -0.6793 0.1200 0.7240
vn -0.7199 0.6349 0.2804
vn -0.9069 0.3878 -0.1647
vn 0.2355 0.6330 -0.7374
vn 0.3636 0.9289 0.0704
vn 0.6333 -0.0548 0.7719
vn -0.0591 -0.9513 0.3026
vn -0.3801 -0.9225 0.0670
vn -0.1706 -0.9312 0.3223
vn -0.6111 -0.6820 0.4019
vn -0.4714 -0.8186 0.3281
vn 0.0556 0.1533 0.9866
vn 0.7149 0.1347 0.6861
vn 0.0136 0.3748 0.9270
vn -0.1490 0.5702 0.8079
vn 0.2421 0.2105 0.9471
vn 0.6112 -0.0883 0.7865
vn 0.0009 -0.7900 0.6131
vn 0.4351 -0.8317 0.3449
vn 0.1566 -0.9848 0.0746
vn -0.4259 -0.8630 0.2719
vn -0.0199 -0.8118 0.5836
vn 0.1843 -0.6621 0.7264
vn 0.1052 -0.6831 0.7227
vn 0.1339 -0.6648 0.7349
vn 0.8211 -0.2691 0.5033
vn 0.7131 0.1769 0.6784
vn 0.5592 -0.1613 0.8132
vn 0.3168 -0.5694 0.7585
vn 0.2820 -0.5235 0.8040
vn -0.8865 -0.4577 -0.0680
vn -0.4801 -0.7781 -0.4051
vn 0.3758 -0.4790 -0.7933
vn 0.6813 0.2614 0.6838
vn 0.7408 0.4581 0.4914
vn 0.6725 0.3862 0.6314
vn 0.6353 -0.3063 0.7090
vn -0.0000 -0.7605 0.6493
vn -0.0000 -0.8770 0.4806
vn 0.4714 -0.8186 0.3281
vn 0.3798 -0.9226 0.0669
vn 0.8915 -0.2389 0.3849
vn 0.9234 0.2773 0.2655
vn 0.8803 0.3436 0.3273
vn 0.2708 -0.5417 0.7958
vn 0.6718 -0.2890 0.6821
vn 0.3770 -0.4718 0.7970
vn 0.7240 -0.0200 0.6896
vn 0.4781 -0.0773 0.8749
vn 0.2422 0.3532 0.9037
vn 0.3040 0.1554 0.9399
vn 0.3131 0.4067 0.8582
vn 0.6114 0.2423 0.7533
vn 0.8879 0.2950 0.3529
vn 0.9146 -0.2099 0.3455
vn 0.0591 -0.9513 0.3026
vn 0.1706 -0.9312 0.3223
vn 0.6107 -0.6821 0.4022
vn -0.0000 0.1127 0.9936
vn -0.2176 0.1608 0.9627
vn -0.3212 0.0566 0.9453
vn -0.0000 0.0832 0.9965
vn 0.3212 0.0566 0.9453
vn 0.6816 0.1102 0.7234
vn 0.8945 0.0133 0.4470
vn 0.9492 -0.0259 0.3135
vn 0.9758 -0.0669 0.2080
vn 0.6701 -0.2141 0.7107
vn 0.7725 -0.2782 0.5708
vn 0.8305 -0.2420 0.5017
vn 0.9816 -0.0929 0.1668
vn 0.9768 -0.2016 0.0727
vn -0.6814 0.5106 -0.5244
vn -0.3636 0.9289 0.0704
vn -0.2355 0.6330 -0.7374
vn 0.7199 0.6349 0.2804
vn 0.6793 0.1200 0.7240
vn 0.9224 -0.0900 -0.3757
vn 0.9069 0.3878 -0.1647
vn -0.1530 0.2123 -0.9651
vn -0.6343 0.2048 -0.7454
vn 0.6398 -0.7610 -0.1068
vn 0.4515 -0.8923 0.0039
vn -0.0000 -0.9938 0.1111
vn -0.4515 -0.8923 0.0039
vn -0.6196 -0.3964 0.6775
vn 0.7749 -0.2217 0.5919
vn 0.6196 -0.3964 0.6775
vn 0.2139 -0.6134 0.7602
vn 0.1502 -0.7244 0.6728
vn 0.1843 -0.6620 0.7265
vn 0.1109 -0.6641 0.7394
vn 0.1052 -0.6830 0.7228
vn 0.1338 -0.6649 0.7349
vn 0.2819 -0.5235 0.8040
vn -0.1052 -0.6830 0.7228
vn -0.1109 -0.6641 0.7394
vn -0.1502 -0.7244 0.6729
vn -0.2139 -0.6135 0.7602
vn -0.3770 -0.4718 0.7970
vn -0.6718 -0.2890 0.6821
vn -0.2708 -0.5417 0.7958
vn -0.2819 -0.5235 0.8040
vn -0.1338 -0.6649 0.7349
vn 0.3615 -0.5610 0.7447
vn 0.6410 -0.1642 0.7497
vn -0.0000 -0.6816 0.7317
vn -0.3615 -0.5610 0.7447
vn -0.6410 -0.1642 0.7497
vn -0.5471 -0.2789 0.7892
vn -0.6580 -0.3773 0.6517
vn -0.3632 -0.5129 0.7778
vn -0.5189 0.0288 0.8543
vn -0.7357 -0.1644 0.6570
vn -0.2447 0.1622 0.9559
vn -0.0000 -0.5296 0.8483
vn 0.0291 -0.9885 0.1481
vn 0.8729 0.2700 -0.4064
vn -0.1524 0.9814 0.1171
vn 0.2381 0.6567 -0.7156
vn -0.0000 0.7100 -0.7042
vn -0.0000 0.9993 0.0386
vn 0.1524 0.9814 0.1171
vn -0.2381 0.6567 -0.7156
vn -0.8729 0.2700 -0.4064
vn 0.6579 -0.3774 0.6517
vn -0.0291 -0.9885 0.1481
vn 0.3631 -0.5130 0.7778
vn 0.5189 0.0287 0.8543
vn 0.6701 -0.2142 0.7107
vn 0.5471 -0.2789 0.7892
vn 0.2637 -0.3924 0.8812
vn -0.0000 -0.3677 0.9299
vn -0.2636 -0.3926 0.8811
vn -0.3562 0.3180 0.8787
vn -0.0000 0.5046 0.8633
vn 0.3561 0.3180 0.8787
vn -0.0000 -0.9064 -0.4225
vn -0.0000 -0.9359 0.3522
vn -0.9903 -0.0911 0.1047
vn -0.7953 -0.1346 0.5911
vn -0.7449 -0.1381 0.6527
vn -0.0000 -0.1492 0.9888
vn 0.7953 -0.1346 0.5911
vn 0.7449 -0.1381 0.6527
vn 0.9903 -0.0911 0.1047
vn 0.8278 -0.0095 0.5610
vn 0.9856 0.0144 0.1682
vn 0.7925 -0.0128 0.6098
vn -0.0000 -0.0391 0.9992
vn -0.7925 -0.0128 0.6098
vn -0.8278 -0.0095 0.5610
vn -0.9857 0.0144 0.1682
vn -0.2096 -0.7266 0.6544
vn -0.4654 -0.8302 -0.3069
vn -0.0000 -0.7024 0.7118
vn -0.0000 -0.9333 -0.3592
vn 0.4654 -0.8302 -0.3069
vn 0.2099 -0.7264 0.6544
vn 0.2896 0.6719 0.6817
vn 0.8140 -0.1441 0.5628
vn 0.3947 0.8844 -0.2491
vn -0.0000 0.6605 0.7509
vn -0.2896 0.6719 0.6817
vn -0.8140 -0.1441 0.5628
vn -0.3947 0.8844 -0.2491
vn -0.0000 0.8990 -0.4380
vn -0.2381 0.6566 -0.7156
vn 0.2381 0.6566 -0.7156
vn 0.8729 0.2700 -0.4063
vn -0.3236 -0.3201 0.8904
vn 0.0002 -0.4542 0.8909
vn -0.0034 -0.0049 1.0000
vn 0.3227 -0.3187 0.8912
vn 0.4536 0.0037 0.8912
vn 0.3196 0.3231 0.8908
vn 0.0002 0.4554 0.8903
vn -0.3204 0.3243 0.8900
vn -0.4558 0.0037 0.8901
vn -0.0002 -0.4542 0.8909
vn 0.3235 -0.3200 0.8905
vn 0.0034 -0.0049 1.0000
vn 0.4557 0.0037 0.8901
vn 0.3204 0.3243 0.8900
vn -0.0002 0.4554 0.8903
vn -0.3196 0.3231 0.8908
vn -0.4536 0.0037 0.8912
vn -0.3227 -0.3187 0.8912
vn -0.6443 0.6458 0.4096
vn 0.0001 0.8016 0.5979
vn 0.0001 0.9127 0.4085
vn 0.5652 0.5674 0.5988
vn 0.6443 0.6459 0.4096
vn 0.7994 0.0021 0.6008
vn 0.9113 0.0014 0.4118
vn 0.5653 -0.5631 0.6029
vn 0.6444 -0.6428 0.4143
vn -0.0000 -0.7973 0.6036
vn -0.0001 -0.9099 0.4147
vn -0.5653 -0.5631 0.6028
vn -0.6443 -0.6430 0.4141
vn -0.7994 0.0021 0.6008
vn -0.9113 0.0014 0.4118
vn -0.5652 0.5676 0.5986
vn 0.3226 -0.3187 0.8913
vn 0.0002 -0.4541 0.8909
vn -0.3235 -0.3200 0.8904
vn -0.3204 0.3243 0.8901
vn 0.6443 0.6458 0.4096
vn 0.5653 0.5672 0.5989
vn 0.9112 0.0014 0.4119
vn 0.7994 0.0022 0.6008
vn 0.6443 -0.6430 0.4141
vn 0.5653 -0.5631 0.6028
vn 0.0001 -0.9099 0.4147
vn -0.6444 -0.6430 0.4140
vn -0.5653 -0.5631 0.6029
vn -0.6443 0.6459 0.4096
vn -0.5652 0.5674 0.5988
vn -0.0001 0.9127 0.4085
vn -0.0001 0.8016 0.5979
vn 0.4558 0.0038 0.8901
vn -0.0003 -0.4541 0.8909
vt 0.257813 0.041016
vt 0.294922 0.041016
vt 0.257813 0.078125
vt 0.292969 0.078125
vt 0.289063 0.144531
vt 0.257813 0.144531
vt 0.289063 0.187500
vt 0.257813 0.187500
vt 0.257813 0.218750
vt 0.296875 0.246094
vt 0.316406 0.246094
vt 0.296875 0.261719
vt 0.257813 0.277344
vt 0.285156 0.277344
vt 0.257813 0.328125
vt 0.285156 0.328125
vt 0.316406 0.277344
vt 0.316406 0.261719
vt 0.332031 0.261719
vt 0.351563 0.277344
vt 0.375000 0.277344
vt 0.347656 0.328125
vt 0.316406 0.328125
vt 0.277344 0.390625
vt 0.312500 0.398438
vt 0.265625 0.437500
vt 0.304688 0.437500
vt 0.335938 0.429688
vt 0.343750 0.398438
vt 0.367188 0.429688
vt 0.371094 0.398438
vt 0.375000 0.328125
vt 0.398438 0.328125
vt 0.210938 0.187500
vt 0.183594 0.187500
vt 0.210938 0.144531
vt 0.183594 0.246094
vt 0.203125 0.246094
vt 0.203125 0.261719
vt 0.183594 0.261719
vt 0.183594 0.277344
vt 0.214844 0.277344
vt 0.214844 0.328125
vt 0.242188 0.328125
vt 0.242188 0.277344
vt 0.242188 0.218750
vt 0.242188 0.187500
vt 0.242188 0.144531
vt 0.242188 0.078125
vt 0.207031 0.078125
vt 0.183594 0.144531
vt 0.156250 0.144531
vt 0.152344 0.187500
vt 0.128906 0.144531
vt 0.125000 0.187500
vt 0.101563 0.144531
vt 0.101563 0.187500
vt 0.074219 0.144531
vt 0.074219 0.187500
vt 0.027344 0.187500
vt 0.074219 0.218750
vt 0.027344 0.218750
vt 0.074219 0.277344
vt 0.027344 0.277344
vt 0.074219 0.328125
vt 0.027344 0.328125
vt 0.066406 0.371094
vt 0.027344 0.355469
vt 0.027344 0.371094
vt 0.066406 0.398438
vt 0.027344 0.398438
vt 0.062500 0.429688
vt 0.027344 0.429688
vt 0.062500 0.460938
vt 0.003906 0.460938
vt 0.003906 0.496094
vt 0.062500 0.496094
vt 0.101563 0.496094
vt 0.101563 0.429688
vt 0.132813 0.429688
vt 0.136719 0.496094
vt 0.167969 0.496094
vt 0.164063 0.429688
vt 0.203125 0.496094
vt 0.195313 0.437500
vt 0.234375 0.496094
vt 0.234375 0.437500
vt 0.250000 0.437500
vt 0.250000 0.496094
vt 0.265625 0.496094
vt 0.296875 0.496094
vt 0.332031 0.496094
vt 0.363281 0.496094
vt 0.398438 0.496094
vt 0.398438 0.429688
vt 0.398438 0.398438
vt 0.433594 0.371094
vt 0.433594 0.398438
vt 0.437500 0.429688
vt 0.437500 0.460938
vt 0.437500 0.496094
vt 0.496094 0.496094
vt 0.496094 0.460938
vt 0.472656 0.429688
vt 0.472656 0.398438
vt 0.472656 0.371094
vt 0.472656 0.355469
vt 0.472656 0.328125
vt 0.425781 0.328125
vt 0.398438 0.277344
vt 0.371094 0.218750
vt 0.332031 0.246094
vt 0.316406 0.187500
vt 0.316406 0.144531
vt 0.316406 0.078125
vt 0.316406 0.041016
vt 0.345703 0.041016
vt 0.343750 0.078125
vt 0.343750 0.144531
vt 0.347656 0.187500
vt 0.375000 0.187500
vt 0.398438 0.218750
vt 0.425781 0.277344
vt 0.472656 0.277344
vt 0.496094 0.277344
vt 0.496094 0.328125
vt 0.472656 0.078125
vt 0.425781 0.041016
vt 0.472656 0.041016
vt 0.425781 0.078125
vt 0.472656 0.144531
vt 0.425781 0.144531
vt 0.472656 0.187500
vt 0.496094 0.187500
vt 0.496094 0.144531
vt 0.496094 0.078125
vt 0.496094 0.041016
vt 0.496094 0.003906
vt 0.472656 0.003906
vt 0.425781 0.003906
vt 0.398438 0.003906
vt 0.398438 0.041016
vt 0.375000 0.003906
vt 0.373047 0.041016
vt 0.398438 0.078125
vt 0.398438 0.144531
vt 0.398438 0.187500
vt 0.425781 0.187500
vt 0.425781 0.218750
vt 0.472656 0.218750
vt 0.496094 0.218750
vt 0.371094 0.144531
vt 0.371094 0.078125
vt 0.027344 0.041016
vt 0.074219 0.041016
vt 0.027344 0.078125
vt 0.027344 0.144531
vt 0.074219 0.078125
vt 0.101563 0.078125
vt 0.101563 0.041016
vt 0.148438 0.277344
vt 0.125000 0.277344
vt 0.167969 0.261719
vt 0.128906 0.218750
vt 0.167969 0.246094
vt 0.152344 0.328125
vt 0.125000 0.328125
vt 0.003906 0.187500
vt 0.003906 0.144531
vt 0.003906 0.078125
vt 0.003906 0.041016
vt 0.003906 0.003906
vt 0.027344 0.003906
vt 0.074219 0.003906
vt 0.101563 0.003906
vt 0.125000 0.003906
vt 0.126953 0.041016
vt 0.128906 0.078125
vt 0.154297 0.041016
vt 0.156250 0.078125
vt 0.183594 0.078125
vt 0.183594 0.041016
vt 0.205078 0.041016
vt 0.242188 0.041016
vt 0.003906 0.218750
vt 0.003906 0.277344
vt 0.003906 0.328125
vt 0.128906 0.398438
vt 0.156250 0.398438
vt 0.187500 0.398438
vt 0.183594 0.328125
vt 0.222656 0.390625
vt 0.101563 0.398438
vt 0.101563 0.328125
vt 0.101563 0.277344
vt 0.101563 0.218750
vt 0.636719 0.570313
vt 0.632813 0.578125
vt 0.636719 0.550781
vt 0.617188 0.550781
vt 0.617188 0.546875
vt 0.597656 0.550781
vt 0.609375 0.531250
vt 0.597656 0.515625
vt 0.609375 0.515625
vt 0.609375 0.507813
vt 0.628906 0.507813
vt 0.628906 0.515625
vt 0.636719 0.515625
vt 0.628906 0.531250
vt 0.925781 0.589844
vt 0.910156 0.570313
vt 0.925781 0.554688
vt 0.910156 0.554688
vt 0.925781 0.523438
vt 0.910156 0.523438
vt 0.921875 0.515625
vt 0.582031 0.535156
vt 0.566406 0.523438
vt 0.582031 0.523438
vt 0.566406 0.535156
vt 0.570313 0.550781
vt 0.554688 0.554688
vt 0.554688 0.578125
vt 0.550781 0.578125
vt 0.550781 0.597656
vt 0.539063 0.578125
vt 0.539063 0.589844
vt 0.527344 0.582031
vt 0.523438 0.570313
vt 0.539063 0.570313
vt 0.546875 0.578125
vt 0.839844 0.558594
vt 0.863281 0.570313
vt 0.839844 0.585938
vt 0.859375 0.558594
vt 0.839844 0.527344
vt 0.859375 0.527344
vt 0.851563 0.515625
vt 0.832031 0.515625
vt 0.820313 0.527344
vt 0.820313 0.558594
vt 0.820313 0.585938
vt 0.816406 0.593750
vt 0.816406 0.585938
vt 0.812500 0.593750
vt 0.800781 0.613281
vt 0.800781 0.597656
vt 0.777344 0.601563
vt 0.796875 0.585938
vt 0.773438 0.589844
vt 0.781250 0.570313
vt 0.757813 0.570313
vt 0.792969 0.562500
vt 0.812500 0.585938
vt 0.812500 0.589844
vt 0.953125 0.578125
vt 0.945313 0.578125
vt 0.953125 0.593750
vt 0.945313 0.554688
vt 0.945313 0.523438
vt 0.933594 0.515625
vt 0.507813 0.679688
vt 0.511719 0.652344
vt 0.585938 0.679688
vt 0.664063 0.667969
vt 0.664063 0.679688
vt 0.742188 0.667969
vt 0.753906 0.679688
vt 0.781250 0.664063
vt 0.828125 0.660156
vt 0.828125 0.679688
vt 0.882813 0.679688
vt 0.878906 0.656250
vt 0.941406 0.656250
vt 0.941406 0.679688
vt 0.980469 0.652344
vt 0.996094 0.679688
vt 0.996094 0.648438
vt 0.996094 0.628906
vt 0.964844 0.640625
vt 0.996094 0.609375
vt 0.972656 0.597656
vt 0.996094 0.589844
vt 0.972656 0.589844
vt 0.972656 0.570313
vt 0.996094 0.570313
vt 0.972656 0.550781
vt 0.996094 0.542969
vt 0.953125 0.542969
vt 0.953125 0.570313
vt 0.910156 0.632813
vt 0.875000 0.632813
vt 0.843750 0.636719
vt 0.808594 0.644531
vt 0.757813 0.652344
vt 0.710938 0.652344
vt 0.613281 0.652344
vt 0.542969 0.648438
vt 0.503906 0.628906
vt 0.550781 0.628906
vt 0.503906 0.609375
vt 0.503906 0.589844
vt 0.503906 0.570313
vt 0.515625 0.562500
vt 0.503906 0.542969
vt 0.523438 0.550781
vt 0.539063 0.542969
vt 0.531250 0.562500
vt 0.554688 0.523438
vt 0.566406 0.515625
vt 0.582031 0.515625
vt 0.589844 0.523438
vt 0.589844 0.554688
vt 0.570313 0.558594
vt 0.570313 0.566406
vt 0.574219 0.597656
vt 0.605469 0.628906
vt 0.628906 0.597656
vt 0.605469 0.578125
vt 0.597656 0.570313
vt 0.589844 0.578125
vt 0.648438 0.597656
vt 0.648438 0.578125
vt 0.667969 0.578125
vt 0.656250 0.558594
vt 0.675781 0.558594
vt 0.679688 0.585938
vt 0.667969 0.589844
vt 0.664063 0.593750
vt 0.664063 0.601563
vt 0.695313 0.593750
vt 0.699219 0.605469
vt 0.722656 0.585938
vt 0.726563 0.605469
vt 0.738281 0.589844
vt 0.757813 0.605469
vt 0.757813 0.589844
vt 0.710938 0.562500
vt 0.703125 0.585938
vt 0.664063 0.632813
vt 0.714844 0.628906
vt 0.757813 0.632813
vt 0.800781 0.628906
vt 0.828125 0.609375
vt 0.843750 0.593750
vt 0.863281 0.593750
vt 0.875000 0.593750
vt 0.882813 0.574219
vt 0.898438 0.593750
vt 0.925781 0.593750
vt 0.882813 0.550781
vt 0.902344 0.550781
vt 0.882813 0.515625
vt 0.902344 0.515625
vt 0.890625 0.507813
vt 0.875000 0.507813
vt 0.863281 0.515625
vt 0.863281 0.550781
vt 0.640625 0.558594
vt 0.648438 0.539063
vt 0.640625 0.527344
vt 0.648438 0.527344
vt 0.648438 0.515625
vt 0.667969 0.527344
vt 0.667969 0.515625
vt 0.675781 0.527344
vt 0.667969 0.539063
vt 0.092349 0.992188
vt 0.074436 0.992188
vt 0.095334 0.983922
vt 0.683594 0.234375
vt 0.750000 0.246094
vt 0.750000 0.160156
vt 0.824219 0.234375
vt 0.832031 0.160156
vt 0.796875 0.097656
vt 0.714844 0.097656
vt 0.683594 0.160156
vt 0.585938 0.390625
vt 0.664063 0.402344
vt 0.644531 0.261719
vt 0.644531 0.488281
vt 0.574219 0.488281
vt 0.519531 0.375000
vt 0.503906 0.488281
vt 0.953125 0.312500
vt 0.980469 0.398438
vt 0.968750 0.308594
vt 0.910156 0.402344
vt 0.859375 0.265625
vt 0.933594 0.261719
vt 0.921875 0.210938
vt 0.917969 0.132813
vt 0.875000 0.062500
vt 0.800781 0.007812
vt 0.707031 0.007812
vt 0.640625 0.054688
vt 0.597656 0.125000
vt 0.582031 0.195313
vt 0.570313 0.246094
vt 0.554688 0.300781
vt 0.539063 0.296875
vt 0.843750 0.410156
vt 0.859375 0.492188
vt 0.929688 0.492188
vt 1.000000 0.492188
vt 0.082031 0.605469
vt 0.070312 0.597656
vt 0.089844 0.589844
vt 0.062500 0.582031
vt 0.089844 0.562500
vt 0.058594 0.562500
vt 0.117188 0.562500
vt 0.148438 0.562500
vt 0.140625 0.589844
vt 0.179688 0.589844
vt 0.148438 0.605469
vt 0.183594 0.562500
vt 0.187500 0.531250
vt 0.214844 0.531250
vt 0.214844 0.550781
vt 0.031250 0.503906
vt 0.003906 0.531250
vt 0.003906 0.503906
vt 0.031250 0.531250
vt 0.058594 0.503906
vt 0.089844 0.503906
vt 0.117188 0.503906
vt 0.156250 0.503906
vt 0.191406 0.503906
vt 0.214844 0.503906
vt 0.238281 0.503906
vt 0.238281 0.531250
vt 0.238281 0.574219
vt 0.214844 0.570313
vt 0.199219 0.578125
vt 0.195313 0.589844
vt 0.187500 0.621094
vt 0.164063 0.636719
vt 0.128906 0.613281
vt 0.113281 0.597656
vt 0.101563 0.613281
vt 0.058594 0.636719
vt 0.046875 0.621094
vt 0.042969 0.605469
vt 0.035156 0.589844
vt 0.031250 0.578125
vt 0.003906 0.574219
vt 0.550781 0.085938
vt 0.502377 0.085938
vt 0.550781 0.109375
vt 0.502377 0.109375
vt 0.550781 0.136719
vt 0.502377 0.136719
vt 0.550781 0.171875
vt 0.502377 0.171875
vt 0.550781 0.195313
vt 0.502377 0.195313
vt 0.550781 0.222656
vt 0.502377 0.222656
vt 0.550781 0.246094
vt 0.502377 0.246094
vt 0.550781 0.269531
vt 0.502377 0.269531
vt 0.550781 0.285156
vt 0.502377 0.285156
vt 0.957031 0.265625
vt 0.941406 0.253906
vt 0.980695 0.260509
vt 0.992188 0.210938
vt 0.992188 0.253906
vt 0.957031 0.199219
vt 0.933594 0.230469
vt 0.941406 0.210938
vt 0.980469 0.200488
vt 0.605469 0.089844
vt 0.554688 0.089844
vt 0.605469 0.074219
vt 0.554688 0.074219
vt 0.539063 0.074219
vt 0.539063 0.023438
vt 0.554688 0.023438
vt 0.554688 0.007812
vt 0.605469 0.023438
vt 0.605469 0.007812
vt 0.621094 0.023438
vt 0.621094 0.074219
vt 0.094489 0.550240
vt 0.100504 0.569319
vt 0.118738 0.560052
vt 0.109486 0.595428
vt 0.122449 0.590860
vt 0.147169 0.570133
vt 0.139400 0.544873
vt 0.124448 0.527987
vt 0.109070 0.528509
vt 0.234375 0.968750
vt 0.246094 0.925781
vt 0.250000 0.964844
vt 0.226563 0.933594
vt 0.207031 0.976563
vt 0.195313 0.941406
vt 0.161574 0.984375
vt 0.179088 0.992188
vt 0.165194 0.992188
vt 0.132813 0.023438
vt 0.707031 0.460938
vt 0.750000 0.496094
vt 0.792969 0.460938
vt 0.972656 0.007812
vt 0.945313 0.007812
vt 0.988281 0.023438
vt 0.929688 0.023438
vt 0.992188 0.050781
vt 0.914063 0.050781
vt 0.988281 0.085938
vt 0.917969 0.085938
vt 0.976563 0.121094
vt 0.925781 0.121094
vt 0.929688 0.140625
vt 0.980469 0.140625
vt 0.980469 0.156250
vt 0.929688 0.156250
vt 0.976563 0.175781
vt 0.937500 0.175781
vt 0.957031 0.187500
vt 0.257813 0.503906
vt 0.257813 0.531250
vt 0.285156 0.503906
vt 0.285156 0.531250
vt 0.312500 0.503906
vt 0.312500 0.562500
vt 0.343750 0.562500
vt 0.343750 0.503906
vt 0.371094 0.562500
vt 0.371094 0.503906
vt 0.402344 0.562500
vt 0.410156 0.503906
vt 0.441406 0.531250
vt 0.445313 0.503906
vt 0.468750 0.503906
vt 0.468750 0.531250
vt 0.492188 0.503906
vt 0.492188 0.531250
vt 0.492188 0.578125
vt 0.468750 0.554688
vt 0.468750 0.570313
vt 0.453125 0.582031
vt 0.437500 0.562500
vt 0.449219 0.589844
vt 0.433594 0.589844
vt 0.441406 0.621094
vt 0.402344 0.605469
vt 0.417969 0.636719
vt 0.382813 0.613281
vt 0.394531 0.589844
vt 0.367188 0.597656
vt 0.343750 0.589844
vt 0.355469 0.613281
vt 0.335938 0.605469
vt 0.312500 0.636719
vt 0.300781 0.621094
vt 0.324219 0.597656
vt 0.296875 0.605469
vt 0.289063 0.589844
vt 0.316406 0.582031
vt 0.285156 0.578125
vt 0.257813 0.574219
vt 0.058594 0.941406
vt 0.046875 0.976563
vt 0.027344 0.933594
vt 0.019531 0.968750
vt 0.007812 0.925781
vt 0.003906 0.964844
vt 0.042969 0.707031
vt 0.070312 0.707031
vt 0.042969 0.738281
vt 0.074219 0.738281
vt 0.042969 0.781250
vt 0.074219 0.785156
vt 0.097656 0.785156
vt 0.070312 0.851563
vt 0.097656 0.859375
vt 0.066406 0.867188
vt 0.066406 0.910156
vt 0.097656 0.910156
vt 0.128906 0.910156
vt 0.128906 0.855469
vt 0.128906 0.785156
vt 0.128906 0.738281
vt 0.128906 0.707031
vt 0.179688 0.738281
vt 0.183594 0.707031
vt 0.210938 0.738281
vt 0.210938 0.707031
vt 0.246094 0.707031
vt 0.246094 0.738281
vt 0.285156 0.703125
vt 0.285156 0.742188
vt 0.320313 0.703125
vt 0.320313 0.738281
vt 0.359375 0.734375
vt 0.359375 0.703125
vt 0.371094 0.734375
vt 0.371094 0.703125
vt 0.382813 0.703125
vt 0.382813 0.734375
vt 0.421875 0.703125
vt 0.421875 0.738281
vt 0.457031 0.742188
vt 0.457031 0.703125
vt 0.371094 0.781250
vt 0.382813 0.785156
vt 0.277344 0.937500
vt 0.300781 0.890625
vt 0.302228 0.946077
vt 0.261719 0.886719
vt 0.253906 0.933594
vt 0.273438 0.968750
vt 0.292969 0.976563
vt 0.321295 0.992188
vt 0.316789 0.952825
vt 0.308459 0.917886
vt 0.339926 0.885654
vt 0.332031 0.843750
vt 0.289063 0.847656
vt 0.320313 0.798828
vt 0.281250 0.792969
vt 0.320313 0.785156
vt 0.359375 0.785156
vt 0.359375 0.796875
vt 0.371094 0.800781
vt 0.371094 0.843750
vt 0.382813 0.796875
vt 0.378906 0.843750
vt 0.378906 0.859375
vt 0.371094 0.859375
vt 0.371094 0.890872
vt 0.363281 0.859375
vt 0.363281 0.843750
vt 0.007812 0.648438
vt 0.042969 0.648438
vt 0.007812 0.675781
vt 0.042969 0.675781
vt 0.070312 0.648438
vt 0.070312 0.675781
vt 0.128906 0.648438
vt 0.128906 0.675781
vt 0.183594 0.675781
vt 0.183594 0.648438
vt 0.210938 0.675781
vt 0.210938 0.648438
vt 0.246094 0.675781
vt 0.246094 0.648438
vt 0.285156 0.675781
vt 0.285156 0.648438
vt 0.320313 0.648438
vt 0.320313 0.675781
vt 0.359375 0.648438
vt 0.359375 0.675781
vt 0.371094 0.675781
vt 0.371094 0.648438
vt 0.382813 0.648438
vt 0.382813 0.675781
vt 0.421875 0.675781
vt 0.421875 0.648438
vt 0.457031 0.675781
vt 0.457031 0.648438
vt 0.496094 0.648438
vt 0.496094 0.675781
vt 0.496094 0.707031
vt 0.496094 0.738281
vt 0.496094 0.785156
vt 0.460938 0.796875
vt 0.421875 0.785156
vt 0.421875 0.800781
vt 0.445109 0.849959
vt 0.414063 0.843750
vt 0.445313 0.882813
vt 0.405320 0.888331
vt 0.431435 0.916357
vt 0.386719 0.917969
vt 0.399667 0.934741
vt 0.430452 0.973474
vt 0.407421 0.963614
vt 0.424799 0.992188
vt 0.410156 0.992188
vt 0.468750 0.937500
vt 0.477710 0.886719
vt 0.488281 0.933594
vt 0.448536 0.947989
vt 0.457031 0.976563
vt 0.476563 0.968750
vt 0.492188 0.964844
vt 0.335938 0.992188
vt 0.337502 0.965144
vt 0.343750 0.933211
vt 0.355469 0.917969
vt 0.371094 0.915974
vt 0.246094 0.785156
vt 0.210938 0.781250
vt 0.179688 0.785156
vt 0.156250 0.785156
vt 0.183594 0.851563
vt 0.156250 0.859375
vt 0.187500 0.867188
vt 0.187500 0.910156
vt 0.156250 0.910156
vt 0.007812 0.738281
vt 0.007812 0.785156
vt 0.007812 0.707031
vt 0.371094 0.023438
vt 0.250000 0.355469
vt 0.250000 0.371094
vt 0.250000 0.390625
vt 0.296875 0.003906
vt 0.257813 0.003906
vt 0.316406 0.003906
vt 0.347656 0.003906
vt 0.066705 0.968297
vt 0.097656 0.949219
vt 0.128906 0.945313
vt 0.156250 0.949219
vt 0.185844 0.972370
vt 0.144531 0.980469
vt 0.128906 0.980469
vt 0.109375 0.980469
vt 0.042969 0.859375
vt 0.023438 0.851563
vt 0.027344 0.839844
vt 0.023438 0.875000
vt 0.042969 0.886719
vt 0.035156 0.906250
vt 0.015625 0.902344
vt 0.007812 0.832031
vt 0.226563 0.839844
vt 0.230469 0.851563
vt 0.210938 0.859375
vt 0.230469 0.875000
vt 0.210938 0.886719
vt 0.218750 0.906250
vt 0.238281 0.902344
vt 0.246094 0.832031
vt 0.261719 0.851563
vt 0.257813 0.601563
vt 0.242188 0.003906
vt 0.203125 0.003906
vt 0.183594 0.003906
vt 0.152344 0.003906
vt 0.812500 0.285156
vt 0.792969 0.363281
vt 0.707031 0.363281
vt 0.695313 0.285156
vt 0.750000 0.339844
vt 0.750000 0.281250
vt 0.207031 0.585938
vt 0.238281 0.601563
vt 0.003906 0.601563
vt 0.003906 0.359375
vt 0.003906 0.367188
vt 0.003906 0.371094
vt 0.003906 0.398438
vt 0.003906 0.429688
vt 0.492188 0.601563
vt 0.460938 0.589844
vt 0.480469 0.851563
vt 0.496094 0.832031
vt 0.496094 0.429688
vt 0.496094 0.398438
vt 0.496094 0.371094
vt 0.496094 0.367188
vt 0.496094 0.359375
vt 0.797866 0.810883
vt 0.807916 0.888401
vt 0.855887 0.821723
vt 0.882851 0.892564
vt 0.929789 0.889902
vt 0.930418 0.814954
vt 0.965002 0.842859
vt 0.965905 0.801618
vt 0.587189 0.855262
vt 0.557053 0.839629
vt 0.547000 0.850632
vt 0.555651 0.803357
vt 0.612419 0.833111
vt 0.595733 0.712397
vt 0.657439 0.712397
vt 0.713076 0.806051
vt 0.765790 0.712397
vt 0.822897 0.712397
vt 0.882413 0.712397
vt 0.934210 0.712397
vt 0.994492 0.712397
vt 0.994492 0.795874
vt 0.994492 0.833605
vt 0.994492 0.849862
vt 0.994492 0.863137
vt 0.994492 0.903619
vt 0.994492 0.912985
vt 0.912579 0.945235
vt 0.880528 0.930172
vt 0.803840 0.917761
vt 0.761995 0.886605
vt 0.937891 0.693151
vt 0.994492 0.687997
vt 0.883126 0.694558
vt 0.825323 0.695811
vt 0.760343 0.697424
vt 0.665107 0.695773
vt 0.551175 0.691567
vt 0.503814 0.712397
vt 0.503814 0.687997
vt 0.503814 0.795874
vt 0.503814 0.833605
vt 0.503814 0.849862
vt 0.543613 0.862751
vt 0.503814 0.863137
vt 0.545713 0.902585
vt 0.503814 0.903619
vt 0.503814 0.912986
vt 0.553173 0.913806
vt 0.503814 0.995658
vt 0.560998 0.985829
vt 0.584153 0.965044
vt 0.587870 0.892210
vt 0.615564 0.951321
vt 0.646229 0.945686
vt 0.620198 0.888560
vt 0.669527 0.891122
vt 0.679104 0.940238
vt 0.711578 0.917622
vt 0.719393 0.937422
vt 0.746297 0.938054
vt 0.778962 0.944275
vt 0.836898 0.951746
vt 0.877203 0.964758
vt 0.949287 0.994690
vt 0.994492 0.995658
vt 0.666322 0.814352
vt 0.796875 0.253906
vt 0.769531 0.277344
vt 0.718750 0.207031
vt 0.710938 0.257813
vt 0.585938 0.148438
vt 0.628906 0.226563
vt 0.500000 0.128906
vt 0.585938 0.218750
vt 0.500000 0.203125
vt 0.414063 0.218750
vt 0.371094 0.226563
vt 0.414063 0.148438
vt 0.289063 0.257813
vt 0.281250 0.207031
vt 0.230469 0.277344
vt 0.203125 0.253906
vt 0.113281 0.320313
vt 0.125000 0.367188
vt 0.074219 0.351563
vt 0.183594 0.343750
vt 0.140625 0.277344
vt 0.164063 0.234375
vt 0.257813 0.171875
vt 0.468750 0.062500
vt 0.500000 0.082031
vt 0.531250 0.062500
vt 0.742188 0.171875
vt 0.835938 0.234375
vt 0.859375 0.277344
vt 0.816406 0.343750
vt 0.886719 0.320313
vt 0.875000 0.367188
vt 0.925781 0.351563
vt 0.996094 0.343750
vt 0.996094 0.382813
vt 0.925781 0.406250
vt 0.996094 0.453125
vt 0.925781 0.472656
vt 0.871094 0.406250
vt 0.871094 0.492188
vt 0.824219 0.480469
vt 0.812500 0.390625
vt 0.781250 0.457031
vt 0.746094 0.363281
vt 0.734375 0.421875
vt 0.671875 0.281250
vt 0.648438 0.289063
vt 0.667969 0.386719
vt 0.589844 0.265625
vt 0.601563 0.359375
vt 0.500000 0.281250
vt 0.500000 0.328125
vt 0.398438 0.359375
vt 0.410156 0.265625
vt 0.332031 0.386719
vt 0.351563 0.289063
vt 0.265625 0.421875
vt 0.328125 0.281250
vt 0.253906 0.363281
vt 0.218750 0.457031
vt 0.187500 0.390625
vt 0.175781 0.480469
vt 0.128906 0.406250
vt 0.128906 0.492188
vt 0.074219 0.472656
vt 0.074219 0.406250
vt 0.003906 0.453125
vt 0.003906 0.382813
vt 0.003906 0.343750
vt 0.500000 0.250000
vt 0.199219 0.277344
vt 0.203125 0.230469
vt 0.250000 0.218750
vt 0.250000 0.199219
vt 0.269531 0.160156
vt 0.304688 0.214844
vt 0.300781 0.253906
vt 0.339844 0.218750
vt 0.277344 0.304688
vt 0.199219 0.332031
vt 0.199219 0.390625
vt 0.699219 0.343750
vt 0.824219 0.390625
vt 0.671875 0.406250
vt 0.644531 0.433594
vt 0.792969 0.445313
vt 0.949219 0.429688
vt 0.502126 0.444975
vt 0.470876 0.452787
vt 0.478688 0.405912
vt 0.500000 0.507813
vt 0.533376 0.519193
vt 0.525563 0.433256
vt 0.545095 0.405912
vt 0.533376 0.351225
vt 0.506032 0.378568
vt 0.513845 0.296537
vt 0.482595 0.343412
vt 0.474782 0.280912
vt 0.451345 0.304350
vt 0.427907 0.273100
vt 0.439626 0.312162
vt 0.463063 0.355131
vt 0.125000 0.148438
vt 0.164063 0.183594
vt 0.125000 0.218750
vt 0.109375 0.304688
vt 0.093750 0.234375
vt 0.093750 0.210938
vt 0.078125 0.203125
vt 0.447438 0.527006
vt 0.463063 0.503568
vt 0.498220 0.546537
vt 0.691406 0.871094
vt 0.734375 0.851563
vt 0.785156 0.890625
vt 0.695313 0.800781
vt 0.632813 0.804688
vt 0.628906 0.859375
vt 0.542969 0.835938
vt 0.570313 0.222656
vt 0.570313 0.164063
vt 0.632813 0.195313
vt 0.496094 0.148438
vt 0.480469 0.183594
vt 0.425781 0.132813
vt 0.414063 0.164063
vt 0.367188 0.140625
vt 0.371094 0.125000
vt 0.320313 0.125000
vt 0.347656 0.109375
vt 0.386719 0.093750
vt 0.425781 0.101563
vt 0.492188 0.113281
vt 0.570313 0.125000
vt 0.632813 0.144531
vt 0.695313 0.175781
vt 0.628906 0.613281
vt 0.601563 0.554688
vt 0.675781 0.566406
vt 0.531250 0.664063
vt 0.601563 0.652344
vt 0.503906 0.726563
vt 0.562500 0.734375
vt 0.453125 0.738281
vt 0.464844 0.628906
vt 0.492188 0.605469
vt 0.535156 0.578125
vt 0.871094 0.683594
vt 0.847656 0.683594
vt 0.867188 0.750000
vt 0.824219 0.652344
vt 0.835938 0.582031
vt 0.777344 0.570313
vt 0.769531 0.511719
vt 0.726563 0.500000
vt 0.710938 0.476563
vt 0.667969 0.472656
vt 0.734375 0.550781
vt 0.339844 0.285156
vt 0.343750 0.253906
vt 0.386719 0.320313
vt 0.386719 0.289063
vt 0.386719 0.355469
vt 0.386719 0.390625
vt 0.902344 0.558594
vt 0.820313 0.511719
vt 0.882813 0.589844
vt 0.761719 0.488281
vt 0.710938 0.468750
vt 0.792969 0.488281
vt 0.843750 0.500000
vt 0.875000 0.519531
vt 0.929688 0.609375
vt 0.902344 0.648438
vt 0.890625 0.710938
vt 0.625000 0.757813
vt 0.730469 0.714844
vt 0.933594 0.359375
vt 0.960938 0.347656
vt 0.984375 0.234375
vt 0.939941 0.247070
vt 0.929688 0.250000
vt 0.906250 0.171875
vt 0.851563 0.195313
vt 0.843750 0.109375
vt 0.894531 0.125000
vt 0.882813 0.070312
vt 0.843750 0.066406
vt 0.843750 0.027344
vt 0.949219 0.148438
vt 0.906250 0.109375
vt 0.687500 0.679688
vt 0.695313 0.632813
vt 0.707031 0.597656
vt 0.371094 0.199219
vt 0.015625 0.289063
vt 0.078125 0.253906
vt 0.015625 0.312500
vt 0.070312 0.285156
vt 0.015625 0.347656
vt 0.015625 0.390625
vt 0.054688 0.234375
vt 0.632813 0.234375
vt 0.597656 0.085938
vt 0.660156 0.074219
vt 0.585938 0.062500
vt 0.531250 0.050781
vt 0.738281 0.671875
vt 0.785156 0.683594
vt 0.820313 0.703125
vt 0.933594 0.675781
vt 0.941406 0.714844
vt 0.914063 0.722656
vt 0.957031 0.566406
vt 0.972656 0.625000
vt 0.972656 0.667969
vt 0.980469 0.710938
vt 0.882813 0.375000
vt 0.867188 0.261719
vt 0.800781 0.070312
vt 0.792969 0.109375
vt 0.792969 0.207031
vt 0.796875 0.292969
vt 0.753906 0.328125
vt 0.703125 0.285156
vt 0.738281 0.234375
vt 0.742188 0.164063
vt 0.761719 0.125000
vt 0.591970 0.409818
vt 0.607595 0.425443
vt 0.611501 0.362943
vt 0.646657 0.351225
vt 0.638845 0.296537
vt 0.109375 0.640625
vt 0.132813 0.515625
vt 0.218750 0.578125
vt 0.218750 0.492188
vt 0.308594 0.515625
vt 0.332031 0.640625
vt 0.390625 0.605469
vt 0.406250 0.664063
vt 0.445313 0.621094
vt 0.398438 0.554688
vt 0.363281 0.535156
vt 0.042969 0.816406
vt 0.058594 0.734375
vt 0.121094 0.730469
vt 0.046875 0.675781
vt 0.066406 0.605469
vt 0.093750 0.531250
vt 0.136719 0.449219
vt 0.167969 0.421875
vt 0.218750 0.406250
vt 0.273438 0.421875
vt 0.304688 0.449219
vt 0.351563 0.468750
vt 0.101563 0.457031
vt 0.058594 0.546875
vt 0.019531 0.621094
vt 0.320313 0.730469
vt 0.386719 0.753906
vt 0.218750 0.675781
vt 0.533376 0.265287
vt 0.552907 0.304350
vt 0.580251 0.339506
vt 0.591970 0.312162
vt 0.556813 0.288725
vt 0.546875 0.078125
vt 0.484375 0.082031
vt 0.425781 0.082031
vt 0.425781 0.066406
vt 0.472656 0.042969
vt 0.976540 0.915770
vt 0.935049 0.915770
vt 0.935049 0.943431
vt 0.893557 0.915770
vt 0.893557 0.973858
vt 0.843767 0.971092
vt 0.843767 0.915770
vt 0.793977 0.960028
vt 0.793977 0.915770
vt 0.752485 0.943431
vt 0.752485 0.915770
vt 0.710993 0.915770
vt 0.710993 0.932366
vt 0.666735 0.915770
vt 0.922679 0.885853
vt 0.963405 0.870189
vt 0.885087 0.870189
vt 0.885087 0.791871
vt 0.869423 0.829464
vt 0.963405 0.791871
vt 0.979068 0.829464
vt 0.922679 0.776208
vt 0.421713 0.850681
vt 0.438998 0.864509
vt 0.428627 0.888707
vt 0.445911 0.888707
vt 0.421713 0.926732
vt 0.062200 0.888707
vt 0.048373 0.867966
vt 0.065657 0.850681
vt 0.044916 0.892164
vt 0.065657 0.926732
vt 0.842046 0.799766
vt 0.826383 0.840491
vt 0.826383 0.762173
vt 0.748065 0.762173
vt 0.785657 0.746509
vt 0.748065 0.840491
vt 0.785657 0.856155
vt 0.732401 0.799766
vt 0.169164 0.142177
vt 0.120692 0.125070
vt 0.200528 0.139326
vt 0.203379 0.113665
vt 0.246149 0.130772
vt 0.254702 0.107962
vt 0.251851 0.090854
vt 0.206231 0.096557
vt 0.146354 0.090854
vt 0.106436 0.082301
vt 0.089328 0.113665
vt 0.074219 0.140625
vt 0.050781 0.140625
vt 0.066406 0.171875
vt 0.211620 0.033237
vt 0.260091 0.044642
vt 0.257240 0.027535
vt 0.208768 0.050345
vt 0.151743 0.027535
vt 0.126081 0.061750
vt 0.111825 0.018981
vt 0.094717 0.050345
vt 0.078125 0.078125
vt 0.251537 0.067453
vt 0.205917 0.076007
vt 0.174553 0.078858
vt 0.491925 0.948036
vt 0.491925 0.975697
vt 0.450433 0.975697
vt 0.533417 0.975697
vt 0.533417 0.917609
vt 0.583207 0.920375
vt 0.583207 0.975697
vt 0.632997 0.931440
vt 0.632997 0.975697
vt 0.674489 0.948036
vt 0.674489 0.975697
vt 0.715980 0.975697
vt 0.715980 0.959101
vt 0.760238 0.975697
vt 0.062500 0.085938
vt 0.074219 0.105469
vt 0.165906 0.961301
vt 0.107139 0.947473
vt 0.103682 0.916362
vt 0.103682 0.885250
vt 0.103682 0.854138
vt 0.089855 0.826483
vt 0.117510 0.812656
vt 0.155535 0.854138
vt 0.165906 0.795372
vt 0.207388 0.812656
vt 0.207388 0.774630
vt 0.248870 0.781544
vt 0.248870 0.757346
vt 0.283439 0.774630
vt 0.283439 0.812656
vt 0.328378 0.795372
vt 0.335292 0.854138
vt 0.373317 0.812656
vt 0.390602 0.854138
vt 0.397515 0.826483
vt 0.390602 0.885250
vt 0.390602 0.916362
vt 0.387145 0.947473
vt 0.328378 0.961301
vt 0.331835 0.909448
vt 0.283439 0.909448
vt 0.279982 0.947473
vt 0.248870 0.905991
vt 0.248870 0.933646
vt 0.210845 0.947473
vt 0.207388 0.909448
vt 0.158992 0.909448
vt 0.155535 0.881793
vt 0.331835 0.881793
vt 0.283439 0.878336
vt 0.248870 0.878336
vt 0.207388 0.878336
vt 0.207388 0.850681
vt 0.248870 0.812656
vt 0.283439 0.850681
vt 0.248870 0.843768
vt 0.246094 0.703125
vt 0.269531 0.671875
vt 0.300781 0.714844
vt 0.320313 0.679688
vt 0.335938 0.734375
vt 0.367188 0.710938
vt 0.378906 0.687500
vt 0.390625 0.660156
vt 0.371094 0.640625
vt 0.398438 0.632813
vt 0.386719 0.625000
vt 0.398438 0.613281
vt 0.425781 0.605469
vt 0.429688 0.589844
vt 0.457031 0.613281
vt 0.464844 0.605469
vt 0.476563 0.628906
vt 0.484375 0.644531
vt 0.468750 0.640625
vt 0.480469 0.660156
vt 0.464844 0.664063
vt 0.500000 0.671875
vt 0.500000 0.644531
vt 0.488281 0.613281
vt 0.472656 0.582031
vt 0.457031 0.578125
vt 0.429688 0.570313
vt 0.378906 0.582031
vt 0.351563 0.589844
vt 0.351563 0.539063
vt 0.312500 0.585938
vt 0.304688 0.542969
vt 0.285156 0.585938
vt 0.269531 0.585938
vt 0.269531 0.621094
vt 0.339844 0.640625
vt 0.367188 0.613281
vt 0.822103 0.522921
vt 0.819987 0.565374
vt 0.798757 0.535122
vt 0.800680 0.567047
vt 0.781802 0.641079
vt 0.790048 0.567949
vt 0.793873 0.541349
vt 0.765895 0.505356
vt 0.753906 0.476563
vt 0.722656 0.460938
vt 0.730469 0.511719
vt 0.754977 0.515710
vt 0.773974 0.534069
vt 0.778557 0.562910
vt 0.770082 0.556818
vt 0.743067 0.519393
vt 0.730469 0.546875
vt 0.664063 0.734375
vt 0.679688 0.679688
vt 0.699219 0.714844
vt 0.632813 0.710938
vt 0.500000 0.566406
vt 0.484375 0.554688
vt 0.500000 0.554688
vt 0.484375 0.566406
vt 0.500000 0.585938
vt 0.488281 0.585938
vt 0.500000 0.613281
vt 0.476563 0.566406
vt 0.476563 0.554688
vt 0.464844 0.554688
vt 0.468750 0.566406
vt 0.457031 0.554688
vt 0.460938 0.535156
vt 0.433594 0.535156
vt 0.527344 0.425781
vt 0.500000 0.425781
vt 0.500000 0.410156
vt 0.472656 0.425781
vt 0.472656 0.410156
vt 0.445313 0.425781
vt 0.449219 0.402344
vt 0.417969 0.406250
vt 0.457031 0.378906
vt 0.410156 0.386719
vt 0.445313 0.363281
vt 0.500000 0.347656
vt 0.476563 0.378906
vt 0.472656 0.394531
vt 0.500000 0.394531
vt 0.500000 0.378906
vt 0.523438 0.378906
vt 0.527344 0.394531
vt 0.527344 0.410156
vt 0.554688 0.425781
vt 0.550781 0.402344
vt 0.542969 0.378906
vt 0.554688 0.363281
vt 0.591238 0.386539
vt 0.582031 0.406250
vt 0.632813 0.410156
vt 0.617188 0.437500
vt 0.648438 0.453125
vt 0.687500 0.437500
vt 0.691406 0.500000
vt 0.648438 0.503906
vt 0.695313 0.542969
vt 0.687500 0.585938
vt 0.714844 0.585938
vt 0.730469 0.671875
vt 0.730551 0.620000
vt 0.730469 0.585938
vt 0.464844 0.632813
vt 0.460938 0.636719
vt 0.453125 0.644531
vt 0.449219 0.640625
vt 0.437500 0.648438
vt 0.437500 0.644531
vt 0.414063 0.648438
vt 0.417969 0.644531
vt 0.425781 0.636719
vt 0.453125 0.632813
vt 0.453125 0.628906
vt 0.437500 0.628906
vt 0.410156 0.628906
vt 0.175781 0.523438
vt 0.179688 0.566406
vt 0.199219 0.535156
vt 0.199219 0.566406
vt 0.218750 0.640625
vt 0.210938 0.566406
vt 0.214844 0.597656
vt 0.222656 0.593750
vt 0.230469 0.621094
vt 0.187500 0.699219
vt 0.226563 0.761719
vt 0.269531 0.773438
vt 0.328125 0.773438
vt 0.394531 0.773438
vt 0.406250 0.718750
vt 0.429688 0.687500
vt 0.433594 0.667969
vt 0.468750 0.687500
vt 0.500000 0.691406
vt 0.531250 0.687500
vt 0.535156 0.718750
vt 0.570313 0.687500
vt 0.593750 0.718750
vt 0.621094 0.687500
vt 0.640625 0.675781
vt 0.628906 0.640625
vt 0.660156 0.640625
vt 0.632813 0.613281
vt 0.648438 0.589844
vt 0.609574 0.603815
vt 0.621094 0.582031
vt 0.570433 0.569926
vt 0.613281 0.527344
vt 0.566406 0.533739
vt 0.593750 0.503906
vt 0.554688 0.519531
vt 0.539063 0.535156
vt 0.529302 0.531250
vt 0.515625 0.515625
vt 0.500000 0.523438
vt 0.500000 0.511719
vt 0.511719 0.496094
vt 0.500000 0.492188
vt 0.500000 0.480469
vt 0.488281 0.496094
vt 0.484375 0.515625
vt 0.470698 0.531250
vt 0.445313 0.519531
vt 0.406250 0.503906
vt 0.386719 0.527344
vt 0.386719 0.480469
vt 0.351563 0.503906
vt 0.351563 0.453125
vt 0.308594 0.500000
vt 0.312500 0.437500
vt 0.277344 0.460938
vt 0.367188 0.410156
vt 0.382813 0.437500
vt 0.410156 0.441406
vt 0.421875 0.468750
vt 0.441406 0.484375
vt 0.226563 0.535156
vt 0.246094 0.515625
vt 0.257813 0.519531
vt 0.269531 0.511719
vt 0.269531 0.546875
vt 0.230469 0.558594
vt 0.222656 0.562500
vt 0.230469 0.589844
vt 0.261719 0.601563
vt 0.250000 0.609375
vt 0.238281 0.605469
vt 0.234375 0.613281
vt 0.246094 0.617188
vt 0.542636 0.554235
vt 0.471836 0.539063
vt 0.480469 0.544411
vt 0.480469 0.539063
vt 0.488281 0.531250
vt 0.488281 0.541225
vt 0.572491 0.637041
vt 0.548038 0.633623
vt 0.562500 0.628906
vt 0.546875 0.628906
vt 0.542969 0.613281
vt 0.535156 0.632813
vt 0.539063 0.636719
vt 0.548947 0.641619
vt 0.562347 0.645431
vt 0.581021 0.644124
vt 0.585938 0.648438
vt 0.562500 0.648438
vt 0.546875 0.644531
vt 0.531250 0.640625
vt 0.522637 0.627390
vt 0.532762 0.604169
vt 0.515625 0.644531
vt 0.519531 0.660156
vt 0.536039 0.664651
vt 0.246094 0.476563
vt 0.234375 0.503906
vt 0.207031 0.542969
vt 0.510633 0.611657
vt 0.511916 0.585783
vt 0.515625 0.566406
vt 0.515625 0.554688
vt 0.500000 0.550781
vt 0.500000 0.542969
vt 0.511719 0.541225
vt 0.519531 0.544411
vt 0.523438 0.554688
vt 0.523438 0.566406
vt 0.566672 0.669526
vt 0.609375 0.660156
vt 0.601563 0.632813
vt 0.614702 0.623146
vt 0.601563 0.613281
vt 0.589844 0.628906
vt 0.574219 0.605469
vt 0.570812 0.591604
vt 0.542969 0.578125
vt 0.532501 0.566406
vt 0.535669 0.554688
vt 0.528164 0.539063
vt 0.519531 0.539063
vt 0.511719 0.531250
vt 0.500000 0.718750
vt 0.464844 0.718750
vt 0.453125 0.773438
vt 0.500000 0.773438
vt 0.546875 0.773438
vt 0.605469 0.773438
vt 0.671875 0.773438
vt 0.730469 0.773438
vt 0.773438 0.761719
vt 0.558594 0.484375
vt 0.578125 0.468750
vt 0.613281 0.480469
vt 0.753906 0.703125
vt 0.812500 0.699219
vt 0.769867 0.619612
vt 0.753774 0.615365
vt 0.765625 0.612022
vt 0.750000 0.609375
vt 0.738281 0.601563
vt 0.767583 0.589486
vt 0.761719 0.605469
vt 0.775258 0.593267
vt 0.785845 0.597586
vt 0.433594 0.453125
vt 0.589844 0.441406
vt 0.566406 0.453125
vt 0.589844 0.660156
vt 0.562500 0.660156
vt 0.542969 0.652344
vt 0.457031 0.652344
vt 0.437500 0.660156
vt 0.410156 0.660156
vt 0.531250 0.441406
vt 0.500000 0.441406
vt 0.468750 0.441406
vt 0.457031 0.457031
vt 0.437500 0.472656
vt 0.464844 0.480469
vt 0.460938 0.492188
vt 0.464844 0.472656
vt 0.464844 0.468750
vt 0.480469 0.464844
vt 0.480469 0.468750
vt 0.500000 0.468750
vt 0.500000 0.464844
vt 0.519531 0.464844
vt 0.519531 0.468750
vt 0.535156 0.468750
vt 0.562500 0.472656
vt 0.535156 0.472656
vt 0.535156 0.480469
vt 0.539063 0.492188
vt 0.542969 0.457031
vt 0.519531 0.453125
vt 0.500000 0.457031
vt 0.480469 0.453125
vt 0.480469 0.460938
vt 0.519531 0.460938
vt 0.500000 0.472656
vt 0.500000 0.476563
vt 0.003906 0.996094
vt 0.179102 0.996094
vt 0.179102 0.503906
vt 0.500000 0.503906
vt 0.500000 0.996094
vt 0.820898 0.996094
vt 0.820898 0.503906
vt 0.996094 0.503906
vt 0.996094 0.996094
vt 0.707031 0.500000
vt 0.992188 0.011719
vt 0.992188 0.500000
vt 0.707031 0.011719
vt 0.500000 0.500000
vt 0.500000 0.011719
vt 0.292969 0.011719
vt 0.292969 0.500000
vt 0.007812 0.011719
vt 0.007812 0.500000
vt 0.167969 0.101563
vt 0.164063 0.125000
vt 0.125000 0.089844
vt 0.125000 0.125000
vt 0.085938 0.125000
vt 0.082031 0.101563
vt 0.078125 0.085938
vt 0.046875 0.082031
vt 0.015625 0.078125
vt 0.078125 0.058594
vt 0.125000 0.078125
vt 0.171875 0.085938
vt 0.203125 0.082031
vt 0.234375 0.078125
vt 0.171875 0.058594
vt 0.125000 0.050781
vt 0.167969 0.035156
vt 0.125000 0.023438
vt 0.085938 0.035156
vt 0.082031 0.152344
vt 0.125000 0.160156
vt 0.167969 0.152344
vt 0.332031 0.324219
vt 0.496094 0.273438
vt 0.484375 0.464844
vt 0.656250 0.324219
vt 0.734375 0.496094
vt 0.687500 0.671875
vt 0.488281 0.742188
vt 0.304688 0.664063
vt 0.265625 0.500000
vt 0.496094 0.269531
vt 0.332031 0.320313
vt 0.484375 0.476563
vt 0.253906 0.496094
vt 0.316406 0.679688
vt 0.488281 0.753906
vt 0.683594 0.675781
vt 0.742188 0.500000
vt 0.660156 0.324219
vt 0.153386 0.853398
vt 0.500000 0.906250
vt 0.501766 0.997702
vt 0.785156 0.789063
vt 0.850146 0.853398
vt 0.902344 0.503906
vt 0.994450 0.505018
vt 0.785156 0.222656
vt 0.850146 0.156638
vt 0.500000 0.105469
vt 0.501766 0.012334
vt 0.218750 0.222656
vt 0.153386 0.156638
vt 0.101563 0.503906
vt 0.009082 0.505018
vt 0.218750 0.789063
vt 0.155504 0.860782
vt 0.230469 0.785156
vt 0.011200 0.512401
vt 0.117188 0.511719
vt 0.155504 0.164021
vt 0.230469 0.238281
vt 0.503884 0.019718
vt 0.503906 0.125000
vt 0.852264 0.164021
vt 0.777344 0.238281
vt 0.996568 0.512401
vt 0.890625 0.511719
vt 0.852264 0.860782
vt 0.777344 0.785156
vt 0.503884 1.005090
vt 0.503906 0.898438
s 1
usemtl test_cht_rival01.xno0
f 951/1/1 952/2/2 735/3/3
f 737/4/4 735/3/3 952/2/2
f 706/5/5 735/3/3 737/4/4
f 735/3/3 706/5/5 700/6/6
f 705/7/7 700/6/6 706/5/5
f 700/6/6 705/7/7 701/8/8
f 701/8/8 705/7/7 689/9/9
f 689/9/9 705/7/7 690/10/10
f 691/11/11 690/10/10 705/7/7
f 694/12/12 690/10/10 691/11/11
f 690/10/10 694/12/12 689/9/9
f 689/9/9 694/12/12 677/13/13
f 697/14/14 677/13/13 694/12/12
f 677/13/13 697/14/14 676/15/15
f 676/15/15 697/14/14 947/16/16
f 947/16/16 697/14/14 698/17/17
f 694/12/12 698/17/17 697/14/14
f 698/17/17 694/12/12 695/18/18
f 691/11/11 695/18/18 694/12/12
f 696/19/19 695/18/18 691/11/11
f 695/18/18 696/19/19 698/17/17
f 698/17/17 696/19/19 699/20/20
f 686/21/21 699/20/20 696/19/19
f 683/22/22 699/20/20 686/21/21
f 699/20/20 683/22/22 698/17/17
f 679/23/23 698/17/17 683/22/22
f 698/17/17 679/23/23 947/16/16
f 947/16/16 679/23/23 857/24/24
f 67/25/25 857/24/24 679/23/23
f 857/24/24 67/25/25 856/26/26
f 856/26/26 67/25/25 4/27/27
f 4/27/27 67/25/25 5/28/28
f 682/29/29 5/28/28 67/25/25
f 5/28/28 682/29/29 66/30/30
f 66/30/30 682/29/29 687/31/31
f 688/32/32 687/31/31 682/29/29
f 687/31/31 688/32/32 684/33/33
f 684/33/33 688/32/32 686/21/21
f 686/21/21 688/32/32 683/22/22
f 682/29/29 683/22/22 688/32/32
f 67/25/25 683/22/22 682/29/29
f 683/22/22 67/25/25 679/23/23
f 805/34/34 802/35/35 804/36/36
f 802/35/35 805/34/34 783/37/37
f 784/38/38 783/37/37 805/34/34
f 788/39/39 783/37/37 784/38/38
f 783/37/37 788/39/39 787/40/40
f 787/40/40 788/39/39 790/41/41
f 791/42/42 790/41/41 788/39/39
f 790/41/41 791/42/42 778/43/43
f 778/43/43 791/42/42 780/44/44
f 780/44/44 791/42/42 779/45/45
f 788/39/39 779/45/45 791/42/42
f 779/45/45 788/39/39 785/46/46
f 784/38/38 785/46/46 788/39/39
f 805/34/34 785/46/46 784/38/38
f 785/46/46 805/34/34 809/47/47
f 809/47/47 805/34/34 810/48/48
f 804/36/36 810/48/48 805/34/34
f 810/48/48 804/36/36 830/49/49
f 830/49/49 804/36/36 828/50/50
f 828/50/50 804/36/36 803/51/51
f 802/35/35 803/51/51 804/36/36
f 803/51/51 802/35/35 798/52/52
f 797/53/53 798/52/52 802/35/35
f 798/52/52 797/53/53 793/54/54
f 792/55/55 793/54/54 797/53/53
f 793/54/54 792/55/55 796/56/56
f 795/57/57 796/56/56 792/55/55
f 796/56/56 795/57/57 801/58/58
f 799/59/59 801/58/58 795/57/57
f 801/58/58 799/59/59 807/60/60
f 800/61/61 807/60/60 799/59/59
f 807/60/60 800/61/61 808/62/62
f 773/63/63 808/62/62 800/61/61
f 808/62/62 773/63/63 777/64/64
f 774/65/65 777/64/64 773/63/63
f 777/64/64 774/65/65 776/66/66
f 79/67/67 776/66/66 774/65/65
f 776/66/66 79/67/67 81/68/68
f 81/68/68 79/67/67 83/69/69
f 82/70/70 83/69/69 79/67/67
f 83/69/69 82/70/70 865/71/71
f 85/72/72 865/71/71 82/70/70
f 865/71/71 85/72/72 86/73/73
f 49/74/74 86/73/73 85/72/72
f 86/73/73 49/74/74 50/75/75
f 50/75/75 49/74/74 35/76/76
f 35/76/76 49/74/74 27/77/77
f 27/77/77 49/74/74 24/78/78
f 84/79/79 24/78/78 49/74/74
f 53/80/80 24/78/78 84/79/79
f 24/78/78 53/80/80 21/81/81
f 21/81/81 53/80/80 25/82/82
f 1/83/83 25/82/82 53/80/80
f 25/82/82 1/83/83 29/84/84
f 2/85/85 29/84/84 1/83/83
f 29/84/84 2/85/85 31/86/86
f 3/87/87 31/86/86 2/85/85
f 855/88/88 31/86/86 3/87/87
f 31/86/86 855/88/88 34/89/89
f 34/89/89 855/88/88 36/90/90
f 856/26/26 36/90/90 855/88/88
f 4/27/27 36/90/90 856/26/26
f 36/90/90 4/27/27 38/91/91
f 5/28/28 38/91/91 4/27/27
f 38/91/91 5/28/28 42/92/92
f 66/30/30 42/92/92 5/28/28
f 42/92/92 66/30/30 46/93/93
f 46/93/93 66/30/30 43/94/94
f 43/94/94 66/30/30 76/95/95
f 687/31/31 76/95/95 66/30/30
f 76/95/95 687/31/31 68/96/96
f 684/33/33 68/96/96 687/31/31
f 69/97/97 68/96/96 684/33/33
f 72/98/98 68/96/96 69/97/97
f 68/96/96 72/98/98 76/95/95
f 75/99/99 76/95/95 72/98/98
f 51/100/100 76/95/95 75/99/99
f 76/95/95 51/100/100 43/94/94
f 43/94/94 51/100/100 40/101/101
f 40/101/101 51/100/100 35/102/76
f 35/102/76 51/100/100 50/103/75
f 50/103/75 51/100/100 74/104/102
f 75/99/99 74/104/102 51/100/100
f 74/104/102 75/99/99 73/105/103
f 72/98/98 73/105/103 75/99/99
f 73/105/103 72/98/98 71/106/104
f 69/97/97 71/106/104 72/98/98
f 71/106/104 69/97/97 70/107/105
f 70/107/105 69/97/97 948/108/106
f 948/108/106 69/97/97 680/109/107
f 684/33/33 680/109/107 69/97/97
f 680/109/107 684/33/33 685/110/108
f 686/21/21 685/110/108 684/33/33
f 685/110/108 686/21/21 693/111/109
f 696/19/19 693/111/109 686/21/21
f 693/111/109 696/19/19 692/112/110
f 691/11/11 692/112/110 696/19/19
f 692/112/110 691/11/11 708/113/111
f 705/7/7 708/113/111 691/11/11
f 706/5/5 708/113/111 705/7/7
f 708/113/111 706/5/5 707/114/112
f 737/4/4 707/114/112 706/5/5
f 707/114/112 737/4/4 738/115/113
f 952/2/2 738/115/113 737/4/4
f 953/116/114 738/115/113 952/2/2
f 731/117/115 738/115/113 953/116/114
f 740/118/116 738/115/113 731/117/115
f 738/115/113 740/118/116 707/114/112
f 712/119/117 707/114/112 740/118/116
f 707/114/112 712/119/117 708/113/111
f 713/120/118 708/113/111 712/119/117
f 708/113/111 713/120/118 692/112/110
f 718/121/119 692/112/110 713/120/118
f 692/112/110 718/121/119 693/111/109
f 716/122/120 693/111/109 718/121/119
f 693/111/109 716/122/120 685/110/108
f 681/123/121 685/110/108 716/122/120
f 685/110/108 681/123/121 680/109/107
f 678/124/122 680/109/107 681/123/121
f 680/109/107 678/124/122 948/108/106
f 677/125/13 948/108/106 678/124/122
f 948/108/106 677/125/13 676/126/15
f 736/127/123 730/128/124 733/129/125
f 730/128/124 736/127/123 739/130/126
f 704/131/127 739/130/126 736/127/123
f 739/130/126 704/131/127 709/132/128
f 709/132/128 704/131/127 703/133/129
f 703/133/129 704/131/127 701/134/8
f 701/134/8 704/131/127 700/135/6
f 700/135/6 704/131/127 735/136/3
f 736/127/123 735/136/3 704/131/127
f 735/136/3 736/127/123 951/137/1
f 733/129/125 951/137/1 736/127/123
f 951/137/1 733/129/125 719/138/130
f 719/138/130 733/129/125 725/139/131
f 730/128/124 725/139/131 733/129/125
f 725/139/131 730/128/124 728/140/132
f 728/140/132 730/128/124 729/141/133
f 734/142/134 729/141/133 730/128/124
f 729/141/133 734/142/134 949/143/135
f 949/143/135 734/142/134 732/144/136
f 732/144/136 734/142/134 741/145/137
f 730/128/124 741/145/137 734/142/134
f 739/130/126 741/145/137 730/128/124
f 741/145/137 739/130/126 714/146/138
f 709/132/128 714/146/138 739/130/126
f 714/146/138 709/132/128 715/147/139
f 715/147/139 709/132/128 711/148/140
f 703/133/129 711/148/140 709/132/128
f 711/148/140 703/133/129 710/149/141
f 710/149/141 703/133/129 702/150/142
f 701/134/8 702/150/142 703/133/129
f 689/151/9 702/150/142 701/134/8
f 677/125/13 702/150/142 689/151/9
f 678/124/122 702/150/142 677/125/13
f 681/123/121 702/150/142 678/124/122
f 702/150/142 681/123/121 710/149/141
f 716/122/120 710/149/141 681/123/121
f 710/149/141 716/122/120 711/148/140
f 711/148/140 716/122/120 715/147/139
f 718/121/119 715/147/139 716/122/120
f 715/147/139 718/121/119 714/146/138
f 717/152/143 714/146/138 718/121/119
f 714/146/138 717/152/143 741/145/137
f 742/153/144 741/145/137 717/152/143
f 741/145/137 742/153/144 732/144/136
f 732/144/136 742/153/144 731/117/115
f 731/117/115 742/153/144 740/118/116
f 740/118/116 742/153/144 712/119/117
f 717/152/143 712/119/117 742/153/144
f 712/119/117 717/152/143 713/120/118
f 718/121/119 713/120/118 717/152/143
f 822/154/145 819/155/146 829/156/147
f 806/157/148 829/156/147 826/158/149
f 819/155/146 826/158/149 829/156/147
f 826/158/149 819/155/146 824/159/150
f 821/160/151 824/159/150 819/155/146
f 789/161/152 768/162/153 786/163/154
f 781/164/155 786/163/154 768/162/153
f 786/163/154 781/164/155 782/165/156
f 792/55/55 782/165/156 781/164/155
f 797/53/53 782/165/156 792/55/55
f 802/35/35 782/165/156 797/53/53
f 783/37/37 782/165/156 802/35/35
f 782/165/156 783/37/37 786/163/154
f 787/40/40 786/163/154 783/37/37
f 790/41/41 786/163/154 787/40/40
f 786/163/154 790/41/41 789/161/152
f 771/166/157 789/161/152 790/41/41
f 789/161/152 771/166/157 768/162/153
f 766/167/158 768/162/153 771/166/157
f 809/168/47 810/169/48 806/157/148
f 830/170/49 806/157/148 810/169/48
f 806/157/148 830/170/49 829/156/147
f 820/171/159 829/156/147 830/170/49
f 829/156/147 820/171/159 822/154/145
f 968/172/160 822/154/145 820/171/159
f 818/173/161 822/154/145 968/172/160
f 822/154/145 818/173/161 819/155/146
f 816/174/162 819/155/146 818/173/161
f 815/175/163 819/155/146 816/174/162
f 819/155/146 815/175/163 821/160/151
f 966/176/164 821/160/151 815/175/163
f 971/177/165 821/160/151 966/176/164
f 821/160/151 971/177/165 824/159/150
f 824/159/150 971/177/165 823/178/166
f 972/179/167 823/178/166 971/177/165
f 823/178/166 972/179/167 825/180/168
f 825/180/168 972/179/167 827/181/169
f 973/182/170 827/181/169 972/179/167
f 974/183/171 827/181/169 973/182/170
f 820/184/159 830/49/49 974/183/171
f 828/50/50 974/183/171 830/49/49
f 974/183/171 828/50/50 827/181/169
f 803/51/51 827/181/169 828/50/50
f 827/181/169 803/51/51 825/180/168
f 798/52/52 825/180/168 803/51/51
f 825/180/168 798/52/52 823/178/166
f 793/54/54 823/178/166 798/52/52
f 823/178/166 793/54/54 824/159/150
f 796/56/56 824/159/150 793/54/54
f 824/159/150 796/56/56 826/158/149
f 801/58/58 826/158/149 796/56/56
f 826/158/149 801/58/58 806/157/148
f 807/60/60 806/157/148 801/58/58
f 806/157/148 807/60/60 809/168/47
f 808/62/62 809/168/47 807/60/60
f 809/168/47 808/62/62 785/185/46
f 785/185/46 808/62/62 779/186/45
f 777/64/64 779/186/45 808/62/62
f 776/66/66 779/186/45 777/64/64
f 780/187/44 779/186/45 776/66/66
f 767/188/172 766/167/158 772/189/173
f 771/166/157 772/189/173 766/167/158
f 772/189/173 771/166/157 77/190/174
f 77/190/174 771/166/157 775/191/175
f 790/41/41 775/191/175 771/166/157
f 778/43/43 775/191/175 790/41/41
f 80/192/176 775/191/175 778/43/43
f 775/191/175 80/192/176 77/190/174
f 3/87/87 77/190/174 80/192/176
f 2/85/85 77/190/174 3/87/87
f 1/83/83 77/190/174 2/85/85
f 77/190/174 1/83/83 772/189/173
f 53/80/80 772/189/173 1/83/83
f 772/189/173 53/80/80 767/188/172
f 84/79/79 767/188/172 53/80/80
f 78/193/177 767/188/172 84/79/79
f 770/194/178 767/188/172 78/193/177
f 767/188/172 770/194/178 766/167/158
f 766/167/158 770/194/178 768/162/153
f 769/195/179 768/162/153 770/194/178
f 768/162/153 769/195/179 781/164/155
f 794/196/180 781/164/155 769/195/179
f 781/164/155 794/196/180 792/55/55
f 792/55/55 794/196/180 795/57/57
f 795/57/57 794/196/180 799/59/59
f 799/59/59 794/196/180 800/61/61
f 800/61/61 794/196/180 773/63/63
f 769/195/179 773/63/63 794/196/180
f 773/63/63 769/195/179 774/65/65
f 770/194/178 774/65/65 769/195/179
f 774/65/65 770/194/178 79/67/67
f 78/193/177 79/67/67 770/194/178
f 79/67/67 78/193/177 82/70/70
f 84/79/79 82/70/70 78/193/177
f 82/70/70 84/79/79 85/72/72
f 49/74/74 85/72/72 84/79/79
f 341/197/181 388/198/182 403/199/183
f 390/200/184 403/199/183 388/198/182
f 403/199/183 390/200/184 409/201/185
f 404/202/186 409/201/185 390/200/184
f 409/201/185 404/202/186 412/203/187
f 423/204/188 412/203/187 404/202/186
f 412/203/187 423/204/188 418/205/189
f 428/206/190 418/205/189 423/204/188
f 427/207/191 418/205/189 428/206/190
f 418/205/189 427/207/191 417/208/192
f 422/209/193 417/208/192 427/207/191
f 417/208/192 422/209/193 414/210/194
f 403/199/183 414/210/194 422/209/193
f 409/201/185 414/210/194 403/199/183
f 412/203/187 414/210/194 409/201/185
f 414/210/194 412/203/187 417/208/192
f 418/205/189 417/208/192 412/203/187
f 357/211/195 343/212/196 408/213/197
f 406/214/198 408/213/197 343/212/196
f 408/213/197 406/214/198 421/215/199
f 420/216/200 421/215/199 406/214/198
f 421/215/199 420/216/200 424/217/201
f 413/218/202 415/219/203 416/220/204
f 415/219/203 413/218/202 411/221/205
f 410/222/206 411/221/205 413/218/202
f 411/221/205 410/222/206 405/223/207
f 356/224/208 342/225/209 405/223/207
f 356/224/208 331/226/210 354/227/211
f 360/228/212 354/227/211 331/226/210
f 354/227/211 360/228/212 387/229/213
f 387/229/213 402/230/214 354/227/211
f 395/231/215 354/227/211 402/230/214
f 354/227/211 395/231/215 359/232/216
f 374/233/217 341/234/181 351/235/218
f 341/234/181 374/233/217 377/236/219
f 384/237/220 377/236/219 374/233/217
f 377/236/219 384/237/220 383/238/221
f 383/238/221 384/237/220 386/239/222
f 385/240/223 386/239/222 384/237/220
f 384/237/220 382/241/224 385/240/223
f 382/241/224 384/237/220 376/242/225
f 374/233/217 376/242/225 384/237/220
f 351/235/218 376/242/225 374/233/217
f 376/242/225 351/235/218 333/243/226
f 333/243/226 325/244/227 332/245/228
f 332/245/228 325/244/227 348/246/229
f 346/247/230 348/246/229 325/244/227
f 348/246/229 346/247/230 363/248/231
f 347/249/232 363/248/231 346/247/230
f 363/248/231 347/249/232 368/250/233
f 367/251/234 368/250/233 347/249/232
f 368/250/233 367/251/234 373/252/235
f 372/253/236 373/252/235 367/251/234
f 371/254/237 373/252/235 372/253/236
f 370/255/238 373/252/235 371/254/237
f 373/252/235 370/255/238 368/250/233
f 368/250/233 370/255/238 363/248/231
f 364/256/239 363/248/231 370/255/238
f 363/248/231 364/256/239 348/246/229
f 359/257/216 356/258/208 354/257/211
f 356/258/208 359/257/216 342/258/209
f 340/259/240 342/258/209 359/257/216
f 340/259/240 357/211/195 342/258/209
f 408/213/197 342/258/209 357/211/195
f 342/258/209 408/213/197 405/260/207
f 421/215/199 405/260/207 408/213/197
f 405/260/207 421/215/199 419/261/241
f 419/261/241 421/215/199 425/262/242
f 424/217/201 425/262/242 421/215/199
f 286/263/243 322/264/244 288/265/245
f 321/266/246 288/265/245 322/264/244
f 288/265/245 321/266/246 285/267/247
f 319/268/248 285/267/247 321/266/246
f 285/267/247 319/268/248 283/269/249
f 320/270/250 283/269/249 319/268/248
f 316/271/251 283/269/249 320/270/250
f 283/269/249 316/271/251 284/272/252
f 284/272/252 316/271/251 289/273/253
f 317/274/254 289/273/253 316/271/251
f 318/275/255 289/273/253 317/274/254
f 289/273/253 318/275/255 287/276/256
f 323/277/257 287/276/256 318/275/255
f 287/276/256 323/277/257 286/278/243
f 286/278/243 323/277/257 322/279/244
f 322/279/244 323/277/257 311/280/258
f 310/281/259 311/280/258 323/277/257
f 311/280/258 310/281/259 328/282/260
f 334/283/261 328/282/260 310/281/259
f 328/282/260 334/283/261 338/284/262
f 358/285/263 338/284/262 334/283/261
f 397/286/264 338/284/262 358/285/263
f 338/284/262 397/286/264 393/287/265
f 399/288/266 393/287/265 397/286/264
f 393/287/265 399/288/266 400/289/267
f 400/289/267 399/288/266 401/290/268
f 401/290/268 399/288/266 395/291/215
f 397/286/264 395/291/215 399/288/266
f 395/291/215 397/286/264 359/257/216
f 358/285/263 359/257/216 397/286/264
f 359/257/216 358/285/263 340/259/240
f 334/283/261 340/259/240 358/285/263
f 340/259/240 334/283/261 314/292/269
f 310/281/259 314/292/269 334/283/261
f 314/292/269 310/281/259 318/275/255
f 323/277/257 318/275/255 310/281/259
f 317/274/254 314/292/269 318/275/255
f 314/292/269 317/274/254 313/293/270
f 313/293/270 317/274/254 309/294/271
f 316/271/251 309/294/271 317/274/254
f 309/294/271 316/271/251 304/295/272
f 320/270/250 304/295/272 316/271/251
f 304/295/272 320/270/250 302/296/273
f 319/268/248 302/296/273 320/270/250
f 302/296/273 319/268/248 301/297/274
f 321/266/246 301/297/274 319/268/248
f 301/297/274 321/266/246 303/298/275
f 322/264/244 303/298/275 321/266/246
f 303/298/275 322/264/244 306/299/276
f 311/300/258 306/299/276 322/264/244
f 306/299/276 311/300/258 315/301/277
f 328/302/260 315/301/277 311/300/258
f 315/301/277 328/302/260 331/226/210
f 331/226/210 328/302/260 360/228/212
f 338/303/262 360/228/212 328/302/260
f 360/228/212 338/303/262 387/229/213
f 387/229/213 338/303/262 402/230/214
f 393/304/265 402/230/214 338/303/262
f 402/230/214 393/304/265 394/305/278
f 400/306/267 394/305/278 393/304/265
f 394/305/278 400/306/267 398/307/279
f 401/308/268 398/307/279 400/306/267
f 398/307/279 401/308/268 396/309/280
f 395/231/215 396/309/280 401/308/268
f 402/230/214 396/309/280 395/231/215
f 394/305/278 396/309/280 402/230/214
f 396/309/280 394/305/278 398/307/279
f 419/310/241 411/221/205 405/223/207
f 411/221/205 419/310/241 415/219/203
f 425/311/242 415/219/203 419/310/241
f 424/312/201 415/219/203 425/311/242
f 415/219/203 424/312/201 416/220/204
f 420/313/200 416/220/204 424/312/201
f 416/220/204 420/313/200 413/218/202
f 406/314/198 413/218/202 420/313/200
f 413/218/202 406/314/198 410/222/206
f 392/315/281 410/222/206 406/314/198
f 410/222/206 392/315/281 405/223/207
f 391/316/282 405/223/207 392/315/281
f 405/223/207 391/316/282 356/224/208
f 356/224/208 391/316/282 331/226/210
f 330/317/283 331/226/210 391/316/282
f 331/226/210 330/317/283 315/301/277
f 315/301/277 330/317/283 312/318/284
f 312/318/284 330/317/283 327/319/285
f 389/320/286 327/319/285 330/317/283
f 327/319/285 389/320/286 388/198/182
f 388/198/182 389/320/286 390/200/184
f 390/200/184 389/320/286 404/202/186
f 404/202/186 389/320/286 343/321/196
f 355/322/287 343/321/196 389/320/286
f 343/321/196 355/322/287 406/314/198
f 391/316/282 406/314/198 355/322/287
f 406/314/198 391/316/282 392/315/281
f 391/316/282 355/322/287 330/317/283
f 389/320/286 330/317/283 355/322/287
f 329/323/288 350/324/289 349/325/290
f 375/326/291 349/325/290 350/324/289
f 349/325/290 375/326/291 376/327/225
f 376/327/225 333/328/226 349/325/290
f 332/329/228 349/325/290 333/328/226
f 349/325/290 332/329/228 329/323/288
f 348/330/229 329/323/288 332/329/228
f 329/323/288 348/330/229 362/331/292
f 364/332/239 362/331/292 348/330/229
f 362/331/292 364/332/239 361/333/293
f 369/334/294 361/333/293 364/332/239
f 361/333/293 369/334/294 344/335/295
f 366/336/296 344/335/295 369/334/294
f 344/335/295 366/336/296 345/337/297
f 365/338/298 345/337/297 366/336/296
f 345/337/297 365/338/298 347/249/232
f 347/249/232 365/338/298 367/251/234
f 367/251/234 365/338/298 372/253/236
f 366/336/296 372/253/236 365/338/298
f 369/334/294 372/253/236 366/336/296
f 372/253/236 369/334/294 371/339/237
f 371/339/237 369/334/294 370/340/238
f 364/332/239 370/340/238 369/334/294
f 306/299/276 315/301/277 303/298/275
f 312/318/284 303/298/275 315/301/277
f 307/341/299 303/298/275 312/318/284
f 303/298/275 307/341/299 301/297/274
f 305/342/300 301/297/274 307/341/299
f 308/343/301 301/297/274 305/342/300
f 301/297/274 308/343/301 302/296/273
f 302/296/273 308/343/301 304/295/272
f 324/344/302 304/295/272 308/343/301
f 326/345/303 304/295/272 324/344/302
f 304/295/272 326/345/303 309/294/271
f 335/346/304 309/294/271 326/345/303
f 309/294/271 335/346/304 313/293/270
f 353/347/305 313/293/270 335/346/304
f 313/293/270 353/347/305 336/348/306
f 352/349/307 336/348/306 353/347/305
f 339/350/308 336/348/306 352/349/307
f 336/348/306 339/350/308 313/293/270
f 337/351/309 313/293/270 339/350/308
f 313/293/270 337/351/309 314/292/269
f 314/292/269 337/351/309 340/259/240
f 340/259/240 337/351/309 357/211/195
f 339/350/308 357/211/195 337/351/309
f 357/211/195 339/350/308 343/212/196
f 352/349/307 343/212/196 339/350/308
f 407/352/310 343/212/196 352/349/307
f 343/212/196 407/352/310 404/353/186
f 426/354/311 404/353/186 407/352/310
f 404/353/186 426/354/311 423/355/188
f 423/355/188 426/354/311 428/356/190
f 428/356/190 426/354/311 427/357/191
f 427/357/191 426/354/311 422/358/193
f 422/358/193 426/354/311 403/359/183
f 407/352/310 403/359/183 426/354/311
f 352/349/307 403/359/183 407/352/310
f 403/359/183 352/349/307 341/234/181
f 353/347/305 341/234/181 352/349/307
f 341/234/181 353/347/305 351/235/218
f 335/346/304 351/235/218 353/347/305
f 351/235/218 335/346/304 333/243/226
f 326/345/303 333/243/226 335/346/304
f 333/243/226 326/345/303 325/244/227
f 324/344/302 325/244/227 326/345/303
f 325/244/227 324/344/302 346/247/230
f 346/247/230 324/344/302 347/249/232
f 308/343/301 347/249/232 324/344/302
f 347/249/232 308/343/301 345/337/297
f 345/337/297 308/343/301 344/335/295
f 305/342/300 344/335/295 308/343/301
f 307/341/299 344/335/295 305/342/300
f 344/335/295 307/341/299 361/333/293
f 312/318/284 361/333/293 307/341/299
f 361/333/293 312/318/284 362/331/292
f 327/319/285 362/331/292 312/318/284
f 362/331/292 327/319/285 329/323/288
f 388/198/182 329/323/288 327/319/285
f 329/323/288 388/198/182 350/324/289
f 341/197/181 350/324/289 388/198/182
f 377/360/219 350/324/289 341/197/181
f 350/324/289 377/360/219 375/326/291
f 375/326/291 377/360/219 379/361/312
f 383/362/221 379/361/312 377/360/219
f 379/361/312 383/362/221 381/363/313
f 386/364/222 381/363/313 383/362/221
f 381/363/313 386/364/222 380/365/314
f 385/366/223 380/365/314 386/364/222
f 382/367/224 380/365/314 385/366/223
f 380/365/314 382/367/224 378/368/315
f 376/327/225 378/368/315 382/367/224
f 375/326/291 378/368/315 376/327/225
f 379/361/312 378/368/315 375/326/291
f 381/363/313 378/368/315 379/361/312
f 378/368/315 381/363/313 380/365/314
f 157/369/316 172/370/317 148/371/318
f 853/372/319 852/373/320 849/374/321
f 985/375/322 849/374/321 852/373/320
f 848/376/323 849/374/321 985/375/322
f 849/374/321 848/376/323 841/377/324
f 841/377/324 843/378/325 849/374/321
f 850/379/326 849/374/321 843/378/325
f 849/374/321 850/379/326 853/372/319
f 814/380/327 970/381/328 967/382/329
f 970/381/328 814/380/327 817/383/330
f 817/383/330 814/380/327 813/384/331
f 836/385/332 813/384/331 814/380/327
f 813/384/331 836/385/332 835/386/333
f 832/387/334 834/388/335 833/389/336
f 834/388/335 832/387/334 812/390/337
f 812/390/337 832/387/334 811/391/338
f 831/392/339 811/391/338 832/387/334
f 851/393/340 811/391/338 831/392/339
f 811/391/338 851/393/340 985/375/322
f 846/394/341 985/375/322 851/393/340
f 985/375/322 846/394/341 848/376/323
f 840/395/342 848/376/323 846/394/341
f 848/376/323 840/395/342 841/377/324
f 842/396/343 841/377/324 840/395/342
f 844/397/344 841/377/324 842/396/343
f 841/377/324 844/397/344 843/378/325
f 845/398/345 843/378/325 844/397/344
f 843/378/325 845/398/345 850/379/326
f 847/399/346 850/379/326 845/398/345
f 850/379/326 847/399/346 853/372/319
f 854/400/347 853/372/319 847/399/346
f 837/401/348 853/372/319 854/400/347
f 853/372/319 837/401/348 967/382/329
f 839/402/349 967/382/329 837/401/348
f 967/382/329 839/402/349 814/380/327
f 814/380/327 839/402/349 836/385/332
f 838/403/350 836/385/332 839/402/349
f 811/391/338 969/404/351 812/390/337
f 817/405/330 812/390/337 969/404/351
f 813/406/331 812/390/337 817/405/330
f 812/390/337 813/406/331 834/388/335
f 835/407/333 834/388/335 813/406/331
f 571/212/352 654/213/353 649/214/354
f 663/215/355 649/214/354 654/213/353
f 649/214/354 663/215/355 664/216/356
f 664/216/356 663/215/355 660/217/357
f 659/262/358 660/217/357 663/215/355
f 663/215/355 665/261/359 659/262/358
f 665/261/359 663/215/355 650/260/360
f 654/213/353 650/260/360 663/215/355
f 650/260/360 654/213/353 572/258/361
f 572/258/361 654/213/353 604/211/362
f 571/212/352 604/211/362 654/213/353
f 604/211/362 571/212/352 575/350/363
f 598/349/364 575/350/363 571/212/352
f 575/350/363 598/349/364 578/348/365
f 600/347/366 578/348/365 598/349/364
f 550/293/367 578/348/365 600/347/366
f 578/348/365 550/293/367 575/350/363
f 577/351/368 575/350/363 550/293/367
f 575/350/363 577/351/368 604/211/362
f 574/259/369 604/211/362 577/351/368
f 604/211/362 574/259/369 572/258/361
f 605/257/370 572/258/361 574/259/369
f 572/258/361 605/257/370 601/258/371
f 603/257/372 601/258/371 605/257/370
f 668/220/373 669/219/374 671/218/375
f 673/221/376 671/218/375 669/219/374
f 671/218/375 673/221/376 674/222/377
f 650/223/360 674/222/377 673/221/376
f 650/223/360 639/315/378 674/222/377
f 649/314/354 674/222/377 639/315/378
f 674/222/377 649/314/354 671/218/375
f 664/313/356 671/218/375 649/314/354
f 671/218/375 664/313/356 668/220/373
f 660/312/357 668/220/373 664/313/356
f 668/220/373 660/312/357 669/219/374
f 659/311/358 669/219/374 660/312/357
f 665/310/359 669/219/374 659/311/358
f 669/219/374 665/310/359 673/221/376
f 650/223/360 673/221/376 665/310/359
f 640/308/379 645/309/380 646/231/381
f 653/230/382 646/231/381 645/309/380
f 646/231/381 653/230/382 603/227/372
f 638/229/383 603/227/372 653/230/382
f 603/227/372 638/229/383 607/228/384
f 607/228/384 638/229/383 576/303/385
f 653/230/382 576/303/385 638/229/383
f 576/303/385 653/230/382 648/304/386
f 647/305/387 648/304/386 653/230/382
f 648/304/386 647/305/387 641/306/388
f 643/307/389 641/306/388 647/305/387
f 641/306/388 643/307/389 640/308/379
f 640/308/379 643/307/389 645/309/380
f 647/305/387 645/309/380 643/307/389
f 645/309/380 647/305/387 653/230/382
f 573/234/390 598/349/364 652/359/391
f 598/349/364 573/234/390 600/347/366
f 563/275/392 566/277/393 553/281/394
f 514/276/395 563/275/392 512/273/396
f 563/275/392 514/276/395 566/277/393
f 515/278/397 566/277/393 514/276/395
f 515/278/397 567/279/398 566/277/393
f 552/280/399 566/277/393 567/279/398
f 566/277/393 552/280/399 553/281/394
f 586/282/400 553/281/394 552/280/399
f 553/281/394 586/282/400 580/283/401
f 576/284/385 580/283/401 586/282/400
f 580/283/401 576/284/385 606/285/402
f 606/285/402 576/284/385 644/286/403
f 648/287/386 644/286/403 576/284/385
f 644/286/403 648/287/386 642/288/404
f 641/289/388 642/288/404 648/287/386
f 641/289/388 640/290/379 642/288/404
f 646/291/381 642/288/404 640/290/379
f 642/288/404 646/291/381 644/286/403
f 605/257/370 644/286/403 646/291/381
f 644/286/403 605/257/370 606/285/402
f 574/259/369 606/285/402 605/257/370
f 606/285/402 574/259/369 580/283/401
f 549/292/405 580/283/401 574/259/369
f 580/283/401 549/292/405 553/281/394
f 553/281/394 549/292/405 563/275/392
f 564/274/406 563/275/392 549/292/405
f 563/275/392 564/274/406 512/273/396
f 565/271/407 512/273/396 564/274/406
f 512/273/396 565/271/407 517/272/408
f 518/269/409 517/272/408 565/271/407
f 619/336/410 616/334/411 595/335/412
f 611/333/413 595/335/412 616/334/411
f 556/341/414 595/335/412 611/333/413
f 595/335/412 556/341/414 558/342/415
f 562/297/416 558/342/415 556/341/414
f 555/343/417 558/342/415 562/297/416
f 558/342/415 555/343/417 595/335/412
f 594/337/418 595/335/412 555/343/417
f 595/335/412 594/337/418 619/336/410
f 658/354/419 656/356/420 657/357/421
f 656/356/420 658/354/419 661/355/422
f 661/355/422 658/354/419 651/353/423
f 655/352/424 651/353/423 658/354/419
f 651/353/423 655/352/424 571/212/352
f 655/352/424 598/349/364 571/212/352
f 598/349/364 655/352/424 652/359/391
f 658/354/419 652/359/391 655/352/424
f 652/359/391 658/354/419 662/358/425
f 657/357/421 662/358/425 658/354/419
f 661/204/422 651/202/423 672/203/426
f 675/201/427 672/203/426 651/202/423
f 672/203/426 675/201/427 670/210/428
f 670/210/428 667/208/429 672/203/426
f 666/205/430 672/203/426 667/208/429
f 672/203/426 666/205/430 661/204/422
f 666/205/430 656/206/420 661/204/422
f 656/206/420 666/205/430 657/207/421
f 667/208/429 657/207/421 666/205/430
f 657/207/421 667/208/429 662/209/425
f 670/210/428 662/209/425 667/208/429
f 662/209/425 670/210/428 652/199/391
f 675/201/427 652/199/391 670/210/428
f 652/199/391 675/201/427 635/200/431
f 651/202/423 635/200/431 675/201/427
f 635/200/431 651/202/423 636/320/432
f 571/321/352 636/320/432 651/202/423
f 636/320/432 571/321/352 602/322/433
f 649/314/354 602/322/433 571/321/352
f 602/322/433 649/314/354 634/316/434
f 639/315/378 634/316/434 649/314/354
f 650/223/360 634/316/434 639/315/378
f 634/316/434 650/223/360 601/224/371
f 572/225/361 601/224/371 650/223/360
f 591/246/435 608/256/436 609/248/437
f 615/255/438 609/248/437 608/256/436
f 617/250/439 609/248/437 615/255/438
f 609/248/437 617/250/439 592/249/440
f 618/251/441 592/249/440 617/250/439
f 592/249/440 618/251/441 620/338/442
f 613/253/443 620/338/442 618/251/441
f 613/253/443 618/251/441 612/252/444
f 617/250/439 612/252/444 618/251/441
f 617/250/439 615/255/438 612/252/444
f 614/254/445 612/252/444 615/255/438
f 612/252/444 614/254/445 613/253/443
f 628/362/446 630/363/447 625/364/448
f 630/363/447 628/362/446 632/361/449
f 623/360/450 632/361/449 628/362/446
f 557/299/451 560/298/452 548/301/453
f 551/318/454 548/301/453 560/298/452
f 548/301/453 551/318/454 584/317/455
f 587/319/456 584/317/455 551/318/454
f 584/317/455 587/319/456 636/320/432
f 637/198/457 636/320/432 587/319/456
f 636/320/432 637/198/457 635/200/431
f 652/199/391 635/200/431 637/198/457
f 652/199/391 637/198/457 573/197/390
f 596/324/458 573/197/390 637/198/457
f 573/197/390 596/324/458 623/360/450
f 622/326/459 623/360/450 596/324/458
f 623/360/450 622/326/459 632/361/449
f 633/368/460 632/361/449 622/326/459
f 632/361/449 633/368/460 630/363/447
f 631/365/461 630/363/447 633/368/460
f 630/363/447 631/365/461 625/364/448
f 626/366/462 625/364/448 631/365/461
f 626/366/462 631/365/461 629/367/463
f 633/368/460 629/367/463 631/365/461
f 629/367/463 633/368/460 624/327/464
f 622/326/459 624/327/464 633/368/460
f 624/327/464 622/326/459 597/325/465
f 596/324/458 597/325/465 622/326/459
f 597/325/465 596/324/458 585/323/466
f 637/198/457 585/323/466 596/324/458
f 587/319/456 585/323/466 637/198/457
f 585/323/466 587/319/456 610/331/467
f 551/318/454 610/331/467 587/319/456
f 610/331/467 551/318/454 611/333/413
f 611/333/413 551/318/454 556/341/414
f 560/298/452 556/341/414 551/318/454
f 556/341/414 560/298/452 562/297/416
f 568/266/468 562/297/416 560/298/452
f 562/297/416 568/266/468 570/268/469
f 561/296/470 562/297/416 570/268/469
f 562/297/416 561/296/470 555/343/417
f 561/296/470 559/295/471 555/343/417
f 559/295/471 561/296/470 569/270/472
f 570/268/469 569/270/472 561/296/470
f 574/259/369 577/351/368 549/292/405
f 550/293/367 549/292/405 577/351/368
f 549/292/405 550/293/367 564/274/406
f 554/294/473 564/274/406 550/293/367
f 564/274/406 554/294/473 565/271/407
f 559/295/471 565/271/407 554/294/473
f 569/270/472 565/271/407 559/295/471
f 565/271/407 569/270/472 518/269/409
f 570/268/469 518/269/409 569/270/472
f 518/269/409 570/268/469 516/267/474
f 568/266/468 516/267/474 570/268/469
f 516/267/474 568/266/468 513/265/475
f 515/263/397 513/265/475 568/266/468
f 515/263/397 568/266/468 567/264/398
f 560/298/452 567/264/398 568/266/468
f 557/299/451 567/264/398 560/298/452
f 567/264/398 557/299/451 552/300/399
f 548/301/453 552/300/399 557/299/451
f 552/300/399 548/301/453 586/302/400
f 586/302/400 548/301/453 583/226/476
f 584/317/455 583/226/476 548/301/453
f 576/303/385 586/302/400 607/228/384
f 583/226/476 607/228/384 586/302/400
f 607/228/384 583/226/476 603/227/372
f 601/224/371 603/227/372 583/226/476
f 601/224/371 583/226/476 634/316/434
f 584/317/455 634/316/434 583/226/476
f 634/316/434 584/317/455 602/322/433
f 636/320/432 602/322/433 584/317/455
f 581/243/477 582/245/478 589/244/479
f 591/246/435 589/244/479 582/245/478
f 589/244/479 591/246/435 593/247/480
f 609/248/437 593/247/480 591/246/435
f 593/247/480 609/248/437 592/249/440
f 590/344/481 593/247/480 592/249/440
f 593/247/480 590/344/481 589/244/479
f 588/345/482 589/244/479 590/344/481
f 589/244/479 588/345/482 581/243/477
f 579/346/483 581/243/477 588/345/482
f 599/235/484 581/243/477 579/346/483
f 581/243/477 599/235/484 624/242/464
f 621/233/485 624/242/464 599/235/484
f 627/237/486 624/242/464 621/233/485
f 624/242/464 627/237/486 629/241/463
f 629/241/463 627/237/486 626/240/462
f 625/239/448 626/240/462 627/237/486
f 627/237/486 628/238/446 625/239/448
f 628/238/446 627/237/486 623/236/450
f 621/233/485 623/236/450 627/237/486
f 623/236/450 621/233/485 573/234/390
f 599/235/484 573/234/390 621/233/485
f 573/234/390 599/235/484 600/347/366
f 579/346/483 600/347/366 599/235/484
f 600/347/366 579/346/483 550/293/367
f 550/293/367 579/346/483 554/294/473
f 588/345/482 554/294/473 579/346/483
f 554/294/473 588/345/482 559/295/471
f 590/344/481 559/295/471 588/345/482
f 559/295/471 590/344/481 555/343/417
f 592/249/440 555/343/417 590/344/481
f 555/343/417 592/249/440 594/337/418
f 620/338/442 594/337/418 592/249/440
f 594/337/418 620/338/442 619/336/410
f 613/253/443 619/336/410 620/338/442
f 619/336/410 613/253/443 616/334/411
f 614/339/445 616/334/411 613/253/443
f 614/339/445 615/340/438 616/334/411
f 608/332/436 616/334/411 615/340/438
f 616/334/411 608/332/436 611/333/413
f 611/333/413 608/332/436 610/331/467
f 591/330/435 610/331/467 608/332/436
f 610/331/467 591/330/435 585/323/466
f 582/329/478 585/323/466 591/330/435
f 585/323/466 582/329/478 597/325/465
f 581/328/477 597/325/465 582/329/478
f 597/325/465 581/328/477 624/327/464
f 603/227/372 605/232/370 646/231/381
f 434/408/487 432/409/488 484/410/489
f 485/411/490 484/410/489 432/409/488
f 484/410/489 485/411/490 479/412/491
f 481/413/492 479/412/491 485/411/490
f 478/414/493 484/410/489 479/412/491
f 478/414/493 480/415/494 486/416/495
f 430/417/496 486/416/495 480/415/494
f 486/416/495 430/417/496 431/418/497
f 430/417/496 480/415/494 429/419/498
f 469/420/499 429/419/498 480/415/494
f 474/421/500 429/419/498 469/420/499
f 429/419/498 474/421/500 482/422/501
f 454/423/502 472/424/503 457/425/504
f 472/424/503 454/423/502 467/426/505
f 451/427/506 467/426/505 454/423/502
f 467/426/505 451/427/506 481/413/492
f 481/413/492 451/427/506 479/412/491
f 450/428/507 479/412/491 451/427/506
f 479/412/491 450/428/507 478/414/493
f 449/429/508 478/414/493 450/428/507
f 478/414/493 449/429/508 480/415/494
f 453/430/509 480/415/494 449/429/508
f 480/415/494 453/430/509 469/420/499
f 455/431/510 469/420/499 453/430/509
f 456/432/511 469/420/499 455/431/510
f 469/420/499 456/432/511 474/421/500
f 457/433/504 474/421/500 456/432/511
f 472/434/503 474/421/500 457/433/504
f 474/421/500 472/434/503 482/422/501
f 942/435/512 482/422/501 472/434/503
f 943/436/513 482/422/501 942/435/512
f 945/437/514 482/422/501 943/436/513
f 482/422/501 945/437/514 429/419/498
f 437/438/515 429/419/498 945/437/514
f 429/419/498 437/438/515 430/417/496
f 439/439/516 430/417/496 437/438/515
f 430/417/496 439/439/516 431/418/497
f 440/440/517 431/418/497 439/439/516
f 433/441/518 431/418/497 440/440/517
f 431/418/497 433/441/518 486/416/495
f 483/442/519 486/416/495 433/441/518
f 486/416/495 483/442/519 478/414/493
f 478/414/493 483/442/519 484/410/489
f 433/443/518 484/410/489 483/442/519
f 484/410/489 433/443/518 434/408/487
f 440/444/517 434/408/487 433/443/518
f 438/445/520 434/408/487 440/444/517
f 434/408/487 438/445/520 432/409/488
f 944/446/521 432/409/488 438/445/520
f 436/447/522 432/409/488 944/446/521
f 432/409/488 436/447/522 485/411/490
f 485/411/490 436/447/522 481/413/492
f 435/448/523 481/413/492 436/447/522
f 481/413/492 435/448/523 467/426/505
f 467/426/505 435/448/523 472/424/503
f 942/449/512 472/424/503 435/448/523
f 278/450/524 297/451/525 280/452/526
f 299/453/527 280/452/526 297/451/525
f 280/452/526 299/453/527 281/454/528
f 300/455/529 281/454/528 299/453/527
f 281/454/528 300/455/529 276/456/530
f 296/457/531 276/456/530 300/455/529
f 276/456/530 296/457/531 274/458/532
f 295/459/533 274/458/532 296/457/531
f 274/458/532 295/459/533 272/460/534
f 294/461/535 272/460/534 295/459/533
f 272/460/534 294/461/535 267/462/536
f 290/463/537 267/462/536 294/461/535
f 267/462/536 290/463/537 269/464/538
f 291/465/539 269/464/538 290/463/537
f 269/464/538 291/465/539 270/466/540
f 293/467/541 270/466/540 291/465/539
f 281/468/528 276/469/530 280/470/526
f 270/471/540 280/470/526 276/469/530
f 280/470/526 270/471/540 278/472/524
f 267/473/536 274/474/532 272/475/534
f 274/474/532 267/473/536 276/469/530
f 276/469/530 267/473/536 270/471/540
f 269/476/538 270/471/540 267/473/536
f 291/476/539 290/473/537 293/471/541
f 299/470/527 293/471/541 290/473/537
f 293/471/541 299/470/527 297/472/525
f 296/469/531 294/475/535 295/474/533
f 294/475/535 296/469/531 290/473/537
f 290/473/537 296/469/531 299/470/527
f 300/468/529 299/470/527 296/469/531
f 524/472/542 530/471/543 521/470/544
f 525/469/545 521/470/544 530/471/543
f 521/470/544 525/469/545 520/468/546
f 534/473/547 530/471/543 532/476/548
f 530/471/543 534/473/547 525/469/545
f 525/469/545 534/473/547 527/474/549
f 529/475/550 527/474/549 534/473/547
f 504/472/551 502/470/552 508/471/553
f 511/473/554 508/471/553 502/470/552
f 508/471/553 511/473/554 510/476/555
f 505/469/556 502/470/552 501/468/557
f 502/470/552 505/469/556 511/473/554
f 511/473/554 505/469/556 507/475/558
f 506/474/559 507/475/558 505/469/556
f 747/386/560 746/385/561 723/384/562
f 722/380/563 723/384/562 746/385/561
f 723/384/562 722/380/563 727/383/564
f 727/383/564 722/380/563 726/381/565
f 720/382/566 726/381/565 722/380/563
f 756/377/567 762/376/568 761/374/569
f 764/375/570 761/374/569 762/376/568
f 965/373/571 761/374/569 764/375/570
f 761/374/569 965/373/571 964/372/572
f 964/372/572 760/379/573 761/374/569
f 754/378/574 761/374/569 760/379/573
f 761/374/569 754/378/574 756/377/567
f 724/390/575 950/404/576 721/391/577
f 950/404/576 724/390/575 727/405/564
f 727/405/564 724/390/575 723/406/562
f 748/388/578 723/406/562 724/390/575
f 723/406/562 748/388/578 747/407/560
f 744/402/579 746/385/561 743/403/580
f 746/385/561 744/402/579 722/380/563
f 722/380/563 744/402/579 720/382/566
f 745/401/581 720/382/566 744/402/579
f 720/382/566 745/401/581 964/372/572
f 763/400/582 964/372/572 745/401/581
f 758/399/583 964/372/572 763/400/582
f 964/372/572 758/399/583 760/379/573
f 752/398/584 760/379/573 758/399/583
f 760/379/573 752/398/584 754/378/574
f 753/397/585 754/378/574 752/398/584
f 754/378/574 753/397/585 756/377/567
f 755/396/586 756/377/567 753/397/585
f 757/395/587 756/377/567 755/396/586
f 756/377/567 757/395/587 762/376/568
f 759/394/588 762/376/568 757/395/587
f 762/376/568 759/394/588 764/375/570
f 765/393/589 764/375/570 759/394/588
f 764/375/570 765/393/589 721/391/577
f 751/392/590 721/391/577 765/393/589
f 749/387/591 721/391/577 751/392/590
f 721/391/577 749/387/591 724/390/575
f 724/390/575 749/387/591 748/388/578
f 750/389/592 748/388/578 749/387/591
f 524/477/542 504/478/551 523/479/593
f 503/480/594 523/479/593 504/478/551
f 504/481/551 508/482/553 503/480/594
f 509/483/595 503/480/594 508/482/553
f 509/483/595 508/484/553 531/485/596
f 530/486/543 531/485/596 508/484/553
f 530/487/543 524/488/542 531/485/596
f 523/479/593 531/485/596 524/488/542
f 509/483/595 531/485/596 503/480/594
f 523/479/593 503/480/594 531/485/596
f 298/479/597 297/477/525 277/480/598
f 278/478/524 277/480/598 297/477/525
f 292/485/599 293/487/541 298/479/597
f 297/488/525 298/479/597 293/487/541
f 270/484/540 293/486/541 271/483/600
f 292/485/599 271/483/600 293/486/541
f 277/480/598 278/481/524 271/483/600
f 270/482/540 271/483/600 278/481/524
f 277/480/598 271/483/600 298/479/597
f 292/485/599 298/479/597 271/483/600
f 457/489/504 456/490/511 477/491/601
f 455/492/510 477/491/601 456/490/511
f 477/491/601 455/492/510 453/493/509
f 453/493/509 449/494/508 477/491/601
f 450/495/507 477/491/601 449/494/508
f 477/491/601 450/495/507 451/496/506
f 454/497/502 477/491/601 451/496/506
f 477/491/601 454/497/502 457/489/504
f 521/452/544 504/451/551 524/450/542
f 504/451/551 521/452/544 502/453/552
f 520/454/546 502/453/552 521/452/544
f 502/453/552 520/454/546 501/455/557
f 525/456/545 501/455/557 520/454/546
f 501/455/557 525/456/545 505/457/556
f 527/458/549 505/457/556 525/456/545
f 505/457/556 527/458/549 506/459/559
f 529/460/550 506/459/559 527/458/549
f 506/459/559 529/460/550 507/461/558
f 534/462/547 507/461/558 529/460/550
f 507/461/558 534/462/547 511/463/554
f 532/464/548 511/463/554 534/462/547
f 511/463/554 532/464/548 510/465/555
f 530/466/543 510/465/555 532/464/548
f 510/465/555 530/466/543 508/467/553
f 441/498/602 438/499/520 440/500/517
f 438/499/520 441/498/602 946/501/603
f 442/502/604 946/501/603 441/498/602
f 946/501/603 442/502/604 443/503/605
f 874/504/606 178/505/607 149/506/608
f 966/176/164 815/175/163 975/507/609
f 816/174/162 975/507/609 815/175/163
f 818/173/161 975/507/609 816/174/162
f 975/507/609 818/173/161 968/172/160
f 970/508/328 817/509/330 969/510/351
f 844/511/344 842/512/343 845/513/345
f 840/514/342 845/513/345 842/512/343
f 845/513/345 840/514/342 847/515/346
f 846/516/341 847/515/346 840/514/342
f 847/515/346 846/516/341 854/517/347
f 851/518/340 854/517/347 846/516/341
f 854/517/347 851/518/340 837/519/348
f 831/520/339 837/519/348 851/518/340
f 832/521/334 837/519/348 831/520/339
f 837/519/348 832/521/334 839/522/349
f 839/522/349 832/521/334 838/523/350
f 833/524/336 838/523/350 832/521/334
f 838/523/350 833/524/336 836/525/332
f 834/526/335 836/525/332 833/524/336
f 836/525/332 834/526/335 835/527/333
f 208/491/610 236/494/611 232/493/612
f 236/494/611 208/491/610 235/495/613
f 234/496/614 235/495/613 208/491/610
f 234/496/614 208/491/610 231/497/615
f 228/489/616 231/497/615 208/491/610
f 208/491/610 229/490/617 228/489/616
f 229/490/617 208/491/610 230/492/618
f 232/493/612 230/492/618 208/491/610
f 228/528/616 213/529/619 231/530/615
f 218/531/620 231/530/615 213/529/619
f 231/530/615 218/531/620 234/532/614
f 204/533/621 234/532/614 218/531/620
f 206/534/622 234/532/614 204/533/621
f 234/532/614 206/534/622 235/535/613
f 207/536/623 235/535/613 206/534/622
f 235/535/613 207/536/623 236/537/611
f 205/538/624 236/537/611 207/536/623
f 236/537/611 205/538/624 232/539/612
f 216/540/625 232/539/612 205/538/624
f 232/539/612 216/540/625 230/541/618
f 230/541/618 216/540/625 229/542/617
f 211/543/626 229/542/617 216/540/625
f 229/542/617 211/543/626 228/544/616
f 228/544/616 211/543/626 213/545/619
f 213/545/619 211/543/626 188/546/627
f 203/547/628 188/546/627 211/543/626
f 188/546/627 203/547/628 937/548/629
f 937/548/629 203/547/628 940/549/630
f 182/550/631 940/549/630 203/547/628
f 940/549/630 182/550/631 939/551/632
f 187/552/633 939/551/632 182/550/631
f 939/551/632 187/552/633 193/553/634
f 186/554/635 193/553/634 187/552/633
f 193/553/634 186/554/635 192/555/636
f 192/555/636 186/554/635 184/556/637
f 199/557/638 184/556/637 186/554/635
f 184/556/637 199/557/638 202/558/639
f 207/536/623 202/558/639 199/557/638
f 201/559/640 202/558/639 207/536/623
f 202/558/639 201/559/640 184/560/637
f 183/561/641 184/560/637 201/559/640
f 184/560/637 183/561/641 192/562/636
f 192/562/636 183/561/641 191/563/642
f 185/564/643 191/563/642 183/561/641
f 191/563/642 185/564/643 189/565/644
f 189/565/644 185/564/643 190/566/645
f 200/567/646 190/566/645 185/564/643
f 204/533/621 190/566/645 200/567/646
f 190/566/645 204/533/621 938/568/647
f 218/531/620 938/568/647 204/533/621
f 213/529/619 938/568/647 218/531/620
f 938/568/647 213/529/619 188/569/627
f 201/559/640 185/564/643 183/561/641
f 185/564/643 201/559/640 200/567/646
f 204/533/621 200/567/646 206/534/622
f 201/559/640 206/534/622 200/567/646
f 206/534/622 201/559/640 207/536/623
f 199/557/638 205/538/624 207/536/623
f 187/552/633 199/557/638 186/554/635
f 199/557/638 187/552/633 205/538/624
f 182/550/631 205/538/624 187/552/633
f 205/538/624 182/550/631 216/540/625
f 216/540/625 182/550/631 211/543/626
f 203/547/628 211/543/626 182/550/631
f 194/570/648 195/571/649 941/572/650
f 196/573/651 941/572/650 195/571/649
f 941/572/650 196/573/651 191/574/642
f 192/575/636 191/574/642 196/573/651
f 17/576/652 16/577/653 120/578/654
f 118/579/655 120/578/654 16/577/653
f 120/578/654 118/579/655 106/580/656
f 106/580/656 118/579/655 104/581/657
f 101/582/658 104/581/657 118/579/655
f 104/581/657 101/582/658 173/583/659
f 174/584/660 173/583/659 101/582/658
f 173/583/659 174/584/660 902/585/661
f 902/585/661 174/584/660 901/586/662
f 901/586/662 174/584/660 904/587/663
f 904/587/663 174/584/660 129/588/664
f 129/588/664 174/584/660 128/589/665
f 101/582/658 128/589/665 174/584/660
f 128/589/665 101/582/658 99/590/666
f 99/590/666 101/582/658 114/591/667
f 118/579/655 114/591/667 101/582/658
f 16/577/653 114/591/667 118/579/655
f 12/592/668 114/591/667 16/577/653
f 114/591/667 12/592/668 111/593/669
f 9/594/670 111/593/669 12/592/668
f 111/593/669 9/594/670 109/595/671
f 8/596/672 109/595/671 9/594/670
f 6/597/673 109/595/671 8/596/672
f 109/595/671 6/597/673 108/598/674
f 7/599/675 108/598/674 6/597/673
f 108/598/674 7/599/675 110/600/676
f 10/601/677 110/600/676 7/599/675
f 110/600/676 10/601/677 112/602/678
f 112/602/678 10/601/677 113/603/679
f 11/604/680 113/603/679 10/601/677
f 113/603/679 11/604/680 115/605/681
f 13/606/682 115/605/681 11/604/680
f 14/607/683 115/605/681 13/606/682
f 115/605/681 14/607/683 116/608/684
f 15/609/685 116/608/684 14/607/683
f 116/608/684 15/609/685 117/610/686
f 117/610/686 15/609/685 119/611/687
f 18/612/688 119/611/687 15/609/685
f 88/613/689 115/605/681 90/614/690
f 116/608/684 90/614/690 115/605/681
f 90/614/690 116/608/684 117/610/686
f 444/615/691 180/616/692 445/617/693
f 180/616/692 444/615/691 437/618/515
f 444/615/691 439/619/516 437/618/515
f 439/619/516 444/615/691 440/500/517
f 440/500/517 444/615/691 441/620/602
f 445/617/693 441/620/602 444/615/691
f 441/620/602 445/617/693 442/621/604
f 442/621/604 445/617/693 178/622/607
f 178/622/607 445/617/693 177/623/694
f 177/623/694 445/617/693 179/624/695
f 180/616/692 179/624/695 445/617/693
f 179/624/695 180/616/692 124/625/696
f 124/625/696 180/616/692 122/626/697
f 913/627/698 122/626/697 180/616/692
f 122/626/697 913/627/698 96/628/699
f 93/629/700 96/628/699 913/627/698
f 95/630/701 96/628/699 93/629/700
f 87/631/702 96/628/699 95/630/701
f 96/628/699 87/631/702 98/632/703
f 89/633/704 98/632/703 87/631/702
f 98/632/703 89/633/704 134/634/705
f 100/635/706 134/634/705 89/633/704
f 135/636/707 134/634/705 100/635/706
f 136/637/708 134/634/705 135/636/707
f 134/634/705 136/637/708 133/638/709
f 131/639/710 133/638/709 136/637/708
f 133/638/709 131/639/710 126/640/711
f 124/625/696 126/640/711 131/639/710
f 126/640/711 124/625/696 127/641/712
f 122/626/697 127/641/712 124/625/696
f 127/641/712 122/626/697 98/632/703
f 96/628/699 98/632/703 122/626/697
f 134/634/705 127/641/712 98/632/703
f 127/641/712 134/634/705 126/640/711
f 133/638/709 126/640/711 134/634/705
f 52/642/713 65/643/714 47/644/715
f 47/644/715 65/643/714 45/645/716
f 63/646/717 45/645/716 65/643/714
f 45/645/716 63/646/717 41/647/718
f 60/648/719 41/647/718 63/646/717
f 41/647/718 60/648/719 32/649/720
f 32/649/720 60/648/719 26/650/721
f 56/651/722 26/650/721 60/648/719
f 26/650/721 56/651/722 22/652/723
f 54/653/724 22/652/723 56/651/722
f 22/652/723 54/653/724 20/654/725
f 48/655/726 20/654/725 54/653/724
f 20/654/725 48/655/726 23/656/727
f 55/657/728 23/656/727 48/655/726
f 57/658/729 23/656/727 55/657/728
f 23/656/727 57/658/729 28/659/730
f 58/660/731 28/659/730 57/658/729
f 28/659/730 58/660/731 30/661/732
f 30/661/732 58/660/731 33/662/733
f 59/663/734 33/662/733 58/660/731
f 61/664/735 33/662/733 59/663/734
f 33/662/733 61/664/735 37/665/736
f 37/665/736 61/664/735 39/666/737
f 62/667/738 39/666/737 61/664/735
f 39/666/737 62/667/738 44/668/739
f 64/669/740 44/668/739 62/667/738
f 52/670/713 44/668/739 64/669/740
f 47/671/715 44/668/739 52/670/713
f 19/672/741 44/668/739 47/671/715
f 44/668/739 19/672/741 18/612/688
f 121/673/742 18/612/688 19/672/741
f 18/612/688 121/673/742 119/611/687
f 107/674/743 119/611/687 121/673/742
f 105/675/744 119/611/687 107/674/743
f 119/611/687 105/675/744 117/610/686
f 103/676/745 117/610/686 105/675/744
f 117/610/686 103/676/745 90/614/690
f 90/614/690 103/676/745 102/677/746
f 105/675/744 102/677/746 103/676/745
f 905/678/747 102/677/746 105/675/744
f 102/677/746 905/678/747 140/679/748
f 903/680/749 140/679/748 905/678/747
f 140/679/748 903/680/749 138/681/750
f 171/682/751 138/681/750 903/680/749
f 138/681/750 171/682/751 165/683/752
f 165/683/752 171/682/751 166/684/753
f 170/685/754 166/684/753 171/682/751
f 166/684/753 170/685/754 167/686/755
f 172/687/317 167/686/755 170/685/754
f 167/686/755 172/687/317 157/688/316
f 197/689/756 939/690/632 193/691/634
f 939/690/632 197/689/756 903/680/749
f 198/692/757 903/680/749 197/689/756
f 903/680/749 198/692/757 171/682/751
f 171/682/751 198/692/757 170/685/754
f 170/685/754 198/692/757 172/687/317
f 172/687/317 198/692/757 195/693/649
f 195/693/649 198/692/757 196/694/651
f 197/689/756 196/694/651 198/692/757
f 196/694/651 197/689/756 192/695/636
f 193/691/634 192/695/636 197/689/756
f 149/696/608 178/622/607 162/697/758
f 177/623/694 162/697/758 178/622/607
f 162/697/758 177/623/694 163/698/759
f 179/624/695 163/698/759 177/623/694
f 163/698/759 179/624/695 164/699/760
f 124/625/696 164/699/760 179/624/695
f 164/699/760 124/625/696 132/700/761
f 131/639/710 132/700/761 124/625/696
f 132/700/761 131/639/710 165/683/752
f 165/683/752 131/639/710 138/681/750
f 136/637/708 138/681/750 131/639/710
f 135/636/707 138/681/750 136/637/708
f 138/681/750 135/636/707 140/679/748
f 100/635/706 140/679/748 135/636/707
f 140/679/748 100/635/706 102/677/746
f 102/677/746 100/635/706 90/614/690
f 89/633/704 90/614/690 100/635/706
f 90/614/690 89/633/704 88/613/689
f 87/631/702 88/613/689 89/633/704
f 88/613/689 87/631/702 115/605/681
f 115/605/681 87/631/702 113/603/679
f 113/603/679 87/631/702 112/602/678
f 95/630/701 112/602/678 87/631/702
f 93/629/700 112/602/678 95/630/701
f 112/602/678 93/629/700 110/600/676
f 91/701/762 110/600/676 93/629/700
f 110/600/676 91/701/762 108/598/674
f 92/702/763 108/598/674 91/701/762
f 108/598/674 92/702/763 109/595/671
f 109/595/671 92/702/763 111/593/669
f 94/703/764 111/593/669 92/702/763
f 111/593/669 94/703/764 97/704/765
f 912/705/766 97/704/765 94/703/764
f 97/704/765 912/705/766 181/706/767
f 176/707/768 181/706/767 912/705/766
f 175/708/769 181/706/767 176/707/768
f 914/709/770 181/706/767 175/708/769
f 129/588/664 181/706/767 914/709/770
f 128/589/665 181/706/767 129/588/664
f 181/706/767 128/589/665 97/704/765
f 99/590/666 97/704/765 128/589/665
f 114/591/667 97/704/765 99/590/666
f 97/704/765 114/591/667 111/593/669
f 121/710/742 106/580/656 107/711/743
f 106/580/656 121/710/742 120/578/654
f 19/712/741 120/578/654 121/710/742
f 120/578/654 19/712/741 17/576/652
f 47/644/715 17/576/652 19/712/741
f 45/645/716 17/576/652 47/644/715
f 17/576/652 45/645/716 16/577/653
f 41/647/718 16/577/653 45/645/716
f 32/649/720 16/577/653 41/647/718
f 16/577/653 32/649/720 12/592/668
f 12/592/668 32/649/720 9/594/670
f 26/650/721 9/594/670 32/649/720
f 22/652/723 9/594/670 26/650/721
f 9/594/670 22/652/723 8/596/672
f 20/654/725 8/596/672 22/652/723
f 8/596/672 20/654/725 6/597/673
f 23/656/727 6/597/673 20/654/725
f 6/597/673 23/656/727 7/599/675
f 28/659/730 7/599/675 23/656/727
f 7/599/675 28/659/730 10/601/677
f 30/661/732 10/601/677 28/659/730
f 10/601/677 30/661/732 11/604/680
f 33/662/733 11/604/680 30/661/732
f 11/604/680 33/662/733 13/606/682
f 13/606/682 33/662/733 14/607/683
f 37/665/736 14/607/683 33/662/733
f 14/607/683 37/665/736 15/609/685
f 39/666/737 15/609/685 37/665/736
f 15/609/685 39/666/737 18/612/688
f 44/668/739 18/612/688 39/666/737
f 719/138/130 725/139/131 954/713/771
f 728/140/132 954/713/771 725/139/131
f 729/141/133 954/713/771 728/140/132
f 954/713/771 729/141/133 949/143/135
f 727/509/564 726/508/565 950/510/576
f 747/527/560 748/526/578 746/525/561
f 750/524/592 746/525/561 748/526/578
f 746/525/561 750/524/592 743/523/580
f 749/521/591 743/523/580 750/524/592
f 743/523/580 749/521/591 744/522/579
f 744/522/579 749/521/591 745/519/581
f 751/520/590 745/519/581 749/521/591
f 765/518/589 745/519/581 751/520/590
f 745/519/581 765/518/589 763/517/582
f 759/516/588 763/517/582 765/518/589
f 763/517/582 759/516/588 758/515/583
f 757/514/587 758/515/583 759/516/588
f 758/515/583 757/514/587 752/513/584
f 755/512/586 752/513/584 757/514/587
f 752/513/584 755/512/586 753/511/585
f 780/44/44 861/714/772 778/43/43
f 859/715/773 778/43/43 861/714/772
f 778/43/43 859/715/773 80/192/176
f 858/716/774 80/192/176 859/715/773
f 80/192/176 858/716/774 3/87/87
f 855/88/88 3/87/87 858/716/774
f 858/716/774 856/26/26 855/88/88
f 856/26/26 858/716/774 857/24/24
f 859/715/773 857/24/24 858/716/774
f 857/24/24 859/715/773 947/16/16
f 861/714/772 947/16/16 859/715/773
f 947/16/16 861/714/772 676/15/15
f 958/717/775 951/1/1 719/718/130
f 951/1/1 958/717/775 952/2/2
f 960/719/776 952/2/2 958/717/775
f 952/2/2 960/719/776 953/116/114
f 953/116/114 960/719/776 731/117/115
f 963/720/777 731/117/115 960/719/776
f 731/117/115 963/720/777 732/144/136
f 949/143/135 732/144/136 963/720/777
f 172/370/317 195/571/649 897/721/778
f 194/570/648 897/721/778 195/571/649
f 897/721/778 194/570/648 898/722/779
f 901/586/662 898/722/779 194/570/648
f 898/722/779 901/586/662 904/587/663
f 129/588/664 898/722/779 904/587/663
f 898/722/779 129/588/664 879/723/780
f 879/723/780 129/588/664 900/724/781
f 914/709/770 900/724/781 129/588/664
f 175/708/769 900/724/781 914/709/770
f 443/503/605 900/724/781 175/708/769
f 900/724/781 443/503/605 899/725/782
f 442/502/604 899/725/782 443/503/605
f 899/725/782 442/502/604 178/505/607
f 178/505/607 874/504/606 899/725/782
f 867/726/783 899/725/782 874/504/606
f 899/725/782 867/726/783 900/724/781
f 868/727/784 900/724/781 867/726/783
f 900/724/781 868/727/784 879/723/780
f 879/723/780 868/727/784 898/722/779
f 869/728/785 898/722/779 868/727/784
f 898/722/779 869/728/785 897/721/778
f 148/371/318 897/721/778 869/728/785
f 897/721/778 148/371/318 172/370/317
f 910/729/786 938/730/647 911/731/787
f 938/730/647 910/729/786 190/732/645
f 906/733/788 190/732/645 910/729/786
f 907/734/789 190/732/645 906/733/788
f 190/732/645 907/734/789 189/735/644
f 191/574/642 189/735/644 907/734/789
f 907/734/789 941/572/650 191/574/642
f 941/572/650 907/734/789 194/570/648
f 194/570/648 907/734/789 901/586/662
f 901/586/662 907/734/789 902/585/661
f 906/733/788 902/585/661 907/734/789
f 910/729/786 902/585/661 906/733/788
f 902/585/661 910/729/786 173/583/659
f 910/729/786 104/581/657 173/583/659
f 104/581/657 910/729/786 106/580/656
f 911/731/787 106/580/656 910/729/786
f 106/580/656 911/731/787 107/711/743
f 908/736/790 107/711/743 911/731/787
f 918/737/791 435/738/523 919/739/792
f 436/740/522 919/739/792 435/738/523
f 919/739/792 436/740/522 917/741/793
f 917/741/793 436/740/522 916/742/794
f 944/743/521 916/742/794 436/740/522
f 916/742/794 944/743/521 438/499/520
f 438/499/520 946/501/603 916/742/794
f 443/503/605 916/742/794 946/501/603
f 175/708/769 916/742/794 443/503/605
f 176/707/768 916/742/794 175/708/769
f 916/742/794 176/707/768 917/741/793
f 917/741/793 176/707/768 919/739/792
f 912/705/766 919/739/792 176/707/768
f 912/705/766 94/703/764 919/739/792
f 92/702/763 919/739/792 94/703/764
f 919/739/792 92/702/763 918/737/791
f 91/701/762 918/737/791 92/702/763
f 918/737/791 91/701/762 915/744/795
f 915/744/795 91/701/762 920/745/796
f 93/629/700 920/745/796 91/701/762
f 93/629/700 913/627/698 920/745/796
f 180/616/692 920/745/796 913/627/698
f 920/745/796 180/616/692 437/618/515
f 188/569/627 911/746/787 938/568/647
f 968/747/160 820/184/159 984/748/797
f 974/183/171 984/748/797 820/184/159
f 984/748/797 974/183/171 982/749/798
f 973/182/170 982/749/798 974/183/171
f 972/179/167 982/749/798 973/182/170
f 982/749/798 972/179/167 979/750/799
f 971/177/165 979/750/799 972/179/167
f 979/750/799 971/177/165 966/176/164
f 975/507/609 979/750/799 966/176/164
f 979/750/799 975/507/609 982/749/798
f 982/749/798 975/507/609 984/748/797
f 968/747/160 984/748/797 975/507/609
f 965/373/571 764/375/570 957/751/800
f 721/391/577 957/751/800 764/375/570
f 957/751/800 721/391/577 962/752/801
f 950/404/576 962/752/801 721/391/577
f 726/381/565 720/382/566 959/753/802
f 955/754/803 959/753/802 720/382/566
f 959/753/802 955/754/803 961/755/804
f 956/756/805 961/755/804 955/754/803
f 720/382/566 964/372/572 955/754/803
f 965/373/571 955/754/803 964/372/572
f 955/754/803 965/373/571 956/756/805
f 957/751/800 956/756/805 965/373/571
f 956/756/805 957/751/800 961/755/804
f 962/752/801 961/755/804 957/751/800
f 961/755/804 962/752/801 959/753/802
f 950/510/576 959/753/802 962/752/801
f 959/753/802 950/510/576 726/508/565
f 945/437/514 920/757/796 437/438/515
f 920/757/796 945/437/514 915/436/795
f 943/436/513 915/436/795 945/437/514
f 942/435/512 915/436/795 943/436/513
f 915/436/795 942/435/512 918/758/791
f 942/449/512 435/448/523 918/759/791
f 780/187/44 776/66/66 861/760/772
f 81/68/68 861/760/772 776/66/66
f 861/760/772 81/68/68 863/761/806
f 863/761/806 81/68/68 864/762/807
f 83/69/69 864/762/807 81/68/68
f 864/762/807 83/69/69 862/763/808
f 865/71/71 862/763/808 83/69/69
f 862/763/808 865/71/71 860/764/809
f 86/73/73 860/764/809 865/71/71
f 860/764/809 86/73/73 50/75/75
f 811/391/338 980/752/810 969/404/351
f 980/752/810 811/391/338 976/751/811
f 985/375/322 976/751/811 811/391/338
f 976/751/811 985/375/322 852/373/320
f 978/754/812 981/755/813 977/756/814
f 981/755/813 978/754/812 983/753/815
f 967/382/329 983/753/815 978/754/812
f 983/753/815 967/382/329 970/381/328
f 978/754/812 853/372/319 967/382/329
f 853/372/319 978/754/812 852/373/320
f 977/756/814 852/373/320 978/754/812
f 852/373/320 977/756/814 976/751/811
f 981/755/813 976/751/811 977/756/814
f 976/751/811 981/755/813 980/752/810
f 983/753/815 980/752/810 981/755/813
f 980/752/810 983/753/815 969/510/351
f 970/508/328 969/510/351 983/753/815
f 911/765/787 188/546/627 908/548/790
f 937/548/629 908/548/790 188/546/627
f 940/549/630 908/548/790 937/548/629
f 908/548/790 940/549/630 909/766/816
f 939/551/632 909/766/816 940/549/630
f 939/690/632 903/680/749 909/767/816
f 905/678/747 909/767/816 903/680/749
f 909/767/816 905/678/747 105/675/744
f 107/674/743 909/767/816 105/675/744
f 909/767/816 107/674/743 908/768/790
f 954/713/771 958/717/775 719/718/130
f 958/717/775 954/713/771 960/719/776
f 960/719/776 954/713/771 963/720/777
f 949/143/135 963/720/777 954/713/771
f 50/103/75 74/104/102 860/769/809
f 73/105/103 860/769/809 74/104/102
f 860/769/809 73/105/103 862/770/808
f 71/106/104 862/770/808 73/105/103
f 862/770/808 71/106/104 864/771/807
f 70/107/105 864/771/807 71/106/104
f 864/771/807 70/107/105 863/772/806
f 863/772/806 70/107/105 861/773/772
f 948/108/106 861/773/772 70/107/105
f 861/773/772 948/108/106 676/126/15
f 488/774/817 447/775/818 487/776/819
f 494/777/820 487/776/819 447/775/818
f 493/778/821 487/776/819 494/777/820
f 487/776/819 493/778/821 540/779/822
f 543/780/823 540/779/822 493/778/821
f 540/779/822 543/780/823 538/781/824
f 547/782/825 544/783/826 490/784/827
f 544/783/826 547/782/825 539/785/828
f 542/786/829 539/785/828 547/782/825
f 539/785/828 542/786/829 519/787/830
f 526/788/831 519/787/830 542/786/829
f 526/788/831 546/789/832 533/790/833
f 488/774/817 533/790/833 546/789/832
f 533/790/833 488/774/817 535/791/834
f 487/776/819 535/791/834 488/774/817
f 535/791/834 487/776/819 536/792/835
f 540/779/822 536/792/835 487/776/819
f 536/792/835 540/779/822 528/793/836
f 538/781/824 528/793/836 540/779/822
f 528/793/836 538/781/824 522/794/837
f 522/794/837 538/781/824 537/795/838
f 537/795/838 538/781/824 541/796/839
f 543/780/823 541/796/839 538/781/824
f 541/796/839 543/780/823 489/797/840
f 493/778/821 489/797/840 543/780/823
f 489/797/840 493/778/821 491/798/841
f 491/798/841 493/778/821 495/799/842
f 495/799/842 493/778/821 497/800/843
f 497/800/843 493/778/821 460/801/844
f 494/777/820 460/801/844 493/778/821
f 460/801/844 494/777/820 452/802/845
f 447/775/818 452/802/845 494/777/820
f 452/802/845 447/775/818 458/803/846
f 458/803/846 447/775/818 446/804/847
f 488/774/817 446/804/847 447/775/818
f 446/804/847 488/774/817 546/789/832
f 514/805/395 522/794/837 515/806/397
f 522/794/837 514/805/395 528/793/836
f 512/807/396 528/793/836 514/805/395
f 528/793/836 512/807/396 536/792/835
f 536/792/835 512/807/396 535/791/834
f 517/808/408 535/791/834 512/807/396
f 535/791/834 517/808/408 533/790/833
f 518/809/409 533/790/833 517/808/408
f 533/790/833 518/809/409 526/788/831
f 516/810/474 526/788/831 518/809/409
f 526/788/831 516/810/474 519/787/830
f 513/811/475 519/787/830 516/810/474
f 522/812/837 513/811/475 515/813/397
f 513/811/475 522/812/837 519/787/830
f 519/787/830 522/812/837 539/785/828
f 537/814/838 539/785/828 522/812/837
f 541/815/839 539/785/828 537/814/838
f 539/785/828 541/815/839 544/783/826
f 544/783/826 541/815/839 490/784/827
f 489/816/840 490/784/827 541/815/839
f 490/784/827 489/816/840 492/817/848
f 491/818/841 492/817/848 489/816/840
f 492/817/848 491/818/841 499/819/849
f 495/820/842 499/819/849 491/818/841
f 497/821/843 499/819/849 495/820/842
f 499/819/849 497/821/843 498/822/850
f 476/823/851 498/822/850 497/821/843
f 473/824/852 498/822/850 476/823/851
f 468/825/853 498/822/850 473/824/852
f 498/822/850 468/825/853 496/826/854
f 470/827/855 496/826/854 468/825/853
f 465/828/856 496/826/854 470/827/855
f 496/826/854 465/828/856 500/829/857
f 500/829/857 465/828/856 448/830/858
f 463/831/859 448/830/858 465/828/856
f 448/830/858 463/831/859 459/832/860
f 462/833/861 459/832/860 463/831/859
f 459/832/860 462/833/861 446/804/847
f 461/834/862 446/804/847 462/833/861
f 464/835/863 446/804/847 461/834/862
f 446/804/847 464/835/863 458/803/846
f 458/803/846 464/835/863 452/802/845
f 466/836/864 452/802/845 464/835/863
f 471/837/865 452/802/845 466/836/864
f 452/802/845 471/837/865 460/801/844
f 475/838/866 460/801/844 471/837/865
f 460/801/844 475/838/866 497/800/843
f 476/839/851 497/800/843 475/838/866
f 459/832/860 446/804/847 448/830/858
f 546/789/832 448/830/858 446/804/847
f 448/830/858 546/789/832 545/840/867
f 526/788/831 545/840/867 546/789/832
f 542/786/829 545/840/867 526/788/831
f 545/840/867 542/786/829 448/830/858
f 448/830/858 542/786/829 500/829/857
f 547/782/825 500/829/857 542/786/829
f 500/829/857 547/782/825 496/826/854
f 490/784/827 496/826/854 547/782/825
f 492/817/848 496/826/854 490/784/827
f 499/819/849 496/826/854 492/817/848
f 496/826/854 499/819/849 498/822/850
f 240/776/868 238/775/869 241/774/870
f 238/775/869 240/776/868 243/777/871
f 243/777/871 240/776/868 244/778/872
f 261/779/873 244/778/872 240/776/868
f 244/778/872 261/779/873 258/780/874
f 263/781/875 258/780/874 261/779/873
f 286/806/243 279/794/876 287/805/256
f 273/793/877 287/805/256 279/794/876
f 287/805/256 273/793/877 289/807/253
f 265/792/878 289/807/253 273/793/877
f 266/791/879 289/807/253 265/792/878
f 289/807/253 266/791/879 284/808/252
f 268/790/880 284/808/252 266/791/879
f 284/808/252 268/790/880 283/809/249
f 275/788/881 283/809/249 268/790/880
f 283/809/249 275/788/881 285/810/247
f 282/787/882 285/810/247 275/788/881
f 285/810/247 282/787/882 288/811/245
f 286/813/243 288/811/245 279/812/876
f 282/787/882 279/812/876 288/811/245
f 262/785/883 279/812/876 282/787/882
f 279/812/876 262/785/883 264/814/884
f 264/814/884 262/785/883 260/815/885
f 257/783/886 260/815/885 262/785/883
f 247/784/887 260/815/885 257/783/886
f 260/815/885 247/784/887 248/816/888
f 245/817/889 248/816/888 247/784/887
f 248/816/888 245/817/889 246/818/890
f 252/819/891 246/818/890 245/817/889
f 246/818/890 252/819/891 242/820/892
f 242/820/892 252/819/891 251/821/893
f 250/822/894 251/821/893 252/819/891
f 251/821/893 250/822/894 209/823/895
f 209/823/895 250/822/894 212/824/896
f 212/824/896 250/822/894 217/825/897
f 249/826/898 217/825/897 250/822/894
f 217/825/897 249/826/898 215/827/899
f 215/827/899 249/826/898 220/828/900
f 253/829/901 220/828/900 249/826/898
f 237/830/902 220/828/900 253/829/901
f 220/828/900 237/830/902 222/831/903
f 226/832/904 222/831/903 237/830/902
f 222/831/903 226/832/904 223/833/905
f 239/804/906 223/833/905 226/832/904
f 223/833/905 239/804/906 224/834/907
f 224/834/907 239/804/906 221/835/908
f 227/803/909 221/835/908 239/804/906
f 233/802/910 221/835/908 227/803/909
f 221/835/908 233/802/910 219/836/911
f 219/836/911 233/802/910 214/837/912
f 225/801/913 214/837/912 233/802/910
f 214/837/912 225/801/913 210/838/914
f 251/800/893 210/838/914 225/801/913
f 210/838/914 251/800/893 209/839/895
f 237/830/902 256/840/915 255/789/916
f 256/840/915 237/830/902 259/786/917
f 253/829/901 259/786/917 237/830/902
f 259/786/917 253/829/901 254/782/918
f 249/826/898 254/782/918 253/829/901
f 226/832/904 237/830/902 239/804/906
f 255/789/916 239/804/906 237/830/902
f 241/774/870 239/804/906 255/789/916
f 238/775/869 239/804/906 241/774/870
f 239/804/906 238/775/869 227/803/909
f 227/803/909 238/775/869 233/802/910
f 243/777/871 233/802/910 238/775/869
f 233/802/910 243/777/871 225/801/913
f 244/778/872 225/801/913 243/777/871
f 225/801/913 244/778/872 251/800/893
f 251/800/893 244/778/872 242/799/892
f 242/799/892 244/778/872 246/798/890
f 246/798/890 244/778/872 248/797/888
f 258/780/874 248/797/888 244/778/872
f 248/797/888 258/780/874 260/796/885
f 263/781/875 260/796/885 258/780/874
f 260/796/885 263/781/875 264/795/884
f 264/795/884 263/781/875 279/794/876
f 279/794/876 263/781/875 273/793/877
f 261/779/873 273/793/877 263/781/875
f 273/793/877 261/779/873 265/792/878
f 240/776/868 265/792/878 261/779/873
f 265/792/878 240/776/868 266/791/879
f 241/774/870 266/791/879 240/776/868
f 266/791/879 241/774/870 268/790/880
f 255/789/916 268/790/880 241/774/870
f 268/790/880 255/789/916 275/788/881
f 256/840/915 275/788/881 255/789/916
f 259/786/917 275/788/881 256/840/915
f 275/788/881 259/786/917 282/787/882
f 282/787/882 259/786/917 262/785/883
f 254/782/918 262/785/883 259/786/917
f 262/785/883 254/782/918 257/783/886
f 257/783/886 254/782/918 247/784/887
f 249/826/898 247/784/887 254/782/918
f 247/784/887 249/826/898 245/817/889
f 245/817/889 249/826/898 252/819/891
f 250/822/894 252/819/891 249/826/898
usemtl test_cht_rival01.xno2.001
f 156/841/919 878/842/920 155/843/921
f 873/844/922 155/843/921 878/842/920
f 155/843/921 873/844/922 154/845/923
f 146/846/924 154/845/923 873/844/922
f 154/845/923 146/846/924 153/847/925
f 872/848/926 153/847/925 146/846/924
f 153/847/925 872/848/926 145/849/927
f 145/849/927 144/850/928 153/847/925
f 143/851/929 153/847/925 144/850/928
f 153/847/925 143/851/929 152/852/930
f 871/853/931 152/852/930 143/851/929
f 152/852/930 871/853/931 151/854/932
f 875/855/933 151/854/932 871/853/931
f 151/854/932 875/855/933 150/856/934
f 158/857/935 141/858/936 876/859/937
f 141/858/936 158/857/935 866/860/938
f 160/861/939 866/860/938 158/857/935
f 866/860/938 160/861/939 875/855/933
f 875/855/933 160/861/939 150/856/934
f 161/862/940 150/856/934 160/861/939
f 150/856/934 161/862/940 151/854/932
f 123/863/941 151/854/932 161/862/940
f 151/854/932 123/863/941 152/852/930
f 125/864/942 152/852/930 123/863/941
f 130/865/943 152/852/930 125/864/942
f 152/852/930 130/865/943 153/847/925
f 153/847/925 130/865/943 154/845/923
f 137/866/944 154/845/923 130/865/943
f 139/867/945 154/845/923 137/866/944
f 154/845/923 139/867/945 155/843/921
f 168/868/946 155/843/921 139/867/945
f 155/843/921 168/868/946 156/841/919
f 169/869/947 156/841/919 168/868/946
f 156/841/919 169/869/947 878/842/920
f 878/842/920 169/869/947 870/870/948
f 159/871/949 870/870/948 169/869/947
f 870/870/948 159/871/949 142/872/950
f 147/873/951 142/872/950 159/871/949
f 877/874/952 880/875/953 896/876/954
f 928/877/955 896/876/954 880/875/953
f 931/878/956 896/876/954 928/877/955
f 896/876/954 931/878/956 892/879/957
f 934/880/958 892/879/957 931/878/956
f 935/881/959 892/879/957 934/880/958
f 892/879/957 935/881/959 894/882/960
f 936/883/961 894/882/960 935/881/959
f 894/882/960 936/883/961 893/884/962
f 933/885/963 893/884/962 936/883/961
f 893/884/962 933/885/963 891/886/964
f 891/886/964 933/885/963 890/887/965
f 932/888/966 890/887/965 933/885/963
f 890/887/965 932/888/966 889/889/967
f 930/890/968 889/889/967 932/888/966
f 889/889/967 930/890/968 888/891/969
f 929/892/970 888/891/969 930/890/968
f 927/893/971 888/891/969 929/892/970
f 888/891/969 927/893/971 886/894/972
f 925/895/973 886/894/972 927/893/971
f 886/894/972 925/895/973 885/896/974
f 924/897/975 885/896/974 925/895/973
f 885/896/974 924/897/975 884/898/976
f 884/898/976 924/897/975 882/899/977
f 921/900/978 882/899/977 924/897/975
f 882/899/977 921/900/978 881/901/979
f 922/902/980 881/901/979 921/900/978
f 881/901/979 922/902/980 883/903/981
f 923/904/982 883/903/981 922/902/980
f 926/905/983 883/903/981 923/904/982
f 883/903/981 926/905/983 895/906/984
f 928/907/955 895/906/984 926/905/983
f 880/908/953 895/906/984 928/907/955
f 877/909/952 895/906/984 880/908/953
f 876/859/937 895/906/984 877/909/952
f 141/858/936 895/906/984 876/859/937
f 895/906/984 141/858/936 883/903/981
f 883/903/981 141/858/936 881/901/979
f 866/860/938 881/901/979 141/858/936
f 881/901/979 866/860/938 882/899/977
f 875/855/933 882/899/977 866/860/938
f 871/853/931 882/899/977 875/855/933
f 882/899/977 871/853/931 884/898/976
f 143/851/929 884/898/976 871/853/931
f 884/898/976 143/851/929 885/896/974
f 144/850/928 885/896/974 143/851/929
f 885/896/974 144/850/928 886/894/972
f 145/849/927 886/894/972 144/850/928
f 886/894/972 145/849/927 887/910/985
f 887/910/985 145/849/927 889/889/967
f 872/848/926 889/889/967 145/849/927
f 889/889/967 872/848/926 890/887/965
f 146/846/924 890/887/965 872/848/926
f 890/887/965 146/846/924 891/886/964
f 873/844/922 891/886/964 146/846/924
f 891/886/964 873/844/922 893/884/962
f 878/842/920 893/884/962 873/844/922
f 870/870/948 893/884/962 878/842/920
f 893/884/962 870/870/948 894/882/960
f 142/872/950 894/882/960 870/870/948
f 894/882/960 142/872/950 892/879/957
f 892/879/957 142/872/950 896/876/954
f 147/873/951 896/876/954 142/872/950
f 896/876/954 147/873/951 877/874/952
f 888/891/969 887/910/985 889/889/967
f 887/910/985 888/891/969 886/894/972
usemtl test_cht_rival01_hair.xno1
f 1170/911/986 1176/912/987 1171/913/988
f 1175/914/989 1171/913/988 1176/912/987
f 1177/915/990 1171/913/988 1175/914/989
f 1171/913/988 1177/915/990 1149/916/991
f 1140/917/992 1149/916/991 1135/918/993
f 1149/916/991 1140/917/992 1171/913/988
f 1143/919/994 1171/913/988 1140/917/992
f 1171/913/988 1143/919/994 1170/911/986
f 1170/911/986 1143/919/994 1153/920/995
f 1117/921/996 1153/920/995 1143/919/994
f 1176/922/987 1189/923/997 1175/924/989
f 1177/925/990 1175/924/989 1187/926/998
f 1189/923/997 1187/926/998 1175/924/989
f 1187/926/998 1189/923/997 1198/927/999
f 1144/928/1000 1135/929/993 1131/930/1001
f 1135/929/993 1144/928/1000 1145/931/1002
f 1145/931/1002 1144/928/1000 1157/932/1003
f 1136/933/1004 1157/932/1003 1144/928/1000
f 1157/932/1003 1136/933/1004 1121/934/1005
f 1121/934/1005 1136/933/1004 1099/935/1006
f 1125/936/1007 1099/935/1006 1136/933/1004
f 1099/935/1006 1125/936/1007 1091/937/1008
f 1115/938/1009 1091/937/1008 1125/936/1007
f 1091/937/1008 1115/938/1009 1093/939/1010
f 1107/940/1011 1093/939/1010 1115/938/1009
f 1093/939/1010 1107/940/1011 1102/941/1012
f 1102/941/1012 1107/940/1011 1111/942/1013
f 1111/942/1013 1107/940/1011 1122/943/1014
f 1115/938/1009 1122/943/1014 1107/940/1011
f 1122/943/1014 1115/938/1009 1131/930/1001
f 1125/936/1007 1131/930/1001 1115/938/1009
f 1131/930/1001 1125/936/1007 1144/928/1000
f 1136/933/1004 1144/928/1000 1125/936/1007
f 1185/944/1015 1181/945/1016 1172/946/1017
f 1176/912/987 1172/946/1017 1181/945/1016
f 1172/946/1017 1176/912/987 1170/911/986
f 1142/947/1018 1153/920/995 1117/921/996
f 1153/920/995 1142/947/1018 1170/911/986
f 1170/911/986 1142/947/1018 1172/946/1017
f 1148/948/1019 1172/946/1017 1142/947/1018
f 1172/946/1017 1148/948/1019 1155/949/1020
f 1150/950/1021 1155/949/1020 1148/948/1019
f 1080/951/1022 1100/952/1023 1104/953/1024
f 1157/932/1003 1104/953/1024 1145/931/1002
f 1100/952/1023 1145/931/1002 1104/953/1024
f 1145/931/1002 1100/952/1023 1135/929/993
f 1088/954/1025 1074/955/1026 1058/956/1027
f 1074/955/1026 1088/954/1025 1112/957/1028
f 1112/957/1028 1088/954/1025 1134/958/1029
f 1124/959/1030 1134/958/1029 1088/954/1025
f 1134/958/1029 1124/959/1030 1160/960/1031
f 1177/961/990 1179/962/1032 1183/963/1033
f 1179/962/1032 1177/961/990 1169/964/1034
f 1165/965/1035 1169/964/1034 1177/961/990
f 1169/964/1034 1165/965/1035 1156/966/1036
f 1154/967/1037 1156/966/1036 1165/965/1035
f 1130/968/1038 1156/966/1036 1154/967/1037
f 1156/966/1036 1130/968/1038 1128/969/1039
f 1096/970/1040 1128/969/1039 1130/968/1038
f 1128/969/1039 1096/970/1040 1105/971/1041
f 1105/971/1041 1114/972/1042 1128/969/1039
f 1139/973/1043 1128/969/1039 1114/972/1042
f 1128/969/1039 1139/973/1043 1156/966/1036
f 1158/974/1044 1156/966/1036 1139/973/1043
f 1156/966/1036 1158/974/1044 1169/964/1034
f 1169/964/1034 1158/974/1044 1179/962/1032
f 1163/975/1045 1179/962/1032 1158/974/1044
f 1179/962/1032 1163/975/1045 1183/963/1033
f 1173/976/1046 1183/963/1033 1163/975/1045
f 1183/963/1033 1173/976/1046 1180/977/1047
f 1101/978/1048 1078/979/1049 1092/980/1050
f 1078/979/1049 1101/978/1048 1087/981/1051
f 1119/982/1052 1087/981/1051 1101/978/1048
f 1087/981/1051 1119/982/1052 1123/983/1053
f 1147/984/1054 1123/983/1053 1119/982/1052
f 1123/983/1053 1147/984/1054 1160/960/1031
f 1160/960/1031 1124/985/1030 1123/983/1053
f 1088/986/1025 1123/983/1053 1124/985/1030
f 1123/983/1053 1088/986/1025 1087/981/1051
f 1058/987/1027 1087/981/1051 1088/986/1025
f 1065/988/1055 1087/981/1051 1058/987/1027
f 1087/981/1051 1065/988/1055 1078/979/1049
f 1192/989/1056 1188/990/1057 1197/991/1058
f 1188/990/1057 1192/989/1056 1185/992/1015
f 1185/992/1015 1192/989/1056 1174/248/1059
f 1178/993/1060 1174/248/1059 1192/989/1056
f 1174/248/1059 1178/993/1060 1161/994/1061
f 1141/995/1062 1161/994/1061 1178/993/1060
f 1161/994/1061 1141/995/1062 1132/996/1063
f 1120/997/1064 1132/996/1063 1141/995/1062
f 1132/996/1063 1120/997/1064 1096/998/1040
f 1103/999/1065 1101/978/1048 1092/980/1050
f 1109/1000/1066 1143/919/994 1097/1001/1067
f 1140/917/992 1097/1001/1067 1143/919/994
f 1097/1001/1067 1140/917/992 1135/918/993
f 1095/1002/1068 1097/1001/1067 1081/1003/1069
f 1097/1001/1067 1095/1002/1068 1109/1000/1066
f 1110/1004/1070 1109/1000/1066 1095/1002/1068
f 1109/1000/1066 1110/1004/1070 1143/919/994
f 1117/1005/996 1143/919/994 1110/1004/1070
f 1151/1006/1071 1126/1007/1072 1166/1008/1073
f 1192/989/1056 1166/1008/1073 1178/993/1060
f 1126/1007/1072 1178/993/1060 1166/1008/1073
f 1178/993/1060 1126/1007/1072 1141/995/1062
f 1113/1009/1074 1141/995/1062 1126/1007/1072
f 1141/995/1062 1113/1009/1074 1120/997/1064
f 1106/1010/1075 1120/997/1064 1113/1009/1074
f 1120/997/1064 1106/1010/1075 1096/998/1040
f 1126/1007/1072 1103/1011/1065 1113/1009/1074
f 1103/1011/1065 1126/1007/1072 1116/1012/1076
f 1116/1012/1076 1126/1007/1072 1127/1013/1077
f 1151/1006/1071 1127/1013/1077 1126/1007/1072
f 1127/1013/1077 1151/1006/1071 1159/1014/1078
f 1166/1008/1073 1159/1014/1078 1151/1006/1071
f 1159/1014/1078 1166/1008/1073 1184/1015/1079
f 1192/989/1056 1184/1015/1079 1166/1008/1073
f 1184/1015/1079 1192/989/1056 1191/1016/1080
f 1197/991/1058 1191/1016/1080 1192/989/1056
f 1160/960/1031 1152/1017/1081 1134/958/1029
f 1150/1018/1021 1134/958/1029 1152/1017/1081
f 1134/958/1029 1150/1018/1021 1112/957/1028
f 1199/1019/1082 1187/1020/998 1198/927/999
f 1187/1020/998 1199/1019/1082 1177/1021/990
f 1177/1021/990 1199/1019/1082 1196/1022/1083
f 1200/1023/1084 1196/1022/1083 1199/1019/1082
f 1196/1022/1083 1200/1023/1084 1190/1024/1085
f 1195/1025/1086 1190/1024/1085 1200/1023/1084
f 1164/1026/1087 1190/1024/1085 1195/1025/1086
f 1190/1024/1085 1164/1026/1087 1167/1027/1088
f 1167/1027/1088 1164/1026/1087 1130/1028/1038
f 1129/1029/1089 1130/1028/1038 1164/1026/1087
f 1130/1028/1038 1129/1029/1089 1096/1030/1040
f 1190/1024/1085 1177/1021/990 1196/1022/1083
f 1177/1021/990 1190/1024/1085 1165/1031/1035
f 1167/1027/1088 1165/1031/1035 1190/1024/1085
f 1165/1031/1035 1167/1027/1088 1154/1032/1037
f 1130/1028/1038 1154/1032/1037 1167/1027/1088
f 1160/960/1031 1147/984/1054 1152/1017/1081
f 1150/1018/1021 1152/1017/1081 1137/1033/1090
f 1147/984/1054 1137/1033/1090 1152/1017/1081
f 1137/1033/1090 1147/984/1054 1127/1034/1077
f 1119/982/1052 1127/1034/1077 1147/984/1054
f 1127/1034/1077 1119/982/1052 1116/1035/1076
f 1101/978/1048 1116/1035/1076 1119/982/1052
f 1116/1035/1076 1101/978/1048 1103/999/1065
f 1135/918/993 1149/916/991 1131/1036/1001
f 1081/1037/1069 1098/1038/1091 1095/1039/1068
f 1108/1040/1092 1095/1039/1068 1098/1038/1091
f 1095/1039/1068 1108/1040/1092 1110/1041/1070
f 1117/1042/996 1110/1041/1070 1142/947/1018
f 1108/1040/1092 1142/947/1018 1110/1041/1070
f 1098/1038/1091 1142/947/1018 1108/1040/1092
f 1142/947/1018 1098/1038/1091 1148/948/1019
f 1112/1043/1028 1148/948/1019 1098/1038/1091
f 1148/948/1019 1112/1043/1028 1150/950/1021
f 1183/963/1033 1149/1044/991 1177/961/990
f 1149/1044/991 1183/963/1033 1180/977/1047
f 1146/1045/1093 1149/1046/991 1180/977/1047
f 1149/1046/991 1146/1045/1093 1131/1047/1001
f 1122/1048/1014 1131/1047/1001 1146/1045/1093
f 1172/1049/1017 1182/1050/1094 1185/992/1015
f 1186/1051/1095 1185/992/1015 1182/1050/1094
f 1185/992/1015 1186/1051/1095 1188/990/1057
f 1197/991/1058 1188/990/1057 1186/1051/1095
f 1159/1014/1078 1184/1015/1079 1168/1052/1096
f 1191/1016/1080 1168/1052/1096 1184/1015/1079
f 1168/1052/1096 1191/1016/1080 1182/1053/1094
f 1182/1053/1094 1191/1016/1080 1186/1054/1095
f 1197/991/1058 1186/1054/1095 1191/1016/1080
f 1159/1014/1078 1137/1055/1090 1127/1013/1077
f 1137/1055/1090 1159/1014/1078 1150/1056/1021
f 1168/1052/1096 1150/1056/1021 1159/1014/1078
f 1150/1056/1021 1168/1052/1096 1155/1057/1020
f 1182/1053/1094 1155/1057/1020 1168/1052/1096
f 1155/1057/1020 1182/1053/1094 1172/1058/1017
f 1203/1059/1097 1198/927/999 1189/923/997
f 1198/927/999 1203/1059/1097 1199/1019/1082
f 1202/1060/1098 1199/1019/1082 1203/1059/1097
f 1199/1019/1082 1202/1060/1098 1200/1023/1084
f 1195/1025/1086 1200/1023/1084 1202/1060/1098
f 1096/1030/1040 1129/1029/1089 1132/1061/1063
f 1164/1026/1087 1132/1061/1063 1129/1029/1089
f 1132/1061/1063 1164/1026/1087 1162/1062/1099
f 1195/1025/1086 1162/1062/1099 1164/1026/1087
f 1162/1062/1099 1195/1025/1086 1193/1063/1100
f 1202/1060/1098 1193/1063/1100 1195/1025/1086
f 1193/1063/1100 1202/1060/1098 1201/1064/1101
f 1203/1059/1097 1201/1064/1101 1202/1060/1098
f 1201/1064/1101 1203/1059/1097 1194/1065/1102
f 1189/923/997 1194/1065/1102 1203/1059/1097
f 1194/1065/1102 1189/923/997 1176/922/987
f 1176/922/987 1181/1066/1016 1194/1065/1102
f 1185/1067/1015 1194/1065/1102 1181/1066/1016
f 1194/1065/1102 1185/1067/1015 1201/1064/1101
f 1201/1064/1101 1185/1067/1015 1193/1063/1100
f 1174/1068/1059 1193/1063/1100 1185/1067/1015
f 1161/1069/1061 1193/1063/1100 1174/1068/1059
f 1193/1063/1100 1161/1069/1061 1162/1062/1099
f 1132/1061/1063 1162/1062/1099 1161/1069/1061
f 1157/932/1003 1094/1070/1103 1104/1071/1024
f 1068/1072/1104 1104/1071/1024 1094/1070/1103
f 1104/1071/1024 1068/1072/1104 1080/1073/1022
f 1053/1074/1105 1080/1073/1022 1068/1072/1104
f 1061/1075/1106 1021/1076/1107 1043/1077/1108
f 1016/1078/1109 1043/1077/1108 1021/1076/1107
f 1022/1079/1110 1043/1077/1108 1016/1078/1109
f 1043/1077/1108 1022/1079/1110 1062/1080/1111
f 1054/1081/1112 1062/1080/1111 1022/1079/1110
f 1062/1080/1111 1054/1081/1112 1074/1082/1026
f 1074/1082/1026 1054/1081/1112 1058/1083/1027
f 1058/1083/1027 1054/1081/1112 1034/1084/1113
f 1034/1084/1113 1054/1081/1112 1027/1085/1114
f 1022/1079/1110 1027/1085/1114 1054/1081/1112
f 1135/1086/993 1100/1087/1023 1097/1088/1067
f 1080/1089/1022 1097/1088/1067 1100/1087/1023
f 1097/1088/1067 1080/1089/1022 1061/1075/1106
f 1053/1090/1105 1061/1075/1106 1080/1089/1022
f 1061/1075/1106 1053/1090/1105 1021/1076/1107
f 1026/1091/1115 1021/1076/1107 1053/1090/1105
f 1004/1092/1116 1021/1076/1107 1026/1091/1115
f 997/1093/1117 1021/1076/1107 1004/1092/1116
f 1021/1076/1107 997/1093/1117 1016/1078/1109
f 992/1094/1118 1016/1078/1109 997/1093/1117
f 998/1095/1119 1016/1078/1109 992/1094/1118
f 1016/1078/1109 998/1095/1119 1022/1079/1110
f 1003/1096/1120 1022/1079/1110 998/1095/1119
f 1022/1079/1110 1003/1096/1120 1027/1085/1114
f 1027/1085/1114 1003/1096/1120 1034/1084/1113
f 1010/1097/1121 1034/1084/1113 1003/1096/1120
f 1009/1098/1122 1004/1092/1116 1032/1099/1123
f 1026/1091/1115 1032/1099/1123 1004/1092/1116
f 1053/1090/1105 1032/1099/1123 1026/1091/1115
f 1032/1099/1123 1053/1090/1105 1056/1100/1124
f 1098/1101/1091 1074/1082/1026 1112/1102/1028
f 1074/1082/1026 1098/1101/1091 1062/1080/1111
f 1081/1103/1069 1062/1080/1111 1098/1101/1091
f 1062/1080/1111 1081/1103/1069 1043/1077/1108
f 1043/1077/1108 1081/1103/1069 1061/1075/1106
f 1097/1088/1067 1061/1075/1106 1081/1103/1069
f 1093/939/1010 1079/1104/1125 1091/937/1008
f 1071/1105/1126 1091/937/1008 1079/1104/1125
f 1091/937/1008 1071/1105/1126 1099/935/1006
f 1077/1106/1127 1099/935/1006 1071/1105/1126
f 1099/935/1006 1077/1106/1127 1121/934/1005
f 1094/1070/1103 1121/934/1005 1077/1106/1127
f 1121/934/1005 1094/1070/1103 1157/932/1003
f 1068/1072/1104 1056/1107/1124 1053/1074/1105
f 1077/1106/1127 1068/1072/1104 1094/1070/1103
f 1068/1072/1104 1077/1106/1127 1056/1107/1124
f 1071/1105/1126 1056/1107/1124 1077/1106/1127
f 1056/1107/1124 1071/1105/1126 1064/1108/1128
f 1079/1104/1125 1064/1108/1128 1071/1105/1126
f 1180/977/1047 1173/976/1046 1146/1045/1093
f 1163/975/1045 1146/1045/1093 1173/976/1046
f 1146/1045/1093 1163/975/1045 1138/1109/1129
f 1158/974/1044 1138/1109/1129 1163/975/1045
f 1138/1109/1129 1158/974/1044 1133/1110/1130
f 1139/973/1043 1133/1110/1130 1158/974/1044
f 1133/1110/1130 1139/973/1043 1118/1111/1131
f 1114/972/1042 1118/1111/1131 1139/973/1043
f 1118/1111/1131 1114/972/1042 1102/1112/1012
f 1111/1113/1013 1118/1111/1131 1102/1112/1012
f 1118/1111/1131 1111/1113/1013 1133/1110/1130
f 1122/1048/1014 1133/1110/1130 1111/1113/1013
f 1133/1110/1130 1122/1048/1014 1138/1109/1129
f 1146/1045/1093 1138/1109/1129 1122/1048/1014
f 1056/1114/1124 1033/1115/1132 1032/1116/1123
f 1013/1117/1133 1032/1116/1123 1033/1115/1132
f 1032/1116/1123 1013/1117/1133 1009/1118/1122
f 1009/1118/1122 1013/1117/1133 1001/1119/1134
f 1005/1120/1135 1001/1119/1134 1013/1117/1133
f 1001/1119/1134 1005/1120/1135 1007/1121/1136
f 1012/1122/1137 1007/1121/1136 1005/1120/1135
f 1007/1121/1136 1012/1122/1137 1028/1123/1138
f 1029/1124/1139 1028/1123/1138 1012/1122/1137
f 1055/1125/1140 1028/1123/1138 1029/1124/1139
f 1028/1123/1138 1055/1125/1140 1059/1126/1141
f 1064/1127/1128 1059/1126/1141 1055/1125/1140
f 1033/1128/1132 1056/1129/1124 1013/1130/1133
f 1012/1131/1137 1013/1130/1133 1056/1129/1124
f 1013/1130/1133 1012/1131/1137 1005/1132/1135
f 1055/1133/1140 1056/1129/1124 1064/1134/1128
f 1056/1129/1124 1055/1133/1140 1012/1131/1137
f 1029/1135/1139 1012/1131/1137 1055/1133/1140
f 1049/1136/1142 1059/1137/1141 1075/1138/1143
f 1079/1139/1125 1075/1138/1143 1059/1137/1141
f 1075/1138/1143 1079/1139/1125 1093/1140/1010
f 1076/1141/1144 1060/1142/1145 1050/1143/1146
f 1060/1142/1145 1076/1141/1144 1078/1144/1049
f 1092/1145/1050 1078/1144/1049 1076/1141/1144
f 1065/1146/1055 1058/1147/1027 1057/1148/1147
f 1014/1149/1148 1057/1148/1147 1058/1147/1027
f 1057/1148/1147 1014/1149/1148 1031/1150/1149
f 1015/1151/1150 1058/1147/1027 1035/1152/1151
f 1058/1147/1027 1015/1151/1150 1014/1149/1148
f 1006/1153/1152 1014/1149/1148 1015/1151/1150
f 1007/1154/1136 1028/1155/1138 999/1156/1153
f 995/1157/1154 999/1156/1153 1028/1155/1138
f 999/1156/1153 995/1157/1154 990/1158/1155
f 986/1159/1156 990/1158/1155 995/1157/1154
f 988/1160/1157 986/1159/1156 993/1161/1158
f 995/1157/1154 993/1161/1158 986/1159/1156
f 993/1161/1158 995/1157/1154 1019/1162/1159
f 1028/1155/1138 1019/1162/1159 995/1157/1154
f 1019/1162/1159 1028/1155/1138 1041/1163/1160
f 1041/1163/1160 1028/1155/1138 1049/1164/1142
f 1059/1165/1141 1049/1164/1142 1028/1155/1138
f 1059/1165/1141 1064/1166/1128 1079/1167/1125
f 994/1168/1161 987/1169/1162 989/1170/1163
f 987/1169/1162 994/1168/1161 996/1171/1164
f 1020/1172/1165 996/1171/1164 994/1168/1161
f 996/1171/1164 1020/1172/1165 1030/1173/1166
f 1042/1174/1167 1030/1173/1166 1020/1172/1165
f 1050/1175/1146 1030/1173/1166 1042/1174/1167
f 1030/1173/1166 1050/1175/1146 1060/1176/1145
f 996/1171/1164 991/1177/1168 987/1169/1162
f 991/1177/1168 996/1171/1164 1000/1178/1169
f 1030/1173/1166 1000/1178/1169 996/1171/1164
f 1000/1178/1169 1030/1173/1166 1008/1179/1170
f 1034/1180/1113 1035/1181/1151 1058/1182/1027
f 1035/1181/1151 1034/1180/1113 1015/1183/1150
f 1010/1184/1121 1015/1183/1150 1034/1180/1113
f 1002/1185/1171 1015/1183/1150 1010/1184/1121
f 1015/1183/1150 1002/1185/1171 1006/1186/1152
f 1008/1187/1170 1006/1186/1152 1002/1185/1171
f 1006/1186/1152 1008/1187/1170 1014/1188/1148
f 1030/1189/1166 1014/1188/1148 1008/1187/1170
f 1014/1188/1148 1030/1189/1166 1031/1190/1149
f 1031/1190/1149 1030/1189/1166 1057/1191/1147
f 1060/1192/1145 1057/1191/1147 1030/1189/1166
f 1057/1191/1147 1060/1192/1145 1065/1193/1055
f 1065/1194/1055 1060/1176/1145 1078/1195/1049
f 1113/1196/1074 1103/1197/1065 1090/1198/1172
f 1092/1145/1050 1090/1198/1172 1103/1197/1065
f 1090/1198/1172 1092/1145/1050 1073/1199/1173
f 1076/1141/1144 1073/1199/1173 1092/1145/1050
f 1050/1143/1146 1073/1199/1173 1076/1141/1144
f 1073/1199/1173 1050/1143/1146 1052/1200/1174
f 1042/1201/1167 1052/1200/1174 1050/1143/1146
f 1039/1202/1175 1052/1200/1174 1042/1201/1167
f 1052/1200/1174 1039/1202/1175 1045/1203/1176
f 1025/1204/1177 1045/1203/1176 1039/1202/1175
f 1045/1203/1176 1025/1204/1177 1036/1205/1178
f 1018/1206/1179 1036/1205/1178 1025/1204/1177
f 1036/1205/1178 1018/1206/1179 1023/1207/1180
f 1011/1208/1181 1023/1207/1180 1018/1206/1179
f 1017/1209/1182 1023/1207/1180 1011/1208/1181
f 1023/1207/1180 1017/1209/1182 1037/1210/1183
f 1024/1211/1184 1037/1210/1183 1017/1209/1182
f 1037/1210/1183 1024/1211/1184 1046/1212/1185
f 1038/1213/1186 1046/1212/1185 1024/1211/1184
f 1046/1212/1185 1038/1213/1186 1051/1214/1187
f 1041/1215/1160 1051/1214/1187 1038/1213/1186
f 1049/1136/1142 1051/1214/1187 1041/1215/1160
f 1051/1214/1187 1049/1136/1142 1072/1216/1188
f 1075/1138/1143 1072/1216/1188 1049/1136/1142
f 1093/1140/1010 1072/1216/1188 1075/1138/1143
f 1072/1216/1188 1093/1140/1010 1089/1217/1189
f 1102/1218/1012 1089/1217/1189 1093/1140/1010
f 1114/1219/1042 1089/1217/1189 1102/1218/1012
f 1089/1217/1189 1114/1219/1042 1085/1220/1190
f 1085/1220/1190 1114/1219/1042 1083/1221/1191
f 1105/1222/1041 1083/1221/1191 1114/1219/1042
f 1083/1221/1191 1105/1222/1041 1082/1223/1192
f 1096/1224/1040 1082/1223/1192 1105/1222/1041
f 1106/1225/1075 1082/1223/1192 1096/1224/1040
f 1082/1223/1192 1106/1225/1075 1084/1226/1193
f 1113/1196/1074 1084/1226/1193 1106/1225/1075
f 1084/1226/1193 1113/1196/1074 1086/1227/1194
f 1090/1198/1172 1086/1227/1194 1113/1196/1074
f 1086/1227/1194 1090/1198/1172 1069/1228/1195
f 1073/1199/1173 1069/1228/1195 1090/1198/1172
f 1069/1228/1195 1073/1199/1173 1045/1203/1176
f 1052/1200/1174 1045/1203/1176 1073/1199/1173
f 1051/1214/1187 1072/1216/1188 1046/1212/1185
f 1046/1212/1185 1072/1216/1188 1070/1229/1196
f 1089/1217/1189 1070/1229/1196 1072/1216/1188
f 1085/1220/1190 1070/1229/1196 1089/1217/1189
f 1070/1229/1196 1085/1220/1190 1066/1230/1197
f 1083/1221/1191 1066/1230/1197 1085/1220/1190
f 1082/1223/1192 1066/1230/1197 1083/1221/1191
f 1066/1230/1197 1082/1223/1192 1063/1231/1198
f 1063/1231/1198 1082/1223/1192 1067/1232/1199
f 1084/1226/1193 1067/1232/1199 1082/1223/1192
f 1086/1227/1194 1067/1232/1199 1084/1226/1193
f 1069/1228/1195 1067/1232/1199 1086/1227/1194
f 1067/1232/1199 1069/1228/1195 1048/1233/1200
f 1045/1203/1176 1048/1233/1200 1069/1228/1195
f 1036/1205/1178 1048/1233/1200 1045/1203/1176
f 1048/1233/1200 1036/1205/1178 1040/1234/1201
f 1023/1207/1180 1040/1234/1201 1036/1205/1178
f 1037/1210/1183 1040/1234/1201 1023/1207/1180
f 1040/1234/1201 1037/1210/1183 1047/1235/1202
f 1046/1212/1185 1047/1235/1202 1037/1210/1183
f 1070/1229/1196 1047/1235/1202 1046/1212/1185
f 1066/1230/1197 1047/1235/1202 1070/1229/1196
f 1063/1231/1198 1047/1235/1202 1066/1230/1197
f 1044/1236/1203 1047/1235/1202 1063/1231/1198
f 1047/1235/1202 1044/1236/1203 1040/1234/1201
f 1040/1234/1201 1044/1236/1203 1048/1233/1200
f 1063/1231/1198 1048/1233/1200 1044/1236/1203
f 1048/1233/1200 1063/1231/1198 1067/1232/1199
usemtl test_cht_rival01_face.xno0.001
f 1284/1237/1204 1286/1238/1205 1295/1239/1206
f 1565/1240/1207 1295/1239/1206 1286/1238/1205
f 1295/1239/1206 1565/1240/1207 1567/1241/1208
f 1567/1241/1208 1565/1240/1207 1557/1242/1209
f 1558/661/1210 1557/1242/1209 1565/1240/1207
f 1557/1242/1209 1558/661/1210 1560/1243/1211
f 1560/1243/1211 1558/661/1210 1561/1244/1212
f 1559/1245/1213 1561/1244/1212 1558/661/1210
f 1561/1244/1212 1559/1245/1213 1515/1246/1214
f 1527/1247/1215 1515/1246/1214 1559/1245/1213
f 1515/1246/1214 1527/1247/1215 1528/1248/1216
f 1314/1081/1217 1528/1248/1216 1527/1247/1215
f 1528/1248/1216 1314/1081/1217 1529/1249/1218
f 1325/1250/1219 1529/1249/1218 1314/1081/1217
f 1529/1249/1218 1325/1250/1219 1530/1251/1220
f 1344/1252/1221 1530/1251/1220 1325/1250/1219
f 1530/1251/1220 1344/1252/1221 1343/1253/1222
f 1539/1254/1223 1343/1253/1222 1344/1252/1221
f 1343/1253/1222 1539/1254/1223 1516/1255/1224
f 1538/1256/1225 1516/1255/1224 1539/1254/1223
f 1516/1255/1224 1538/1256/1225 1537/1257/1226
f 1537/1257/1226 1538/1256/1225 1531/1258/1227
f 1531/1258/1227 1538/1256/1225 1532/1259/1228
f 1539/1254/1223 1532/1259/1228 1538/1256/1225
f 1532/1259/1228 1539/1254/1223 1351/1260/1229
f 1344/1252/1221 1351/1260/1229 1539/1254/1223
f 1351/1260/1229 1344/1252/1221 1349/1261/1230
f 1349/1261/1230 1344/1252/1221 1339/1262/1231
f 1325/1250/1219 1339/1262/1231 1344/1252/1221
f 1339/1262/1231 1325/1250/1219 1326/1263/1232
f 1314/1081/1217 1326/1263/1232 1325/1250/1219
f 1326/1263/1232 1314/1081/1217 1313/1264/1233
f 1305/1265/1234 1313/1264/1233 1314/1081/1217
f 1313/1264/1233 1305/1265/1234 1312/1266/1235
f 1301/1267/1236 1312/1266/1235 1305/1265/1234
f 1312/1266/1235 1301/1267/1236 1302/1268/1237
f 1297/1269/1238 1302/1268/1237 1301/1267/1236
f 1302/1268/1237 1297/1269/1238 1292/1270/1239
f 1292/1270/1239 1297/1269/1238 1291/1271/1240
f 1291/1271/1240 1297/1269/1238 1286/1238/1205
f 1301/1267/1236 1286/1238/1205 1297/1269/1238
f 1286/1238/1205 1301/1267/1236 1565/1240/1207
f 1565/1240/1207 1301/1267/1236 1566/1272/1241
f 1305/1265/1234 1566/1272/1241 1301/1267/1236
f 1566/1272/1241 1305/1265/1234 1568/1273/1242
f 1314/1081/1217 1568/1273/1242 1305/1265/1234
f 1527/1247/1215 1568/1273/1242 1314/1081/1217
f 1559/1245/1213 1568/1273/1242 1527/1247/1215
f 1568/1273/1242 1559/1245/1213 1566/1272/1241
f 1566/1272/1241 1559/1245/1213 1565/1240/1207
f 1558/661/1210 1565/1240/1207 1559/1245/1213
f 1413/880/1243 1422/1274/1244 1419/881/1245
f 1419/881/1245 1422/1274/1244 1420/883/1246
f 1433/1275/1247 1420/883/1246 1422/1274/1244
f 1420/883/1246 1433/1275/1247 1430/1276/1248
f 1430/1276/1248 1433/1275/1247 1442/1277/1249
f 1439/1278/1250 1442/1277/1249 1433/1275/1247
f 1446/1279/1251 1442/1277/1249 1439/1278/1250
f 1435/1280/1252 1442/1277/1249 1446/1279/1251
f 1442/1277/1249 1435/1280/1252 1430/1276/1248
f 1426/1281/1253 1430/1276/1248 1435/1280/1252
f 1430/1276/1248 1426/1281/1253 1420/883/1246
f 1418/1282/1254 1420/883/1246 1426/1281/1253
f 1420/883/1246 1418/1282/1254 1411/885/963
f 1411/885/963 1418/1282/1254 1421/1283/1255
f 1421/1283/1255 1418/1282/1254 1429/1284/1256
f 1426/1281/1253 1429/1284/1256 1418/1282/1254
f 1429/1284/1256 1426/1281/1253 1436/1285/1257
f 1436/1285/1257 1426/1281/1253 1441/1286/1258
f 1435/1280/1252 1441/1286/1258 1426/1281/1253
f 1446/1279/1251 1441/1286/1258 1435/1280/1252
f 1453/1287/1259 1441/1286/1258 1446/1279/1251
f 1457/1288/1260 1441/1286/1258 1453/1287/1259
f 1441/1286/1258 1457/1288/1260 1444/1289/1261
f 1431/1290/1262 1444/1289/1261 1457/1288/1260
f 1429/1284/1256 1444/1289/1261 1431/1290/1262
f 1436/1285/1257 1444/1289/1261 1429/1284/1256
f 1444/1289/1261 1436/1285/1257 1441/1286/1258
f 1554/1291/1263 1556/1292/1264 1434/1293/1265
f 1556/1292/1264 1554/1291/1263 1549/1294/1266
f 1359/1295/1267 1354/1296/1268 1358/1297/1269
f 1354/1296/1268 1359/1295/1267 1350/1298/1270
f 1362/1299/1271 1350/1298/1270 1359/1295/1267
f 1353/1300/1272 1362/1299/1271 1363/1301/1273
f 1362/1299/1271 1353/1300/1272 1350/1298/1270
f 1346/1302/1274 1350/1298/1270 1353/1300/1272
f 1350/1298/1270 1346/1302/1274 1345/1303/1275
f 1345/1303/1275 1346/1302/1274 1340/1304/1276
f 1341/1305/1277 1340/1304/1276 1346/1302/1274
f 1336/1306/1278 1340/1304/1276 1341/1305/1277
f 1340/1304/1276 1336/1306/1278 1342/1307/1279
f 1328/1308/1280 1342/1307/1279 1336/1306/1278
f 1594/1309/1281 1592/1310/1282 1579/1311/1283
f 1593/1312/1284 1579/1311/1283 1592/1310/1282
f 1579/1311/1283 1593/1312/1284 1576/1313/1285
f 1462/1314/1286 1576/1313/1285 1593/1312/1284
f 1576/1313/1285 1462/1314/1286 1573/1315/1287
f 1460/1316/1288 1573/1315/1287 1462/1314/1286
f 1573/1315/1287 1460/1316/1288 1574/1317/1289
f 1461/1318/1290 1574/1317/1289 1460/1316/1288
f 1463/1319/1291 1574/1317/1289 1461/1318/1290
f 1469/1320/1292 1574/1317/1289 1463/1319/1291
f 1577/1321/1293 1574/1317/1289 1469/1320/1292
f 1574/1317/1289 1577/1321/1293 1573/1315/1287
f 1575/1322/1294 1573/1315/1287 1577/1321/1293
f 1573/1315/1287 1575/1322/1294 1576/1313/1285
f 1576/1313/1285 1575/1322/1294 1579/1311/1283
f 1579/1311/1283 1575/1322/1294 1578/1323/1295
f 1577/1321/1293 1578/1323/1295 1575/1322/1294
f 1578/1323/1295 1577/1321/1293 1580/1324/1296
f 1469/1320/1292 1580/1324/1296 1577/1321/1293
f 1583/1325/1297 1580/1324/1296 1469/1320/1292
f 1580/1324/1296 1583/1325/1297 1578/1323/1295
f 1585/1326/1298 1578/1323/1295 1583/1325/1297
f 1578/1323/1295 1585/1326/1298 1579/1311/1283
f 1584/1327/1299 1579/1311/1283 1585/1326/1298
f 1579/1311/1283 1584/1327/1299 1594/1309/1281
f 1594/1309/1281 1584/1327/1299 1466/1328/1300
f 1466/1328/1300 1584/1327/1299 1587/1329/1301
f 1585/1326/1298 1587/1329/1301 1584/1327/1299
f 1583/1325/1297 1587/1329/1301 1585/1326/1298
f 1587/1329/1301 1583/1325/1297 1586/1330/1302
f 1469/1320/1292 1586/1330/1302 1583/1325/1297
f 1465/1331/1303 1586/1330/1302 1469/1320/1292
f 1467/1332/1304 1586/1330/1302 1465/1331/1303
f 1586/1330/1302 1467/1332/1304 1468/1333/1305
f 1473/1334/1306 1468/1333/1305 1467/1332/1304
f 1468/1333/1305 1473/1334/1306 1472/1335/1307
f 1472/1335/1307 1473/1334/1306 1478/1336/1308
f 1479/1337/1309 1478/1336/1308 1473/1334/1306
f 1423/1338/1310 1478/1336/1308 1479/1337/1309
f 1478/1336/1308 1423/1338/1310 1414/1339/1311
f 1427/1340/1312 1414/1339/1311 1423/1338/1310
f 1414/1339/1311 1427/1340/1312 1417/361/1313
f 1417/361/1313 1427/1340/1312 1428/1341/1314
f 1432/1342/1315 1428/1341/1314 1427/1340/1312
f 1428/1341/1314 1432/1342/1315 1443/1343/1316
f 1443/1343/1316 1432/1342/1315 1438/1344/1317
f 1438/1344/1317 1432/1342/1315 1437/1345/1318
f 1427/1340/1312 1437/1345/1318 1432/1342/1315
f 1530/1251/1220 1343/1253/1222 1338/1346/1319
f 1516/1255/1224 1338/1346/1319 1343/1253/1222
f 1338/1346/1319 1516/1255/1224 1511/1347/1320
f 1510/1348/1321 1511/1347/1320 1516/1255/1224
f 1511/1347/1320 1510/1348/1321 1512/1349/1322
f 1509/1350/1323 1512/1349/1322 1510/1348/1321
f 1512/1349/1322 1509/1350/1323 1514/1351/1324
f 1508/1352/1325 1514/1351/1324 1509/1350/1323
f 1514/1351/1324 1508/1352/1325 1513/1353/1326
f 1515/1246/1214 1513/1353/1326 1508/1352/1325
f 1324/1354/1327 1513/1353/1326 1515/1246/1214
f 1513/1353/1326 1324/1354/1327 1514/1351/1324
f 1514/1351/1324 1324/1354/1327 1512/1349/1322
f 1334/1355/1328 1512/1349/1322 1324/1354/1327
f 1512/1349/1322 1334/1355/1328 1511/1347/1320
f 1511/1347/1320 1334/1355/1328 1338/1346/1319
f 1526/1356/1329 1338/1346/1319 1334/1355/1328
f 1338/1346/1319 1526/1356/1329 1530/1251/1220
f 1525/1357/1330 1530/1251/1220 1526/1356/1329
f 1530/1251/1220 1525/1357/1330 1529/1249/1218
f 1524/1358/1331 1529/1249/1218 1525/1357/1330
f 1529/1249/1218 1524/1358/1331 1528/1248/1216
f 1528/1248/1216 1524/1358/1331 1515/1246/1214
f 1515/1246/1214 1524/1358/1331 1324/1354/1327
f 1525/1357/1330 1324/1354/1327 1524/1358/1331
f 1324/1354/1327 1525/1357/1330 1334/1355/1328
f 1526/1356/1329 1334/1355/1328 1525/1357/1330
f 1316/904/1332 1310/902/1333 1307/1359/1334
f 1309/900/1335 1307/1359/1334 1310/902/1333
f 1307/1359/1334 1309/900/1335 1296/1360/1336
f 1299/1361/1337 1296/1360/1336 1309/900/1335
f 1287/1362/1338 1296/1360/1336 1299/1361/1337
f 1296/1360/1336 1287/1362/1338 1290/1363/1339
f 1283/1364/1340 1290/1363/1339 1287/1362/1338
f 1290/1363/1339 1283/1364/1340 1277/1365/1341
f 1274/1366/1342 1277/1365/1341 1283/1364/1340
f 1280/1367/1343 1277/1365/1341 1274/1366/1342
f 1277/1365/1341 1280/1367/1343 1290/1363/1339
f 1291/1271/1240 1290/1363/1339 1280/1367/1343
f 1286/1238/1205 1290/1363/1339 1291/1271/1240
f 1290/1363/1339 1286/1238/1205 1281/1368/1344
f 1284/1237/1204 1281/1368/1344 1286/1238/1205
f 1281/1368/1344 1284/1237/1204 1282/1369/1345
f 1295/1239/1206 1282/1369/1345 1284/1237/1204
f 1282/1369/1345 1295/1239/1206 1289/1370/1346
f 1289/1370/1346 1295/1239/1206 1304/1371/1347
f 1567/1241/1208 1304/1371/1347 1295/1239/1206
f 1304/1371/1347 1567/1241/1208 1317/1372/1348
f 1557/1242/1209 1317/1372/1348 1567/1241/1208
f 1317/1372/1348 1557/1242/1209 1562/1373/1349
f 1560/1243/1211 1562/1373/1349 1557/1242/1209
f 1562/1373/1349 1560/1243/1211 1563/1374/1350
f 1561/1244/1212 1563/1374/1350 1560/1243/1211
f 1564/1375/1351 1563/1374/1350 1561/1244/1212
f 1537/1257/1226 1563/1374/1350 1564/1375/1351
f 1563/1374/1350 1537/1257/1226 1536/1376/1352
f 1531/1258/1227 1536/1376/1352 1537/1257/1226
f 1536/1376/1352 1531/1258/1227 1533/1377/1353
f 1543/1378/1354 1533/1377/1353 1531/1258/1227
f 1533/1377/1353 1543/1378/1354 1544/1379/1355
f 1551/1380/1356 1544/1379/1355 1543/1378/1354
f 1544/1379/1355 1551/1380/1356 1552/1381/1357
f 1546/1382/1358 1552/1381/1357 1551/1380/1356
f 1552/1381/1357 1546/1382/1358 1549/1294/1266
f 1548/1383/1359 1549/1294/1266 1546/1382/1358
f 1549/1294/1266 1548/1383/1359 1556/1292/1264
f 1547/1384/1360 1556/1292/1264 1548/1383/1359
f 1556/1292/1264 1547/1384/1360 1555/1385/1361
f 1553/1386/1362 1555/1385/1361 1547/1384/1360
f 1555/1385/1361 1553/1386/1362 1424/1387/1363
f 1415/1388/1364 1424/1387/1363 1553/1386/1362
f 1424/1387/1363 1415/1388/1364 1416/1389/1365
f 1403/1390/1366 1416/1389/1365 1415/1388/1364
f 1416/1389/1365 1403/1390/1366 1410/1391/1367
f 1401/1392/1368 1410/1391/1367 1403/1390/1366
f 1410/1391/1367 1401/1392/1368 1492/1393/1369
f 1492/1393/1369 1401/1392/1368 1488/1394/1370
f 1387/1395/1371 1488/1394/1370 1401/1392/1368
f 1382/1396/1372 1488/1394/1370 1387/1395/1371
f 1488/1394/1370 1382/1396/1372 1487/1397/1373
f 1364/1398/1374 1487/1397/1373 1382/1396/1372
f 1486/1399/1375 1487/1397/1373 1364/1398/1374
f 1487/1397/1373 1486/1399/1375 1483/1400/1376
f 1481/1401/1377 1483/1400/1376 1486/1399/1375
f 1483/1400/1376 1481/1401/1377 1482/1402/1378
f 1482/1402/1378 1481/1401/1377 1480/1403/1379
f 1486/1399/1375 1480/1403/1379 1481/1401/1377
f 1480/1403/1379 1486/1399/1375 1485/1404/1380
f 1364/1398/1374 1485/1404/1380 1486/1399/1375
f 1347/1405/1381 1485/1404/1380 1364/1398/1374
f 1485/1404/1380 1347/1405/1381 1484/1406/1382
f 1342/1307/1279 1484/1406/1382 1347/1405/1381
f 1328/1308/1280 1484/1406/1382 1342/1307/1279
f 1484/1406/1382 1328/1308/1280 1498/1407/1383
f 1319/1408/1384 1498/1407/1383 1328/1308/1280
f 1498/1407/1383 1319/1408/1384 1497/1409/1385
f 1315/1410/1386 1497/1409/1385 1319/1408/1384
f 1497/1409/1385 1315/1410/1386 1475/1411/1387
f 1306/1412/1388 1475/1411/1387 1315/1410/1386
f 1475/1411/1387 1306/1412/1388 1474/1413/1389
f 1308/1414/1390 1474/1413/1389 1306/1412/1388
f 1318/897/975 1474/1413/1389 1308/1414/1390
f 1320/895/1391 1474/1413/1389 1318/897/975
f 1470/1415/1392 1474/1413/1389 1320/895/1391
f 1474/1413/1389 1470/1415/1392 1475/1411/1387
f 1471/1416/1393 1475/1411/1387 1470/1415/1392
f 1475/1411/1387 1471/1416/1393 1497/1409/1385
f 1476/1417/1394 1497/1409/1385 1471/1416/1393
f 1494/1418/1395 1497/1409/1385 1476/1417/1394
f 1497/1409/1385 1494/1418/1395 1498/1407/1383
f 1495/1419/1396 1498/1407/1383 1494/1418/1395
f 1288/1420/1397 1293/1421/1398 1285/1422/1399
f 1300/1423/1400 1285/1422/1399 1293/1421/1398
f 1285/1422/1399 1300/1423/1400 1298/1424/1401
f 1302/1268/1237 1298/1424/1401 1300/1423/1400
f 1292/1270/1239 1298/1424/1401 1302/1268/1237
f 1272/1425/1402 1298/1424/1401 1292/1270/1239
f 1298/1424/1401 1272/1425/1402 1285/1422/1399
f 1285/1422/1399 1272/1425/1402 1288/1420/1397
f 1276/1426/1403 1288/1420/1397 1272/1425/1402
f 1288/1420/1397 1276/1426/1403 1283/1364/1340
f 1283/1364/1340 1276/1426/1403 1274/1366/1342
f 1272/1425/1402 1274/1366/1342 1276/1426/1403
f 1274/1366/1342 1272/1425/1402 1270/1427/1404
f 1292/1270/1239 1270/1427/1404 1272/1425/1402
f 1270/1427/1404 1292/1270/1239 1278/1428/1405
f 1291/1271/1240 1278/1428/1405 1292/1270/1239
f 1273/1429/1406 1278/1428/1405 1291/1271/1240
f 1278/1428/1405 1273/1429/1406 1270/1427/1404
f 1271/1430/1407 1270/1427/1404 1273/1429/1406
f 1270/1427/1404 1271/1430/1407 1275/1431/1408
f 1273/1429/1406 1275/1431/1408 1271/1430/1407
f 1275/1431/1408 1273/1429/1406 1279/1432/1409
f 1291/1271/1240 1279/1432/1409 1273/1429/1406
f 1280/1367/1343 1279/1432/1409 1291/1271/1240
f 1279/1432/1409 1280/1367/1343 1275/1431/1408
f 1274/1366/1342 1275/1431/1408 1280/1367/1343
f 1275/1431/1408 1274/1366/1342 1270/1427/1404
f 1393/1433/1410 1401/1392/1368 1403/1390/1366
f 1401/1392/1368 1393/1433/1410 1387/1395/1371
f 1348/1434/1411 1342/1307/1279 1347/1405/1381
f 1342/1307/1279 1348/1434/1411 1340/1304/1276
f 1340/1304/1276 1348/1434/1411 1345/1303/1275
f 1345/1303/1275 1348/1434/1411 1352/1435/1412
f 1352/1435/1412 1348/1434/1411 1355/1436/1413
f 1347/1405/1381 1355/1436/1413 1348/1434/1411
f 1355/1436/1413 1347/1405/1381 1356/1437/1414
f 1364/1398/1374 1356/1437/1414 1347/1405/1381
f 1357/1438/1415 1356/1437/1414 1364/1398/1374
f 1356/1437/1414 1357/1438/1415 1355/1436/1413
f 1355/1436/1413 1357/1438/1415 1352/1435/1412
f 1354/1296/1268 1352/1435/1412 1357/1438/1415
f 1352/1435/1412 1354/1296/1268 1345/1303/1275
f 1350/1298/1270 1345/1303/1275 1354/1296/1268
f 1405/1439/1416 1395/1440/1417 1517/1441/1418
f 1519/1442/1419 1517/1441/1418 1395/1440/1417
f 1517/1441/1418 1519/1442/1419 1520/1443/1420
f 1520/1443/1420 1519/1442/1419 1391/1444/1421
f 1395/1440/1417 1391/1444/1421 1519/1442/1419
f 1391/1444/1421 1395/1440/1417 1502/1445/1422
f 1502/1445/1422 1395/1440/1417 1503/1446/1423
f 1405/1439/1416 1503/1446/1423 1395/1440/1417
f 1503/1446/1423 1405/1439/1416 1504/1447/1424
f 1505/1448/1425 1504/1447/1424 1405/1439/1416
f 1500/1449/1426 1504/1447/1424 1505/1448/1425
f 1499/1450/1427 1504/1447/1424 1500/1449/1426
f 1504/1447/1424 1499/1450/1427 1503/1446/1423
f 1501/1451/1428 1503/1446/1423 1499/1450/1427
f 1503/1446/1423 1501/1451/1428 1502/1445/1422
f 1506/1452/1429 1502/1445/1422 1501/1451/1428
f 1502/1445/1422 1506/1452/1429 1391/1444/1421
f 1386/1453/1430 1391/1444/1421 1506/1452/1429
f 1391/1444/1421 1386/1453/1430 1520/1443/1420
f 1520/1443/1420 1386/1453/1430 1385/1454/1431
f 1385/1454/1431 1386/1453/1430 1540/1455/1432
f 1506/1452/1429 1540/1455/1432 1386/1453/1430
f 1540/1455/1432 1506/1452/1429 1541/1456/1433
f 1542/1457/1434 1541/1456/1433 1506/1452/1429
f 1311/1458/1435 1300/1423/1400 1303/1459/1436
f 1293/1421/1398 1303/1459/1436 1300/1423/1400
f 1288/1420/1397 1303/1459/1436 1293/1421/1398
f 1303/1459/1436 1288/1420/1397 1294/1460/1437
f 1283/1364/1340 1294/1460/1437 1288/1420/1397
f 1287/1362/1338 1294/1460/1437 1283/1364/1340
f 1299/1361/1337 1294/1460/1437 1287/1362/1338
f 1294/1460/1437 1299/1361/1337 1303/1459/1436
f 1309/900/1335 1303/1459/1436 1299/1361/1337
f 1303/1459/1436 1309/900/1335 1311/1458/1435
f 1318/897/975 1311/1458/1435 1309/900/1335
f 1308/1414/1390 1311/1458/1435 1318/897/975
f 1311/1458/1435 1308/1414/1390 1300/1423/1400
f 1306/1412/1388 1300/1423/1400 1308/1414/1390
f 1300/1423/1400 1306/1412/1388 1302/1268/1237
f 1315/1410/1386 1302/1268/1237 1306/1412/1388
f 1302/1268/1237 1315/1410/1386 1312/1266/1235
f 1319/1408/1384 1312/1266/1235 1315/1410/1386
f 1312/1266/1235 1319/1408/1384 1313/1264/1233
f 1313/1264/1233 1319/1408/1384 1326/1263/1232
f 1328/1308/1280 1326/1263/1232 1319/1408/1384
f 1336/1306/1278 1326/1263/1232 1328/1308/1280
f 1326/1263/1232 1336/1306/1278 1339/1262/1231
f 1341/1305/1277 1339/1262/1231 1336/1306/1278
f 1339/1262/1231 1341/1305/1277 1349/1261/1230
f 1346/1302/1274 1349/1261/1230 1341/1305/1277
f 1353/1300/1272 1349/1261/1230 1346/1302/1274
f 1349/1261/1230 1353/1300/1272 1351/1260/1229
f 1363/1301/1273 1351/1260/1229 1353/1300/1272
f 1351/1260/1229 1363/1301/1273 1532/1259/1228
f 1532/1259/1228 1363/1301/1273 1378/1461/1438
f 1378/1461/1438 1363/1301/1273 1376/1462/1439
f 1362/1299/1271 1376/1462/1439 1363/1301/1273
f 1376/1462/1439 1362/1299/1271 1379/1463/1440
f 1359/1295/1267 1379/1463/1440 1362/1299/1271
f 1379/1463/1440 1359/1295/1267 1375/1464/1441
f 1358/1297/1269 1375/1464/1441 1359/1295/1267
f 1375/1464/1441 1358/1297/1269 1360/1465/1442
f 1354/1296/1268 1360/1465/1442 1358/1297/1269
f 1357/1438/1415 1360/1465/1442 1354/1296/1268
f 1360/1465/1442 1357/1438/1415 1361/1466/1443
f 1364/1398/1374 1361/1466/1443 1357/1438/1415
f 1372/1467/1444 1361/1466/1443 1364/1398/1374
f 1361/1466/1443 1372/1467/1444 1360/1465/1442
f 1360/1465/1442 1372/1467/1444 1375/1464/1441
f 1377/1468/1445 1375/1464/1441 1372/1467/1444
f 1384/1469/1446 1375/1464/1441 1377/1468/1445
f 1375/1464/1441 1384/1469/1446 1379/1463/1440
f 1383/1470/1447 1379/1463/1440 1384/1469/1446
f 1379/1463/1440 1383/1470/1447 1376/1462/1439
f 1380/229/1448 1376/1462/1439 1383/1470/1447
f 1376/1462/1439 1380/229/1448 1378/1461/1438
f 1385/1454/1431 1378/1461/1438 1380/229/1448
f 1540/1455/1432 1378/1461/1438 1385/1454/1431
f 1378/1461/1438 1540/1455/1432 1532/1259/1228
f 1541/1456/1433 1532/1259/1228 1540/1455/1432
f 1532/1259/1228 1541/1456/1433 1531/1258/1227
f 1542/1457/1434 1531/1258/1227 1541/1456/1433
f 1531/1258/1227 1542/1457/1434 1543/1378/1354
f 1543/1378/1354 1542/1457/1434 1551/1380/1356
f 1550/1471/1449 1551/1380/1356 1542/1457/1434
f 1545/1472/1450 1551/1380/1356 1550/1471/1449
f 1551/1380/1356 1545/1472/1450 1546/1382/1358
f 1546/1382/1358 1545/1472/1450 1548/1383/1359
f 1548/1383/1359 1545/1472/1450 1547/1384/1360
f 1507/1473/1451 1547/1384/1360 1545/1472/1450
f 1523/1474/1452 1547/1384/1360 1507/1473/1451
f 1547/1384/1360 1523/1474/1452 1553/1386/1362
f 1553/1386/1362 1523/1474/1452 1415/1388/1364
f 1415/1388/1364 1523/1474/1452 1522/1475/1453
f 1507/1473/1451 1522/1475/1453 1523/1474/1452
f 1518/1476/1454 1522/1475/1453 1507/1473/1451
f 1521/1477/1455 1522/1475/1453 1518/1476/1454
f 1522/1475/1453 1521/1477/1455 1415/1388/1364
f 1404/1478/1456 1415/1388/1364 1521/1477/1455
f 1415/1388/1364 1404/1478/1456 1403/1390/1366
f 1390/1479/1457 1403/1390/1366 1404/1478/1456
f 1403/1390/1366 1390/1479/1457 1393/1433/1410
f 1388/1480/1458 1393/1433/1410 1390/1479/1457
f 1389/1481/1459 1393/1433/1410 1388/1480/1458
f 1393/1433/1410 1389/1481/1459 1387/1395/1371
f 1381/1482/1460 1387/1395/1371 1389/1481/1459
f 1387/1395/1371 1381/1482/1460 1382/1396/1372
f 1374/1483/1461 1382/1396/1372 1381/1482/1460
f 1373/1484/1462 1382/1396/1372 1374/1483/1461
f 1382/1396/1372 1373/1484/1462 1364/1398/1374
f 1364/1398/1374 1373/1484/1462 1372/1467/1444
f 1374/1483/1461 1372/1467/1444 1373/1484/1462
f 1372/1467/1444 1374/1483/1461 1377/1468/1445
f 1381/1482/1460 1377/1468/1445 1374/1483/1461
f 1377/1468/1445 1381/1482/1460 1384/1469/1446
f 1389/1481/1459 1384/1469/1446 1381/1482/1460
f 1384/1469/1446 1389/1481/1459 1383/1470/1447
f 1388/1480/1458 1383/1470/1447 1389/1481/1459
f 1383/1470/1447 1388/1480/1458 1380/229/1448
f 1390/1479/1457 1380/229/1448 1388/1480/1458
f 1380/229/1448 1390/1479/1457 1385/1454/1431
f 1404/1478/1456 1385/1454/1431 1390/1479/1457
f 1385/1454/1431 1404/1478/1456 1520/1443/1420
f 1521/1477/1455 1520/1443/1420 1404/1478/1456
f 1520/1443/1420 1521/1477/1455 1517/1441/1418
f 1518/1476/1454 1517/1441/1418 1521/1477/1455
f 1517/1441/1418 1518/1476/1454 1405/1439/1416
f 1507/1473/1451 1405/1439/1416 1518/1476/1454
f 1405/1439/1416 1507/1473/1451 1505/1448/1425
f 1500/1449/1426 1505/1448/1425 1507/1473/1451
f 1544/1379/1355 1534/1485/1463 1533/1377/1353
f 1535/1486/1464 1533/1377/1353 1534/1485/1463
f 1533/1377/1353 1535/1486/1464 1536/1376/1352
f 1536/1376/1352 1535/1486/1464 1563/1374/1350
f 1563/1374/1350 1535/1486/1464 1562/1373/1349
f 1562/1373/1349 1535/1486/1464 1317/1372/1348
f 1317/1372/1348 1535/1486/1464 1330/1487/1465
f 1534/1485/1463 1330/1487/1465 1535/1486/1464
f 1330/1487/1465 1534/1485/1463 1365/1488/1466
f 1365/1488/1466 1534/1485/1463 1399/1489/1467
f 1544/1379/1355 1399/1489/1467 1534/1485/1463
f 1399/1489/1467 1544/1379/1355 1412/1490/1468
f 1552/1381/1357 1412/1490/1468 1544/1379/1355
f 1549/1294/1266 1412/1490/1468 1552/1381/1357
f 1554/1291/1263 1412/1490/1468 1549/1294/1266
f 1412/1490/1468 1554/1291/1263 1425/1491/1469
f 1434/1293/1265 1425/1491/1469 1554/1291/1263
f 1425/1491/1469 1434/1293/1265 1440/1492/1470
f 1447/1493/1471 1440/1492/1470 1434/1293/1265
f 1490/1494/1472 1489/1495/1473 1492/1393/1369
f 1493/1496/1474 1492/1393/1369 1489/1495/1473
f 1492/1393/1369 1493/1496/1474 1410/1391/1367
f 1414/1339/1311 1410/1391/1367 1493/1496/1474
f 1417/361/1313 1410/1391/1367 1414/1339/1311
f 1410/1391/1367 1417/361/1313 1416/1389/1365
f 1416/1389/1365 1417/361/1313 1424/1387/1363
f 1428/1341/1314 1424/1387/1363 1417/361/1313
f 1424/1387/1363 1428/1341/1314 1555/1385/1361
f 1555/1385/1361 1428/1341/1314 1556/1292/1264
f 1443/1343/1316 1556/1292/1264 1428/1341/1314
f 1556/1292/1264 1443/1343/1316 1434/1293/1265
f 1445/1497/1475 1434/1293/1265 1443/1343/1316
f 1434/1293/1265 1445/1497/1475 1447/1493/1471
f 1447/1493/1471 1445/1497/1475 1448/1498/1476
f 1443/1343/1316 1448/1498/1476 1445/1497/1475
f 1448/1498/1476 1443/1343/1316 1439/1278/1250
f 1438/1344/1317 1439/1278/1250 1443/1343/1316
f 1439/1278/1250 1438/1344/1317 1449/1499/1477
f 1450/1500/1478 1449/1499/1477 1438/1344/1317
f 1449/1499/1477 1450/1500/1478 1454/1501/1479
f 1454/1501/1479 1450/1500/1478 1456/1502/1480
f 1438/1344/1317 1456/1502/1480 1450/1500/1478
f 1456/1502/1480 1438/1344/1317 1451/1503/1481
f 1437/1345/1318 1451/1503/1481 1438/1344/1317
f 1459/1504/1482 1451/1503/1481 1437/1345/1318
f 1451/1503/1481 1459/1504/1482 1456/1502/1480
f 1458/1505/1483 1456/1502/1480 1459/1504/1482
f 1456/1502/1480 1458/1505/1483 1454/1501/1479
f 1459/1504/1482 1454/1501/1479 1458/1505/1483
f 1455/1506/1484 1454/1501/1479 1459/1504/1482
f 1454/1501/1479 1455/1506/1484 1449/1499/1477
f 1452/1507/1485 1449/1499/1477 1455/1506/1484
f 1449/1499/1477 1452/1507/1485 1439/1278/1250
f 1439/1278/1250 1452/1507/1485 1446/1279/1251
f 1455/1506/1484 1446/1279/1251 1452/1507/1485
f 1446/1279/1251 1455/1506/1484 1453/1287/1259
f 1453/1287/1259 1455/1506/1484 1457/1288/1260
f 1459/1504/1482 1457/1288/1260 1455/1506/1484
f 1437/1345/1318 1457/1288/1260 1459/1504/1482
f 1457/1288/1260 1437/1345/1318 1431/1290/1262
f 1427/1340/1312 1431/1290/1262 1437/1345/1318
f 1431/1290/1262 1427/1340/1312 1429/1284/1256
f 1423/1338/1310 1429/1284/1256 1427/1340/1312
f 1429/1284/1256 1423/1338/1310 1421/1283/1255
f 1479/1337/1309 1421/1283/1255 1423/1338/1310
f 1421/1283/1255 1479/1337/1309 1411/885/963
f 1411/885/963 1479/1337/1309 1409/888/1486
f 1473/1334/1306 1409/888/1486 1479/1337/1309
f 1467/1332/1304 1409/888/1486 1473/1334/1306
f 1409/888/1486 1467/1332/1304 1398/890/1487
f 1465/1331/1303 1398/890/1487 1467/1332/1304
f 1398/890/1487 1465/1331/1303 1369/892/1488
f 1469/1320/1292 1369/892/1488 1465/1331/1303
f 1463/1319/1291 1369/892/1488 1469/1320/1292
f 1369/892/1488 1463/1319/1291 1331/893/1489
f 1461/1318/1290 1331/893/1489 1463/1319/1291
f 1331/893/1489 1461/1318/1290 1320/895/1391
f 1320/895/1391 1461/1318/1290 1470/1415/1392
f 1460/1316/1288 1470/1415/1392 1461/1318/1290
f 1470/1415/1392 1460/1316/1288 1471/1416/1393
f 1471/1416/1393 1460/1316/1288 1476/1417/1394
f 1462/1314/1286 1476/1417/1394 1460/1316/1288
f 1596/1508/1490 1476/1417/1394 1462/1314/1286
f 1476/1417/1394 1596/1508/1490 1494/1418/1395
f 1493/1496/1474 1478/1336/1308 1414/1339/1311
f 1478/1336/1308 1493/1496/1474 1472/1335/1307
f 1468/1333/1305 1472/1335/1307 1477/1509/1491
f 1493/1496/1474 1477/1509/1491 1472/1335/1307
f 1489/1495/1473 1477/1509/1491 1493/1496/1474
f 1595/1510/1492 1477/1509/1491 1489/1495/1473
f 1466/1328/1300 1477/1509/1491 1595/1510/1492
f 1477/1509/1491 1466/1328/1300 1468/1333/1305
f 1587/1329/1301 1468/1333/1305 1466/1328/1300
f 1468/1333/1305 1587/1329/1301 1586/1330/1302
f 1639/1473/1451 1642/1511/1493 1636/1449/1426
f 1641/1512/1494 1636/1449/1426 1642/1511/1493
f 1636/1449/1426 1641/1512/1494 1635/1450/1495
f 1640/1513/1496 1635/1450/1495 1641/1512/1494
f 1635/1450/1495 1640/1513/1496 1637/1451/1497
f 1640/1513/1496 1638/1452/1498 1637/1451/1497
f 1638/1452/1498 1640/1513/1496 1652/1457/1499
f 1641/1512/1494 1652/1457/1499 1640/1513/1496
f 1652/1457/1499 1641/1512/1494 1654/1471/1449
f 1642/1511/1493 1654/1471/1449 1641/1512/1494
f 1654/1471/1449 1642/1511/1493 1653/1472/1450
f 1639/1473/1451 1653/1472/1450 1642/1511/1493
f 1645/1348/1500 1650/1514/1501 1644/1350/1323
f 1649/1515/1502 1644/1350/1323 1650/1514/1501
f 1644/1350/1323 1649/1515/1502 1643/1352/1325
f 1648/1516/1503 1643/1352/1325 1649/1515/1502
f 1643/1352/1325 1648/1516/1503 1646/1246/1504
f 1648/1516/1503 1655/1244/1505 1646/1246/1504
f 1655/1244/1505 1648/1516/1503 1656/1375/1506
f 1649/1515/1502 1656/1375/1506 1648/1516/1503
f 1656/1375/1506 1649/1515/1502 1651/1257/1507
f 1650/1514/1501 1651/1257/1507 1649/1515/1502
f 1651/1257/1507 1650/1514/1501 1647/1255/1508
f 1645/1348/1500 1647/1255/1508 1650/1514/1501
f 1677/1510/1492 1669/1517/1509 1604/1328/1510
f 1604/1328/1510 1669/1517/1509 1663/1309/1281
f 1663/1309/1281 1669/1517/1509 1661/1310/1282
f 1660/1518/1511 1661/1310/1282 1669/1517/1509
f 1670/1519/1512 1661/1310/1282 1660/1518/1511
f 1661/1310/1282 1670/1519/1512 1662/1312/1284
f 1662/1312/1284 1670/1519/1512 1602/1314/1513
f 1602/1314/1513 1670/1519/1512 1678/1508/1490
f 1679/1520/1514 1678/1508/1490 1670/1519/1512
f 1606/1521/1515 1678/1508/1490 1679/1520/1514
f 1678/1508/1490 1606/1521/1515 1630/1418/1395
f 1630/1418/1395 1606/1521/1515 1631/1419/1396
f 1622/1522/1516 1631/1419/1396 1606/1521/1515
f 1621/1523/1517 1631/1419/1396 1622/1522/1516
f 1631/1419/1396 1621/1523/1517 1634/1407/1518
f 1634/1407/1518 1621/1523/1517 1613/1406/1382
f 1613/1406/1382 1621/1523/1517 1614/1404/1519
f 1614/1404/1519 1621/1523/1517 1607/1403/1379
f 1607/1403/1379 1621/1523/1517 1608/1402/1520
f 1622/1522/1516 1608/1402/1520 1621/1523/1517
f 1608/1402/1520 1622/1522/1516 1624/1524/1521
f 1606/1521/1515 1624/1524/1521 1622/1522/1516
f 1624/1524/1521 1606/1521/1515 1633/1525/1522
f 1671/1526/1523 1633/1525/1522 1606/1521/1515
f 1633/1525/1522 1671/1526/1523 1672/1527/1524
f 1672/1527/1524 1671/1526/1523 1681/1528/1525
f 1659/1529/1526 1681/1528/1525 1671/1526/1523
f 1668/1530/1527 1681/1528/1525 1659/1529/1526
f 1681/1528/1525 1668/1530/1527 1666/1531/1528
f 1666/1531/1528 1668/1530/1527 1628/1532/1529
f 1605/1533/1530 1628/1532/1529 1668/1530/1527
f 1628/1532/1529 1605/1533/1530 1618/1534/1531
f 1619/1535/1532 1618/1534/1531 1605/1533/1530
f 1618/1534/1531 1619/1535/1532 1608/1402/1520
f 1620/1536/1533 1608/1402/1520 1619/1535/1532
f 1608/1402/1520 1620/1536/1533 1612/1400/1376
f 1612/1400/1376 1620/1536/1533 1615/1397/1373
f 1615/1397/1373 1620/1536/1533 1616/1394/1370
f 1616/1394/1370 1620/1536/1533 1629/1393/1369
f 1629/1393/1369 1620/1536/1533 1626/1494/1534
f 1619/1535/1532 1626/1494/1534 1620/1536/1533
f 1605/1533/1530 1626/1494/1534 1619/1535/1532
f 1626/1494/1534 1605/1533/1530 1625/1495/1473
f 1625/1495/1473 1605/1533/1530 1677/1510/1492
f 1676/1537/1535 1677/1510/1492 1605/1533/1530
f 1677/1510/1492 1676/1537/1535 1669/1517/1509
f 1664/1538/1536 1669/1517/1509 1676/1537/1535
f 1669/1517/1509 1664/1538/1536 1660/1518/1511
f 1657/1539/1537 1660/1518/1511 1664/1538/1536
f 1675/1540/1538 1660/1518/1511 1657/1539/1537
f 1660/1518/1511 1675/1540/1538 1670/1519/1512
f 1670/1519/1512 1675/1540/1538 1679/1520/1514
f 1674/1541/1539 1679/1520/1514 1675/1540/1538
f 1679/1520/1514 1674/1541/1539 1606/1521/1515
f 1606/1521/1515 1674/1541/1539 1671/1526/1523
f 1658/1539/1540 1671/1526/1523 1674/1541/1539
f 1671/1526/1523 1658/1539/1540 1659/1529/1526
f 1659/1529/1526 1658/1539/1540 1668/1530/1527
f 1665/1542/1541 1668/1530/1527 1658/1539/1540
f 1668/1530/1527 1665/1542/1541 1605/1533/1530
f 1605/1533/1530 1665/1542/1541 1676/1537/1535
f 1676/1537/1535 1665/1542/1541 1664/1538/1536
f 1658/1539/1540 1664/1538/1536 1665/1542/1541
f 1664/1538/1536 1658/1539/1540 1657/1539/1537
f 1657/1539/1537 1658/1539/1540 1675/1540/1538
f 1674/1541/1539 1675/1540/1538 1658/1539/1540
f 1610/1543/1542 1618/1534/1531 1609/1544/1543
f 1608/1402/1520 1609/1544/1543 1618/1534/1531
f 1624/1524/1521 1609/1544/1543 1608/1402/1520
f 1609/1544/1543 1624/1524/1521 1610/1543/1542
usemtl test_cht_rival01_face.xno1.001
f 1321/1545/1544 1322/425/1544 1327/1546/1545
f 1329/1547/1546 1327/1546/1545 1322/425/1544
f 1367/1548/1547 1327/1546/1545 1329/1547/1546
f 1327/1546/1545 1367/1548/1547 1366/1549/1547
f 1366/1549/1547 1367/1548/1547 1402/1550/1548
f 1400/1551/1549 1402/1550/1548 1367/1548/1547
f 1407/1552/1550 1402/1550/1548 1400/1551/1549
f 1402/1550/1548 1407/1552/1550 1408/1553/1550
f 1588/1554/1551 1591/1555/1552 1590/1556/1552
f 1591/1555/1552 1588/1554/1551 1589/1557/1553
f 1581/1558/1554 1589/1557/1553 1588/1554/1551
f 1589/1557/1553 1581/1558/1554 1582/1559/1554
f 1582/1559/1554 1581/1558/1554 1571/1560/1555
f 1572/1561/1556 1571/1560/1555 1581/1558/1554
f 1571/1560/1555 1572/1561/1556 1569/1562/1557
f 1570/1563/1557 1569/1562/1557 1572/1561/1556
f 1396/1564/1558 1394/1565/1559 1370/1566/1560
f 1368/1567/1561 1370/1566/1560 1394/1565/1559
f 1335/1568/1562 1370/1566/1560 1368/1567/1561
f 1333/1569/1563 1370/1566/1560 1335/1568/1562
f 1370/1566/1560 1333/1569/1563 1337/1570/1564
f 1337/1570/1564 1333/1569/1563 1323/1571/1565
f 1335/1568/1562 1323/1571/1565 1333/1569/1563
f 1335/1568/1562 1496/1572/1522 1323/1571/1565
f 1332/1573/1566 1323/1571/1565 1496/1572/1522
f 1323/1571/1565 1332/1573/1566 1337/1570/1564
f 1371/1574/1567 1337/1570/1564 1332/1573/1566
f 1337/1570/1564 1371/1574/1567 1370/1566/1560
f 1392/1575/1568 1370/1566/1560 1371/1574/1567
f 1370/1566/1560 1392/1575/1568 1396/1564/1558
f 1406/1576/1569 1396/1564/1558 1392/1575/1568
f 1396/1564/1558 1406/1576/1569 1394/1565/1559
f 1394/1565/1559 1406/1576/1569 1491/1577/1529
f 1491/1577/1529 1406/1576/1569 1397/1578/1570
f 1392/1575/1568 1397/1578/1570 1406/1576/1569
f 1371/1574/1567 1397/1578/1570 1392/1575/1568
f 1397/1578/1570 1371/1574/1567 1464/1579/1571
f 1332/1573/1566 1464/1579/1571 1371/1574/1567
f 1627/1577/1529 1601/1578/1570 1667/1580/1572
f 1603/1579/1571 1667/1580/1572 1601/1578/1570
f 1667/1580/1572 1603/1579/1571 1680/1581/1525
f 1680/1581/1525 1603/1579/1571 1673/1582/1573
f 1597/1573/1566 1673/1582/1573 1603/1579/1571
f 1673/1582/1573 1597/1573/1566 1632/1572/1522
f 1632/1572/1574 1598/1568/1562 1623/1583/1521
f 1599/1567/1561 1623/1583/1521 1598/1568/1562
f 1623/1583/1521 1599/1567/1561 1611/1584/1542
f 1611/1584/1542 1599/1567/1561 1617/1585/1531
f 1600/1565/1559 1617/1585/1531 1599/1567/1561
f 1617/1585/1531 1600/1565/1559 1627/1577/1529
usemtl test_cht_rival01_face.xno2.001
f 1213/1586/1575 1220/1587/1576 1216/1588/1577
f 1228/1589/1578 1216/1588/1577 1220/1587/1576
f 1216/1588/1577 1228/1589/1578 1230/1590/1579
f 1230/1590/1579 1226/1591/1580 1216/1588/1577
f 1218/1592/1581 1216/1588/1577 1226/1591/1580
f 1218/1592/1581 1215/1593/1582 1216/1588/1577
f 1211/1594/1583 1216/1588/1577 1215/1593/1582
f 1216/1588/1577 1211/1594/1583 1213/1586/1575
f 1251/1595/1584 1260/1596/1585 1257/1597/1586
f 1262/1598/1587 1257/1597/1586 1260/1596/1585
f 1257/1597/1586 1262/1598/1587 1258/1599/1588
f 1258/1599/1588 1249/1600/1589 1257/1597/1586
f 1247/1601/1590 1257/1597/1586 1249/1600/1589
f 1257/1597/1586 1247/1601/1590 1243/1602/1591
f 1245/1603/1592 1257/1597/1586 1243/1602/1591
f 1257/1597/1586 1245/1603/1592 1251/1595/1584
f 1205/1604/1593 1221/1605/1594 1223/1606/1595
f 1231/1607/1596 1223/1606/1595 1221/1605/1594
f 1223/1606/1595 1231/1607/1596 1234/1608/1597
f 1233/1609/1598 1234/1608/1597 1231/1607/1596
f 1234/1608/1597 1233/1609/1598 1236/1610/1599
f 1232/1611/1600 1236/1610/1599 1233/1609/1598
f 1236/1610/1599 1232/1611/1600 1235/1612/1601
f 1222/1613/1602 1235/1612/1601 1232/1611/1600
f 1235/1612/1601 1222/1613/1602 1224/1614/1603
f 1208/1615/1604 1224/1614/1603 1222/1613/1602
f 1224/1614/1603 1208/1615/1604 1206/1616/1605
f 1207/1617/1606 1206/1616/1605 1208/1615/1604
f 1206/1616/1605 1207/1617/1606 1204/1618/1607
f 1209/1619/1608 1204/1618/1607 1207/1617/1606
f 1204/1618/1607 1209/1619/1608 1205/1604/1593
f 1205/1604/1593 1209/1619/1608 1221/1605/1594
f 1217/1592/1581 1221/1605/1594 1209/1619/1608
f 1225/1591/1580 1221/1605/1594 1217/1592/1581
f 1221/1605/1594 1225/1591/1580 1231/1607/1596
f 1229/1590/1579 1231/1607/1596 1225/1591/1580
f 1231/1607/1596 1229/1590/1579 1233/1609/1598
f 1227/1589/1609 1233/1609/1598 1229/1590/1579
f 1233/1609/1598 1227/1589/1609 1232/1611/1600
f 1219/1587/1610 1232/1611/1600 1227/1589/1609
f 1232/1611/1600 1219/1587/1610 1222/1613/1602
f 1212/1586/1611 1222/1613/1602 1219/1587/1610
f 1222/1613/1602 1212/1586/1611 1208/1615/1604
f 1210/1594/1583 1208/1615/1604 1212/1586/1611
f 1208/1615/1604 1210/1594/1583 1207/1617/1606
f 1214/1593/1612 1207/1617/1606 1210/1594/1583
f 1207/1617/1606 1214/1593/1612 1209/1619/1608
f 1217/1592/1581 1209/1619/1608 1214/1593/1612
f 1268/1620/1613 1264/1621/1614 1269/1622/1615
f 1266/1623/1616 1269/1622/1615 1264/1621/1614
f 1269/1622/1615 1266/1623/1616 1267/1624/1617
f 1265/1625/1618 1267/1624/1617 1266/1623/1616
f 1267/1624/1617 1265/1625/1618 1255/1626/1619
f 1253/1627/1602 1255/1626/1619 1265/1625/1618
f 1255/1626/1619 1253/1627/1602 1238/1628/1620
f 1241/1629/1621 1238/1628/1620 1253/1627/1602
f 1238/1628/1620 1241/1629/1621 1237/1630/1607
f 1240/1631/1606 1237/1630/1607 1241/1629/1621
f 1237/1630/1607 1240/1631/1606 1239/1632/1622
f 1242/1633/1623 1239/1632/1622 1240/1631/1606
f 1239/1632/1622 1242/1633/1623 1256/1634/1624
f 1254/1635/1625 1256/1634/1624 1242/1633/1623
f 1256/1634/1624 1254/1635/1625 1268/1620/1613
f 1264/1621/1614 1268/1620/1613 1254/1635/1625
f 1264/1621/1614 1259/1599/1588 1266/1623/1616
f 1263/1598/1626 1266/1623/1616 1259/1599/1588
f 1266/1623/1616 1263/1598/1626 1265/1625/1618
f 1261/1596/1585 1265/1625/1618 1263/1598/1626
f 1265/1625/1618 1261/1596/1585 1253/1627/1602
f 1252/1595/1627 1253/1627/1602 1261/1596/1585
f 1253/1627/1602 1252/1595/1627 1241/1629/1621
f 1246/1603/1592 1241/1629/1621 1252/1595/1627
f 1241/1629/1621 1246/1603/1592 1240/1631/1606
f 1244/1602/1591 1240/1631/1606 1246/1603/1592
f 1240/1631/1606 1244/1602/1591 1242/1633/1623
f 1248/1601/1590 1242/1633/1623 1244/1602/1591
f 1242/1633/1623 1248/1601/1590 1254/1635/1625
f 1250/1600/1589 1254/1635/1625 1248/1601/1590
f 1254/1635/1625 1250/1600/1589 1264/1621/1614
f 1259/1599/1588 1264/1621/1614 1250/1600/1589
