# Blender 3.6.5
# www.blender.org
mtllib skin00_081h.mtl
o ReyeShape_node23
v -0.002567 0.062588 0.003380
v -0.002151 0.062325 0.003557
v -0.002387 0.062782 0.003588
v -0.002151 0.062325 0.003557
v -0.001623 0.062264 0.003742
v -0.002037 0.062435 0.003646
v -0.001623 0.062264 0.003742
v -0.001041 0.062742 0.003831
v -0.001600 0.062435 0.003793
v -0.002387 0.062782 0.003588
v -0.002037 0.062435 0.003646
v -0.002064 0.062915 0.003741
v -0.002037 0.062435 0.003646
v -0.001600 0.062911 0.003894
v -0.002064 0.062915 0.003741
v -0.001600 0.062435 0.003793
v -0.001244 0.062782 0.003829
v -0.001600 0.062911 0.003894
v -0.002826 0.063367 0.003383
v -0.002567 0.062588 0.003380
v -0.002522 0.063344 0.003577
v -0.002387 0.062782 0.003588
v -0.002064 0.062915 0.003741
v -0.002208 0.063511 0.003799
v -0.002064 0.062915 0.003741
v -0.001836 0.063342 0.003920
v -0.002208 0.063511 0.003799
v -0.001600 0.062911 0.003894
v -0.001456 0.063506 0.003940
v -0.001836 0.063342 0.003920
v -0.001600 0.062911 0.003894
v -0.001109 0.063344 0.003855
v -0.001456 0.063506 0.003940
v -0.001041 0.062742 0.003831
v -0.000914 0.063223 0.003815
v -0.001244 0.062782 0.003829
v -0.002680 0.063899 0.003459
v -0.002826 0.063367 0.003383
v -0.002389 0.063905 0.003644
v -0.002208 0.063511 0.003799
v -0.001836 0.063342 0.003920
v -0.001832 0.063877 0.003885
v -0.001836 0.063342 0.003920
v -0.001456 0.063506 0.003940
v -0.001832 0.063877 0.003885
v -0.001456 0.063506 0.003940
v -0.001109 0.063344 0.003855
v -0.001246 0.063905 0.003818
v -0.001832 0.063877 0.003885
v -0.002389 0.063905 0.003644
v -0.002208 0.063511 0.003799
v -0.001832 0.063877 0.003885
v -0.001603 0.064244 0.003703
v -0.002039 0.064244 0.003641
v -0.001832 0.063877 0.003885
v -0.001246 0.063905 0.003818
v -0.001603 0.064244 0.003703
v -0.000914 0.063223 0.003815
v -0.000895 0.063625 0.003750
v -0.001109 0.063344 0.003855
v -0.002041 0.064411 0.003664
v -0.002680 0.063899 0.003459
v -0.002039 0.064244 0.003641
v -0.001324 0.064278 0.003776
v -0.002041 0.064411 0.003664
v -0.001603 0.064244 0.003703
v -0.000895 0.063625 0.003750
v -0.001324 0.064278 0.003776
v -0.001246 0.063905 0.003818
v -0.002522 0.063344 0.003577
v -0.002208 0.063511 0.003799
v -0.002389 0.063905 0.003644
v -0.002064 0.062915 0.003741
v -0.001600 0.062911 0.003894
v -0.001836 0.063342 0.003920
v -0.001109 0.063344 0.003855
v -0.000895 0.063625 0.003750
v -0.001246 0.063905 0.003818
v -0.001244 0.062782 0.003829
v -0.000914 0.063223 0.003815
v -0.001109 0.063344 0.003855
v -0.001600 0.062435 0.003793
v -0.001041 0.062742 0.003831
v -0.001244 0.062782 0.003829
v -0.002037 0.062435 0.003646
v -0.001623 0.062264 0.003742
v -0.001600 0.062435 0.003793
v -0.002387 0.062782 0.003588
v -0.002151 0.062325 0.003557
v -0.002037 0.062435 0.003646
v -0.002522 0.063344 0.003577
v -0.002567 0.062588 0.003380
v -0.002387 0.062782 0.003588
v -0.002389 0.063905 0.003644
v -0.002826 0.063367 0.003383
v -0.002522 0.063344 0.003577
v -0.002039 0.064244 0.003641
v -0.002680 0.063899 0.003459
v -0.002389 0.063905 0.003644
v -0.001603 0.064244 0.003703
v -0.002041 0.064411 0.003664
v -0.002039 0.064244 0.003641
v -0.001246 0.063905 0.003818
v -0.001324 0.064278 0.003776
v -0.001603 0.064244 0.003703
v -0.001832 0.063877 0.003885
v -0.001456 0.063506 0.003940
v -0.001246 0.063905 0.003818
v -0.001832 0.063877 0.003885
v -0.002039 0.064244 0.003641
v -0.002389 0.063905 0.003644
v -0.002387 0.062782 0.003588
v -0.002208 0.063511 0.003799
v -0.002522 0.063344 0.003577
v -0.002037 0.062435 0.003646
v -0.001600 0.062435 0.003793
v -0.001600 0.062911 0.003894
v -0.001600 0.062911 0.003894
v -0.001244 0.062782 0.003829
v -0.001109 0.063344 0.003855
vn -0.5878 -0.2216 0.7781
vn -0.4347 -0.3172 0.8429
vn -0.4846 -0.2090 0.8494
vn -0.1902 -0.2989 0.9351
vn -0.3414 -0.2424 0.9081
vn 0.0239 -0.1153 0.9930
vn -0.0917 -0.2071 0.9740
vn -0.3417 -0.1967 0.9190
vn -0.3413 -0.2424 0.9081
vn -0.0758 -0.1614 0.9840
vn 0.0759 -0.0835 0.9936
vn -0.5395 -0.0432 0.8409
vn -0.5788 -0.0749 0.8120
vn -0.4846 -0.2091 0.8494
vn -0.4288 -0.0301 0.9029
vn -0.2176 -0.0700 0.9735
vn 0.0960 0.0514 0.9941
vn 0.2272 0.0211 0.9736
vn 0.1465 0.0310 0.9887
vn -0.4271 0.1365 0.8938
vn -0.5395 -0.0431 0.8409
vn -0.4899 0.1950 0.8497
vn -0.1530 0.2690 0.9509
vn 0.1412 0.1942 0.9708
vn -0.1361 0.1061 0.9850
vn -0.2743 0.2331 0.9330
vn 0.1411 0.1942 0.9708
vn -0.1362 0.1061 0.9850
vn 0.2979 0.1485 0.9430
vn 0.2272 0.0210 0.9736
vn -0.1836 -0.1969 0.9631
vn -0.4271 0.1365 0.8939
vn -0.0517 -0.0331 0.9981
vn -0.0517 -0.0332 0.9981
vn 0.2979 0.1484 0.9430
vn -0.0917 -0.2072 0.9740
vn -0.1361 0.1062 0.9850
vn 0.1411 0.1941 0.9708
vn -0.3413 -0.2424 0.9082
vt 0.984265 1.740651
vt 0.934288 1.592197
vt 0.770352 1.642042
vt 0.657989 1.534284
vt 0.598355 1.578068
vt 0.333953 1.536214
vt 0.395303 1.578068
vt 0.605085 1.665909
vt 0.386970 1.665909
vt 0.221703 1.642042
vt 0.934262 1.893068
vt 0.837653 1.745553
vt 0.674941 1.775975
vt 0.499966 1.745553
vt 0.318716 1.775975
vt 0.157609 1.745553
vt 0.083458 1.588206
vt 0.654544 1.952748
vt 0.770352 1.849065
vt 0.499966 1.843999
vt 0.223306 1.849065
vt 0.395303 1.913039
vt 0.599958 1.913039
vt 0.009393 1.745692
vt 0.336393 1.950841
vt 0.063816 1.895745
s 1
usemtl PromotedAttr_node387
f 1/1/1 2/2/2 3/3/3
f 4/2/2 5/4/4 6/5/5
f 7/4/4 8/6/6 9/7/7
f 10/3/3 11/5/5 12/8/8
f 13/5/9 14/9/10 15/8/8
f 16/7/7 17/10/11 18/9/10
f 19/11/12 20/1/1 21/12/13
f 22/3/14 23/8/8 24/13/15
f 25/8/8 26/14/16 27/13/15
f 28/9/10 29/15/17 30/14/16
f 31/9/10 32/16/18 33/15/17
f 34/6/6 35/17/19 36/10/11
f 37/18/20 38/11/21 39/19/22
f 40/13/15 41/14/16 42/20/23
f 43/14/16 44/15/17 45/20/23
f 46/15/17 47/16/18 48/21/24
f 49/20/23 50/19/22 51/13/15
f 52/20/23 53/22/25 54/23/26
f 55/20/23 56/21/27 57/22/28
f 58/17/19 59/24/29 60/16/30
f 61/25/31 62/18/32 63/23/26
f 64/26/33 65/25/31 66/22/25
f 67/24/29 68/26/34 69/21/27
f 70/12/13 71/13/15 72/19/22
f 73/8/8 74/9/10 75/14/16
f 76/16/18 77/24/35 78/21/27
f 79/10/11 80/17/19 81/16/18
f 82/7/7 83/6/6 84/10/11
f 85/5/9 86/4/4 87/7/36
f 88/3/3 89/2/2 90/5/9
f 91/12/13 92/1/1 93/3/14
f 94/19/22 95/11/12 96/12/13
f 97/23/26 98/18/20 99/19/22
f 100/22/25 101/25/31 102/23/26
f 103/21/27 104/26/34 105/22/37
f 106/20/23 107/15/17 108/21/38
f 109/20/23 110/23/26 111/19/22
f 112/3/14 113/13/15 114/12/13
f 115/5/39 116/7/36 117/9/10
f 118/9/10 119/10/11 120/16/18
o LeyeShape_node171
v 0.001041 0.062742 0.003831
v 0.001623 0.062264 0.003742
v 0.001600 0.062435 0.003793
v 0.001623 0.062264 0.003742
v 0.002151 0.062325 0.003557
v 0.002037 0.062435 0.003646
v 0.002151 0.062325 0.003557
v 0.002567 0.062588 0.003380
v 0.002387 0.062782 0.003588
v 0.001244 0.062782 0.003829
v 0.001600 0.062435 0.003793
v 0.001600 0.062911 0.003894
v 0.001600 0.062911 0.003894
v 0.002037 0.062435 0.003646
v 0.002064 0.062915 0.003741
v 0.002037 0.062435 0.003646
v 0.002387 0.062782 0.003588
v 0.002064 0.062915 0.003741
v 0.001041 0.062742 0.003831
v 0.001244 0.062782 0.003829
v 0.000914 0.063223 0.003815
v 0.001109 0.063344 0.003855
v 0.001600 0.062911 0.003894
v 0.001456 0.063506 0.003940
v 0.001600 0.062911 0.003894
v 0.001836 0.063342 0.003920
v 0.001456 0.063506 0.003940
v 0.002064 0.062915 0.003741
v 0.002208 0.063511 0.003799
v 0.001836 0.063342 0.003920
v 0.002208 0.063511 0.003799
v 0.002387 0.062782 0.003588
v 0.002522 0.063344 0.003577
v 0.002522 0.063344 0.003577
v 0.002567 0.062588 0.003380
v 0.002826 0.063367 0.003383
v 0.000914 0.063223 0.003815
v 0.001109 0.063344 0.003855
v 0.000895 0.063625 0.003750
v 0.001456 0.063506 0.003940
v 0.001836 0.063342 0.003920
v 0.001832 0.063877 0.003885
v 0.001836 0.063342 0.003920
v 0.002208 0.063511 0.003799
v 0.001832 0.063877 0.003885
v 0.002208 0.063511 0.003799
v 0.002522 0.063344 0.003577
v 0.002389 0.063905 0.003644
v 0.001832 0.063877 0.003885
v 0.001246 0.063905 0.003818
v 0.001456 0.063506 0.003940
v 0.001832 0.063877 0.003885
v 0.002039 0.064244 0.003641
v 0.001603 0.064244 0.003703
v 0.001832 0.063877 0.003885
v 0.002389 0.063905 0.003644
v 0.002039 0.064244 0.003641
v 0.002389 0.063905 0.003644
v 0.002826 0.063367 0.003383
v 0.002680 0.063899 0.003459
v 0.001246 0.063905 0.003818
v 0.001324 0.064278 0.003776
v 0.000895 0.063625 0.003750
v 0.001603 0.064244 0.003703
v 0.002041 0.064411 0.003664
v 0.001324 0.064278 0.003776
v 0.002041 0.064411 0.003664
v 0.002039 0.064244 0.003641
v 0.002680 0.063899 0.003459
v 0.002387 0.062782 0.003588
v 0.002567 0.062588 0.003380
v 0.002522 0.063344 0.003577
v 0.002151 0.062325 0.003557
v 0.002387 0.062782 0.003588
v 0.002037 0.062435 0.003646
v 0.001623 0.062264 0.003742
v 0.002037 0.062435 0.003646
v 0.001600 0.062435 0.003793
v 0.001041 0.062742 0.003831
v 0.001600 0.062435 0.003793
v 0.001244 0.062782 0.003829
v 0.000914 0.063223 0.003815
v 0.001244 0.062782 0.003829
v 0.001109 0.063344 0.003855
v 0.000895 0.063625 0.003750
v 0.001109 0.063344 0.003855
v 0.001246 0.063905 0.003818
v 0.001109 0.063344 0.003855
v 0.001456 0.063506 0.003940
v 0.001246 0.063905 0.003818
v 0.001600 0.062911 0.003894
v 0.002064 0.062915 0.003741
v 0.001836 0.063342 0.003920
v 0.001246 0.063905 0.003818
v 0.001603 0.064244 0.003703
v 0.001324 0.064278 0.003776
v 0.001603 0.064244 0.003703
v 0.002039 0.064244 0.003641
v 0.002041 0.064411 0.003664
v 0.002680 0.063899 0.003459
v 0.002039 0.064244 0.003641
v 0.002389 0.063905 0.003644
v 0.001832 0.063877 0.003885
v 0.002208 0.063511 0.003799
v 0.002389 0.063905 0.003644
v 0.001832 0.063877 0.003885
v 0.001603 0.064244 0.003703
v 0.001246 0.063905 0.003818
v 0.001600 0.062435 0.003793
v 0.002037 0.062435 0.003646
v 0.001600 0.062911 0.003894
v 0.002064 0.062915 0.003741
v 0.002387 0.062782 0.003588
v 0.002208 0.063511 0.003799
v 0.001244 0.062782 0.003829
v 0.001600 0.062911 0.003894
v 0.001109 0.063344 0.003855
v 0.002522 0.063344 0.003577
v 0.002826 0.063367 0.003383
v 0.002389 0.063905 0.003644
vn -0.0239 -0.1153 0.9930
vn 0.1902 -0.2989 0.9351
vn 0.0917 -0.2071 0.9740
vn 0.4347 -0.3172 0.8429
vn 0.3414 -0.2424 0.9081
vn 0.5878 -0.2216 0.7781
vn 0.4846 -0.2090 0.8494
vn -0.0759 -0.0835 0.9936
vn 0.0758 -0.1614 0.9840
vn 0.3413 -0.2424 0.9081
vn 0.3417 -0.1967 0.9190
vn -0.1465 0.0310 0.9887
vn -0.2272 0.0211 0.9736
vn -0.0960 0.0514 0.9941
vn 0.2176 -0.0700 0.9735
vn 0.4288 -0.0301 0.9029
vn 0.4846 -0.2091 0.8494
vn 0.5788 -0.0749 0.8120
vn 0.5395 -0.0432 0.8409
vn -0.2272 0.0210 0.9736
vn -0.2979 0.1485 0.9430
vn 0.1530 0.2690 0.9509
vn 0.4899 0.1950 0.8497
vn -0.1412 0.1942 0.9708
vn 0.2743 0.2331 0.9330
vn 0.1361 0.1061 0.9850
vn 0.2732 0.2338 0.9331
vn 0.5395 -0.0431 0.8409
vn 0.4271 0.1366 0.8938
vn -0.1411 0.1942 0.9708
vn 0.0517 -0.0332 0.9981
vn 0.1836 -0.1969 0.9631
vn 0.0517 -0.0331 0.9981
vn 0.4271 0.1366 0.8939
vn 0.0917 -0.2072 0.9740
vn -0.2979 0.1484 0.9430
vn 0.1361 0.1062 0.9850
vn 0.4271 0.1365 0.8938
vn 0.1362 0.1061 0.9850
vt 0.657805 1.533449
vt 0.333769 1.535379
vt 0.599774 1.577233
vt 0.059186 1.591362
vt 0.393516 1.577233
vt 0.009209 1.744857
vt 0.221519 1.641207
vt 0.771771 1.641207
vt 0.606504 1.665074
vt 0.386786 1.665074
vt 0.910015 1.587371
vt 0.837468 1.744718
vt 0.676361 1.775139
vt 0.499816 1.744718
vt 0.316929 1.775139
vt 0.155822 1.744718
vt 0.059213 1.892233
vt 0.984081 1.739816
vt 0.499816 1.843163
vt 0.221519 1.848230
vt 0.771771 1.848230
vt 0.395120 1.912203
vt 0.599774 1.912203
vt 0.336209 1.950006
vt 0.929657 1.894910
vt 0.654360 1.951913
s 1
usemtl PromotedAttr_node387
f 121/27/40 122/28/41 123/29/42
f 124/28/41 125/30/43 126/31/44
f 127/30/43 128/32/45 129/33/46
f 130/34/47 131/29/42 132/35/48
f 133/35/48 134/31/49 135/36/50
f 136/31/44 137/33/46 138/36/50
f 139/27/40 140/34/47 141/37/51
f 142/38/52 143/35/48 144/39/53
f 145/35/48 146/40/54 147/39/53
f 148/36/50 149/41/55 150/40/54
f 151/41/55 152/33/56 153/42/57
f 154/42/57 155/32/45 156/43/58
f 157/37/51 158/38/59 159/44/60
f 160/39/53 161/40/54 162/45/61
f 163/40/54 164/41/55 165/45/61
f 166/41/55 167/42/57 168/46/62
f 169/45/61 170/47/63 171/39/53
f 172/45/61 173/48/64 174/49/65
f 175/45/61 176/46/62 177/48/66
f 178/46/62 179/43/67 180/50/68
f 181/47/69 182/51/70 183/44/60
f 184/49/65 185/52/71 186/51/72
f 187/52/71 188/48/64 189/50/73
f 190/33/56 191/32/45 192/42/57
f 193/30/43 194/33/56 195/31/49
f 196/28/41 197/31/44 198/29/74
f 199/27/40 200/29/42 201/34/47
f 202/37/51 203/34/47 204/38/52
f 205/44/75 206/38/52 207/47/69
f 208/38/52 209/39/53 210/47/63
f 211/35/48 212/36/50 213/40/54
f 214/47/69 215/49/76 216/51/70
f 217/49/65 218/48/64 219/52/71
f 220/50/77 221/48/64 222/46/62
f 223/45/61 224/41/55 225/46/62
f 226/45/61 227/49/78 228/47/69
f 229/29/74 230/31/49 231/35/48
f 232/36/50 233/33/56 234/41/55
f 235/34/47 236/35/48 237/38/52
f 238/42/57 239/43/58 240/46/62
o hairShape_node366
v -0.001172 0.060928 0.000388
v -0.002336 0.060013 -0.001045
v -0.001657 0.061250 0.000508
v 0.002231 0.059835 -0.001432
v 0.001208 0.060928 0.000375
v 0.001655 0.061250 0.000632
v -0.001412 0.069542 0.002812
v -0.002457 0.068186 0.003944
v -0.001796 0.068535 0.003711
v -0.002457 0.068186 0.003944
v -0.001685 0.067489 0.003930
v -0.002457 0.068186 0.003944
v -0.002228 0.066302 0.004170
v -0.003198 0.065536 0.004331
v -0.002526 0.065535 0.004225
v -0.003330 0.063694 0.004133
v -0.002954 0.063676 0.003921
v -0.003168 0.062233 0.003277
v -0.001412 0.069542 0.002812
v -0.003397 0.069096 0.002251
v -0.003077 0.067716 0.003651
v -0.004127 0.068133 0.003209
v -0.003783 0.066486 0.004083
v -0.004951 0.066766 0.003603
v -0.004317 0.065308 0.004210
v -0.005386 0.065220 0.003834
v -0.005419 0.062271 0.003535
v -0.003327 0.059585 0.002510
v -0.004166 0.061632 0.002719
v -0.003778 0.063484 0.001930
v -0.004628 0.063679 0.002929
v -0.004055 0.065580 0.001275
v -0.004592 0.065532 0.002631
v -0.004465 0.067565 0.002081
v -0.004368 0.065535 0.003829
v -0.003739 0.067626 0.002767
v -0.004368 0.065535 0.003829
v -0.003077 0.067716 0.003651
v -0.003198 0.065536 0.004331
v -0.003077 0.067716 0.003651
v -0.002457 0.068186 0.003944
v -0.001412 0.069542 0.002812
v -0.001412 0.069542 0.002812
v -0.001251 0.069510 0.001264
v -0.003397 0.069096 0.002251
v -0.002654 0.069186 0.001118
v -0.003397 0.069096 0.002251
v -0.003664 0.067832 0.000915
v -0.004465 0.067565 0.002081
v -0.003664 0.067832 0.000915
v -0.004055 0.065580 0.001275
v -0.003544 0.065520 0.000500
v -0.004055 0.065580 0.001275
v -0.003650 0.064600 0.001146
v -0.003778 0.063484 0.001930
v -0.003650 0.064600 0.001146
v -0.002667 0.061786 0.001278
v -0.003544 0.065520 0.000500
v -0.003778 0.063484 0.001930
v -0.002667 0.061786 0.001278
v -0.003200 0.061636 0.002033
v -0.002168 0.060212 0.001708
v -0.003397 0.069096 0.002251
v -0.004465 0.067565 0.002081
v -0.004127 0.068133 0.003209
v -0.004465 0.067565 0.002081
v -0.004951 0.066766 0.003603
v -0.004984 0.066410 0.002382
v -0.004951 0.066766 0.003603
v -0.005327 0.065200 0.002684
v -0.005386 0.065220 0.003834
v -0.005419 0.062271 0.003535
v -0.003610 0.064636 0.000915
v -0.003815 0.065403 0.001072
v -0.003754 0.064647 0.000916
v -0.003815 0.065403 0.001072
v -0.003969 0.065414 0.001073
v -0.003875 0.066485 0.001248
v -0.004032 0.066499 0.001249
v -0.003875 0.066485 0.001248
v -0.003814 0.067427 0.001222
v -0.003655 0.067411 0.001220
v -0.003690 0.067483 0.001236
v -0.003215 0.064951 -0.000053
v -0.003742 0.064960 -0.000050
v -0.003536 0.065710 0.000096
v -0.003960 0.065721 0.000099
v -0.003689 0.066784 0.000451
v -0.004030 0.066798 0.000455
v -0.003689 0.066784 0.000451
v -0.003818 0.067536 0.000791
v -0.003660 0.067520 0.000786
v -0.003696 0.067588 0.000814
v -0.003754 0.064647 0.000916
v -0.003969 0.065414 0.001073
v -0.003797 0.064822 0.000438
v -0.004013 0.065579 0.000638
v -0.003742 0.064960 -0.000050
v -0.004013 0.065579 0.000638
v -0.003960 0.065721 0.000099
v -0.004013 0.065579 0.000638
v -0.004030 0.066798 0.000455
v -0.004013 0.065579 0.000638
v -0.004079 0.066657 0.000856
v -0.003969 0.065414 0.001073
v -0.004079 0.066657 0.000856
v -0.004032 0.066499 0.001249
v -0.003864 0.067507 0.001043
v -0.003814 0.067427 0.001222
v -0.003864 0.067507 0.001043
v -0.003690 0.067483 0.001236
v -0.003864 0.067507 0.001043
v -0.003702 0.067558 0.001061
v -0.003818 0.067536 0.000791
v -0.003696 0.067588 0.000814
v -0.003818 0.067536 0.000791
v -0.004030 0.066798 0.000455
v -0.003864 0.067507 0.001043
v -0.004079 0.066657 0.000856
v -0.003696 0.067588 0.000814
v -0.003702 0.067558 0.001061
v -0.003660 0.067520 0.000786
v -0.003702 0.067558 0.001061
v -0.003655 0.067411 0.001220
v -0.003690 0.067483 0.001236
v -0.002969 0.064088 0.001865
v -0.003970 0.063596 0.001984
v -0.002654 0.062492 0.001297
v -0.003532 0.062222 0.001433
v -0.004009 0.062587 -0.001333
v -0.004677 0.064991 -0.000358
v -0.003097 0.062889 -0.001554
v -0.003615 0.065529 -0.000511
v -0.002969 0.064088 0.001865
v -0.003267 0.064930 0.001322
v -0.003970 0.063596 0.001984
v -0.003267 0.064930 0.001322
v -0.004255 0.064403 0.001505
v -0.003615 0.065529 -0.000511
v -0.004677 0.064991 -0.000358
v -0.002654 0.062492 0.001297
v -0.003532 0.062222 0.001433
v -0.002700 0.062358 0.000432
v -0.003618 0.061974 0.000659
v -0.003097 0.062889 -0.001554
v -0.004009 0.062587 -0.001333
v 0.003532 0.062222 0.001433
v 0.003618 0.061974 0.000659
v 0.003970 0.063596 0.001984
v 0.003618 0.061974 0.000659
v 0.004255 0.064403 0.001505
v 0.003618 0.061974 0.000659
v 0.004677 0.064991 -0.000358
v 0.004009 0.062587 -0.001333
v -0.004009 0.062587 -0.001333
v -0.003618 0.061974 0.000659
v -0.004677 0.064991 -0.000358
v -0.003618 0.061974 0.000659
v -0.004255 0.064403 0.001505
v -0.003618 0.061974 0.000659
v -0.003970 0.063596 0.001984
v -0.003532 0.062222 0.001433
v 0.001284 0.062896 0.004681
v 0.000726 0.065853 0.004697
v 0.000000 0.065845 0.005682
v 0.000726 0.065853 0.004697
v -0.000678 0.067994 0.005133
v 0.000377 0.067131 0.004469
v -0.000678 0.067994 0.005133
v -0.000087 0.068754 0.003716
v -0.000868 0.068946 0.004312
v -0.000087 0.068754 0.003716
v -0.001026 0.069649 0.003091
v -0.000316 0.069579 0.002059
v -0.001026 0.069649 0.003091
v -0.001251 0.069510 0.001264
v -0.001026 0.069649 0.003091
v -0.001412 0.069542 0.002812
v -0.000868 0.068946 0.004312
v -0.001796 0.068535 0.003711
v -0.000868 0.068946 0.004312
v -0.001685 0.067489 0.003930
v -0.000678 0.067994 0.005133
v -0.001353 0.066663 0.004378
v -0.000678 0.067994 0.005133
v -0.000902 0.065838 0.004687
v 0.000000 0.065845 0.005682
v -0.000280 0.064913 0.004809
v 0.001284 0.062896 0.004681
v -0.001251 0.069510 0.001264
v -0.000316 0.069579 0.002059
v -0.000076 0.069818 0.001166
v 0.001570 0.069445 0.001987
v 0.001274 0.069676 0.001037
v 0.001570 0.069445 0.001987
v 0.002293 0.069174 0.000908
v 0.003298 0.068290 0.001843
v 0.003148 0.067841 0.000643
v 0.003298 0.068290 0.001843
v 0.003540 0.066821 0.000511
v 0.003944 0.067308 0.001926
v 0.003540 0.066821 0.000511
v 0.004236 0.066026 0.002081
v 0.003643 0.065520 0.000500
v 0.004298 0.063790 0.002576
v 0.003405 0.063811 0.000685
v 0.003542 0.062072 0.003118
v 0.003082 0.062073 0.001841
v 0.003542 0.062072 0.003118
v 0.002639 0.060893 0.002846
v 0.003118 0.061169 0.003402
v 0.002096 0.059747 0.003851
v 0.000283 0.061163 -0.000919
v 0.000850 0.060901 -0.000725
v 0.001072 0.059398 -0.002025
v 0.001208 0.060928 0.000375
v -0.000316 0.069579 0.002059
v -0.000087 0.068754 0.003716
v 0.000264 0.069586 0.002735
v -0.000087 0.068754 0.003716
v 0.001486 0.068691 0.003945
v 0.000377 0.067131 0.004469
v 0.002425 0.067308 0.004400
v 0.000377 0.067131 0.004469
v 0.002990 0.066021 0.004560
v 0.001385 0.065968 0.004712
v 0.003561 0.063793 0.004251
v 0.002523 0.063794 0.004284
v 0.003504 0.061362 0.003243
v 0.001570 0.069445 0.001987
v 0.002710 0.068435 0.003082
v 0.003298 0.068290 0.001843
v 0.002710 0.068435 0.003082
v 0.003944 0.067308 0.001926
v 0.003645 0.067246 0.003348
v 0.003944 0.067308 0.001926
v 0.004359 0.066029 0.003531
v 0.004236 0.066026 0.002081
v 0.004359 0.066029 0.003531
v 0.004298 0.063790 0.002576
v 0.004149 0.063791 0.003478
v 0.003504 0.061362 0.003243
v 0.004149 0.063791 0.003478
v 0.003561 0.063793 0.004251
v 0.004359 0.066029 0.003531
v 0.002990 0.066021 0.004560
v 0.003645 0.067246 0.003348
v 0.002425 0.067308 0.004400
v 0.002710 0.068435 0.003082
v 0.001486 0.068691 0.003945
v 0.001570 0.069445 0.001987
v 0.000264 0.069586 0.002735
v -0.000316 0.069579 0.002059
v -0.001172 0.060928 0.000388
v -0.000878 0.060961 -0.000637
v -0.001149 0.059301 -0.002047
v -0.000223 0.061183 -0.000890
v -0.003370 0.062065 0.000635
v -0.003172 0.060913 0.001768
v -0.003308 0.062192 0.000759
v -0.003172 0.060913 0.001768
v -0.003111 0.061073 0.001870
v -0.002271 0.060045 0.002733
v -0.002196 0.060312 0.002809
v -0.001992 0.059746 0.002892
v -0.001840 0.060277 0.003040
v -0.001435 0.059549 0.003126
v -0.001291 0.060037 0.003269
v -0.001229 0.059761 0.003229
v -0.003308 0.062192 0.000759
v -0.003111 0.061073 0.001870
v -0.003113 0.062147 0.000675
v -0.003111 0.061073 0.001870
v -0.002881 0.061043 0.001848
v -0.002196 0.060312 0.002809
v -0.002113 0.060242 0.002615
v -0.001840 0.060277 0.003040
v -0.001777 0.060019 0.002793
v -0.001291 0.060037 0.003269
v -0.001241 0.059835 0.002987
v -0.001229 0.059761 0.003229
v -0.001229 0.059761 0.003229
v -0.001435 0.059549 0.003126
v -0.001241 0.059835 0.002987
v -0.001992 0.059746 0.002892
v -0.001777 0.060019 0.002793
v -0.002271 0.060045 0.002733
v -0.002113 0.060242 0.002615
v -0.003172 0.060913 0.001768
v -0.002881 0.061043 0.001848
v -0.003172 0.060913 0.001768
v -0.003113 0.062147 0.000675
v -0.003370 0.062065 0.000635
v 0.003610 0.064636 0.000915
v 0.003754 0.064647 0.000916
v 0.003815 0.065403 0.001072
v 0.003969 0.065414 0.001073
v 0.003875 0.066485 0.001248
v 0.004032 0.066499 0.001249
v 0.003875 0.066485 0.001248
v 0.003814 0.067427 0.001222
v 0.003655 0.067411 0.001220
v 0.003690 0.067483 0.001236
v 0.003215 0.064951 -0.000053
v 0.003536 0.065710 0.000096
v 0.003742 0.064960 -0.000050
v 0.003536 0.065710 0.000096
v 0.003960 0.065721 0.000099
v 0.003689 0.066784 0.000451
v 0.004030 0.066798 0.000455
v 0.003689 0.066784 0.000451
v 0.003818 0.067536 0.000791
v 0.003660 0.067520 0.000786
v 0.003696 0.067588 0.000814
v 0.003754 0.064647 0.000916
v 0.003797 0.064822 0.000438
v 0.003969 0.065414 0.001073
v 0.003797 0.064822 0.000438
v 0.004013 0.065579 0.000638
v 0.003742 0.064960 -0.000050
v 0.004013 0.065579 0.000638
v 0.003960 0.065721 0.000099
v 0.004013 0.065579 0.000638
v 0.004030 0.066798 0.000455
v 0.004013 0.065579 0.000638
v 0.004079 0.066657 0.000856
v 0.003969 0.065414 0.001073
v 0.004079 0.066657 0.000856
v 0.004032 0.066499 0.001249
v 0.003864 0.067507 0.001043
v 0.003814 0.067427 0.001222
v 0.003864 0.067507 0.001043
v 0.003690 0.067483 0.001236
v 0.003864 0.067507 0.001043
v 0.003702 0.067558 0.001061
v 0.003818 0.067536 0.000791
v 0.003696 0.067588 0.000814
v 0.003818 0.067536 0.000791
v 0.003864 0.067507 0.001043
v 0.004030 0.066798 0.000455
v 0.004079 0.066657 0.000856
v 0.003696 0.067588 0.000814
v 0.003660 0.067520 0.000786
v 0.003702 0.067558 0.001061
v 0.003655 0.067411 0.001220
v 0.003690 0.067483 0.001236
v 0.002969 0.064088 0.001865
v 0.002654 0.062492 0.001297
v 0.003970 0.063596 0.001984
v 0.003532 0.062222 0.001433
v 0.004009 0.062587 -0.001333
v 0.003097 0.062889 -0.001554
v 0.004677 0.064991 -0.000358
v 0.003615 0.065529 -0.000511
v 0.002969 0.064088 0.001865
v 0.003970 0.063596 0.001984
v 0.003267 0.064930 0.001322
v 0.004255 0.064403 0.001505
v 0.003615 0.065529 -0.000511
v 0.004677 0.064991 -0.000358
v 0.002654 0.062492 0.001297
v 0.002700 0.062358 0.000432
v 0.003532 0.062222 0.001433
v 0.002700 0.062358 0.000432
v 0.003618 0.061974 0.000659
v 0.003097 0.062889 -0.001554
v 0.004009 0.062587 -0.001333
v -0.003198 0.065536 0.004331
v -0.004368 0.065535 0.003829
v -0.004335 0.063692 0.003938
v -0.004592 0.065532 0.002631
v -0.004335 0.063692 0.003938
v -0.004628 0.063679 0.002929
v -0.004335 0.063692 0.003938
v -0.004166 0.061632 0.002719
v -0.003930 0.061639 0.003224
v -0.003327 0.059585 0.002510
v -0.003930 0.061639 0.003224
v -0.003395 0.061640 0.003322
v -0.004335 0.063692 0.003938
v -0.003330 0.063694 0.004133
v -0.003198 0.065536 0.004331
v 0.002419 0.062145 0.000520
v 0.003311 0.063445 -0.001640
v 0.003405 0.063811 0.000685
v 0.003311 0.063445 -0.001640
v 0.003643 0.065520 0.000500
v 0.003497 0.065119 -0.002793
v 0.003643 0.065520 0.000500
v 0.003713 0.066650 -0.002416
v 0.003643 0.065520 0.000500
v 0.003492 0.067874 -0.000172
v 0.003148 0.067841 0.000643
v 0.003492 0.067874 -0.000172
v 0.002293 0.069174 0.000908
v 0.003492 0.067874 -0.000172
v 0.002437 0.069565 -0.000556
v 0.003492 0.067874 -0.000172
v 0.002381 0.069242 -0.002516
v 0.003713 0.066650 -0.002416
v 0.002404 0.067673 -0.003875
v 0.003713 0.066650 -0.002416
v 0.002358 0.065021 -0.004116
v 0.003497 0.065119 -0.002793
v 0.002310 0.062724 -0.002679
v 0.003311 0.063445 -0.001640
v 0.001655 0.061250 0.000632
v 0.002419 0.062145 0.000520
v 0.001655 0.061250 0.000632
v 0.001208 0.060928 0.000375
v 0.002310 0.062724 -0.002679
v 0.000850 0.060901 -0.000725
v 0.002310 0.062724 -0.002679
v 0.000283 0.061163 -0.000919
v 0.000000 0.062362 -0.003310
v 0.000030 0.061388 -0.001074
v 0.000000 0.062362 -0.003310
v -0.000223 0.061183 -0.000890
v -0.002279 0.062724 -0.002650
v -0.000878 0.060961 -0.000637
v -0.002279 0.062724 -0.002650
v -0.001172 0.060928 0.000388
v -0.002279 0.062724 -0.002650
v -0.001657 0.061250 0.000508
v -0.003272 0.063445 -0.001611
v -0.002412 0.062107 0.000520
v -0.003272 0.063445 -0.001611
v -0.003344 0.063694 0.000511
v -0.003272 0.063445 -0.001611
v -0.003544 0.065520 0.000500
v -0.003272 0.063445 -0.001611
v -0.003457 0.065119 -0.002764
v -0.002279 0.062724 -0.002650
v -0.003457 0.065119 -0.002764
v -0.002326 0.065021 -0.004207
v -0.003457 0.065119 -0.002764
v -0.003673 0.066650 -0.002387
v -0.003544 0.065520 0.000500
v -0.003623 0.067903 -0.000144
v -0.003664 0.067832 0.000915
v -0.003623 0.067903 -0.000144
v -0.002654 0.069186 0.001118
v -0.003623 0.067903 -0.000144
v -0.002252 0.069565 -0.000528
v -0.003623 0.067903 -0.000144
v -0.002345 0.069242 -0.002487
v -0.003673 0.066650 -0.002387
v -0.002373 0.067673 -0.003902
v -0.002326 0.065021 -0.004207
vn 0.2854 0.6817 -0.6737
vn -0.2138 0.7758 -0.5937
vn -0.3560 0.8228 0.4430
vn -0.0261 0.1678 0.9855
vn 0.0554 0.4748 0.8784
vn 0.0621 0.0633 0.9961
vn 0.1747 0.1747 0.9690
vn -0.1741 0.4116 0.8946
vn 0.1187 0.0870 0.9891
vn -0.1741 0.0792 0.9815
vn 0.2613 -0.1188 0.9579
vn 0.1424 -0.2531 0.9569
vn 0.4501 -0.3316 0.8291
vn 0.4279 -0.4200 0.8003
vn -0.5143 0.8546 0.0712
vn -0.4447 0.5399 0.7146
vn -0.1265 0.5773 0.8067
vn -0.2776 0.3251 0.9040
vn -0.2775 0.3251 0.9040
vn -0.3320 0.0712 0.9406
vn -0.3320 0.0711 0.9406
vn -0.3245 -0.0871 0.9419
vn -0.6418 -0.1823 -0.7449
vn -0.9405 -0.2766 -0.1976
vn -0.7536 -0.2221 -0.6187
vn -0.9647 -0.1423 -0.2214
vn -0.8584 -0.1113 -0.5007
vn -0.9997 0.0172 -0.0159
vn -0.9302 0.3547 -0.0946
vn -0.4799 0.1262 0.8682
vn -0.6752 0.4846 0.5561
vn -0.7536 0.2618 0.6029
vn -0.4447 0.5400 0.7146
vn -0.1742 0.0792 0.9815
vn -0.4253 0.2760 0.8619
vn -0.1742 0.4117 0.8945
vn -0.2141 0.9756 -0.0476
vn -0.4918 0.8329 -0.2538
vn -0.7033 0.5623 0.4349
vn -0.7190 0.5645 0.4054
vn -0.8082 0.3248 -0.4913
vn -0.8217 -0.1659 -0.5452
vn -0.8545 -0.2822 0.4361
vn -0.9494 -0.3135 -0.0181
vn -0.7943 -0.2780 -0.5401
vn -0.7570 -0.3233 -0.5678
vn -0.7448 -0.3328 -0.5784
vn -0.7175 -0.3827 -0.5820
vn -0.5144 0.8546 0.0712
vn -0.4320 0.3039 0.8491
vn -0.8561 0.5153 -0.0396
vn -0.9302 0.3548 -0.0946
vn -0.9310 0.3629 -0.0394
vn -0.6671 0.1814 0.7226
vn -0.9898 0.1346 -0.0475
vn -0.9987 0.0159 -0.0476
vn -0.0079 -0.1976 0.9802
vn -0.0013 -0.0207 0.9998
vn -0.0079 -0.1824 0.9832
vn -0.0079 -0.1823 0.9832
vn -0.0033 -0.0842 0.9964
vn -0.0000 -0.0634 0.9980
vn -0.0000 -0.0948 0.9955
vn -0.0079 -0.2144 0.9767
vn -0.0001 0.1900 -0.9818
vn -0.0000 0.1900 -0.9818
vn -0.0000 0.2537 -0.9673
vn -0.0000 0.3632 -0.9317
vn 0.0174 0.9758 0.2179
vn 0.0079 0.3958 -0.9183
vn 0.0079 0.3795 -0.9251
vn -0.9633 -0.2684 -0.0079
vn -0.9855 -0.1669 0.0318
vn -0.9636 -0.2527 -0.0869
vn -0.7781 -0.2106 0.5918
vn -0.9601 -0.2301 -0.1587
vn -0.3011 -0.0762 0.9505
vn -0.9806 -0.1344 -0.1424
vn -0.3585 -0.0109 0.9335
vn -0.9891 0.1187 -0.0870
vn -0.9875 -0.1501 -0.0474
vn -0.9950 0.0947 0.0316
vn -0.7945 0.0804 0.6020
vn -0.9840 0.0635 0.1666
vn -0.7438 0.6409 0.1899
vn -0.7273 0.5771 0.3716
vn -0.0648 0.1238 0.9902
vn -0.3561 0.8310 0.4274
vn -0.2371 0.7103 0.6628
vn -0.3578 0.8985 0.2544
vn -0.7342 0.6789 -0.0000
vn -0.3485 0.9346 0.0713
vn -0.9950 0.0948 0.0316
vn 0.8969 0.4365 0.0714
vn 0.1583 0.0777 0.9843
vn 0.9083 0.4107 0.0790
vn 0.9071 0.4102 0.0946
vn 0.9122 0.3966 0.1031
vn 0.9034 0.4121 0.1189
vn 0.0555 0.1189 0.9913
vn 0.0635 0.1111 0.9918
vn 0.2380 -0.2856 0.9283
vn 0.2300 -0.2934 0.9279
vn -0.3086 0.2770 -0.9100
vn -0.2928 0.2928 -0.9102
vn -0.2849 0.3008 -0.9101
vn 0.0555 0.1190 0.9913
vn -0.0476 0.1653 0.9851
vn 0.0634 0.1111 0.9918
vn -0.2215 0.6488 0.7280
vn -0.3009 0.7760 0.5543
vn -0.3806 0.8564 0.3489
vn -0.3795 0.8540 0.3558
vn 0.3089 -0.9426 0.1268
vn 0.3652 -0.9129 0.1826
vn 0.3563 -0.9342 0.0158
vn 0.3252 -0.9360 -0.1348
vn 0.2622 -0.9139 -0.3099
vn 0.2219 -0.9193 -0.3249
vn 0.9031 -0.3723 0.2139
vn 0.3141 -0.1309 0.9403
vn 0.9339 -0.3245 0.1504
vn 0.1049 -0.0310 0.9940
vn 0.9527 -0.2858 0.1032
vn 0.9426 -0.3090 0.1268
vn 0.9505 -0.2931 0.1030
vn 0.9497 -0.3007 0.0871
vn -0.9497 -0.3007 0.0871
vn -0.4626 -0.1471 0.8743
vn -0.9505 -0.2931 0.1030
vn -0.1843 -0.0567 0.9812
vn -0.9527 -0.2858 0.1032
vn -0.9426 -0.3090 0.1267
vn -0.9339 -0.3245 0.1504
vn -0.9031 -0.3723 0.2139
vn 0.7985 0.1423 0.5850
vn 0.4612 0.0851 0.8832
vn 0.7777 0.2619 0.5714
vn 0.7434 0.2768 0.6089
vn 0.6821 0.4362 0.5869
vn 0.2455 0.3326 0.9106
vn 0.4068 0.3075 0.8602
vn 0.3811 0.3098 0.8711
vn 0.5325 0.6994 0.4768
vn 0.2624 0.7394 0.6201
vn 0.0474 0.9704 0.2367
vn -0.0079 0.9818 0.1900
vn -0.0024 0.2277 0.9737
vn -0.1580 0.9872 0.0237
vn -0.3604 0.6218 0.6953
vn -0.4833 0.8161 0.3169
vn -0.6510 0.4605 0.6034
vn -0.6170 0.3955 0.6803
vn -0.4220 0.1374 0.8961
vn -0.7262 0.1500 0.6709
vn -0.7522 0.0475 0.6572
vn -0.7226 -0.0238 0.6908
vn -0.3036 -0.0306 0.9523
vn -0.7042 -0.1741 0.6883
vn -0.6726 -0.3086 0.6726
vn -0.6188 -0.4284 0.6585
vn -0.5552 -0.4759 0.6821
vn -0.1579 0.9872 0.0237
vn -0.0079 0.9817 0.1900
vn -0.0079 0.9750 0.2220
vn 0.0603 0.5567 0.8285
vn 0.2847 0.9491 0.1345
vn 0.3472 0.9231 0.1656
vn 0.5782 0.8158 0.0079
vn 0.5765 0.5442 0.6095
vn 0.8103 0.5640 -0.1589
vn 0.7848 0.6184 -0.0396
vn 0.8978 0.2781 -0.3416
vn 0.8927 0.4503 -0.0158
vn 0.8813 0.1101 0.4596
vn 0.9680 0.0793 -0.2380
vn 0.9241 -0.0474 -0.3791
vn 0.9732 -0.1741 -0.1504
vn 0.8711 -0.3009 -0.3880
vn 0.6992 -0.3567 0.6196
vn 0.8070 -0.4827 -0.3402
vn 0.8070 -0.4826 -0.3402
vn 0.7556 -0.5726 -0.3182
vn 0.7556 -0.5726 -0.3181
vn 0.7220 -0.6188 -0.3095
vn 0.4924 0.6115 -0.6194
vn 0.7132 0.5151 -0.4755
vn 0.8777 0.3795 -0.2926
vn -0.1302 0.1848 0.9741
vn -0.0554 0.9265 0.3722
vn 0.2623 0.7394 0.6201
vn 0.1980 0.6891 0.6971
vn -0.0297 0.1882 0.9817
vn 0.3711 0.4184 0.8290
vn 0.2454 0.3326 0.9106
vn 0.3477 0.1975 0.9166
vn 0.0712 -0.0000 0.9975
vn 0.4211 -0.1748 0.8900
vn 0.0238 -0.2778 0.9604
vn 0.6822 -0.3490 0.6425
vn 0.3471 0.9231 0.1657
vn 0.3376 0.4926 0.8021
vn 0.7849 0.6184 -0.0397
vn 0.6208 0.6846 0.3821
vn 0.6901 0.5235 0.4997
vn 0.6154 0.2475 0.7483
vn 0.5952 0.2480 0.7644
vn 0.9680 0.0794 -0.2380
vn 0.9152 0.1578 0.3708
vn 0.9732 -0.1741 -0.1503
vn 0.8138 -0.1516 0.5610
vn 0.9033 -0.1823 0.3883
vn 0.6209 0.6845 0.3821
vn 0.1980 0.6891 0.6970
vn -0.9018 0.3560 -0.2452
vn -0.7197 0.5141 -0.4666
vn -0.7197 0.5141 -0.4667
vn -0.4521 0.6187 -0.6425
vn -0.9362 0.1508 0.3174
vn -0.0669 0.0109 0.9977
vn -0.9362 0.1507 0.3174
vn -0.9019 0.0633 0.4272
vn -0.8284 0.0079 0.5601
vn -0.6900 -0.0555 0.7217
vn -0.6094 -0.0475 0.7914
vn -0.5075 -0.0952 0.8564
vn -0.4664 -0.1107 0.8776
vn -0.3713 -0.1501 0.9163
vn -0.3476 -0.1580 0.9243
vn -0.2697 -0.1903 0.9439
vn 0.4195 0.6728 0.6094
vn 0.0341 0.0552 0.9979
vn 0.2923 0.7108 0.6398
vn 0.2454 0.7601 0.6017
vn 0.3641 0.8233 0.4354
vn 0.4025 0.9077 0.1184
vn 0.5598 0.7964 -0.2287
vn 0.4845 0.7625 -0.4289
vn 0.5378 0.6801 -0.4982
vn 0.7078 0.6044 -0.3658
vn 0.7129 -0.1663 -0.6813
vn 0.9686 -0.2223 -0.1112
vn 0.5064 -0.6330 -0.5855
vn 0.7129 -0.1663 -0.6812
vn 0.1345 -0.4589 -0.8783
vn 0.1029 -0.4669 -0.8783
vn 0.1188 -0.5305 -0.8393
vn 0.2297 -0.5307 -0.8158
vn -0.4571 0.5311 -0.7135
vn 0.4289 -0.5084 -0.7467
vn 0.3484 -0.5700 -0.7441
vn 0.3802 -0.6257 -0.6811
vn 0.3083 -0.6403 -0.7035
vn 0.0079 -0.1976 0.9802
vn 0.0080 -0.1824 0.9832
vn 0.0079 -0.1823 0.9832
vn -0.0059 0.0137 0.9999
vn 0.0079 -0.2144 0.9767
vn 0.0001 0.1900 -0.9818
vn -0.0012 -0.1342 -0.9909
vn -0.0057 0.9878 -0.1559
vn -0.0001 0.3632 -0.9317
vn -0.0079 0.3958 -0.9183
vn -0.0079 0.3795 -0.9251
vn 0.9633 -0.2684 -0.0079
vn 0.5663 -0.1573 0.8091
vn 0.9855 -0.1669 0.0318
vn 0.9636 -0.2527 -0.0869
vn 0.9875 -0.1501 -0.0474
vn 0.9601 -0.2301 -0.1587
vn 0.3011 -0.0762 0.9505
vn 0.9806 -0.1344 -0.1424
vn 0.3585 -0.0109 0.9335
vn 0.9891 0.1187 -0.0870
vn 0.7821 -0.0541 0.6208
vn 0.8310 -0.0350 0.5551
vn 0.9950 0.0948 0.0316
vn 0.9840 0.0635 0.1666
vn 0.5455 0.1279 0.8283
vn 0.7273 0.5771 0.3716
vn 0.0648 0.1238 0.9902
vn 0.3561 0.8310 0.4274
vn 0.7438 0.6409 0.1899
vn 0.3578 0.8985 0.2544
vn 0.7342 0.6789 -0.0000
vn 0.3485 0.9346 0.0713
vn -0.8969 0.4365 0.0714
vn -0.9083 0.4107 0.0790
vn -0.9071 0.4101 0.0946
vn -0.9122 0.3966 0.1031
vn -0.9034 0.4121 0.1189
vn -0.0555 0.1189 0.9913
vn -0.2380 -0.2856 0.9283
vn -0.0635 0.1111 0.9918
vn -0.2300 -0.2934 0.9279
vn 0.3086 0.2770 -0.9100
vn 0.2928 0.2928 -0.9102
vn 0.2849 0.3008 -0.9101
vn -0.0555 0.1190 0.9913
vn 0.2216 0.6489 0.7279
vn 0.3009 0.7760 0.5543
vn 0.3806 0.8564 0.3489
vn 0.3795 0.8540 0.3558
vn -0.3089 -0.9426 0.1268
vn -0.1318 -0.4020 0.9061
vn -0.3652 -0.9129 0.1826
vn -0.3563 -0.9342 0.0158
vn -0.3252 -0.9360 -0.1348
vn -0.2622 -0.9139 -0.3099
vn -0.2219 -0.9193 -0.3249
vn -0.7021 -0.1184 0.7022
vn -0.9997 0.0159 -0.0159
vn -0.2606 0.0172 0.9653
vn -0.5160 -0.1408 0.8450
vn -0.5872 -0.3809 0.7142
vn -0.5554 -0.4126 0.7220
vn -0.1120 -0.2417 0.9639
vn -0.1664 -0.3566 0.9193
vn -0.7021 -0.1184 0.7021
vn -0.1741 0.0791 0.9815
vn 0.8093 -0.5871 -0.0159
vn 0.3759 -0.2245 0.8990
vn 0.9430 -0.3328 0.0079
vn 0.8872 -0.4436 -0.1268
vn 0.9972 -0.0237 0.0712
vn 0.9031 -0.2139 -0.3723
vn 0.1549 -0.0208 0.9877
vn 0.9293 0.1588 -0.3336
vn 0.5783 0.0627 0.8134
vn 0.7567 0.0985 0.6463
vn 0.8717 0.3091 0.3804
vn 0.1902 0.1050 0.9761
vn 0.8156 0.4989 0.2930
vn 0.1797 0.1237 0.9759
vn 0.8404 0.5391 0.0555
vn 0.9166 0.3793 0.1265
vn 0.8588 0.4533 -0.2386
vn 0.7749 0.3885 0.4986
vn 0.8014 0.2222 -0.5554
vn 0.9292 0.1588 -0.3336
vn 0.7608 -0.0951 -0.6419
vn 0.9031 -0.2139 -0.3724
vn 0.5701 -0.6967 -0.4354
vn 0.8872 -0.4436 -0.1267
vn 0.6990 -0.6990 -0.1509
vn 0.6483 -0.7353 -0.1977
vn 0.3172 -0.8011 -0.5076
vn 0.1697 -0.7043 0.6894
vn -0.1105 -0.8365 -0.5366
vn -0.0237 -0.9004 -0.4343
vn -0.0474 -0.9173 -0.3954
vn -0.1932 -0.7703 0.6077
vn 0.0475 -0.8558 -0.5151
vn -0.5654 -0.7087 -0.4220
vn -0.3406 -0.8158 -0.4673
vn 0.0508 0.0591 -0.9970
vn -0.6101 -0.7606 -0.2219
vn -0.5153 -0.5288 0.6744
vn -0.6751 -0.7148 -0.1827
vn -0.8894 -0.4368 -0.1350
vn -0.8088 -0.5868 -0.0397
vn -0.2009 -0.1179 0.9725
vn -0.9510 -0.3091 -0.0000
vn -0.2055 -0.0226 0.9784
vn -0.9968 -0.0791 -0.0079
vn -0.9181 -0.2865 0.2741
vn -0.7707 -0.1899 0.6082
vn -0.3553 -0.1875 0.9158
vn -0.7858 -0.0952 -0.6111
vn -0.9123 -0.2142 -0.3490
vn -0.9335 0.1345 -0.3323
vn -0.9198 0.3885 -0.0555
vn -0.9562 0.2924 -0.0158
vn -0.2388 0.1777 0.9547
vn -0.7922 0.6100 -0.0159
vn -0.2033 0.1649 0.9651
vn -0.7773 0.6266 -0.0555
vn -0.6926 0.4262 0.5819
vn -0.8362 0.4937 -0.2389
vn -0.8097 0.2302 -0.5398
vn -0.7858 -0.0953 -0.6112
vt 0.754126 1.666252
vt 0.716213 1.753072
vt 0.696982 1.671599
vt 0.398237 1.941621
vt 0.352122 1.880856
vt 0.398237 1.878314
vt 0.398237 1.849654
vt 0.368964 1.796448
vt 0.286683 1.762132
vt 0.344285 1.762092
vt 0.263199 1.679600
vt 0.292766 1.678808
vt 0.266579 1.632411
vt 1.436022 1.951019
vt 1.502596 1.952960
vt 1.424806 1.869500
vt 1.483782 1.893002
vt 1.444916 1.818262
vt 1.493614 1.858247
vt 1.496120 1.776261
vt 1.529045 1.785552
vt 1.607778 1.685913
vt 0.186462 1.550099
vt 0.169950 1.614518
vt 0.114097 1.679172
vt 0.153438 1.678936
vt 0.096223 1.764100
vt 0.139263 1.761963
vt 0.135160 1.861760
vt 0.205565 1.762094
vt 0.211273 1.859072
vt 0.278720 1.869442
vt 0.276611 1.762132
vt 0.342049 1.880856
vt 0.398237 1.950149
vt 0.398237 1.991082
vt 0.193094 1.921640
vt 0.172631 1.966480
vt 0.048926 1.875928
vt 0.122994 1.863256
vt 0.089237 1.764100
vt 0.012152 1.761409
vt 0.047401 1.720183
vt 0.090144 1.670190
vt 0.050287 1.625290
vt 0.080756 1.616586
vt 0.069973 1.555022
vt 1.531953 1.919392
vt 1.560416 1.856900
vt 1.581220 1.801565
vt 2.587059 1.172725
vt 2.587059 1.231709
vt 2.587059 1.245698
vt 2.587059 1.255405
vt 2.587229 1.256245
vt 2.620140 1.172725
vt 2.620140 1.231709
vt 2.620140 1.245698
vt 2.620140 1.255405
vt 2.619798 1.256246
vt 2.603599 1.172725
vt 2.603599 1.231709
vt 2.603599 1.245698
vt 2.603599 1.255405
vt 2.603599 1.256246
vt 2.620072 1.256246
vt 0.374756 1.243793
vt 0.392983 1.243793
vt 0.374756 1.160797
vt 0.392983 1.159034
vt 0.595841 1.149199
vt 0.595841 1.256894
vt 0.622074 1.168207
vt 0.622074 1.237886
vt 0.390741 1.257076
vt 0.443557 1.271736
vt 0.443557 1.257395
vt 0.595841 1.271736
vt 0.391699 1.139265
vt 0.430333 1.137958
vt 0.443557 1.148821
vt 0.595841 1.139721
vt 0.655660 1.636088
vt 0.606023 1.768941
vt 0.549549 1.768581
vt 0.503029 1.865150
vt 0.580462 1.826359
vt 0.551867 1.899308
vt 0.488236 1.907894
vt 0.475988 1.959511
vt 0.540182 1.956370
vt 0.442726 1.990197
vt 0.430248 1.954705
vt 0.425848 1.892762
vt 0.438372 1.842469
vt 0.461986 1.805361
vt 0.485599 1.768252
vt 0.539061 1.726704
vt 0.549872 1.990801
vt 0.696886 1.941094
vt 0.656883 1.976908
vt 0.763894 1.963015
vt 0.824696 1.895179
vt 0.890054 1.920484
vt 0.963239 1.846405
vt 0.862897 1.838387
vt 0.877968 1.776719
vt 0.978288 1.753978
vt 0.893123 1.676236
vt 0.972623 1.677187
vt 0.911166 1.629184
vt 0.959097 1.636416
vt 0.947337 1.600971
vt 0.920648 1.604457
vt 0.935577 1.565527
vt 0.787900 1.671886
vt 0.769509 1.668818
vt 0.760433 1.704894
vt 0.754126 1.666252
vt 0.546426 1.950959
vt 0.557285 1.899308
vt 0.581747 1.936677
vt 0.643621 1.895107
vt 0.587702 1.826359
vt 0.688964 1.834332
vt 0.714241 1.776477
vt 0.626616 1.774115
vt 0.748193 1.676399
vt 0.697617 1.676439
vt 0.751102 1.581918
vt 0.691719 1.933305
vt 0.747041 1.896770
vt 0.811349 1.893021
vt 0.851356 1.838387
vt 0.782167 1.835997
vt 0.801307 1.776849
vt 0.855534 1.776719
vt 0.839428 1.676236
vt 0.809350 1.676314
vt 0.813896 1.598347
vt 0.766788 1.676399
vt 0.729244 1.776477
vt 0.701167 1.834332
vt 0.655080 1.896459
vt 0.691258 1.933597
vt 0.612469 1.930026
vt 0.590819 1.943905
vt 0.771013 1.669069
vt 0.293831 1.253944
vt 0.293917 1.239176
vt 0.311002 1.254028
vt 0.310943 1.239200
vt 0.294116 1.199807
vt 0.311036 1.199844
vt 0.294329 1.174081
vt 0.324720 1.174117
vt 0.294094 1.138837
vt 0.324021 1.138753
vt 0.312252 1.135878
vt 0.329641 1.254054
vt 0.329762 1.239241
vt 0.329894 1.199927
vt 0.339127 1.174140
vt 0.335003 1.138592
vt 0.345488 1.135887
vt 0.352926 1.138830
vt 0.353166 1.174081
vt 0.352831 1.199897
vt 0.352439 1.239299
vt 0.352314 1.254067
vt 0.201858 1.679520
vt 0.194160 1.614810
vt 0.216412 1.614850
vt 0.246362 1.679600
vt 0.626651 1.354228
vt 0.510704 1.432272
vt 0.662339 1.398154
vt 0.675355 1.452632
vt 0.488179 1.471355
vt 0.514371 1.502108
vt 0.619912 1.532973
vt 0.663673 1.539231
vt 0.618539 1.605577
vt 0.563288 1.595375
vt 0.484037 1.572206
vt 0.393161 1.533356
vt 0.361005 1.477423
vt 0.373302 1.404946
vt 0.519225 1.306040
vt 0.382895 1.293283
vt 0.346194 1.299406
vt 0.302319 1.306726
vt 0.180711 1.380870
vt 0.249989 1.337507
vt 0.342607 1.300004
vt 0.664216 1.539572
vt 0.646240 1.573112
s 1
usemtl CRM_MI_081_hai_00_node386
f 241/53/79 242/54/79 243/55/79
f 244/54/80 245/53/80 246/55/80
f 247/56/81 248/57/82 249/58/83
f 250/57/84 249/58/83 248/57/82
f 249/58/83 250/57/84 251/59/85
f 252/57/86 251/59/85 250/57/84
f 251/59/85 252/57/86 253/60/87
f 254/61/88 253/60/87 252/57/86
f 253/60/87 254/61/88 255/62/89
f 256/63/90 255/62/89 254/61/88
f 255/62/89 256/63/90 257/64/91
f 258/65/92 257/64/91 256/63/90
f 259/66/81 260/67/93 261/68/94
f 262/69/95 261/68/94 260/67/93
f 261/68/94 262/69/95 263/70/96
f 264/71/97 263/70/96 262/69/95
f 263/70/96 264/71/97 265/72/98
f 266/73/99 265/72/98 264/71/97
f 265/72/98 266/73/99 267/74/100
f 268/75/101 269/76/102 270/77/103
f 271/78/104 270/77/103 269/76/102
f 270/77/103 271/78/104 272/79/105
f 273/80/106 272/79/105 271/78/104
f 272/79/105 273/80/106 274/81/107
f 275/82/108 274/81/107 273/80/106
f 274/81/107 275/82/108 276/83/109
f 277/82/110 276/83/109 275/82/108
f 276/83/109 277/82/110 278/84/111
f 279/85/112 278/84/111 277/82/110
f 278/84/111 279/85/112 280/84/113
f 281/86/114 280/84/113 279/85/112
f 280/84/113 281/86/114 282/87/81
f 283/87/81 284/88/115 285/89/93
f 286/90/116 285/89/93 284/88/115
f 285/89/93 286/90/116 287/89/117
f 288/91/118 287/89/117 286/90/116
f 287/89/117 288/91/118 289/92/107
f 290/91/119 289/92/107 288/91/118
f 289/92/107 290/91/119 291/93/105
f 292/94/120 291/93/105 290/91/119
f 291/93/105 292/94/120 293/93/121
f 294/95/122 293/93/121 292/94/120
f 293/93/121 294/95/122 295/96/103
f 296/95/123 295/96/103 294/95/122
f 295/96/103 296/95/123 297/97/124
f 298/94/120 297/97/124 296/95/123
f 299/96/103 300/97/124 301/98/125
f 302/99/126 301/98/125 300/97/124
f 303/67/127 304/100/128 305/69/129
f 306/100/130 305/69/129 304/100/128
f 305/69/129 306/100/130 307/71/131
f 308/101/131 307/71/131 306/100/130
f 307/71/131 308/101/131 309/71/132
f 310/102/133 309/71/132 308/101/131
f 309/71/132 310/102/133 311/73/133
f 312/74/134 311/73/133 310/102/133
f 313/103/135 314/104/136 315/103/135
f 316/104/137 315/103/135 314/104/136
f 315/103/135 316/104/137 317/104/138
f 318/105/139 317/104/138 316/104/137
f 317/104/138 318/105/139 319/105/140
f 320/105/140 319/105/140 318/105/139
f 319/105/140 320/105/140 321/106/141
f 322/106/141 321/106/141 320/105/140
f 321/106/141 322/106/141 323/107/142
f 324/108/143 325/108/144 326/109/145
f 327/109/145 326/109/145 325/108/144
f 326/109/145 327/109/145 328/110/146
f 329/110/146 328/110/146 327/109/145
f 328/110/146 329/110/146 330/110/147
f 331/111/148 330/110/147 329/110/146
f 330/110/147 331/111/148 332/111/148
f 333/112/149 332/111/148 331/111/148
f 334/103/150 335/104/151 336/113/152
f 337/114/153 336/113/152 335/104/151
f 336/113/152 337/114/153 338/108/154
f 339/114/155 338/108/154 337/114/153
f 338/108/154 339/114/155 340/109/156
f 341/114/157 340/109/156 339/114/155
f 340/109/156 341/114/157 342/110/158
f 343/114/159 342/110/158 341/114/157
f 342/110/158 343/114/159 344/115/160
f 345/104/151 344/115/160 343/114/159
f 344/115/160 345/104/151 346/115/161
f 347/105/162 346/115/161 345/104/151
f 346/115/161 347/105/162 348/116/163
f 349/106/164 348/116/163 347/105/162
f 348/116/163 349/106/164 350/116/165
f 351/107/166 350/116/165 349/106/164
f 350/116/165 351/107/166 352/116/167
f 353/117/168 352/116/167 351/107/166
f 352/116/167 353/117/168 354/111/169
f 355/118/170 354/111/169 353/117/168
f 356/111/169 357/110/158 358/116/163
f 359/115/171 358/116/163 357/110/158
f 360/112/172 361/117/173 362/111/174
f 363/117/175 362/111/174 361/117/173
f 362/111/174 363/117/175 364/106/176
f 365/107/177 364/106/176 363/117/175
f 366/119/178 367/120/179 368/121/180
f 369/122/181 368/121/180 367/120/179
f 370/123/182 371/124/183 372/125/183
f 373/126/184 372/125/183 371/124/183
f 374/127/185 375/128/186 376/120/187
f 377/128/188 376/120/187 375/128/186
f 376/120/187 377/128/188 378/129/189
f 379/130/190 378/129/189 377/128/188
f 378/129/189 379/130/190 380/124/191
f 381/131/192 382/122/193 383/132/194
f 384/133/195 383/132/194 382/122/193
f 383/132/194 384/133/195 385/134/196
f 386/123/197 385/134/196 384/133/195
f 387/122/198 388/133/199 389/120/200
f 390/133/201 389/120/200 388/133/199
f 389/120/200 390/133/201 391/129/202
f 392/133/203 391/129/202 390/133/201
f 391/129/202 392/133/203 393/124/204
f 394/123/205 393/124/204 392/133/203
f 395/123/206 396/133/207 397/124/208
f 398/133/209 397/124/208 396/133/207
f 397/124/208 398/133/209 399/129/210
f 400/133/211 399/129/210 398/133/209
f 399/129/210 400/133/211 401/120/212
f 402/122/213 401/120/212 400/133/211
f 403/135/214 404/136/215 405/137/216
f 406/136/217 405/137/216 404/136/215
f 405/137/216 406/136/217 407/138/218
f 408/139/219 407/138/218 406/136/217
f 407/138/218 408/139/219 409/138/220
f 410/140/221 409/138/220 408/139/219
f 409/138/220 410/140/221 411/141/222
f 412/140/223 411/141/222 410/140/221
f 411/141/222 412/140/223 413/142/224
f 414/143/225 413/142/224 412/140/223
f 413/142/224 414/143/225 415/142/226
f 416/144/227 415/142/226 414/143/225
f 415/142/226 416/144/227 417/142/228
f 418/145/229 417/142/228 416/144/227
f 417/142/228 418/145/229 419/141/230
f 420/146/231 419/141/230 418/145/229
f 419/141/230 420/146/231 421/141/232
f 422/147/233 421/141/232 420/146/231
f 421/141/232 422/147/233 423/138/234
f 424/148/235 423/138/234 422/147/233
f 423/138/234 424/148/235 425/138/236
f 426/149/237 425/138/236 424/148/235
f 425/138/236 426/149/237 427/137/238
f 428/150/239 427/137/238 426/149/237
f 427/137/238 428/150/239 429/135/240
f 430/144/241 431/143/242 432/151/243
f 433/152/244 432/151/243 431/143/242
f 432/151/243 433/152/244 434/153/245
f 435/152/246 434/153/245 433/152/244
f 434/153/245 435/152/246 436/154/247
f 437/155/248 436/154/247 435/152/246
f 436/154/247 437/155/248 438/156/249
f 439/155/250 438/156/249 437/155/248
f 438/156/249 439/155/250 440/157/251
f 441/158/252 440/157/251 439/155/250
f 440/157/251 441/158/252 442/157/253
f 443/159/254 442/157/253 441/158/252
f 442/157/253 443/159/254 444/160/255
f 445/161/256 444/160/255 443/159/254
f 444/160/255 445/161/256 446/162/257
f 447/163/258 446/162/257 445/161/256
f 446/162/257 447/163/258 448/164/259
f 449/163/260 448/164/259 447/163/258
f 448/164/259 449/163/260 450/165/261
f 451/166/262 450/165/261 449/163/260
f 450/165/261 451/166/262 452/167/263
f 453/168/264 454/169/265 455/170/265
f 456/171/266 455/170/265 454/169/265
f 457/172/242 458/173/267 459/174/268
f 460/173/269 459/174/268 458/173/267
f 459/174/268 460/173/269 461/175/270
f 462/176/271 461/175/270 460/173/269
f 461/175/270 462/176/271 463/177/272
f 464/176/273 463/177/272 462/176/271
f 463/177/272 464/176/273 465/178/274
f 466/179/275 465/178/274 464/176/273
f 465/178/274 466/179/275 467/180/276
f 468/181/277 467/180/276 466/179/275
f 467/180/276 468/181/277 469/182/278
f 470/183/279 471/184/280 472/185/281
f 473/184/282 472/185/281 471/184/280
f 472/185/281 473/184/282 474/186/252
f 475/187/283 474/186/252 473/184/282
f 474/186/252 475/187/283 476/186/284
f 477/188/285 476/186/284 475/187/283
f 476/186/284 477/188/285 478/189/286
f 479/188/287 478/189/286 477/188/285
f 478/189/286 479/188/287 480/190/288
f 481/191/289 480/190/288 479/188/287
f 480/190/288 481/191/289 482/192/278
f 483/191/290 482/192/278 481/191/289
f 482/192/278 483/191/290 484/193/276
f 485/188/287 484/193/276 483/191/290
f 484/193/276 485/188/287 486/194/274
f 487/187/283 486/194/274 485/188/287
f 486/194/274 487/187/283 488/195/272
f 489/184/291 488/195/272 487/187/283
f 488/195/272 489/184/291 490/196/292
f 491/197/279 490/196/292 489/184/291
f 490/196/292 491/197/279 492/198/268
f 493/199/242 492/198/268 491/197/279
f 494/171/293 495/200/294 496/170/295
f 497/168/296 496/170/295 495/200/294
f 498/201/297 499/202/298 500/203/299
f 501/202/300 500/203/299 499/202/298
f 500/203/299 501/202/300 502/204/301
f 503/205/302 502/204/301 501/202/300
f 502/204/301 503/205/302 504/206/303
f 505/207/304 504/206/303 503/205/302
f 504/206/303 505/207/304 506/208/305
f 507/209/306 506/208/305 505/207/304
f 506/208/305 507/209/306 508/210/307
f 509/211/308 508/210/307 507/209/306
f 510/203/309 511/204/310 512/212/311
f 513/204/312 512/212/311 511/204/310
f 512/212/311 513/204/312 514/213/313
f 515/206/314 514/213/313 513/204/312
f 514/213/313 515/206/314 516/214/315
f 517/208/316 516/214/315 515/206/314
f 516/214/315 517/208/316 518/215/317
f 519/210/318 518/215/317 517/208/316
f 518/215/317 519/210/318 520/216/319
f 521/211/320 520/216/319 519/210/318
f 522/217/320 523/218/321 524/216/322
f 525/219/323 524/216/322 523/218/321
f 524/216/322 525/219/323 526/215/324
f 527/220/325 526/215/324 525/219/323
f 526/215/324 527/220/325 528/214/326
f 529/221/327 528/214/326 527/220/325
f 528/214/326 529/221/327 530/213/328
f 531/221/329 530/213/328 529/221/327
f 530/213/328 531/221/329 532/212/330
f 533/222/331 532/212/330 531/221/329
f 534/103/332 535/103/332 536/104/333
f 537/104/334 536/104/333 535/103/332
f 536/104/333 537/104/334 538/105/140
f 539/105/140 538/105/140 537/104/334
f 538/105/140 539/105/140 540/105/335
f 541/106/141 540/105/335 539/105/140
f 540/105/335 541/106/141 542/106/141
f 543/107/336 542/106/141 541/106/141
f 544/108/337 545/109/338 546/108/144
f 547/109/145 546/108/144 545/109/338
f 546/108/144 547/109/145 548/109/145
f 549/110/339 548/109/145 547/109/145
f 548/109/145 549/110/339 550/110/146
f 551/110/340 550/110/146 549/110/339
f 550/110/146 551/110/340 552/111/341
f 553/111/341 552/111/341 551/110/340
f 552/111/341 553/111/341 554/112/342
f 555/103/343 556/113/344 557/104/345
f 558/113/346 557/104/345 556/113/344
f 557/104/345 558/113/346 559/114/347
f 560/108/348 559/114/347 558/113/346
f 559/114/347 560/108/348 561/114/349
f 562/109/350 561/114/349 560/108/348
f 561/114/349 562/109/350 563/114/351
f 564/110/352 563/114/351 562/109/350
f 563/114/351 564/110/352 565/114/353
f 566/115/354 565/114/353 564/110/352
f 565/114/353 566/115/354 567/104/345
f 568/115/355 567/104/345 566/115/354
f 567/104/345 568/115/355 569/105/356
f 570/116/357 569/105/356 568/115/355
f 569/105/356 570/116/357 571/106/358
f 572/116/359 571/106/358 570/116/357
f 571/106/358 572/116/359 573/107/360
f 574/116/361 573/107/360 572/116/359
f 573/107/360 574/116/361 575/117/362
f 576/111/363 575/117/362 574/116/361
f 575/117/362 576/111/363 577/118/364
f 578/111/363 579/116/361 580/110/352
f 581/115/355 580/110/352 579/116/361
f 582/112/365 583/111/366 584/117/367
f 585/106/368 584/117/367 583/111/366
f 584/117/367 585/106/368 586/107/369
f 587/119/370 588/121/371 589/120/372
f 590/122/373 589/120/372 588/121/371
f 591/123/374 592/125/375 593/124/375
f 594/126/376 593/124/375 592/125/375
f 595/127/377 596/120/372 597/128/378
f 598/129/379 597/128/378 596/120/372
f 597/128/378 598/129/379 599/130/380
f 600/124/381 599/130/380 598/129/379
f 601/131/382 602/132/383 603/122/384
f 604/132/385 603/122/384 602/132/383
f 603/122/384 604/132/385 605/133/386
f 606/134/387 605/133/386 604/132/385
f 605/133/386 606/134/387 607/123/388
f 608/85/88 609/82/110 610/223/389
f 611/80/390 610/223/389 609/82/110
f 610/223/389 611/80/390 612/223/391
f 613/78/104 612/223/391 611/80/390
f 612/223/391 613/78/104 614/223/392
f 615/76/102 614/223/392 613/78/104
f 614/223/392 615/76/102 616/224/393
f 617/75/394 616/224/393 615/76/102
f 616/224/393 617/75/394 618/224/395
f 619/225/396 618/224/395 617/75/394
f 618/224/395 619/225/396 620/223/397
f 621/226/90 620/223/397 619/225/396
f 620/223/397 621/226/90 622/85/398
f 623/227/399 624/228/400 625/229/401
f 626/228/402 625/229/401 624/228/400
f 625/229/401 626/228/402 627/230/403
f 628/231/404 627/230/403 626/228/402
f 627/230/403 628/231/404 629/230/405
f 630/232/406 629/230/405 628/231/404
f 629/230/405 630/232/406 631/230/407
f 632/233/408 631/230/407 630/232/406
f 631/230/407 632/233/408 633/234/409
f 634/233/410 633/234/409 632/233/408
f 633/234/409 634/233/410 635/235/411
f 636/233/412 635/235/411 634/233/410
f 635/235/411 636/233/412 637/236/413
f 638/233/414 637/236/413 636/233/412
f 637/236/413 638/233/414 639/237/415
f 640/232/416 639/237/415 638/233/414
f 639/237/415 640/232/416 641/238/417
f 642/232/418 641/238/417 640/232/416
f 641/238/417 642/232/418 643/239/419
f 644/231/420 643/239/419 642/232/418
f 643/239/419 644/231/420 645/240/421
f 646/228/422 645/240/421 644/231/420
f 645/240/421 646/228/422 647/241/423
f 648/227/399 647/241/423 646/228/422
f 649/241/423 650/242/424 651/240/421
f 652/243/425 651/240/421 650/242/424
f 651/240/421 652/243/425 653/240/426
f 654/244/427 653/240/426 652/243/425
f 653/240/426 654/244/427 655/245/428
f 656/246/429 655/245/428 654/244/427
f 655/245/428 656/246/429 657/245/430
f 658/244/431 657/245/430 656/246/429
f 657/245/430 658/244/431 659/240/432
f 660/247/433 659/240/432 658/244/431
f 659/240/432 660/247/433 661/240/434
f 662/242/435 661/240/434 660/247/433
f 661/240/434 662/242/435 663/240/436
f 664/241/437 663/240/436 662/242/435
f 663/240/436 664/241/437 665/228/438
f 666/227/439 665/228/438 664/241/437
f 665/228/438 666/227/439 667/228/440
f 668/229/441 667/228/440 666/227/439
f 667/228/440 668/229/441 669/228/442
f 670/230/443 669/228/442 668/229/441
f 669/228/442 670/230/443 671/228/444
f 672/231/445 671/228/444 670/230/443
f 671/228/444 672/231/445 673/240/432
f 674/231/446 673/240/432 672/231/445
f 673/240/432 674/231/446 675/239/447
f 676/231/448 675/239/447 674/231/446
f 675/239/447 676/231/448 677/232/449
f 678/230/443 677/232/449 676/231/448
f 677/232/449 678/230/443 679/233/450
f 680/248/451 679/233/450 678/230/443
f 679/233/450 680/248/451 681/233/452
f 682/249/453 681/233/452 680/248/451
f 681/233/452 682/249/453 683/233/454
f 684/236/455 683/233/454 682/249/453
f 683/233/454 684/236/455 685/233/456
f 686/237/457 685/233/456 684/236/455
f 685/233/456 686/237/457 687/232/449
f 688/238/458 687/232/449 686/237/457
f 687/232/449 688/238/458 689/239/459
o mayuShape_node200
v 0.002624 0.065063 0.004070
v 0.002864 0.064948 0.003908
v 0.002659 0.065169 0.004031
v 0.002133 0.065328 0.004311
v 0.002173 0.065129 0.004306
v 0.002659 0.065169 0.004031
v 0.002173 0.065129 0.004306
v 0.002624 0.065063 0.004070
v 0.002659 0.065169 0.004031
v 0.000786 0.064714 0.004719
v 0.001090 0.064858 0.004651
v 0.001086 0.064989 0.004661
v 0.002173 0.065129 0.004306
v 0.002133 0.065328 0.004311
v 0.001792 0.065101 0.004445
v 0.001792 0.065101 0.004445
v 0.002133 0.065328 0.004311
v 0.001768 0.065303 0.004458
v -0.001513 0.065222 0.004585
v -0.001514 0.065017 0.004564
v -0.001204 0.065011 0.004660
v -0.001514 0.065017 0.004564
v -0.001205 0.064880 0.004650
v -0.001204 0.065011 0.004660
v -0.002737 0.065111 0.004070
v -0.002779 0.065215 0.004015
v -0.002971 0.065010 0.003917
v -0.002261 0.065376 0.004314
v -0.002779 0.065215 0.004015
v -0.002293 0.065176 0.004308
v -0.002293 0.065176 0.004308
v -0.002779 0.065215 0.004015
v -0.002737 0.065111 0.004070
v -0.001514 0.065017 0.004564
v -0.001513 0.065222 0.004585
v -0.001898 0.065136 0.004450
v -0.001882 0.065339 0.004463
v -0.001898 0.065136 0.004450
v -0.001513 0.065222 0.004585
v 0.001394 0.064989 0.004566
v 0.001792 0.065101 0.004445
v 0.001386 0.065195 0.004586
v 0.001792 0.065101 0.004445
v 0.001768 0.065303 0.004458
v 0.001386 0.065195 0.004586
v -0.002293 0.065176 0.004308
v -0.001898 0.065136 0.004450
v -0.002261 0.065376 0.004314
v -0.002261 0.065376 0.004314
v -0.001898 0.065136 0.004450
v -0.001882 0.065339 0.004463
v -0.001205 0.064880 0.004650
v -0.000895 0.064731 0.004719
v -0.001204 0.065011 0.004660
v 0.001386 0.065195 0.004586
v 0.001086 0.064989 0.004661
v 0.001394 0.064989 0.004566
v 0.001090 0.064858 0.004651
v 0.001394 0.064989 0.004566
v 0.001086 0.064989 0.004661
vn 0.5900 0.1037 0.8007
vn 0.5192 0.1147 0.8469
vn 0.4011 0.0363 0.9153
vn 0.4363 0.0952 0.8948
vn 0.5346 0.1342 0.8344
vn 0.2492 -0.0661 0.9662
vn 0.2720 -0.0649 0.9601
vn 0.2795 -0.0703 0.9576
vn 0.3368 -0.0165 0.9414
vn 0.4012 0.0363 0.9153
vn 0.3481 -0.0154 0.9373
vn -0.3098 -0.0736 0.9480
vn -0.3007 -0.0861 0.9498
vn -0.2810 -0.0801 0.9564
vn -0.2735 -0.0737 0.9590
vn -0.5396 0.2162 0.8137
vn -0.5323 0.1631 0.8307
vn -0.5912 0.1809 0.7860
vn -0.4073 0.0169 0.9131
vn -0.4488 0.1115 0.8867
vn -0.4487 0.1115 0.8867
vn -0.3098 -0.0735 0.9480
vn -0.3347 -0.0333 0.9417
vn -0.3457 -0.0331 0.9378
vn 0.2995 -0.0749 0.9511
vn 0.3092 -0.0599 0.9491
vn 0.3367 -0.0165 0.9415
vn -0.2736 -0.0737 0.9590
vn -0.2510 -0.0742 0.9651
vn 0.2996 -0.0749 0.9511
vt 0.568496 1.349108
vt 0.557227 1.344016
vt 0.568082 1.351463
vt 0.584060 1.355627
vt 0.583866 1.352945
vt 0.620924 1.342615
vt 0.610798 1.347233
vt 0.611077 1.348445
vt 0.592088 1.352409
vt 0.592460 1.354966
vt 0.601230 1.354276
vt 0.600672 1.351850
vt 0.592381 1.352390
vt 0.592759 1.354942
s 1
usemtl PromotedAttr_node387
f 690/250/460 691/251/460 692/252/461
f 693/253/462 694/254/463 695/252/461
f 696/254/463 697/250/464 698/252/461
f 699/255/465 700/256/466 701/257/467
f 702/254/463 703/253/462 704/258/468
f 705/258/468 706/253/469 707/259/470
f 708/260/471 709/261/472 710/257/473
f 711/261/472 712/256/474 713/257/473
f 714/250/475 715/252/476 716/251/477
f 717/253/478 718/252/476 719/254/479
f 720/254/480 721/252/476 722/250/475
f 723/261/472 724/260/481 725/262/482
f 726/263/483 727/262/482 728/260/471
f 729/261/484 730/258/468 731/260/485
f 732/258/486 733/259/470 734/260/485
f 735/254/480 736/262/482 737/253/478
f 738/253/478 739/262/482 740/263/483
f 741/256/487 742/255/488 743/257/473
f 744/260/485 745/257/467 746/261/484
f 747/256/466 748/261/489 749/257/467
o toothShape_node336
v 0.000420 0.061178 0.003918
v 0.000430 0.061184 0.003940
v 0.000282 0.061110 0.004135
v 0.000302 0.061118 0.004175
v 0.000110 0.061100 0.004215
v 0.000110 0.061106 0.004289
v 0.000110 0.061100 0.004215
v -0.000110 0.061106 0.004289
v -0.000110 0.061100 0.004215
v -0.000284 0.061122 0.004177
v -0.000266 0.061112 0.004135
v -0.000425 0.061181 0.003946
v -0.000416 0.061173 0.003924
v 0.000441 0.061310 0.003961
v 0.000316 0.061352 0.004170
v 0.000430 0.061184 0.003940
v 0.000316 0.061352 0.004170
v 0.000302 0.061118 0.004175
v 0.000316 0.061352 0.004170
v 0.000110 0.061106 0.004289
v 0.000110 0.061368 0.004322
v 0.000110 0.061106 0.004289
v -0.000110 0.061368 0.004322
v -0.000110 0.061106 0.004289
v -0.000294 0.061356 0.004199
v -0.000284 0.061122 0.004177
v -0.000433 0.061307 0.003964
v -0.000425 0.061181 0.003946
vn 0.4813 -0.8759 0.0328
vn 0.7609 -0.5798 0.2915
vn 0.3438 -0.9379 0.0460
vn 0.5238 -0.7586 0.3875
vn 0.0557 -0.9946 0.0873
vn 0.2596 -0.5095 0.8204
vn -0.0000 -0.6811 0.7322
vn -0.2703 -0.7281 0.6299
vn -0.0967 -0.9900 0.1024
vn -0.6145 -0.6569 0.4368
vn -0.3613 -0.9274 0.0972
vn -0.6653 -0.7092 0.2331
vn -0.4884 -0.8674 0.0950
vn 0.8332 -0.1617 0.5288
vn 0.1891 -0.0367 0.9813
vn 0.7609 -0.5797 0.2915
vn 0.2456 -0.0125 0.9693
vn 0.7236 -0.0828 0.6853
vn 0.2597 -0.5095 0.8204
vn 0.3072 -0.1197 0.9441
vn -0.0000 -0.0630 0.9980
vn -0.1901 -0.1235 0.9740
vn -0.6623 -0.1000 0.7426
vn -0.6145 -0.6569 0.4369
vn -0.8548 -0.1042 0.5085
vt 0.889477 1.405375
vt 0.889477 1.411643
vt 0.861343 1.405375
vt 0.861343 1.411643
vt 0.833209 1.405375
vt 0.833209 1.411643
vt 0.805075 1.411643
vt 0.805075 1.405375
vt 0.776940 1.411643
vt 0.776940 1.405375
vt 0.748806 1.411643
vt 0.748806 1.405375
vt 0.889477 1.445739
vt 0.861343 1.445739
vt 0.833209 1.445739
vt 0.805075 1.445739
vt 0.776940 1.445739
vt 0.748806 1.445739
s 1
usemtl PromotedAttr_node387
f 750/264/490 751/265/491 752/266/492
f 753/267/493 752/266/492 751/265/491
f 752/266/492 753/267/493 754/268/494
f 755/269/495 754/268/494 753/267/493
f 754/268/494 755/269/495 756/268/496
f 757/270/497 756/268/496 755/269/495
f 756/268/496 757/270/497 758/271/498
f 759/272/499 758/271/498 757/270/497
f 758/271/498 759/272/499 760/273/500
f 761/274/501 760/273/500 759/272/499
f 760/273/500 761/274/501 762/275/502
f 763/276/503 764/277/504 765/265/505
f 766/277/506 765/265/505 764/277/504
f 765/265/505 766/277/506 767/267/493
f 768/277/507 767/267/493 766/277/506
f 767/267/493 768/277/507 769/269/508
f 770/278/509 769/269/508 768/277/507
f 769/269/508 770/278/509 771/269/510
f 772/279/511 771/269/510 770/278/509
f 771/269/510 772/279/511 773/270/497
f 774/280/512 773/270/497 772/279/511
f 773/270/497 774/280/512 775/272/513
f 776/281/514 775/272/513 774/280/512
f 775/272/513 776/281/514 777/274/501
o faceShape_node90
v 0.002161 0.061451 0.003531
v 0.002588 0.061624 0.002933
v 0.002877 0.062361 0.003083
v 0.000444 0.061071 0.004154
v 0.000609 0.061036 0.003980
v 0.000807 0.061189 0.004001
v 0.001428 0.060547 0.003222
v 0.001996 0.061090 0.003359
v 0.001390 0.061088 0.003784
v -0.001996 0.061090 0.003359
v -0.002161 0.061451 0.003531
v -0.002588 0.061624 0.002933
v 0.000000 0.061368 0.004437
v 0.000185 0.061395 0.004393
v 0.000000 0.061513 0.004581
v 0.000704 0.061339 0.004133
v 0.001390 0.061088 0.003784
v 0.001525 0.061434 0.003966
v 0.001996 0.061090 0.003359
v 0.002161 0.061451 0.003531
v 0.001390 0.061088 0.003784
v -0.002485 0.062140 0.003532
v -0.002877 0.062361 0.003083
v -0.002161 0.061451 0.003531
v -0.001525 0.061434 0.003966
v -0.002113 0.062117 0.003815
v -0.002161 0.061451 0.003531
v 0.000879 0.061536 0.004239
v 0.001525 0.061434 0.003966
v 0.001573 0.062150 0.004031
v 0.001525 0.061434 0.003966
v 0.002161 0.061451 0.003531
v 0.002113 0.062117 0.003815
v -0.002485 0.062140 0.003532
v -0.002113 0.062117 0.003815
v -0.002299 0.062454 0.003597
v -0.001573 0.062150 0.004031
v -0.001110 0.062757 0.003885
v -0.001346 0.062548 0.003847
v 0.002299 0.062454 0.003597
v 0.002113 0.062117 0.003815
v 0.002485 0.062140 0.003532
v 0.000000 0.062531 0.004444
v 0.000736 0.062289 0.004226
v 0.000999 0.062996 0.003933
v 0.000000 0.062932 0.004347
v -0.000999 0.062996 0.003933
v 0.000000 0.062531 0.004444
v 0.000000 0.063334 0.004345
v 0.000999 0.062996 0.003933
v 0.000743 0.063566 0.004174
v -0.002987 0.063520 0.003416
v -0.003131 0.063374 0.003215
v -0.002923 0.063185 0.003386
v -0.003044 0.064436 0.003547
v -0.002448 0.064310 0.003798
v -0.002546 0.064653 0.003952
v -0.000743 0.063566 0.004174
v -0.001308 0.064429 0.004235
v -0.000986 0.063625 0.004100
v 0.000000 0.063334 0.004345
v 0.000743 0.063566 0.004174
v 0.000776 0.064279 0.004397
v 0.000986 0.063625 0.004100
v 0.000999 0.062996 0.003933
v 0.001013 0.063327 0.003990
v 0.001932 0.064270 0.003979
v 0.001909 0.064364 0.004026
v 0.001698 0.064173 0.004013
v 0.001782 0.064676 0.004161
v 0.001909 0.064364 0.004026
v 0.002546 0.064653 0.003952
v -0.003210 0.063953 0.003222
v -0.003044 0.064436 0.003547
v -0.003172 0.065316 0.003514
v -0.002691 0.065645 0.004011
v -0.002546 0.064653 0.003952
v -0.002022 0.065747 0.004329
v -0.002022 0.065747 0.004329
v -0.001782 0.064676 0.004161
v -0.001035 0.065614 0.004532
v 0.000000 0.064434 0.004694
v 0.000776 0.064279 0.004397
v 0.001035 0.065614 0.004532
v 0.001782 0.064676 0.004161
v 0.002022 0.065747 0.004329
v 0.001035 0.065614 0.004532
v 0.002546 0.064653 0.003952
v 0.002691 0.065645 0.004011
v 0.002022 0.065747 0.004329
v 0.001308 0.064429 0.004235
v 0.001035 0.065614 0.004532
v 0.000776 0.064279 0.004397
v 0.003044 0.064436 0.003547
v 0.003210 0.063953 0.003222
v 0.003172 0.065316 0.003514
v 0.001782 0.064676 0.004161
v 0.002546 0.064653 0.003952
v 0.002022 0.065747 0.004329
v 0.002691 0.065645 0.004011
v 0.003044 0.064436 0.003547
v 0.003172 0.065316 0.003514
v 0.002546 0.064653 0.003952
v 0.003044 0.064436 0.003547
v 0.002691 0.065645 0.004011
v 0.001782 0.064676 0.004161
v 0.001035 0.065614 0.004532
v 0.001308 0.064429 0.004235
v 0.000000 0.063334 0.004345
v 0.000776 0.064279 0.004397
v 0.000000 0.064434 0.004694
v 0.000986 0.063625 0.004100
v 0.001308 0.064429 0.004235
v 0.000743 0.063566 0.004174
v 0.001060 0.063511 0.004052
v 0.001202 0.063753 0.004050
v 0.000986 0.063625 0.004100
v 0.001446 0.064079 0.004114
v 0.001308 0.064429 0.004235
v 0.000986 0.063625 0.004100
v 0.000743 0.063566 0.004174
v 0.001308 0.064429 0.004235
v 0.000776 0.064279 0.004397
v 0.000986 0.063625 0.004100
v 0.000743 0.063566 0.004174
v 0.000999 0.062996 0.003933
v 0.002584 0.062800 0.003097
v 0.002285 0.062468 0.003229
v 0.002495 0.062635 0.003506
v 0.002495 0.062635 0.003506
v 0.002285 0.062468 0.003229
v 0.002299 0.062454 0.003597
v 0.002858 0.064030 0.003560
v 0.002635 0.063791 0.003625
v 0.002945 0.063775 0.003488
v 0.002546 0.064653 0.003952
v 0.002448 0.064310 0.003798
v 0.003044 0.064436 0.003547
v 0.003044 0.064436 0.003547
v 0.002448 0.064310 0.003798
v 0.002674 0.064209 0.003679
v 0.001446 0.064079 0.004114
v 0.001909 0.064364 0.004026
v 0.001308 0.064429 0.004235
v 0.001909 0.064364 0.004026
v 0.001782 0.064676 0.004161
v 0.001308 0.064429 0.004235
v 0.002190 0.064323 0.003888
v 0.002546 0.064653 0.003952
v 0.001909 0.064364 0.004026
v 0.001060 0.063511 0.004052
v 0.000986 0.063625 0.004100
v 0.001013 0.063327 0.003990
v 0.001464 0.064037 0.004048
v 0.001325 0.063895 0.004049
v 0.001493 0.063769 0.003980
v 0.001325 0.063895 0.004049
v 0.001364 0.063664 0.003982
v 0.001493 0.063769 0.003980
v 0.001698 0.064173 0.004013
v 0.001694 0.063880 0.003953
v 0.001932 0.064270 0.003979
v 0.001694 0.063880 0.003953
v 0.001895 0.063966 0.003925
v 0.001932 0.064270 0.003979
v 0.002448 0.064310 0.003798
v 0.002190 0.064323 0.003888
v 0.002282 0.064020 0.003760
v 0.002089 0.064019 0.003843
v 0.002282 0.064020 0.003760
v 0.002190 0.064323 0.003888
v 0.002674 0.064209 0.003679
v 0.002448 0.064310 0.003798
v 0.002483 0.063935 0.003693
v 0.002448 0.064310 0.003798
v 0.002282 0.064020 0.003760
v 0.002483 0.063935 0.003693
v 0.002877 0.062361 0.003083
v 0.002588 0.061624 0.002933
v 0.003099 0.062776 0.001588
v 0.003395 0.063735 0.001702
v 0.003210 0.063953 0.003222
v 0.003131 0.063374 0.003215
v 0.002923 0.063185 0.003386
v 0.002987 0.063520 0.003416
v 0.002751 0.063432 0.003531
v 0.002923 0.063185 0.003386
v 0.002751 0.063432 0.003531
v 0.002691 0.063002 0.003437
v 0.003210 0.063953 0.003222
v 0.002987 0.063520 0.003416
v 0.003131 0.063374 0.003215
v 0.003044 0.064436 0.003547
v 0.002945 0.063775 0.003488
v 0.003210 0.063953 0.003222
v 0.003395 0.063735 0.001702
v 0.002877 0.062361 0.003083
v 0.003099 0.062776 0.001588
v 0.002299 0.062454 0.003597
v 0.002542 0.062579 0.003450
v 0.002495 0.062635 0.003506
v 0.002923 0.063185 0.003386
v 0.002718 0.062769 0.003425
v 0.003131 0.063374 0.003215
v 0.002485 0.062140 0.003532
v 0.002877 0.062361 0.003083
v 0.002542 0.062579 0.003450
v 0.003131 0.063374 0.003215
v 0.002718 0.062769 0.003425
v 0.002877 0.062361 0.003083
v 0.002598 0.062781 0.003439
v 0.002542 0.062579 0.003450
v 0.002718 0.062769 0.003425
v 0.002877 0.062361 0.003083
v 0.002718 0.062769 0.003425
v 0.002542 0.062579 0.003450
v 0.002718 0.062769 0.003425
v 0.002691 0.063002 0.003437
v 0.002598 0.062781 0.003439
v 0.003131 0.063374 0.003215
v 0.002877 0.062361 0.003083
v 0.003395 0.063735 0.001702
v 0.002485 0.062140 0.003532
v 0.002542 0.062579 0.003450
v 0.002299 0.062454 0.003597
v 0.002113 0.062117 0.003815
v 0.002161 0.061451 0.003531
v 0.002485 0.062140 0.003532
v 0.001573 0.062150 0.004031
v 0.001681 0.062338 0.003797
v 0.001346 0.062548 0.003847
v 0.002021 0.062326 0.003689
v 0.002113 0.062117 0.003815
v 0.002299 0.062454 0.003597
v 0.001525 0.061434 0.003966
v 0.002113 0.062117 0.003815
v 0.001573 0.062150 0.004031
v 0.001573 0.062150 0.004031
v 0.002021 0.062326 0.003689
v 0.001681 0.062338 0.003797
v 0.001573 0.062150 0.004031
v 0.002113 0.062117 0.003815
v 0.002021 0.062326 0.003689
v 0.001110 0.062757 0.003885
v 0.000736 0.062289 0.004226
v 0.001573 0.062150 0.004031
v 0.001346 0.062548 0.003847
v 0.001110 0.062757 0.003885
v 0.001573 0.062150 0.004031
v 0.001110 0.062757 0.003885
v 0.000999 0.062996 0.003933
v 0.000736 0.062289 0.004226
v 0.000000 0.062531 0.004444
v 0.000999 0.062996 0.003933
v 0.000000 0.062932 0.004347
v 0.000879 0.061536 0.004239
v 0.001573 0.062150 0.004031
v 0.000736 0.062289 0.004226
v 0.001996 0.061090 0.003359
v 0.002323 0.061213 0.002845
v 0.002588 0.061624 0.002933
v 0.002161 0.061451 0.003531
v 0.002877 0.062361 0.003083
v 0.002485 0.062140 0.003532
v 0.001428 0.060547 0.003222
v 0.002323 0.061213 0.002845
v 0.001996 0.061090 0.003359
v 0.001996 0.061090 0.003359
v 0.002588 0.061624 0.002933
v 0.002161 0.061451 0.003531
v 0.001390 0.061088 0.003784
v 0.002161 0.061451 0.003531
v 0.001525 0.061434 0.003966
v 0.000704 0.061339 0.004133
v 0.001525 0.061434 0.003966
v 0.000879 0.061536 0.004239
v 0.001493 0.063769 0.003980
v 0.001364 0.063664 0.003982
v 0.001493 0.063736 0.003529
v 0.001493 0.063736 0.003529
v 0.001364 0.063664 0.003982
v 0.001383 0.063640 0.003534
v 0.001847 0.062371 0.003316
v 0.002021 0.062326 0.003689
v 0.002285 0.062468 0.003229
v 0.002299 0.062454 0.003597
v 0.002285 0.062468 0.003229
v 0.002021 0.062326 0.003689
v 0.001067 0.062876 0.003512
v 0.001026 0.063327 0.003551
v 0.000999 0.062996 0.003933
v 0.001026 0.063327 0.003551
v 0.001013 0.063327 0.003990
v 0.000999 0.062996 0.003933
v 0.002021 0.062326 0.003689
v 0.001847 0.062371 0.003316
v 0.001681 0.062338 0.003797
v 0.001847 0.062371 0.003316
v 0.001353 0.062548 0.003430
v 0.001681 0.062338 0.003797
v 0.001353 0.062548 0.003430
v 0.001346 0.062548 0.003847
v 0.001681 0.062338 0.003797
v 0.001067 0.062876 0.003512
v 0.001110 0.062757 0.003885
v 0.001353 0.062548 0.003430
v 0.001110 0.062757 0.003885
v 0.001346 0.062548 0.003847
v 0.001353 0.062548 0.003430
v 0.002433 0.063943 0.003160
v 0.002483 0.063935 0.003693
v 0.002221 0.063964 0.003239
v 0.002483 0.063935 0.003693
v 0.002282 0.064020 0.003760
v 0.002221 0.063964 0.003239
v 0.002089 0.064019 0.003843
v 0.001966 0.063936 0.003312
v 0.002282 0.064020 0.003760
v 0.002221 0.063964 0.003239
v 0.002282 0.064020 0.003760
v 0.001966 0.063936 0.003312
v 0.002598 0.062781 0.003439
v 0.002691 0.063002 0.003437
v 0.002584 0.062800 0.003097
v 0.002691 0.063002 0.003437
v 0.002735 0.063483 0.003037
v 0.002584 0.062800 0.003097
v 0.002751 0.063432 0.003531
v 0.002735 0.063483 0.003037
v 0.002691 0.063002 0.003437
v 0.002635 0.063791 0.003625
v 0.002614 0.063714 0.003068
v 0.002751 0.063432 0.003531
v 0.002614 0.063714 0.003068
v 0.002735 0.063483 0.003037
v 0.002751 0.063432 0.003531
v 0.000185 0.061395 0.004393
v 0.000704 0.061339 0.004133
v 0.000879 0.061536 0.004239
v 0.000736 0.062289 0.004226
v 0.000332 0.061672 0.004414
v 0.000879 0.061536 0.004239
v 0.000185 0.061395 0.004393
v 0.000879 0.061536 0.004239
v 0.000332 0.061672 0.004414
v 0.000000 0.061513 0.004581
v 0.000185 0.061395 0.004393
v 0.000332 0.061672 0.004414
v -0.001390 0.061088 0.003784
v -0.001996 0.061090 0.003359
v -0.001428 0.060547 0.003222
v -0.001996 0.061090 0.003359
v -0.002323 0.061213 0.002845
v -0.001428 0.060547 0.003222
v -0.001390 0.061088 0.003784
v -0.002161 0.061451 0.003531
v -0.001996 0.061090 0.003359
v -0.001525 0.061434 0.003966
v -0.001573 0.062150 0.004031
v -0.002113 0.062117 0.003815
v -0.002161 0.061451 0.003531
v -0.002113 0.062117 0.003815
v -0.002485 0.062140 0.003532
v -0.001390 0.061088 0.003784
v -0.001525 0.061434 0.003966
v -0.002161 0.061451 0.003531
v -0.002161 0.061451 0.003531
v -0.002877 0.062361 0.003083
v -0.002588 0.061624 0.002933
v -0.001996 0.061090 0.003359
v -0.002588 0.061624 0.002933
v -0.002323 0.061213 0.002845
v -0.002923 0.063185 0.003386
v -0.003131 0.063374 0.003215
v -0.002718 0.062769 0.003425
v -0.003210 0.063953 0.003222
v -0.003395 0.063735 0.001702
v -0.003131 0.063374 0.003215
v -0.002877 0.062361 0.003083
v -0.003131 0.063374 0.003215
v -0.003395 0.063735 0.001702
v -0.002674 0.064209 0.003679
v -0.002483 0.063935 0.003693
v -0.002448 0.064310 0.003798
v -0.002483 0.063935 0.003693
v -0.002282 0.064020 0.003760
v -0.002448 0.064310 0.003798
v -0.002923 0.063185 0.003386
v -0.002751 0.063432 0.003531
v -0.002987 0.063520 0.003416
v -0.002751 0.063432 0.003531
v -0.002635 0.063791 0.003625
v -0.002945 0.063775 0.003488
v -0.003210 0.063953 0.003222
v -0.002987 0.063520 0.003416
v -0.002945 0.063775 0.003488
v -0.002190 0.064323 0.003888
v -0.002089 0.064019 0.003843
v -0.001932 0.064270 0.003979
v -0.001895 0.063966 0.003925
v -0.001932 0.064270 0.003979
v -0.002089 0.064019 0.003843
v -0.002691 0.063002 0.003437
v -0.002751 0.063432 0.003531
v -0.002923 0.063185 0.003386
v -0.002598 0.062781 0.003439
v -0.002691 0.063002 0.003437
v -0.002718 0.062769 0.003425
v -0.002495 0.062635 0.003506
v -0.002598 0.062781 0.003439
v -0.002542 0.062579 0.003450
v -0.002718 0.062769 0.003425
v -0.003131 0.063374 0.003215
v -0.002877 0.062361 0.003083
v -0.002542 0.062579 0.003450
v -0.002718 0.062769 0.003425
v -0.002877 0.062361 0.003083
v -0.002299 0.062454 0.003597
v -0.002542 0.062579 0.003450
v -0.002485 0.062140 0.003532
v -0.002598 0.062781 0.003439
v -0.002718 0.062769 0.003425
v -0.002542 0.062579 0.003450
v -0.002485 0.062140 0.003532
v -0.002542 0.062579 0.003450
v -0.002877 0.062361 0.003083
v -0.002299 0.062454 0.003597
v -0.002113 0.062117 0.003815
v -0.002021 0.062326 0.003689
v -0.001681 0.062338 0.003797
v -0.001573 0.062150 0.004031
v -0.001346 0.062548 0.003847
v -0.002021 0.062326 0.003689
v -0.001573 0.062150 0.004031
v -0.001681 0.062338 0.003797
v -0.000999 0.062996 0.003933
v -0.001067 0.062876 0.003512
v -0.001110 0.062757 0.003885
v -0.002021 0.062326 0.003689
v -0.002113 0.062117 0.003815
v -0.001573 0.062150 0.004031
v -0.001573 0.062150 0.004031
v -0.000736 0.062289 0.004226
v -0.001110 0.062757 0.003885
v -0.000879 0.061536 0.004239
v -0.000736 0.062289 0.004226
v -0.001573 0.062150 0.004031
v -0.000704 0.061339 0.004133
v -0.000879 0.061536 0.004239
v -0.001525 0.061434 0.003966
v -0.000332 0.061672 0.004414
v -0.000736 0.062289 0.004226
v -0.000879 0.061536 0.004239
v 0.000000 0.061513 0.004581
v -0.000185 0.061395 0.004393
v 0.000000 0.061368 0.004437
v -0.000879 0.061536 0.004239
v -0.001573 0.062150 0.004031
v -0.001525 0.061434 0.003966
v -0.000704 0.061339 0.004133
v -0.001525 0.061434 0.003966
v -0.001390 0.061088 0.003784
v 0.000000 0.061513 0.004581
v -0.000332 0.061672 0.004414
v -0.000185 0.061395 0.004393
v -0.000185 0.061395 0.004393
v -0.000332 0.061672 0.004414
v -0.000879 0.061536 0.004239
v -0.000185 0.061395 0.004393
v -0.000879 0.061536 0.004239
v -0.000704 0.061339 0.004133
v -0.000736 0.062289 0.004226
v 0.000000 0.062531 0.004444
v -0.000999 0.062996 0.003933
v -0.000736 0.062289 0.004226
v -0.000999 0.062996 0.003933
v -0.001110 0.062757 0.003885
v 0.000000 0.063334 0.004345
v -0.000743 0.063566 0.004174
v -0.000999 0.062996 0.003933
v -0.000776 0.064279 0.004397
v 0.000000 0.063334 0.004345
v 0.000000 0.064434 0.004694
v -0.000776 0.064279 0.004397
v 0.000000 0.064434 0.004694
v -0.001035 0.065614 0.004532
v -0.002190 0.064323 0.003888
v -0.001909 0.064364 0.004026
v -0.002546 0.064653 0.003952
v -0.001035 0.065614 0.004532
v -0.001308 0.064429 0.004235
v -0.000776 0.064279 0.004397
v -0.001446 0.064079 0.004114
v -0.001308 0.064429 0.004235
v -0.001909 0.064364 0.004026
v -0.001909 0.064364 0.004026
v -0.001308 0.064429 0.004235
v -0.001782 0.064676 0.004161
v -0.001035 0.065614 0.004532
v -0.001782 0.064676 0.004161
v -0.001308 0.064429 0.004235
v -0.001782 0.064676 0.004161
v -0.002546 0.064653 0.003952
v -0.001909 0.064364 0.004026
v -0.001446 0.064079 0.004114
v -0.001909 0.064364 0.004026
v -0.001698 0.064173 0.004013
v -0.001464 0.064037 0.004048
v -0.001698 0.064173 0.004013
v -0.001493 0.063769 0.003980
v -0.001493 0.063769 0.003980
v -0.001698 0.064173 0.004013
v -0.001694 0.063880 0.003953
v -0.001325 0.063895 0.004049
v -0.001364 0.063664 0.003982
v -0.001202 0.063753 0.004050
v -0.001202 0.063753 0.004050
v -0.001364 0.063664 0.003982
v -0.001237 0.063553 0.003985
v -0.000743 0.063566 0.004174
v -0.000986 0.063625 0.004100
v -0.000999 0.062996 0.003933
v -0.000776 0.064279 0.004397
v -0.001308 0.064429 0.004235
v -0.000743 0.063566 0.004174
v -0.001446 0.064079 0.004114
v -0.001325 0.063895 0.004049
v -0.000986 0.063625 0.004100
v -0.001202 0.063753 0.004050
v -0.000986 0.063625 0.004100
v -0.001325 0.063895 0.004049
v -0.000999 0.062996 0.003933
v -0.000986 0.063625 0.004100
v -0.001013 0.063327 0.003990
v -0.001013 0.063327 0.003990
v -0.000986 0.063625 0.004100
v -0.001060 0.063511 0.004052
v -0.000986 0.063625 0.004100
v -0.001308 0.064429 0.004235
v -0.001446 0.064079 0.004114
v -0.000776 0.064279 0.004397
v -0.000743 0.063566 0.004174
v 0.000000 0.063334 0.004345
v -0.002546 0.064653 0.003952
v -0.001782 0.064676 0.004161
v -0.002022 0.065747 0.004329
v -0.003044 0.064436 0.003547
v -0.002546 0.064653 0.003952
v -0.002691 0.065645 0.004011
v -0.003044 0.064436 0.003547
v -0.002691 0.065645 0.004011
v -0.003172 0.065316 0.003514
v -0.002858 0.064030 0.003560
v -0.003044 0.064436 0.003547
v -0.002945 0.063775 0.003488
v -0.003044 0.064436 0.003547
v -0.002674 0.064209 0.003679
v -0.002448 0.064310 0.003798
v -0.002635 0.063791 0.003625
v -0.002751 0.063432 0.003531
v -0.002614 0.063714 0.003068
v -0.002751 0.063432 0.003531
v -0.002735 0.063483 0.003037
v -0.002614 0.063714 0.003068
v -0.001650 0.063818 0.003456
v -0.001493 0.063736 0.003529
v -0.001694 0.063880 0.003953
v -0.001493 0.063769 0.003980
v -0.001694 0.063880 0.003953
v -0.001493 0.063736 0.003529
v -0.001847 0.062371 0.003316
v -0.001681 0.062338 0.003797
v -0.001353 0.062548 0.003430
v -0.001353 0.062548 0.003430
v -0.001681 0.062338 0.003797
v -0.001346 0.062548 0.003847
v -0.001681 0.062338 0.003797
v -0.001847 0.062371 0.003316
v -0.002021 0.062326 0.003689
v -0.002433 0.063943 0.003160
v -0.002221 0.063964 0.003239
v -0.002483 0.063935 0.003693
v -0.002483 0.063935 0.003693
v -0.002221 0.063964 0.003239
v -0.002282 0.064020 0.003760
v -0.001847 0.062371 0.003316
v -0.002285 0.062468 0.003229
v -0.002021 0.062326 0.003689
v -0.002021 0.062326 0.003689
v -0.002285 0.062468 0.003229
v -0.002299 0.062454 0.003597
v -0.002495 0.062635 0.003506
v -0.002584 0.062800 0.003097
v -0.002598 0.062781 0.003439
v -0.002598 0.062781 0.003439
v -0.002584 0.062800 0.003097
v -0.002691 0.063002 0.003437
v -0.002584 0.062800 0.003097
v -0.002735 0.063483 0.003037
v -0.002691 0.063002 0.003437
v -0.002691 0.063002 0.003437
v -0.002735 0.063483 0.003037
v -0.002751 0.063432 0.003531
v -0.001237 0.063553 0.003985
v -0.001259 0.063531 0.003540
v -0.001013 0.063327 0.003990
v -0.001259 0.063531 0.003540
v -0.001026 0.063327 0.003551
v -0.001013 0.063327 0.003990
v -0.001067 0.062876 0.003512
v -0.001353 0.062548 0.003430
v -0.001110 0.062757 0.003885
v -0.001110 0.062757 0.003885
v -0.001353 0.062548 0.003430
v -0.001346 0.062548 0.003847
v -0.000440 0.059990 0.003336
v -0.001428 0.060547 0.003222
v -0.000478 0.059872 0.003123
v 0.000000 0.059872 0.003435
v -0.000478 0.059872 0.003123
v 0.000000 0.059750 0.003190
v 0.000440 0.059990 0.003336
v 0.000000 0.059872 0.003435
v 0.000478 0.059872 0.003123
v 0.001428 0.060547 0.003222
v 0.000440 0.059990 0.003336
v 0.000478 0.059872 0.003123
v 0.000478 0.059872 0.003123
v 0.000000 0.059872 0.003435
v 0.000000 0.059750 0.003190
v 0.000000 0.059872 0.003435
v -0.000440 0.059990 0.003336
v -0.000478 0.059872 0.003123
v -0.001012 0.060730 0.003639
v -0.001390 0.061088 0.003784
v -0.001428 0.060547 0.003222
v 0.001012 0.060730 0.003639
v 0.000440 0.059990 0.003336
v 0.001428 0.060547 0.003222
v 0.001390 0.061088 0.003784
v 0.001012 0.060730 0.003639
v 0.001428 0.060547 0.003222
v -0.000440 0.059990 0.003336
v -0.001012 0.060730 0.003639
v -0.001428 0.060547 0.003222
v 0.000000 0.059872 0.003435
v -0.000359 0.060324 0.003659
v -0.000440 0.059990 0.003336
v 0.001012 0.060730 0.003639
v 0.000359 0.060324 0.003659
v 0.000440 0.059990 0.003336
v 0.000359 0.060324 0.003659
v 0.000000 0.059872 0.003435
v 0.000440 0.059990 0.003336
v -0.000359 0.060324 0.003659
v -0.001012 0.060730 0.003639
v -0.000440 0.059990 0.003336
v 0.000704 0.061339 0.004133
v 0.000807 0.061189 0.004001
v 0.001390 0.061088 0.003784
v 0.000807 0.061189 0.004001
v 0.000822 0.060998 0.003856
v 0.001390 0.061088 0.003784
v 0.000822 0.060998 0.003856
v 0.001012 0.060730 0.003639
v 0.001390 0.061088 0.003784
v 0.000822 0.060998 0.003856
v 0.000359 0.060324 0.003659
v 0.001012 0.060730 0.003639
v -0.000807 0.061189 0.004001
v -0.000704 0.061339 0.004133
v -0.001390 0.061088 0.003784
v -0.000822 0.060998 0.003856
v -0.000807 0.061189 0.004001
v -0.001390 0.061088 0.003784
v -0.000359 0.060324 0.003659
v -0.000822 0.060998 0.003856
v -0.001012 0.060730 0.003639
v -0.001012 0.060730 0.003639
v -0.000822 0.060998 0.003856
v -0.001390 0.061088 0.003784
v 0.000153 0.060937 0.004124
v 0.000756 0.061121 0.003596
v 0.000401 0.060987 0.004066
v 0.000000 0.061039 0.004317
v -0.000153 0.060937 0.004124
v 0.000000 0.060916 0.004141
v -0.000153 0.060937 0.004124
v -0.000160 0.061066 0.004288
v -0.000401 0.060987 0.004066
v -0.000401 0.060987 0.004066
v -0.000444 0.061071 0.004154
v -0.000609 0.061036 0.003980
v 0.000000 0.061039 0.004317
v 0.000153 0.060937 0.004124
v 0.000160 0.061066 0.004288
v 0.000160 0.061066 0.004288
v 0.000401 0.060987 0.004066
v 0.000444 0.061071 0.004154
v 0.000471 0.061169 0.004197
v 0.000444 0.061071 0.004154
v 0.000807 0.061189 0.004001
v 0.000181 0.061163 0.004320
v 0.000444 0.061071 0.004154
v 0.000471 0.061169 0.004197
v 0.000000 0.061140 0.004350
v 0.000160 0.061066 0.004288
v 0.000181 0.061163 0.004320
v 0.000000 0.061140 0.004350
v -0.000160 0.061066 0.004288
v 0.000000 0.061039 0.004317
v -0.000444 0.061071 0.004154
v -0.000160 0.061066 0.004288
v -0.000181 0.061163 0.004320
v -0.000807 0.061189 0.004001
v -0.000444 0.061071 0.004154
v -0.000471 0.061169 0.004197
v 0.000704 0.061339 0.004133
v 0.000471 0.061169 0.004197
v 0.000807 0.061189 0.004001
v 0.000185 0.061395 0.004393
v 0.000471 0.061169 0.004197
v 0.000704 0.061339 0.004133
v 0.000000 0.061368 0.004437
v 0.000181 0.061163 0.004320
v 0.000185 0.061395 0.004393
v 0.000000 0.061368 0.004437
v -0.000185 0.061395 0.004393
v -0.000181 0.061163 0.004320
v -0.000471 0.061169 0.004197
v -0.000181 0.061163 0.004320
v -0.000185 0.061395 0.004393
v -0.000807 0.061189 0.004001
v -0.000471 0.061169 0.004197
v -0.000704 0.061339 0.004133
v 0.000185 0.061395 0.004393
v 0.000181 0.061163 0.004320
v 0.000471 0.061169 0.004197
v 0.000181 0.061163 0.004320
v 0.000160 0.061066 0.004288
v 0.000444 0.061071 0.004154
v 0.000000 0.061368 0.004437
v 0.000000 0.061140 0.004350
v 0.000181 0.061163 0.004320
v 0.000000 0.061368 0.004437
v -0.000181 0.061163 0.004320
v 0.000000 0.061140 0.004350
v -0.000471 0.061169 0.004197
v -0.000185 0.061395 0.004393
v -0.000704 0.061339 0.004133
v -0.000444 0.061071 0.004154
v -0.000181 0.061163 0.004320
v -0.000471 0.061169 0.004197
v -0.000609 0.061036 0.003980
v -0.000444 0.061071 0.004154
v -0.000807 0.061189 0.004001
v 0.000444 0.061071 0.004154
v 0.000401 0.060987 0.004066
v 0.000609 0.061036 0.003980
v 0.000000 0.061140 0.004350
v 0.000000 0.061039 0.004317
v 0.000160 0.061066 0.004288
v 0.000160 0.061066 0.004288
v 0.000153 0.060937 0.004124
v 0.000401 0.060987 0.004066
v 0.000000 0.061039 0.004317
v 0.000000 0.060916 0.004141
v 0.000153 0.060937 0.004124
v 0.000000 0.061140 0.004350
v -0.000181 0.061163 0.004320
v -0.000160 0.061066 0.004288
v -0.000401 0.060987 0.004066
v -0.000160 0.061066 0.004288
v -0.000444 0.061071 0.004154
v 0.000000 0.061039 0.004317
v -0.000160 0.061066 0.004288
v -0.000153 0.060937 0.004124
v 0.000822 0.060998 0.003856
v 0.000495 0.060855 0.003992
v 0.000380 0.060655 0.003833
v -0.000380 0.060655 0.003833
v -0.000495 0.060855 0.003992
v -0.000822 0.060998 0.003856
v 0.000000 0.060582 0.003845
v 0.000168 0.060757 0.004060
v 0.000000 0.060753 0.004083
v 0.000000 0.060582 0.003845
v -0.000168 0.060757 0.004060
v -0.000380 0.060655 0.003833
v -0.000359 0.060324 0.003659
v -0.000380 0.060655 0.003833
v -0.000822 0.060998 0.003856
v -0.000359 0.060324 0.003659
v 0.000000 0.060582 0.003845
v -0.000380 0.060655 0.003833
v 0.000359 0.060324 0.003659
v 0.000000 0.060582 0.003845
v 0.000000 0.060267 0.003700
v 0.000822 0.060998 0.003856
v 0.000380 0.060655 0.003833
v 0.000359 0.060324 0.003659
v 0.000359 0.060324 0.003659
v 0.000000 0.060267 0.003700
v 0.000000 0.059872 0.003435
v 0.000000 0.060267 0.003700
v -0.000359 0.060324 0.003659
v 0.000000 0.059872 0.003435
v 0.000000 0.060267 0.003700
v 0.000000 0.060582 0.003845
v -0.000359 0.060324 0.003659
v 0.000359 0.060324 0.003659
v 0.000380 0.060655 0.003833
v 0.000000 0.060582 0.003845
v 0.000380 0.060655 0.003833
v 0.000168 0.060757 0.004060
v 0.000000 0.060582 0.003845
v 0.000000 0.060582 0.003845
v 0.000000 0.060753 0.004083
v -0.000168 0.060757 0.004060
v -0.000380 0.060655 0.003833
v -0.000168 0.060757 0.004060
v -0.000495 0.060855 0.003992
v 0.000380 0.060655 0.003833
v 0.000495 0.060855 0.003992
v 0.000168 0.060757 0.004060
v 0.000765 0.061038 0.003903
v 0.000495 0.060855 0.003992
v 0.000822 0.060998 0.003856
v 0.000807 0.061189 0.004001
v 0.000765 0.061038 0.003903
v 0.000822 0.060998 0.003856
v -0.000495 0.060855 0.003992
v -0.000765 0.061038 0.003903
v -0.000822 0.060998 0.003856
v -0.000765 0.061038 0.003903
v -0.000807 0.061189 0.004001
v -0.000822 0.060998 0.003856
v 0.000765 0.061038 0.003903
v 0.000487 0.061025 0.004026
v 0.000495 0.060855 0.003992
v -0.000807 0.061189 0.004001
v -0.000665 0.061044 0.003952
v -0.000609 0.061036 0.003980
v 0.000495 0.060855 0.003992
v 0.000172 0.060956 0.004122
v 0.000168 0.060757 0.004060
v 0.000665 0.061044 0.003952
v 0.000757 0.060941 0.003523
v 0.000487 0.061025 0.004026
v -0.000609 0.061036 0.003980
v -0.000757 0.060941 0.003523
v -0.000756 0.061121 0.003596
v 0.000408 0.060806 0.003620
v 0.000172 0.060956 0.004122
v 0.000487 0.061025 0.004026
v -0.000756 0.061121 0.003596
v 0.000000 0.060694 0.003249
v 0.000000 0.061052 0.003317
v 0.000609 0.061036 0.003980
v 0.000757 0.060941 0.003523
v 0.000665 0.061044 0.003952
v 0.000000 0.060753 0.004083
v 0.000172 0.060956 0.004122
v 0.000000 0.060944 0.004145
v -0.000495 0.060855 0.003992
v -0.000172 0.060956 0.004122
v -0.000487 0.061025 0.004026
v 0.000000 0.060753 0.004083
v -0.000172 0.060956 0.004122
v -0.000168 0.060757 0.004060
v 0.000401 0.060987 0.004066
v 0.000756 0.061121 0.003596
v 0.000609 0.061036 0.003980
v 0.000609 0.061036 0.003980
v 0.000756 0.061121 0.003596
v 0.000757 0.060941 0.003523
v 0.000765 0.061038 0.003903
v 0.000665 0.061044 0.003952
v 0.000487 0.061025 0.004026
v 0.000807 0.061189 0.004001
v 0.000609 0.061036 0.003980
v 0.000665 0.061044 0.003952
v 0.000807 0.061189 0.004001
v 0.000665 0.061044 0.003952
v 0.000765 0.061038 0.003903
v 0.000000 0.060694 0.003249
v 0.000756 0.061121 0.003596
v 0.000000 0.061052 0.003317
v 0.000495 0.060855 0.003992
v 0.000487 0.061025 0.004026
v 0.000172 0.060956 0.004122
v 0.000000 0.060694 0.003249
v 0.000408 0.060806 0.003620
v 0.000757 0.060941 0.003523
v 0.000408 0.060806 0.003620
v 0.000487 0.061025 0.004026
v 0.000757 0.060941 0.003523
v 0.000000 0.060694 0.003249
v 0.000000 0.060719 0.003661
v 0.000408 0.060806 0.003620
v 0.000000 0.061067 0.003744
v 0.000000 0.061052 0.003317
v 0.000756 0.061121 0.003596
v 0.000153 0.060937 0.004124
v 0.000000 0.061067 0.003744
v 0.000756 0.061121 0.003596
v 0.000000 0.060694 0.003249
v 0.000757 0.060941 0.003523
v 0.000756 0.061121 0.003596
v -0.000756 0.061121 0.003596
v 0.000000 0.061052 0.003317
v 0.000000 0.061067 0.003744
v 0.000000 0.060719 0.003661
v -0.000172 0.060956 0.004122
v 0.000000 0.060944 0.004145
v 0.000000 0.060719 0.003661
v 0.000172 0.060956 0.004122
v 0.000408 0.060806 0.003620
v 0.000000 0.060719 0.003661
v 0.000000 0.060944 0.004145
v 0.000172 0.060956 0.004122
v 0.000168 0.060757 0.004060
v 0.000172 0.060956 0.004122
v 0.000000 0.060753 0.004083
v -0.000153 0.060937 0.004124
v 0.000000 0.061067 0.003744
v 0.000000 0.060916 0.004141
v 0.000000 0.060916 0.004141
v 0.000000 0.061067 0.003744
v 0.000153 0.060937 0.004124
v -0.000756 0.061121 0.003596
v -0.000153 0.060937 0.004124
v -0.000401 0.060987 0.004066
v 0.000000 0.060753 0.004083
v 0.000000 0.060944 0.004145
v -0.000172 0.060956 0.004122
v -0.000408 0.060806 0.003620
v -0.000172 0.060956 0.004122
v 0.000000 0.060719 0.003661
v -0.000757 0.060941 0.003523
v -0.000408 0.060806 0.003620
v 0.000000 0.060694 0.003249
v -0.000408 0.060806 0.003620
v 0.000000 0.060719 0.003661
v 0.000000 0.060694 0.003249
v -0.000757 0.060941 0.003523
v 0.000000 0.060694 0.003249
v -0.000756 0.061121 0.003596
v -0.000487 0.061025 0.004026
v -0.000757 0.060941 0.003523
v -0.000665 0.061044 0.003952
v -0.000665 0.061044 0.003952
v -0.000757 0.060941 0.003523
v -0.000609 0.061036 0.003980
v -0.000168 0.060757 0.004060
v -0.000172 0.060956 0.004122
v -0.000495 0.060855 0.003992
v -0.000609 0.061036 0.003980
v -0.000756 0.061121 0.003596
v -0.000401 0.060987 0.004066
v -0.000756 0.061121 0.003596
v 0.000000 0.061067 0.003744
v -0.000153 0.060937 0.004124
v -0.000487 0.061025 0.004026
v -0.000172 0.060956 0.004122
v -0.000408 0.060806 0.003620
v -0.000487 0.061025 0.004026
v -0.000408 0.060806 0.003620
v -0.000757 0.060941 0.003523
v -0.000495 0.060855 0.003992
v -0.000487 0.061025 0.004026
v -0.000765 0.061038 0.003903
v -0.000765 0.061038 0.003903
v -0.000487 0.061025 0.004026
v -0.000665 0.061044 0.003952
v -0.000765 0.061038 0.003903
v -0.000665 0.061044 0.003952
v -0.000807 0.061189 0.004001
v 0.001067 0.062876 0.003512
v 0.000999 0.062996 0.003933
v 0.001110 0.062757 0.003885
v 0.000000 0.062932 0.004347
v 0.000999 0.062996 0.003933
v 0.000000 0.063334 0.004345
v 0.000000 0.063334 0.004345
v -0.000999 0.062996 0.003933
v 0.000000 0.062932 0.004347
v 0.002495 0.062635 0.003506
v 0.002542 0.062579 0.003450
v 0.002598 0.062781 0.003439
v 0.002598 0.062781 0.003439
v 0.002584 0.062800 0.003097
v 0.002495 0.062635 0.003506
v 0.002923 0.063185 0.003386
v 0.002691 0.063002 0.003437
v 0.002718 0.062769 0.003425
v 0.003131 0.063374 0.003215
v 0.002987 0.063520 0.003416
v 0.002923 0.063185 0.003386
v -0.001067 0.062876 0.003512
v -0.000999 0.062996 0.003933
v -0.001026 0.063327 0.003551
v -0.001026 0.063327 0.003551
v -0.000999 0.062996 0.003933
v -0.001013 0.063327 0.003990
v -0.003210 0.063953 0.003222
v -0.003131 0.063374 0.003215
v -0.002987 0.063520 0.003416
v -0.002718 0.062769 0.003425
v -0.002691 0.063002 0.003437
v -0.002923 0.063185 0.003386
v -0.002299 0.062454 0.003597
v -0.002495 0.062635 0.003506
v -0.002542 0.062579 0.003450
v -0.002584 0.062800 0.003097
v -0.002495 0.062635 0.003506
v -0.002285 0.062468 0.003229
v -0.002299 0.062454 0.003597
v -0.002285 0.062468 0.003229
v -0.002495 0.062635 0.003506
v -0.003044 0.064436 0.003547
v -0.002858 0.064030 0.003560
v -0.002674 0.064209 0.003679
v -0.002674 0.064209 0.003679
v -0.002858 0.064030 0.003560
v -0.002483 0.063935 0.003693
v -0.002635 0.063791 0.003625
v -0.002483 0.063935 0.003693
v -0.002858 0.064030 0.003560
v -0.002614 0.063714 0.003068
v -0.002433 0.063943 0.003160
v -0.002635 0.063791 0.003625
v -0.002635 0.063791 0.003625
v -0.002433 0.063943 0.003160
v -0.002483 0.063935 0.003693
v 0.002614 0.063714 0.003068
v 0.002635 0.063791 0.003625
v 0.002433 0.063943 0.003160
v 0.002635 0.063791 0.003625
v 0.002483 0.063935 0.003693
v 0.002433 0.063943 0.003160
v 0.002674 0.064209 0.003679
v 0.002483 0.063935 0.003693
v 0.002858 0.064030 0.003560
v 0.002483 0.063935 0.003693
v 0.002635 0.063791 0.003625
v 0.002858 0.064030 0.003560
v 0.003044 0.064436 0.003547
v 0.002674 0.064209 0.003679
v 0.002858 0.064030 0.003560
v -0.002945 0.063775 0.003488
v -0.002635 0.063791 0.003625
v -0.002858 0.064030 0.003560
v -0.002751 0.063432 0.003531
v -0.002945 0.063775 0.003488
v -0.002987 0.063520 0.003416
v 0.002945 0.063775 0.003488
v 0.002751 0.063432 0.003531
v 0.002987 0.063520 0.003416
v 0.003210 0.063953 0.003222
v 0.002945 0.063775 0.003488
v 0.002987 0.063520 0.003416
v 0.002945 0.063775 0.003488
v 0.002635 0.063791 0.003625
v 0.002751 0.063432 0.003531
v -0.001060 0.063511 0.004052
v -0.001237 0.063553 0.003985
v -0.001013 0.063327 0.003990
v -0.001060 0.063511 0.004052
v -0.000986 0.063625 0.004100
v -0.001202 0.063753 0.004050
v 0.001446 0.064079 0.004114
v 0.001325 0.063895 0.004049
v 0.001464 0.064037 0.004048
v 0.002858 0.064030 0.003560
v 0.002945 0.063775 0.003488
v 0.003044 0.064436 0.003547
v -0.002945 0.063775 0.003488
v -0.003044 0.064436 0.003547
v -0.003210 0.063953 0.003222
v -0.001895 0.063966 0.003925
v -0.002089 0.064019 0.003843
v -0.001808 0.063894 0.003384
v -0.001966 0.063936 0.003312
v -0.001808 0.063894 0.003384
v -0.002089 0.064019 0.003843
v 0.001808 0.063894 0.003384
v 0.001895 0.063966 0.003925
v 0.001650 0.063818 0.003456
v 0.001895 0.063966 0.003925
v 0.001694 0.063880 0.003953
v 0.001650 0.063818 0.003456
v -0.002448 0.064310 0.003798
v -0.002190 0.064323 0.003888
v -0.002546 0.064653 0.003952
v -0.002448 0.064310 0.003798
v -0.002282 0.064020 0.003760
v -0.002190 0.064323 0.003888
v -0.002089 0.064019 0.003843
v -0.002190 0.064323 0.003888
v -0.002282 0.064020 0.003760
v -0.002089 0.064019 0.003843
v -0.002282 0.064020 0.003760
v -0.001966 0.063936 0.003312
v -0.002221 0.063964 0.003239
v -0.001966 0.063936 0.003312
v -0.002282 0.064020 0.003760
v -0.002190 0.064323 0.003888
v -0.001932 0.064270 0.003979
v -0.001909 0.064364 0.004026
v -0.001698 0.064173 0.004013
v -0.001909 0.064364 0.004026
v -0.001932 0.064270 0.003979
v -0.001698 0.064173 0.004013
v -0.001932 0.064270 0.003979
v -0.001694 0.063880 0.003953
v -0.001694 0.063880 0.003953
v -0.001932 0.064270 0.003979
v -0.001895 0.063966 0.003925
v -0.001808 0.063894 0.003384
v -0.001650 0.063818 0.003456
v -0.001895 0.063966 0.003925
v -0.001650 0.063818 0.003456
v -0.001694 0.063880 0.003953
v -0.001895 0.063966 0.003925
v -0.001446 0.064079 0.004114
v -0.001698 0.064173 0.004013
v -0.001464 0.064037 0.004048
v 0.001698 0.064173 0.004013
v 0.001446 0.064079 0.004114
v 0.001464 0.064037 0.004048
v 0.001464 0.064037 0.004048
v 0.001493 0.063769 0.003980
v 0.001698 0.064173 0.004013
v 0.001493 0.063769 0.003980
v 0.001694 0.063880 0.003953
v 0.001698 0.064173 0.004013
v 0.001650 0.063818 0.003456
v 0.001694 0.063880 0.003953
v 0.001493 0.063736 0.003529
v 0.001694 0.063880 0.003953
v 0.001493 0.063769 0.003980
v 0.001493 0.063736 0.003529
v 0.001698 0.064173 0.004013
v 0.001909 0.064364 0.004026
v 0.001446 0.064079 0.004114
v 0.002190 0.064323 0.003888
v 0.001909 0.064364 0.004026
v 0.001932 0.064270 0.003979
v 0.002190 0.064323 0.003888
v 0.001932 0.064270 0.003979
v 0.002089 0.064019 0.003843
v 0.001895 0.063966 0.003925
v 0.002089 0.064019 0.003843
v 0.001932 0.064270 0.003979
v 0.001895 0.063966 0.003925
v 0.001808 0.063894 0.003384
v 0.002089 0.064019 0.003843
v 0.001966 0.063936 0.003312
v 0.002089 0.064019 0.003843
v 0.001808 0.063894 0.003384
v 0.002448 0.064310 0.003798
v 0.002546 0.064653 0.003952
v 0.002190 0.064323 0.003888
v -0.001376 0.063634 0.003534
v -0.001259 0.063531 0.003540
v -0.001364 0.063664 0.003982
v -0.001364 0.063664 0.003982
v -0.001259 0.063531 0.003540
v -0.001237 0.063553 0.003985
v 0.001237 0.063553 0.003985
v 0.001202 0.063753 0.004050
v 0.001060 0.063511 0.004052
v 0.001237 0.063553 0.003985
v 0.001013 0.063327 0.003990
v 0.001274 0.063544 0.003539
v 0.001274 0.063544 0.003539
v 0.001013 0.063327 0.003990
v 0.001026 0.063327 0.003551
v -0.001060 0.063511 0.004052
v -0.001202 0.063753 0.004050
v -0.001237 0.063553 0.003985
v 0.001237 0.063553 0.003985
v 0.001060 0.063511 0.004052
v 0.001013 0.063327 0.003990
v -0.001325 0.063895 0.004049
v -0.001446 0.064079 0.004114
v -0.001464 0.064037 0.004048
v -0.001464 0.064037 0.004048
v -0.001493 0.063769 0.003980
v -0.001325 0.063895 0.004049
v -0.001364 0.063664 0.003982
v -0.001325 0.063895 0.004049
v -0.001493 0.063769 0.003980
v -0.001493 0.063769 0.003980
v -0.001493 0.063736 0.003529
v -0.001364 0.063664 0.003982
v -0.001493 0.063736 0.003529
v -0.001376 0.063634 0.003534
v -0.001364 0.063664 0.003982
v 0.001446 0.064079 0.004114
v 0.000986 0.063625 0.004100
v 0.001325 0.063895 0.004049
v 0.000986 0.063625 0.004100
v 0.001202 0.063753 0.004050
v 0.001325 0.063895 0.004049
v 0.001325 0.063895 0.004049
v 0.001202 0.063753 0.004050
v 0.001364 0.063664 0.003982
v 0.001202 0.063753 0.004050
v 0.001237 0.063553 0.003985
v 0.001364 0.063664 0.003982
v 0.001237 0.063553 0.003985
v 0.001274 0.063544 0.003539
v 0.001364 0.063664 0.003982
v 0.001383 0.063640 0.003534
v 0.001364 0.063664 0.003982
v 0.001274 0.063544 0.003539
v -0.001088 0.060801 0.000828
v -0.000897 0.060459 0.001598
v -0.001756 0.060904 0.001902
v 0.000000 0.059822 0.002907
v -0.000897 0.060459 0.001598
v 0.000000 0.060193 0.001879
v 0.000875 0.060459 0.001598
v 0.001088 0.060801 0.000828
v 0.001756 0.060904 0.001902
v 0.001756 0.060904 0.001902
v 0.001088 0.060801 0.000828
v 0.001309 0.061413 -0.000300
v 0.000000 0.060998 -0.000723
v 0.000734 0.061674 -0.001113
v 0.000882 0.060916 -0.000154
v -0.000882 0.060916 -0.000154
v -0.000734 0.061674 -0.001113
v 0.000000 0.060998 -0.000723
v -0.001088 0.060801 0.000828
v -0.001309 0.061413 -0.000300
v -0.000882 0.060916 -0.000154
v -0.001756 0.060904 0.001902
v -0.000510 0.059947 0.002854
v -0.001709 0.060606 0.002732
v 0.000510 0.059947 0.002854
v 0.000000 0.059822 0.002907
v 0.000875 0.060459 0.001598
v 0.000882 0.060916 -0.000154
v 0.000734 0.061674 -0.001113
v 0.001309 0.061413 -0.000300
v -0.000734 0.061674 -0.001113
v -0.001309 0.061413 -0.000300
v -0.001432 0.062019 -0.001053
v -0.001309 0.061413 -0.000300
v -0.002473 0.061582 0.001846
v -0.002031 0.062089 -0.000157
v -0.003030 0.063248 -0.000038
v -0.002031 0.062089 -0.000157
v -0.002473 0.061582 0.001846
v 0.001309 0.061413 -0.000300
v 0.001432 0.062019 -0.001053
v 0.002031 0.062089 -0.000157
v 0.000000 0.061818 0.004896
v 0.000096 0.061849 0.004803
v 0.000000 0.061913 0.004892
v 0.000000 0.061913 0.004892
v 0.000096 0.061849 0.004803
v 0.000000 0.062266 0.004594
v 0.002473 0.061582 0.001846
v 0.002031 0.062089 -0.000157
v 0.003030 0.063248 -0.000038
v 0.002031 0.062089 -0.000157
v 0.001432 0.062019 -0.001053
v 0.003030 0.063248 -0.000038
v 0.000238 0.062110 0.004455
v 0.000736 0.062289 0.004226
v 0.000000 0.062531 0.004444
v 0.002473 0.061582 0.001846
v 0.003030 0.063248 -0.000038
v 0.003099 0.062776 0.001588
v 0.003099 0.062776 0.001588
v 0.003478 0.064243 0.000149
v 0.003395 0.063735 0.001702
v 0.003099 0.062776 0.001588
v 0.003030 0.063248 -0.000038
v 0.003478 0.064243 0.000149
v 0.003395 0.063735 0.001702
v 0.003478 0.064243 0.000149
v 0.003643 0.065520 0.000500
v -0.001035 0.065614 0.004532
v 0.000000 0.064434 0.004694
v 0.000000 0.065359 0.004732
v 0.003395 0.063735 0.001702
v 0.003643 0.065520 0.000500
v 0.003510 0.065163 0.002603
v -0.003510 0.065163 0.002603
v -0.003172 0.065316 0.003514
v -0.003257 0.065852 0.003214
v -0.002691 0.065645 0.004011
v -0.002022 0.065747 0.004329
v -0.002108 0.066414 0.004093
v -0.002022 0.065747 0.004329
v -0.001035 0.065614 0.004532
v -0.000984 0.066487 0.004373
v -0.001035 0.065614 0.004532
v 0.000000 0.065359 0.004732
v 0.000000 0.066453 0.004564
v 0.000000 0.066453 0.004564
v 0.001035 0.065614 0.004532
v 0.000984 0.066487 0.004373
v 0.000984 0.066487 0.004373
v 0.002022 0.065747 0.004329
v 0.002108 0.066414 0.004093
v 0.002691 0.065645 0.004011
v 0.003257 0.065852 0.003214
v 0.002108 0.066414 0.004093
v -0.003257 0.065852 0.003214
v -0.003296 0.066403 0.002667
v -0.003510 0.065163 0.002603
v 0.003510 0.065163 0.002603
v 0.003643 0.065520 0.000500
v 0.003598 0.067539 0.001410
v 0.001035 0.065614 0.004532
v 0.002022 0.065747 0.004329
v 0.000984 0.066487 0.004373
v 0.002022 0.065747 0.004329
v 0.002691 0.065645 0.004011
v 0.002108 0.066414 0.004093
v 0.002691 0.065645 0.004011
v 0.003172 0.065316 0.003514
v 0.003257 0.065852 0.003214
v 0.003172 0.065316 0.003514
v 0.003510 0.065163 0.002603
v 0.003257 0.065852 0.003214
v 0.003395 0.063735 0.001702
v 0.003510 0.065163 0.002603
v 0.003210 0.063953 0.003222
v 0.003210 0.063953 0.003222
v 0.003510 0.065163 0.002603
v 0.003172 0.065316 0.003514
v 0.000000 0.064434 0.004694
v 0.001035 0.065614 0.004532
v 0.000000 0.065359 0.004732
v 0.000000 0.065359 0.004732
v 0.001035 0.065614 0.004532
v 0.000000 0.066453 0.004564
v 0.002473 0.061582 0.001846
v 0.001309 0.061413 -0.000300
v 0.002031 0.062089 -0.000157
v 0.002473 0.061582 0.001846
v 0.002588 0.061624 0.002933
v 0.002323 0.061213 0.002845
v 0.003099 0.062776 0.001588
v 0.002588 0.061624 0.002933
v 0.002473 0.061582 0.001846
v 0.002473 0.061582 0.001846
v 0.002323 0.061213 0.002845
v 0.001756 0.060904 0.001902
v 0.001428 0.060547 0.003222
v 0.001709 0.060606 0.002732
v 0.002323 0.061213 0.002845
v 0.001756 0.060904 0.001902
v 0.002323 0.061213 0.002845
v 0.001709 0.060606 0.002732
v 0.002473 0.061582 0.001846
v 0.001756 0.060904 0.001902
v 0.001309 0.061413 -0.000300
v 0.001309 0.061413 -0.000300
v 0.000734 0.061674 -0.001113
v 0.001432 0.062019 -0.001053
v 0.000000 0.060998 -0.000723
v 0.000000 0.061550 -0.001162
v 0.000734 0.061674 -0.001113
v 0.000510 0.059947 0.002854
v 0.001756 0.060904 0.001902
v 0.001709 0.060606 0.002732
v 0.001309 0.061413 -0.000300
v 0.001088 0.060801 0.000828
v 0.000882 0.060916 -0.000154
v 0.000875 0.060459 0.001598
v 0.000000 0.059822 0.002907
v 0.000000 0.060193 0.001879
v 0.000000 0.061675 0.004793
v 0.000096 0.061849 0.004803
v 0.000000 0.061818 0.004896
v 0.000000 0.061513 0.004581
v 0.000332 0.061672 0.004414
v 0.000000 0.061675 0.004793
v 0.000000 0.061675 0.004793
v 0.000332 0.061672 0.004414
v 0.000096 0.061849 0.004803
v 0.000238 0.062110 0.004455
v 0.000332 0.061672 0.004414
v 0.000736 0.062289 0.004226
v 0.000000 0.062266 0.004594
v 0.000238 0.062110 0.004455
v 0.000000 0.062531 0.004444
v 0.000238 0.062110 0.004455
v 0.000096 0.061849 0.004803
v 0.000332 0.061672 0.004414
v 0.000000 0.062266 0.004594
v 0.000096 0.061849 0.004803
v 0.000238 0.062110 0.004455
v -0.001756 0.060904 0.001902
v -0.001309 0.061413 -0.000300
v -0.001088 0.060801 0.000828
v -0.000882 0.060916 -0.000154
v -0.001309 0.061413 -0.000300
v -0.000734 0.061674 -0.001113
v 0.000000 0.060998 -0.000723
v -0.000734 0.061674 -0.001113
v 0.000000 0.061550 -0.001162
v -0.000897 0.060459 0.001598
v -0.000510 0.059947 0.002854
v -0.001756 0.060904 0.001902
v -0.001309 0.061413 -0.000300
v -0.001756 0.060904 0.001902
v -0.002473 0.061582 0.001846
v -0.001432 0.062019 -0.001053
v -0.001309 0.061413 -0.000300
v -0.002031 0.062089 -0.000157
v -0.001432 0.062019 -0.001053
v -0.002031 0.062089 -0.000157
v -0.003030 0.063248 -0.000038
v -0.002323 0.061213 0.002845
v -0.002588 0.061624 0.002933
v -0.002473 0.061582 0.001846
v -0.001709 0.060606 0.002732
v -0.002323 0.061213 0.002845
v -0.001756 0.060904 0.001902
v -0.001428 0.060547 0.003222
v -0.002323 0.061213 0.002845
v -0.001709 0.060606 0.002732
v -0.001756 0.060904 0.001902
v -0.002323 0.061213 0.002845
v -0.002473 0.061582 0.001846
v -0.003099 0.062776 0.001588
v -0.003478 0.064243 0.000149
v -0.003030 0.063248 -0.000038
v -0.002588 0.061624 0.002933
v -0.003099 0.062776 0.001588
v -0.002473 0.061582 0.001846
v -0.002877 0.062361 0.003083
v -0.003099 0.062776 0.001588
v -0.002588 0.061624 0.002933
v -0.002473 0.061582 0.001846
v -0.003099 0.062776 0.001588
v -0.003030 0.063248 -0.000038
v -0.003395 0.063735 0.001702
v -0.003643 0.065520 0.000500
v -0.003478 0.064243 0.000149
v -0.003099 0.062776 0.001588
v -0.003395 0.063735 0.001702
v -0.003478 0.064243 0.000149
v -0.002877 0.062361 0.003083
v -0.003395 0.063735 0.001702
v -0.003099 0.062776 0.001588
v 0.000000 0.062266 0.004594
v 0.000000 0.062531 0.004444
v -0.000238 0.062110 0.004455
v 0.000000 0.061675 0.004793
v -0.000332 0.061672 0.004414
v 0.000000 0.061513 0.004581
v -0.000238 0.062110 0.004455
v 0.000000 0.062531 0.004444
v -0.000736 0.062289 0.004226
v -0.000332 0.061672 0.004414
v -0.000238 0.062110 0.004455
v -0.000736 0.062289 0.004226
v -0.000096 0.061849 0.004803
v -0.000238 0.062110 0.004455
v -0.000332 0.061672 0.004414
v -0.000096 0.061849 0.004803
v -0.000332 0.061672 0.004414
v 0.000000 0.061675 0.004793
v 0.000000 0.061818 0.004896
v -0.000096 0.061849 0.004803
v 0.000000 0.061675 0.004793
v 0.000000 0.061913 0.004892
v -0.000096 0.061849 0.004803
v 0.000000 0.061818 0.004896
v 0.000000 0.062266 0.004594
v -0.000238 0.062110 0.004455
v -0.000096 0.061849 0.004803
v 0.000000 0.062266 0.004594
v -0.000096 0.061849 0.004803
v 0.000000 0.061913 0.004892
v -0.001035 0.065614 0.004532
v 0.000000 0.066453 0.004564
v -0.000984 0.066487 0.004373
v -0.002022 0.065747 0.004329
v -0.000984 0.066487 0.004373
v -0.002108 0.066414 0.004093
v -0.003257 0.065852 0.003214
v -0.002691 0.065645 0.004011
v -0.002108 0.066414 0.004093
v -0.003172 0.065316 0.003514
v -0.002691 0.065645 0.004011
v -0.003257 0.065852 0.003214
v -0.003643 0.065520 0.000500
v -0.003510 0.065163 0.002603
v -0.003598 0.067539 0.001410
v -0.003395 0.063735 0.001702
v -0.003510 0.065163 0.002603
v -0.003643 0.065520 0.000500
v -0.003210 0.063953 0.003222
v -0.003510 0.065163 0.002603
v -0.003395 0.063735 0.001702
v -0.003210 0.063953 0.003222
v -0.003172 0.065316 0.003514
v -0.003510 0.065163 0.002603
v -0.000478 0.059872 0.003123
v -0.001709 0.060606 0.002732
v -0.000510 0.059947 0.002854
v 0.000000 0.059750 0.003190
v -0.000478 0.059872 0.003123
v -0.000510 0.059947 0.002854
v 0.000510 0.059947 0.002854
v 0.000000 0.059750 0.003190
v 0.000000 0.059822 0.002907
v 0.001709 0.060606 0.002732
v 0.000478 0.059872 0.003123
v 0.000510 0.059947 0.002854
v 0.001428 0.060547 0.003222
v 0.000478 0.059872 0.003123
v 0.001709 0.060606 0.002732
v 0.000478 0.059872 0.003123
v 0.000000 0.059750 0.003190
v 0.000510 0.059947 0.002854
v -0.000478 0.059872 0.003123
v -0.001428 0.060547 0.003222
v -0.001709 0.060606 0.002732
v 0.000000 0.059750 0.003190
v -0.000510 0.059947 0.002854
v 0.000000 0.059822 0.002907
v 0.000510 0.059947 0.002854
v 0.000875 0.060459 0.001598
v 0.001756 0.060904 0.001902
v 0.000000 0.059822 0.002907
v -0.000510 0.059947 0.002854
v -0.000897 0.060459 0.001598
v -0.000960 0.067626 0.004010
v -0.002108 0.066414 0.004093
v -0.000984 0.066487 0.004373
v 0.000000 0.067700 0.004098
v -0.000984 0.066487 0.004373
v 0.000000 0.066453 0.004564
v 0.000000 0.067700 0.004098
v 0.000984 0.066487 0.004373
v 0.000960 0.067626 0.004010
v 0.000960 0.067626 0.004010
v 0.002108 0.066414 0.004093
v 0.002196 0.067323 0.003614
v 0.002196 0.067323 0.003614
v 0.003257 0.065852 0.003214
v 0.003296 0.066403 0.002667
v 0.003296 0.066403 0.002667
v 0.003257 0.065852 0.003214
v 0.003510 0.065163 0.002603
v 0.003598 0.067539 0.001410
v 0.003296 0.066403 0.002667
v 0.003510 0.065163 0.002603
v 0.002196 0.067323 0.003614
v 0.003296 0.066403 0.002667
v 0.002509 0.068811 0.001912
v 0.002509 0.068811 0.001912
v 0.003296 0.066403 0.002667
v 0.003598 0.067539 0.001410
v 0.000960 0.067626 0.004010
v 0.002196 0.067323 0.003614
v 0.001257 0.069229 0.002168
v 0.001257 0.069229 0.002168
v 0.002196 0.067323 0.003614
v 0.002509 0.068811 0.001912
v 0.000000 0.067700 0.004098
v 0.000960 0.067626 0.004010
v 0.000000 0.069459 0.002208
v 0.000000 0.069459 0.002208
v 0.000960 0.067626 0.004010
v 0.001257 0.069229 0.002168
v -0.001257 0.069229 0.002168
v -0.000960 0.067626 0.004010
v 0.000000 0.069459 0.002208
v -0.000960 0.067626 0.004010
v 0.000000 0.067700 0.004098
v 0.000000 0.069459 0.002208
v -0.000960 0.067626 0.004010
v -0.001257 0.069229 0.002168
v -0.002196 0.067323 0.003614
v -0.002509 0.068811 0.001912
v -0.002196 0.067323 0.003614
v -0.001257 0.069229 0.002168
v -0.003257 0.065852 0.003214
v -0.002108 0.066414 0.004093
v -0.002196 0.067323 0.003614
v -0.002196 0.067323 0.003614
v -0.002509 0.068811 0.001912
v -0.003296 0.066403 0.002667
v -0.003296 0.066403 0.002667
v -0.002509 0.068811 0.001912
v -0.003598 0.067539 0.001410
v -0.003510 0.065163 0.002603
v -0.003296 0.066403 0.002667
v -0.003598 0.067539 0.001410
v 0.002196 0.067323 0.003614
v 0.002108 0.066414 0.004093
v 0.003257 0.065852 0.003214
v 0.000960 0.067626 0.004010
v 0.000984 0.066487 0.004373
v 0.002108 0.066414 0.004093
v 0.000000 0.067700 0.004098
v 0.000000 0.066453 0.004564
v 0.000984 0.066487 0.004373
v -0.000960 0.067626 0.004010
v -0.000984 0.066487 0.004373
v 0.000000 0.067700 0.004098
v -0.002196 0.067323 0.003614
v -0.002108 0.066414 0.004093
v -0.000960 0.067626 0.004010
v -0.003257 0.065852 0.003214
v -0.002196 0.067323 0.003614
v -0.003296 0.066403 0.002667
vn 0.6499 -0.4352 0.6231
vn 0.8505 -0.4925 0.1848
vn 0.8508 -0.3100 0.4243
vn 0.4039 -0.5925 0.6970
vn 0.1791 -0.9126 0.3676
vn 0.3533 -0.5617 0.7481
vn 0.5198 -0.7136 0.4695
vn 0.6328 -0.6153 0.4700
vn 0.3278 -0.5796 0.7461
vn -0.6328 -0.6153 0.4700
vn -0.6499 -0.4352 0.6231
vn -0.8505 -0.4925 0.1848
vn -0.0000 -0.4645 0.8856
vn 0.3529 -0.3946 0.8484
vn -0.0000 -0.6547 0.7559
vn 0.3119 -0.4987 0.8087
vn 0.3278 -0.5796 0.7460
vn 0.3817 -0.3774 0.8437
vn 0.6328 -0.6154 0.4700
vn 0.3278 -0.5797 0.7460
vn -0.6630 -0.0695 0.7454
vn -0.8508 -0.3100 0.4243
vn -0.3817 -0.3774 0.8437
vn -0.4496 0.1142 0.8859
vn 0.2971 -0.2497 0.9216
vn 0.3876 0.3657 0.8462
vn 0.4496 0.1142 0.8859
vn -0.4496 0.1141 0.8859
vn -0.1541 0.5422 0.8260
vn -0.3876 0.3657 0.8462
vn -0.7120 0.5469 0.4404
vn -0.5998 0.7319 0.3233
vn 0.1541 0.5422 0.8260
vn 0.4496 0.1141 0.8859
vn 0.6630 -0.0695 0.7454
vn -0.0000 0.2980 0.9546
vn 0.3661 0.1650 0.9158
vn 0.7014 0.0472 0.7112
vn -0.0000 0.1213 0.9926
vn -0.7014 0.0472 0.7112
vn -0.0000 0.2981 0.9545
vn -0.0000 -0.2238 0.9746
vn 0.7014 0.0471 0.7112
vn 0.3251 -0.2747 0.9049
vn -0.6466 -0.1448 0.7489
vn -0.8503 -0.2227 0.4768
vn -0.5374 -0.1991 0.8195
vn -0.5751 -0.1784 0.7984
vn -0.3374 -0.3074 0.8898
vn -0.3670 -0.3178 0.8742
vn -0.3252 -0.2747 0.9049
vn -0.2964 -0.2355 0.9256
vn -0.4030 -0.3047 0.8630
vn 0.3252 -0.2747 0.9049
vn 0.3208 -0.2397 0.9163
vn 0.4029 -0.3046 0.8630
vn 0.7370 -0.4691 0.4866
vn 0.3171 -0.2634 0.9111
vn 0.3317 -0.3714 0.8672
vn 0.3395 -0.3865 0.8575
vn 0.2506 -0.2336 0.9395
vn 0.3316 -0.3714 0.8672
vn 0.3671 -0.3178 0.8742
vn -0.8780 -0.1188 0.4637
vn -0.5751 -0.1785 0.7984
vn -0.8494 0.0069 0.5278
vn -0.6216 0.1015 0.7767
vn -0.3016 0.0356 0.9528
vn -0.3016 0.0357 0.9528
vn -0.2506 -0.2336 0.9395
vn -0.2317 -0.0274 0.9724
vn -0.0000 -0.1698 0.9855
vn 0.2317 -0.0274 0.9724
vn 0.3016 0.0357 0.9528
vn 0.3670 -0.3178 0.8742
vn 0.6216 0.1015 0.7767
vn 0.3016 0.0356 0.9528
vn 0.2964 -0.2356 0.9256
vn 0.5751 -0.1785 0.7984
vn 0.8780 -0.1188 0.4637
vn 0.8494 0.0069 0.5278
vn 0.5751 -0.1784 0.7984
vn 0.8494 0.0069 0.5277
vn 0.2964 -0.2355 0.9256
vn 0.4030 -0.3046 0.8630
vn 0.3074 -0.2854 0.9078
vn 0.3272 -0.2468 0.9122
vn 0.4023 -0.3052 0.8632
vn 0.4562 -0.4975 0.7378
vn 0.2965 -0.2355 0.9255
vn 0.4030 -0.3047 0.8630
vn -0.8674 0.4864 0.1051
vn -0.5050 0.8562 0.1087
vn -0.3571 0.6411 0.6794
vn -0.3571 0.6410 0.6794
vn 0.1540 0.5422 0.8260
vn 0.3809 -0.1420 0.9137
vn -0.3221 -0.5256 0.7874
vn 0.5313 -0.1317 0.8369
vn 0.3374 -0.3074 0.8898
vn 0.3374 -0.3074 0.8897
vn 0.3948 -0.1853 0.8999
vn 0.4561 -0.4975 0.7379
vn 0.2964 -0.2355 0.9255
vn 0.3382 -0.3527 0.8725
vn 0.4146 -0.4480 0.7921
vn 0.3927 -0.3789 0.8380
vn 0.4056 -0.4927 0.7699
vn 0.3927 -0.3788 0.8380
vn 0.5668 -0.6355 0.5243
vn 0.3395 -0.3865 0.8576
vn 0.4163 -0.6608 0.6245
vn 0.4296 -0.7584 0.4902
vn 0.1535 -0.7558 0.6365
vn 0.3645 -0.7202 0.5903
vn 0.3382 -0.3528 0.8725
vn 0.0372 -0.6604 0.7500
vn 0.1536 -0.7558 0.6365
vn 0.9201 -0.3872 -0.0592
vn 0.9777 -0.1995 0.0658
vn 0.8780 -0.1188 0.4636
vn 0.8503 -0.2227 0.4768
vn 0.5374 -0.1991 0.8195
vn 0.6466 -0.1448 0.7489
vn -0.2654 -0.3367 0.9034
vn -0.2653 -0.3367 0.9034
vn -0.5610 0.1144 0.8199
vn 0.5751 -0.1785 0.7983
vn 0.5505 -0.1170 0.8266
vn -0.3570 0.6410 0.6794
vn 0.4423 -0.1842 0.8777
vn 0.5506 -0.1170 0.8266
vn 0.8508 -0.3101 0.4243
vn -0.2662 0.2683 0.9258
vn 0.5505 -0.1171 0.8266
vn 0.4423 -0.1842 0.8778
vn 0.5506 -0.1170 0.8265
vn -0.5610 0.1145 0.8199
vn 0.4495 0.1141 0.8859
vn 0.3578 0.8654 0.3507
vn 0.5998 0.7319 0.3233
vn 0.0168 0.8755 0.4830
vn 0.3578 0.8655 0.3507
vn 0.0168 0.8755 0.4829
vn 0.7120 0.5470 0.4404
vn 0.7120 0.5469 0.4404
vn 0.2971 -0.2496 0.9216
vn 0.6328 -0.6154 0.4699
vn 0.7334 -0.6758 0.0733
vn 0.5198 -0.7137 0.4695
vn 0.4057 -0.4926 0.7699
vn 0.5697 -0.8193 0.0646
vn 0.5698 -0.8193 0.0646
vn 0.6600 -0.7482 0.0681
vn 0.0888 0.9827 0.1623
vn 0.9161 0.3890 0.0976
vn 0.9626 -0.2621 0.0693
vn 0.9626 -0.2621 0.0692
vn 0.0889 0.9827 0.1623
vn 0.5935 0.8006 0.0822
vn -0.5410 -0.8390 0.0582
vn -0.1059 -0.9913 0.0775
vn 0.1536 -0.7559 0.6365
vn 0.3645 -0.7202 0.5904
vn 0.1646 -0.9807 0.1057
vn 0.1646 -0.9807 0.1056
vn -0.9969 -0.0378 0.0684
vn -0.2654 -0.3368 0.9034
vn -0.8732 -0.4835 0.0610
vn -0.2653 -0.3368 0.9034
vn -0.8732 -0.4835 0.0609
vn -0.9969 -0.0378 0.0683
vn 0.3119 -0.4986 0.8087
vn 0.5675 -0.2160 0.7945
vn -0.0000 -0.6546 0.7560
vn -0.3278 -0.5796 0.7461
vn -0.5198 -0.7136 0.4695
vn -0.6328 -0.6154 0.4700
vn -0.7334 -0.6758 0.0733
vn -0.5198 -0.7137 0.4695
vn -0.3278 -0.5797 0.7460
vn -0.4495 0.1141 0.8859
vn -0.3278 -0.5796 0.7460
vn -0.6328 -0.6154 0.4699
vn -0.4423 -0.1842 0.8777
vn -0.8780 -0.1188 0.4636
vn -0.9777 -0.1995 0.0658
vn -0.3948 -0.1853 0.8999
vn -0.0372 -0.6604 0.7500
vn -0.1536 -0.7558 0.6365
vn 0.2654 -0.3368 0.9034
vn 0.2654 -0.3367 0.9034
vn 0.3221 -0.5256 0.7874
vn -0.5313 -0.1317 0.8369
vn -0.6466 -0.1448 0.7490
vn -0.3382 -0.3527 0.8725
vn -0.3644 -0.7202 0.5903
vn -0.3171 -0.2634 0.9111
vn -0.4295 -0.7584 0.4902
vn -0.3645 -0.7202 0.5904
vn 0.5610 0.1144 0.8199
vn 0.2653 -0.3367 0.9034
vn 0.2662 0.2683 0.9258
vn 0.5610 0.1145 0.8199
vn 0.3571 0.6410 0.6794
vn -0.5505 -0.1170 0.8266
vn -0.5506 -0.1170 0.8265
vn -0.1540 0.5422 0.8260
vn -0.4423 -0.1842 0.8778
vn -0.5505 -0.1171 0.8266
vn -0.5506 -0.1170 0.8266
vn -0.0168 0.8755 0.4830
vn -0.3578 0.8654 0.3507
vn -0.0168 0.8755 0.4829
vn -0.3578 0.8655 0.3507
vn -0.9161 0.3890 0.0976
vn -0.3661 0.1650 0.9158
vn -0.7120 0.5470 0.4404
vn -0.2971 -0.2496 0.9216
vn -0.3119 -0.4987 0.8087
vn -0.5675 -0.2160 0.7945
vn -0.2971 -0.2497 0.9216
vn -0.3529 -0.3946 0.8484
vn -0.3119 -0.4986 0.8087
vn -0.3662 0.1650 0.9158
vn -0.3251 -0.2747 0.9049
vn -0.7014 0.0471 0.7112
vn -0.3208 -0.2397 0.9163
vn -0.3316 -0.3714 0.8672
vn -0.2964 -0.2356 0.9256
vn -0.4561 -0.4975 0.7379
vn -0.2964 -0.2355 0.9255
vn -0.3671 -0.3178 0.8742
vn -0.4562 -0.4975 0.7378
vn -0.3395 -0.3865 0.8575
vn -0.4146 -0.4481 0.7921
vn -0.3395 -0.3865 0.8576
vn -0.4056 -0.4927 0.7699
vn -0.4057 -0.4927 0.7699
vn -0.4163 -0.6608 0.6245
vn -0.3927 -0.3788 0.8380
vn -0.5668 -0.6355 0.5243
vn -0.3272 -0.2468 0.9121
vn -0.3272 -0.2468 0.9122
vn -0.5668 -0.6354 0.5243
vn -0.5521 -0.5320 0.6420
vn -0.2965 -0.2355 0.9255
vn -0.4030 -0.3046 0.8630
vn -0.7372 -0.4692 0.4861
vn -0.3074 -0.2854 0.9078
vn -0.4029 -0.3047 0.8630
vn -0.8494 0.0069 0.5277
vn -0.3809 -0.1420 0.9137
vn -0.3374 -0.3074 0.8897
vn 0.2653 -0.3368 0.9034
vn 0.8732 -0.4835 0.0610
vn 0.9969 -0.0378 0.0683
vn 0.8732 -0.4835 0.0609
vn -0.4452 -0.8931 0.0645
vn -0.5697 -0.8193 0.0646
vn -0.4057 -0.4926 0.7699
vn -0.0889 0.9827 0.1623
vn -0.5935 0.8006 0.0822
vn -0.5936 0.8006 0.0822
vn -0.0888 0.9827 0.1623
vn 0.5410 -0.8390 0.0582
vn 0.1059 -0.9913 0.0775
vn -0.1536 -0.7559 0.6365
vn 0.5050 0.8562 0.1087
vn 0.8674 0.4864 0.1051
vn 0.2661 0.2683 0.9259
vn 0.9969 -0.0378 0.0684
vn -0.5521 -0.5319 0.6420
vn -0.6718 -0.7385 0.0573
vn -0.9625 -0.2621 0.0692
vn -0.7373 -0.4692 0.4861
vn -0.3901 -0.6750 0.6263
vn -0.5199 -0.7137 0.4695
vn -0.4062 -0.8881 0.2151
vn -0.0000 -0.7532 0.6578
vn -0.0000 -0.9998 -0.0181
vn 0.3901 -0.6750 0.6263
vn -0.0000 -0.7531 0.6579
vn 0.4063 -0.8881 0.2151
vn 0.5199 -0.7136 0.4695
vn 0.4062 -0.8881 0.2151
vn -0.4063 -0.8881 0.2151
vn -0.3376 -0.5724 0.7473
vn -0.5199 -0.7136 0.4695
vn 0.3376 -0.5724 0.7473
vn -0.2594 -0.5113 0.8193
vn 0.2594 -0.5113 0.8193
vn 0.3532 -0.5617 0.7481
vn 0.3250 -0.5252 0.7865
vn -0.3532 -0.5617 0.7481
vn -0.3250 -0.5252 0.7865
vn 0.1802 -0.9690 0.1691
vn -0.2342 -0.9514 0.1999
vn 0.2798 -0.9131 0.2964
vn -0.0000 -0.6686 0.7436
vn -0.1801 -0.9690 0.1691
vn -0.0000 -0.9928 0.1197
vn -0.1802 -0.9690 0.1691
vn -0.2825 -0.5720 0.7701
vn -0.2798 -0.9131 0.2964
vn -0.2798 -0.9132 0.2964
vn -0.4039 -0.5925 0.6970
vn -0.1791 -0.9126 0.3676
vn 0.1801 -0.9690 0.1691
vn 0.2825 -0.5720 0.7700
vn 0.2825 -0.5720 0.7701
vn 0.2798 -0.9131 0.2965
vn 0.4232 -0.3608 0.8311
vn 0.3003 -0.3495 0.8875
vn -0.0000 -0.3383 0.9410
vn 0.3003 -0.3494 0.8875
vn -0.2826 -0.5720 0.7701
vn -0.4040 -0.5925 0.6970
vn -0.3003 -0.3495 0.8875
vn -0.4232 -0.3608 0.8311
vn 0.3529 -0.3945 0.8484
vn -0.3003 -0.3494 0.8875
vn -0.3120 -0.4987 0.8087
vn 0.4232 -0.3607 0.8311
vn 0.4040 -0.5925 0.6970
vn -0.4232 -0.3607 0.8311
vn -0.3529 -0.3945 0.8484
vn -0.3533 -0.5617 0.7481
vn 0.2798 -0.9132 0.2964
vn 0.2826 -0.5720 0.7701
vn -0.2825 -0.5720 0.7700
vn 0.4058 -0.4024 0.8206
vn 0.3012 -0.6498 0.6979
vn -0.3012 -0.6498 0.6979
vn -0.4058 -0.4024 0.8206
vn -0.0000 -0.6566 0.7542
vn 0.2167 -0.6135 0.7594
vn -0.0000 -0.4953 0.8687
vn -0.2167 -0.6135 0.7594
vn -0.3013 -0.6498 0.6979
vn -0.0000 -0.6567 0.7542
vn -0.0000 -0.4889 0.8723
vn 0.3012 -0.6498 0.6978
vn 0.3013 -0.6498 0.6979
vn -0.4058 -0.4023 0.8207
vn 0.4058 -0.4023 0.8207
vn 0.3745 -0.4056 0.8338
vn 0.3745 -0.4055 0.8338
vn -0.4058 -0.4023 0.8206
vn -0.3745 -0.4056 0.8338
vn 0.0672 0.7603 0.6461
vn -0.3934 -0.5253 0.7545
vn -0.1790 -0.9126 0.3676
vn 0.0738 0.5323 0.8433
vn 0.3935 -0.5252 0.7546
vn -0.7643 0.6324 0.1262
vn 0.7643 0.6324 0.1263
vn 0.2342 -0.9514 0.1999
vn -0.3105 0.9226 -0.2288
vn 0.0673 0.7603 0.6460
vn 0.2341 -0.9514 0.1999
vn -0.0000 0.5915 0.8063
vn -0.0000 -0.7727 0.6347
vn -0.7643 0.6324 0.1263
vn 0.3934 -0.5253 0.7545
vn -0.0001 0.7525 0.6585
vn -0.0739 0.5323 0.8433
vn -0.0672 0.7603 0.6460
vn 0.0672 0.7603 0.6460
vn 0.1790 -0.9126 0.3676
vn -0.2341 -0.9514 0.1999
vn 0.0739 0.5323 0.8433
vn -0.0000 0.5916 0.8063
vn -0.0000 0.9557 -0.2944
vn -0.0000 -0.9757 -0.2190
vn -0.0000 -0.7727 0.6348
vn -0.0000 -0.9757 -0.2191
vn -0.0738 0.5323 0.8433
vn -0.0000 0.7525 0.6585
vn 0.2388 -0.9513 0.1948
vn 0.0001 0.7525 0.6585
vn 0.3105 0.9226 -0.2288
vn -0.3934 -0.5252 0.7546
vn -0.2798 -0.9131 0.2965
vn -0.0673 0.7603 0.6460
vn -0.0672 0.7603 0.6461
vn -0.9626 -0.2621 0.0693
vn -0.9626 -0.2621 0.0692
vn 0.3570 0.6410 0.6794
vn 0.3571 0.6411 0.6794
vn -0.0371 -0.6604 0.7500
vn 0.0371 -0.6604 0.7500
vn 0.6466 -0.1448 0.7490
vn -0.5521 -0.5319 0.6421
vn 0.4562 -0.4975 0.7379
vn 0.4145 -0.4480 0.7921
vn -0.3645 -0.7202 0.5903
vn -0.3466 -0.9354 0.0702
vn -0.1646 -0.9807 0.1056
vn -0.3467 -0.9354 0.0702
vn 0.3467 -0.9354 0.0702
vn 0.4452 -0.8931 0.0645
vn -0.1535 -0.7558 0.6365
vn -0.3382 -0.3528 0.8725
vn -0.1646 -0.9807 0.1057
vn -0.3317 -0.3714 0.8672
vn -0.4296 -0.7584 0.4902
vn -0.4146 -0.4480 0.7921
vn 0.4146 -0.4481 0.7921
vn 0.4057 -0.4927 0.7699
vn 0.3644 -0.7202 0.5903
vn 0.4295 -0.7584 0.4902
vn 0.3466 -0.9354 0.0702
vn -0.6600 -0.7482 0.0681
vn 0.5519 -0.5317 0.6424
vn 0.7371 -0.4691 0.4866
vn 0.6718 -0.7384 0.0580
vn 0.6718 -0.7385 0.0580
vn 0.9625 -0.2621 0.0693
vn -0.3927 -0.3789 0.8380
vn -0.4145 -0.4480 0.7921
vn 0.3272 -0.2468 0.9121
vn 0.6599 -0.7482 0.0681
vn -0.6053 -0.7542 -0.2546
vn -0.3508 -0.8952 -0.2749
vn -0.5853 -0.7745 -0.2401
vn 0.0006 -0.9526 -0.3042
vn -0.3509 -0.8952 -0.2749
vn 0.0021 -0.9406 -0.3396
vn 0.3466 -0.8964 -0.2763
vn 0.6021 -0.7575 -0.2522
vn 0.5828 -0.7761 -0.2407
vn 0.6119 -0.6930 -0.3812
vn -0.0000 -0.6914 -0.7225
vn 0.3625 -0.6840 -0.6331
vn 0.5371 -0.6893 -0.4862
vn -0.5371 -0.6893 -0.4862
vn -0.3625 -0.6840 -0.6331
vn -0.6054 -0.7541 -0.2546
vn -0.6119 -0.6930 -0.3812
vn -0.3392 -0.9083 -0.2447
vn -0.5819 -0.8125 -0.0349
vn 0.3378 -0.9082 -0.2471
vn 0.3467 -0.8963 -0.2763
vn -0.6027 -0.6536 -0.4577
vn -0.7687 -0.6059 -0.2047
vn -0.6988 -0.6151 -0.3651
vn -0.8129 -0.5155 -0.2711
vn -0.7687 -0.6060 -0.2047
vn 0.6027 -0.6536 -0.4577
vn 0.6988 -0.6151 -0.3651
vn -0.0000 -0.2885 0.9575
vn 0.7802 0.0398 0.6243
vn -0.0000 0.3450 0.9386
vn -0.0000 0.3449 0.9386
vn -0.0000 0.5775 0.8164
vn 0.7687 -0.6060 -0.2047
vn 0.8129 -0.5155 -0.2711
vn 0.6988 -0.6151 -0.3652
vn 0.6135 0.2517 0.7485
vn 0.9609 -0.2700 -0.0616
vn 0.9609 -0.2701 -0.0616
vn 0.9959 -0.0818 0.0391
vn -0.0000 0.0561 0.9984
vn 0.9754 0.0006 0.2205
vn -0.9754 0.0007 0.2205
vn -0.8494 0.0070 0.5277
vn -0.8210 0.2706 0.5027
vn -0.4533 0.3398 0.8241
vn -0.1890 0.2702 0.9441
vn -0.0000 0.2314 0.9728
vn -0.0000 0.2314 0.9729
vn 0.1890 0.2702 0.9441
vn 0.4532 0.3398 0.8241
vn 0.8210 0.2705 0.5027
vn 0.4533 0.3398 0.8241
vn -0.8210 0.2705 0.5027
vn -0.8477 0.3134 0.4279
vn 0.9754 0.0007 0.2205
vn 0.9234 0.1899 0.3335
vn 0.8494 0.0070 0.5277
vn 0.8210 0.2706 0.5027
vn 0.7687 -0.6059 -0.2047
vn 0.7335 -0.6758 0.0733
vn 0.9201 -0.3871 -0.0592
vn 0.5828 -0.7762 -0.2407
vn 0.5819 -0.8125 -0.0349
vn -0.0000 -0.6225 -0.7826
vn 0.3378 -0.9082 -0.2472
vn 0.3467 -0.8964 -0.2764
vn -0.0000 -0.6613 0.7501
vn -0.0000 -0.6612 0.7502
vn -0.0000 0.5774 0.8164
vn -0.0000 0.5774 0.8165
vn 0.6136 0.2517 0.7485
vn -0.5853 -0.7744 -0.2401
vn -0.6988 -0.6151 -0.3652
vn -0.7335 -0.6758 0.0733
vn -0.9201 -0.3872 -0.0592
vn -0.9609 -0.2701 -0.0616
vn -0.9201 -0.3871 -0.0592
vn -0.9959 -0.0818 0.0391
vn -0.9609 -0.2700 -0.0616
vn -0.6135 0.2517 0.7485
vn -0.7802 0.0398 0.6243
vn -0.6136 0.2517 0.7485
vn -0.4532 0.3398 0.8241
vn -0.9234 0.1899 0.3335
vn -0.9754 0.0006 0.2205
vn -0.2361 0.5408 0.8073
vn -0.0000 0.4754 0.8798
vn 0.2361 0.5408 0.8073
vn 0.5696 0.4962 0.6552
vn 0.8477 0.3134 0.4279
vn 0.8477 0.3135 0.4279
vn 0.6355 0.5094 0.5803
vn 0.6354 0.5094 0.5803
vn 0.2955 0.6948 0.6557
vn -0.0000 0.7370 0.6759
vn 0.2361 0.5408 0.8074
vn -0.2955 0.6948 0.6557
vn -0.2361 0.5408 0.8074
vn -0.5696 0.4962 0.6552
vn -0.6354 0.5094 0.5803
vn -0.6355 0.5094 0.5803
vn -0.8477 0.3135 0.4279
vt 0.663901 1.149112
vt 0.703106 1.149876
vt 0.712055 1.180649
vt 0.529330 1.118438
vt 0.538539 1.115812
vt 0.545874 1.116096
vt 0.598334 1.085080
vt 0.653248 1.126453
vt 0.585569 1.115294
vt 0.347225 1.126453
vt 0.336572 1.149112
vt 0.297367 1.149876
vt 0.499727 1.130691
vt 0.522038 1.131562
vt 0.499727 1.133480
vt 0.546524 1.126785
vt 0.605337 1.148999
vt 0.321688 1.168857
vt 0.288418 1.180649
vt 0.395136 1.148999
vt 0.345032 1.169052
vt 0.575115 1.148549
vt 0.606483 1.169945
vt 0.655441 1.169052
vt 0.322168 1.203808
vt 0.393991 1.169945
vt 0.421251 1.207002
vt 0.405207 1.204558
vt 0.678305 1.203808
vt 0.678786 1.168857
vt 0.499727 1.175422
vt 0.568522 1.171353
vt 0.565648 1.208676
vt 0.499727 1.193873
vt 0.434825 1.208676
vt 0.499727 1.212323
vt 0.567996 1.225550
vt 0.300645 1.217839
vt 0.267209 1.218267
vt 0.280330 1.214580
vt 0.290484 1.245214
vt 0.336893 1.228741
vt 0.318863 1.262886
vt 0.432477 1.225550
vt 0.406754 1.261164
vt 0.422299 1.223629
vt 0.564612 1.246193
vt 0.578174 1.223629
vt 0.574174 1.215448
vt 0.631547 1.226526
vt 0.630699 1.233626
vt 0.617381 1.227290
vt 0.632843 1.267178
vt 0.681610 1.262886
vt 0.274501 1.235085
vt 0.265620 1.278432
vt 0.305802 1.292557
vt 0.355950 1.296381
vt 0.367630 1.267178
vt 0.440490 1.293084
vt 0.499727 1.251291
vt 0.559983 1.293084
vt 0.644523 1.296381
vt 0.694671 1.292557
vt 0.593719 1.261164
vt 0.709990 1.245214
vt 0.725972 1.235085
vt 0.734854 1.278432
vt 0.581723 1.219064
vt 0.592469 1.223559
vt 0.601437 1.234254
vt 0.094579 1.491203
vt 0.053216 1.444117
vt 0.079448 1.448146
vt 0.053051 1.447556
vt 0.194634 1.480666
vt 0.197146 1.440215
vt 0.180062 1.480071
vt 0.663580 1.228741
vt 0.673023 1.224852
vt 0.647564 1.227633
vt 0.342930 1.472295
vt 0.356850 1.470356
vt 0.340382 1.438574
vt 0.355478 1.439291
vt 0.320430 1.474258
vt 0.321277 1.437467
vt 0.297931 1.476222
vt 0.302171 1.436361
vt 0.244647 1.479706
vt 0.271289 1.477964
vt 0.255013 1.438048
vt 0.278592 1.437205
vt 0.219641 1.480186
vt 0.226079 1.439132
vt 0.809052 1.180442
vt 0.851102 1.246104
vt 0.733264 1.218267
vt 0.142817 1.479439
vt 0.165491 1.479477
vt 0.157684 1.440683
vt 0.127725 1.445212
vt 0.699828 1.217839
vt 0.691147 1.219401
vt 0.078308 1.460239
vt 0.720143 1.214580
vt 0.714400 1.210115
vt 0.696220 1.206307
vt 0.098971 1.444377
vt 0.103259 1.468607
vt 0.626495 1.203171
vt 0.595266 1.204558
vt 0.654122 1.202736
vt 0.579222 1.207002
vt 0.689776 1.129327
vt 0.354208 1.439236
vt 0.662946 1.210737
vt 0.676761 1.207280
vt 0.691090 1.212690
vt 0.692540 1.209371
vt 0.591819 1.210636
vt 0.574228 1.211602
vt 0.582310 1.208165
vt 0.568025 1.208928
vt 0.653834 1.206318
vt 0.625134 1.210085
vt 0.626675 1.206441
vt 0.596595 1.207402
vt 0.240766 1.438603
vt 0.278592 1.437204
vt 0.294040 1.437547
vt 0.141552 1.438932
vt 0.544226 1.144616
vt 0.414904 1.115294
vt 0.402139 1.085080
vt 0.310698 1.129327
vt 0.286074 1.210115
vt 0.149371 1.246104
vt 0.217379 1.480498
vt 0.222521 1.439538
vt 0.244342 1.479697
vt 0.254707 1.438039
vt 0.142867 1.480066
vt 0.157734 1.441311
vt 0.165541 1.480105
vt 0.196962 1.440729
vt 0.179996 1.480642
vt 0.309326 1.219401
vt 0.270984 1.477955
vt 0.278287 1.437195
vt 0.297625 1.476213
vt 0.301866 1.436352
vt 0.127774 1.445840
vt 0.099094 1.444959
vt 0.103383 1.469188
vt 0.079571 1.448727
vt 0.078431 1.460821
vt 0.304253 1.206307
vt 0.346351 1.202736
vt 0.373978 1.203171
vt 0.418163 1.208165
vt 0.408654 1.210636
vt 0.403878 1.207402
vt 0.431951 1.171353
vt 0.425359 1.148549
vt 0.453949 1.126785
vt 0.456248 1.144616
vt 0.478435 1.131562
vt 0.456248 1.144616
vt 0.431951 1.171353
vt 0.434825 1.208676
vt 0.435861 1.246193
vt 0.352910 1.227633
vt 0.369774 1.233626
vt 0.399036 1.234254
vt 0.383092 1.227290
vt 0.342625 1.472286
vt 0.320125 1.474249
vt 0.340077 1.438565
vt 0.320971 1.437458
vt 0.356545 1.470347
vt 0.355173 1.439282
vt 0.370465 1.468408
vt 0.370269 1.439999
vt 0.402631 1.225806
vt 0.408004 1.223559
vt 0.426299 1.215448
vt 0.418750 1.219064
vt 0.318007 1.220963
vt 0.326687 1.224538
vt 0.141601 1.439560
vt 0.324629 1.438222
vt 0.337527 1.210737
vt 0.346639 1.206318
vt 0.375339 1.210085
vt 0.373798 1.206441
vt 0.323712 1.207280
vt 0.237624 1.438962
vt 0.278287 1.437195
vt 0.309383 1.212690
vt 0.307933 1.209371
vt 0.094702 1.491785
vt 0.369563 1.439978
vt 0.400461 1.441434
vt 0.399050 1.441391
vt 0.475163 1.060866
vt 0.475045 1.044145
vt 0.499727 1.051645
vt 0.499727 1.032972
vt 0.525310 1.060866
vt 0.525428 1.044145
vt 0.435345 1.099016
vt 0.565128 1.099016
vt 0.477334 1.087132
vt 0.523139 1.087132
vt 0.550073 1.106588
vt 0.454600 1.116096
vt 0.450401 1.106588
vt 0.965650 1.392159
vt 0.939222 1.437713
vt 0.947087 1.395733
vt 0.499727 1.118253
vt 0.485737 1.115659
vt 0.499727 1.114898
vt 0.487681 1.118493
vt 0.471261 1.116065
vt 0.471143 1.118438
vt 0.461934 1.115812
vt 0.514736 1.115659
vt 0.512792 1.118493
vt 0.529212 1.116065
vt 0.530418 1.126365
vt 0.511491 1.127897
vt 0.499727 1.124269
vt 0.488982 1.127897
vt 0.470055 1.126365
vt 0.523457 1.106922
vt 0.521860 1.096088
vt 0.478613 1.096088
vt 0.477016 1.106922
vt 0.499727 1.093963
vt 0.507410 1.105850
vt 0.499727 1.105478
vt 0.493064 1.105850
vt 0.499727 1.086212
vt 0.541241 1.112188
vt 0.459232 1.112188
vt 0.521715 1.115750
vt 0.472091 1.116354
vt 0.510437 1.115144
vt 0.935282 1.495837
vt 0.938920 1.461017
vt 0.948453 1.495820
vt 0.940238 1.402581
vt 0.946904 1.467928
vt 0.964637 1.495803
vt 0.962885 1.454064
vt 0.962881 1.439858
vt 0.499727 1.114642
vt 0.490036 1.115144
vt 0.478758 1.115750
vt 0.978677 1.467928
vt 0.978671 1.416875
vt 0.978696 1.495796
vt 0.978696 1.389965
vt 0.935282 1.495837
vt 0.426245 1.211602
vt 0.432448 1.208928
vt 0.053174 1.448138
vt 0.053339 1.444698
vt 0.194451 1.481180
vt 0.682466 1.220963
vt 0.398305 1.464530
vt 0.597842 1.225806
vt 0.603215 1.228054
vt 0.309182 1.437880
vt 0.293734 1.437537
vt 0.309487 1.437889
vt 0.324935 1.438231
vt 0.368926 1.226526
vt 0.397258 1.228054
vt 0.354820 1.439271
vt 0.370574 1.440008
vt 0.370770 1.468417
vt 0.398611 1.464539
vt 0.400766 1.441443
vt 0.368034 1.439899
vt 0.399356 1.441400
vt 0.077242 1.065056
vt 0.281299 1.027921
vt 0.239338 1.071459
vt 0.494573 1.023771
vt 0.328529 1.005620
vt 0.719174 1.027921
vt 0.923232 1.065056
vt 0.761136 1.071459
vt 0.941570 1.103449
vt 0.978522 1.072184
vt 0.975980 1.110874
vt 0.957160 1.065937
vt 0.043314 1.065937
vt 0.024493 1.110874
vt 0.021952 1.072184
vt 0.058903 1.103449
vt 0.475216 1.036680
vt 0.393435 1.069129
vt 0.525257 1.036680
vt 0.505900 1.023771
vt 0.055281 1.138008
vt 0.200735 1.143337
vt 0.108370 1.144397
vt 0.055544 1.211215
vt 0.945192 1.138008
vt 0.892103 1.144397
vt 0.499727 1.146356
vt 0.507480 1.148243
vt 0.499727 1.150098
vt 0.499727 1.164122
vt 0.799738 1.143337
vt 0.944929 1.211215
vt 0.525223 1.159980
vt 0.955275 1.281548
vt 0.848308 1.347675
vt 0.499727 1.288993
vt 0.778195 1.277679
vt 0.222278 1.277679
vt 0.258897 1.298164
vt 0.345737 1.310054
vt 0.432484 1.312778
vt 0.499727 1.311521
vt 0.567990 1.312778
vt 0.654736 1.310054
vt 0.741577 1.298164
vt 0.248039 1.326746
vt 0.783788 1.366665
vt 0.607038 1.069129
vt 0.987780 1.081182
vt 0.671945 1.005620
vt 0.499727 1.138354
vt 0.012693 1.081182
vt 0.191422 1.180442
vt 0.045199 1.281548
vt 0.152165 1.347675
vt 0.464611 1.158806
vt 0.470738 1.147513
vt 0.216685 1.366665
vt 0.433667 1.356649
vt 0.499727 1.363771
vt 0.566806 1.356649
vt 0.666232 1.345855
vt 0.752435 1.326746
vt 0.666448 1.396006
vt 0.565842 1.415862
vt 0.499727 1.413340
vt 0.434631 1.415862
vt 0.334241 1.345855
vt 0.334026 1.396006
s 1
usemtl PromotedAttr_node387
f 778/282/515 779/283/516 780/284/517
f 781/285/518 782/286/519 783/287/520
f 784/288/521 785/289/522 786/290/523
f 787/291/524 788/292/525 789/293/526
f 790/294/527 791/295/528 792/296/529
f 793/297/530 794/290/531 795/298/532
f 796/289/533 797/282/515 798/290/534
f 799/299/535 800/300/536 801/292/525
f 802/301/537 803/302/538 804/292/525
f 805/303/539 806/298/532 807/304/540
f 808/298/532 809/282/515 810/305/541
f 811/299/535 812/302/542 813/306/543
f 814/307/544 815/308/545 816/309/546
f 817/310/547 818/305/548 819/311/549
f 820/312/550 821/313/551 822/314/552
f 823/315/553 824/316/554 825/312/555
f 826/317/556 827/314/557 828/318/558
f 829/319/559 830/320/560 831/321/561
f 832/322/562 833/323/563 834/324/564
f 835/325/565 836/326/566 837/327/567
f 838/317/556 839/318/568 840/328/569
f 841/329/570 842/314/552 843/330/571
f 844/331/572 845/332/573 846/333/574
f 847/334/575 848/332/576 849/335/577
f 850/336/578 851/322/579 852/337/580
f 853/338/581 854/324/564 855/339/582
f 856/339/583 857/340/584 858/341/585
f 859/342/586 860/328/569 861/343/587
f 862/334/575 863/344/588 864/343/587
f 865/335/589 866/345/590 867/344/591
f 868/346/592 869/343/587 870/328/569
f 871/347/593 872/348/594 873/349/595
f 874/334/575 875/335/589 876/344/588
f 877/345/590 878/347/596 879/349/597
f 880/335/589 881/347/593 882/345/590
f 883/334/575 884/343/587 885/346/598
f 886/317/556 887/328/569 888/342/586
f 889/329/599 890/346/598 891/318/568
f 892/350/600 893/351/601 894/329/602
f 895/352/603 896/346/598 897/329/570
f 898/318/568 899/346/604 900/328/569
f 901/329/605 902/318/568 903/314/552
f 904/353/606 905/354/607 906/355/608
f 907/355/609 908/354/607 909/356/610
f 910/357/611 911/358/612 912/359/613
f 913/335/589 914/360/614 915/347/596
f 916/347/596 917/360/615 918/361/616
f 919/352/617 920/332/576 921/346/618
f 922/332/576 923/334/575 924/346/598
f 925/362/619 926/335/589 927/332/576
f 928/350/600 929/329/599 930/330/571
f 931/363/620 932/364/621 933/365/622
f 934/364/623 935/366/624 936/365/622
f 937/367/625 938/368/626 939/369/572
f 940/368/626 941/370/627 942/369/572
f 943/371/614 944/372/619 945/373/628
f 946/374/629 947/373/628 948/372/630
f 949/375/616 950/371/614 951/376/631
f 952/371/614 953/373/632 954/376/631
f 955/284/517 956/283/516 957/377/633
f 958/378/634 959/348/635 960/379/636
f 961/380/637 962/381/638 963/382/639
f 964/380/637 965/382/640 966/383/641
f 967/348/635 968/384/638 969/379/636
f 970/347/642 971/385/613 972/348/635
f 973/378/634 974/284/517 975/377/633
f 976/356/547 977/386/643 978/355/644
f 979/387/637 980/388/645 981/379/636
f 982/311/549 983/284/517 984/389/646
f 985/379/636 986/388/645 987/284/647
f 988/390/648 989/386/649 990/391/650
f 991/284/517 992/388/645 993/389/651
f 994/391/645 995/383/652 996/390/648
f 997/379/636 998/284/517 999/378/634
f 1000/311/549 1001/389/643 1002/310/610
f 1003/305/653 1004/282/515 1005/311/549
f 1006/304/540 1007/392/654 1008/393/655
f 1009/394/656 1010/305/653 1011/310/610
f 1012/298/532 1013/305/548 1014/304/540
f 1015/304/540 1016/394/656 1017/392/657
f 1018/304/540 1019/305/548 1020/394/658
f 1021/395/659 1022/313/551 1023/304/540
f 1024/393/655 1025/395/660 1026/304/540
f 1027/395/660 1028/314/552 1029/313/551
f 1030/312/555 1031/314/552 1032/315/553
f 1033/303/661 1034/304/540 1035/313/551
f 1036/289/662 1037/396/663 1038/283/516
f 1039/282/515 1040/284/517 1041/311/549
f 1042/288/664 1043/396/663 1044/289/533
f 1045/289/522 1046/283/516 1047/282/515
f 1048/290/531 1049/282/515 1050/298/532
f 1051/297/530 1052/298/532 1053/303/661
f 1054/365/665 1055/366/624 1056/365/666
f 1057/365/667 1058/366/624 1059/397/668
f 1060/398/669 1061/399/656 1062/400/607
f 1063/401/547 1064/400/607 1065/399/656
f 1066/402/670 1067/403/671 1068/404/552
f 1069/403/672 1070/405/571 1071/404/552
f 1072/399/656 1073/398/669 1074/406/654
f 1075/398/673 1076/407/674 1077/406/657
f 1078/407/674 1079/408/655 1080/406/654
f 1081/402/670 1082/409/660 1083/407/674
f 1084/409/660 1085/408/655 1086/407/674
f 1087/410/675 1088/376/631 1089/411/676
f 1090/376/631 1091/373/677 1092/411/676
f 1093/374/678 1094/412/679 1095/373/632
f 1096/411/676 1097/373/628 1098/412/680
f 1099/390/648 1100/383/641 1101/353/606
f 1102/383/641 1103/413/681 1104/353/606
f 1105/382/682 1106/413/681 1107/383/652
f 1108/358/612 1109/358/683 1110/382/684
f 1111/358/685 1112/413/686 1113/382/639
f 1114/295/528 1115/297/687 1116/303/539
f 1117/313/551 1118/414/688 1119/303/539
f 1120/295/528 1121/303/661 1122/414/688
f 1123/296/689 1124/295/528 1125/414/688
f 1126/415/690 1127/291/524 1128/416/691
f 1129/291/692 1130/417/693 1131/416/694
f 1132/415/695 1133/292/525 1134/291/692
f 1135/301/537 1136/307/544 1137/302/542
f 1138/292/525 1139/302/696 1140/299/535
f 1141/415/697 1142/301/537 1143/292/525
f 1144/292/525 1145/300/536 1146/293/526
f 1147/291/698 1148/293/526 1149/417/693
f 1150/321/561 1151/320/560 1152/418/699
f 1153/336/700 1154/419/701 1155/320/560
f 1156/300/536 1157/320/560 1158/419/701
f 1159/420/702 1160/421/703 1161/422/563
f 1162/421/703 1163/423/704 1164/422/563
f 1165/424/561 1166/425/705 1167/426/559
f 1168/425/706 1169/427/707 1170/428/708
f 1171/336/578 1172/319/709 1173/429/708
f 1174/430/710 1175/431/711 1176/432/712
f 1177/433/713 1178/432/712 1179/431/714
f 1180/434/715 1181/425/716 1182/424/561
f 1183/435/717 1184/434/718 1185/436/699
f 1186/437/719 1187/435/717 1188/438/720
f 1189/418/699 1190/320/560 1191/300/536
f 1192/439/721 1193/418/699 1194/300/536
f 1195/306/722 1196/439/720 1197/299/535
f 1198/435/717 1199/436/723 1200/438/724
f 1201/299/535 1202/439/725 1203/300/536
f 1204/306/722 1205/302/696 1206/440/726
f 1207/441/727 1208/307/544 1209/309/546
f 1210/440/728 1211/307/544 1212/441/729
f 1213/442/554 1214/443/730 1215/444/545
f 1216/440/728 1217/302/542 1218/307/544
f 1219/307/544 1220/445/731 1221/308/732
f 1222/446/733 1223/445/731 1224/307/544
f 1225/447/734 1226/446/733 1227/301/537
f 1228/448/735 1229/445/731 1230/446/736
f 1231/296/529 1232/449/737 1233/294/527
f 1234/446/736 1235/307/544 1236/301/537
f 1237/447/734 1238/301/537 1239/415/697
f 1240/296/689 1241/450/735 1242/449/737
f 1243/449/737 1244/448/735 1245/446/733
f 1246/449/737 1247/446/736 1248/447/738
f 1249/451/731 1250/312/550 1251/316/554
f 1252/445/739 1253/452/554 1254/308/545
f 1255/317/556 1256/325/740 1257/452/741
f 1258/453/742 1259/317/556 1260/342/586
f 1261/453/742 1262/342/586 1263/341/585
f 1264/454/710 1265/455/743 1266/324/564
f 1267/341/585 1268/326/744 1269/453/742
f 1270/456/745 1271/326/746 1272/455/743
f 1273/455/743 1274/326/566 1275/340/584
f 1276/341/585 1277/340/584 1278/326/566
f 1279/340/584 1280/324/747 1281/455/743
f 1282/456/748 1283/455/743 1284/457/749
f 1285/458/750 1286/459/751 1287/460/752
f 1288/460/753 1289/459/749 1290/461/754
f 1291/462/755 1292/463/756 1293/464/757
f 1294/464/758 1295/463/759 1296/465/760
f 1297/325/565 1298/327/567 1299/452/554
f 1300/453/742 1301/326/761 1302/325/740
f 1303/456/745 1304/466/755 1305/327/762
f 1306/467/757 1307/327/567 1308/466/755
f 1309/452/554 1310/327/762 1311/468/763
f 1312/468/763 1313/327/762 1314/469/764
f 1315/327/765 1316/326/566 1317/456/748
f 1318/453/742 1319/325/565 1320/317/556
f 1321/324/564 1322/340/584 1323/339/583
f 1324/322/579 1325/324/564 1326/338/581
f 1327/322/562 1328/338/581 1329/337/766
f 1330/470/767 1331/322/579 1332/429/708
f 1333/322/562 1334/471/702 1335/323/768
f 1336/427/707 1337/425/769 1338/427/770
f 1339/425/706 1340/472/771 1341/427/772
f 1342/473/773 1343/460/774 1344/461/754
f 1345/460/775 1346/461/754 1347/460/774
f 1348/474/776 1349/475/729 1350/476/777
f 1351/476/778 1352/475/727 1353/477/546
f 1354/475/727 1355/474/779 1356/478/726
f 1357/479/780 1358/480/781 1359/421/703
f 1360/421/703 1361/480/781 1362/423/782
f 1363/474/779 1364/481/783 1365/478/726
f 1366/478/726 1367/481/783 1368/482/543
f 1369/437/719 1370/483/784 1371/435/785
f 1372/435/717 1373/483/784 1374/434/715
f 1375/483/784 1376/472/786 1377/434/718
f 1378/434/718 1379/472/786 1380/425/705
f 1381/465/787 1382/484/788 1383/485/763
f 1384/484/788 1385/486/789 1386/485/790
f 1387/443/730 1388/476/777 1389/444/545
f 1390/444/545 1391/476/777 1392/477/546
f 1393/487/791 1394/416/792 1395/488/793
f 1396/489/794 1397/488/793 1398/490/795
f 1399/491/796 1400/489/797 1401/492/798
f 1402/288/799 1403/491/796 1404/492/800
f 1405/492/800 1406/489/794 1407/490/795
f 1408/489/797 1409/487/791 1410/488/801
f 1411/493/802 1412/415/697 1413/416/803
f 1414/494/804 1415/491/796 1416/288/664
f 1417/290/531 1418/494/804 1419/288/664
f 1420/487/791 1421/493/802 1422/416/694
f 1423/489/797 1424/495/805 1425/487/791
f 1426/494/804 1427/496/806 1428/491/796
f 1429/496/806 1430/489/797 1431/491/796
f 1432/495/805 1433/493/802 1434/487/791
f 1435/297/530 1436/287/807 1437/290/531
f 1438/287/807 1439/497/808 1440/290/531
f 1441/497/808 1442/494/804 1443/290/523
f 1444/497/808 1445/496/806 1446/494/804
f 1447/498/809 1448/447/734 1449/415/697
f 1450/499/810 1451/498/809 1452/415/697
f 1453/495/805 1454/499/810 1455/493/802
f 1456/493/802 1457/499/810 1458/415/695
f 1459/500/811 1460/501/812 1461/502/813
f 1462/503/814 1463/504/815 1464/505/816
f 1465/504/817 1466/506/818 1467/507/819
f 1468/507/820 1469/508/821 1470/509/822
f 1471/503/814 1472/510/823 1473/511/824
f 1474/511/825 1475/512/826 1476/285/518
f 1477/513/827 1478/285/518 1479/287/807
f 1480/514/828 1481/285/518 1482/513/827
f 1483/515/829 1484/511/825 1485/514/830
f 1486/515/829 1487/506/831 1488/503/814
f 1489/508/832 1490/506/818 1491/516/833
f 1492/498/809 1493/508/821 1494/517/834
f 1495/297/530 1496/513/827 1497/287/520
f 1498/295/835 1499/513/827 1500/297/530
f 1501/294/527 1502/514/830 1503/295/528
f 1504/294/527 1505/449/737 1506/516/836
f 1507/517/834 1508/516/836 1509/449/737
f 1510/498/809 1511/517/834 1512/447/837
f 1513/295/528 1514/514/830 1515/513/838
f 1516/514/828 1517/511/825 1518/285/839
f 1519/294/527 1520/515/829 1521/514/828
f 1522/294/527 1523/516/833 1524/515/829
f 1525/517/840 1526/449/841 1527/447/734
f 1528/508/821 1529/516/833 1530/517/834
f 1531/509/822 1532/508/821 1533/498/842
f 1534/285/518 1535/512/843 1536/286/519
f 1537/515/829 1538/503/814 1539/511/844
f 1540/511/825 1541/510/811 1542/512/813
f 1543/503/814 1544/505/816 1545/510/823
f 1546/515/829 1547/516/836 1548/506/818
f 1549/507/819 1550/506/818 1551/508/821
f 1552/503/814 1553/506/845 1554/504/815
f 1555/497/808 1556/518/846 1557/519/847
f 1558/520/848 1559/521/849 1560/499/810
f 1561/522/850 1562/523/851 1563/524/852
f 1564/522/850 1565/525/853 1566/520/854
f 1567/495/805 1568/520/848 1569/499/810
f 1570/495/805 1571/522/855 1572/520/854
f 1573/496/806 1574/522/855 1575/526/856
f 1576/497/808 1577/519/857 1578/496/806
f 1579/496/806 1580/526/856 1581/489/794
f 1582/526/856 1583/495/805 1584/489/794
f 1585/526/856 1586/522/855 1587/495/805
f 1588/496/806 1589/519/858 1590/522/855
f 1591/519/858 1592/523/851 1593/522/850
f 1594/522/850 1595/524/852 1596/525/853
f 1597/520/848 1598/525/853 1599/521/859
f 1600/519/847 1601/518/860 1602/523/851
f 1603/527/861 1604/518/846 1605/497/808
f 1606/287/520 1607/527/862 1608/497/808
f 1609/521/863 1610/528/864 1611/499/810
f 1612/528/864 1613/498/842 1614/499/810
f 1615/527/861 1616/529/865 1617/518/860
f 1618/498/809 1619/530/866 1620/509/867
f 1621/518/846 1622/531/868 1623/523/851
f 1624/532/869 1625/533/870 1626/534/865
f 1627/535/822 1628/533/871 1629/501/872
f 1630/536/873 1631/537/868 1632/534/874
f 1633/501/875 1634/538/876 1635/539/877
f 1636/535/519 1637/533/878 1638/532/879
f 1639/524/852 1640/531/868 1641/540/880
f 1642/521/849 1643/541/881 1644/542/882
f 1645/524/852 1646/541/881 1647/525/853
f 1648/502/826 1649/501/812 1650/535/519
f 1651/535/519 1652/501/812 1653/533/878
f 1654/527/861 1655/286/879 1656/529/883
f 1657/287/807 1658/286/884 1659/286/879
f 1660/287/520 1661/286/879 1662/527/861
f 1663/538/876 1664/501/885 1665/539/877
f 1666/518/846 1667/529/883 1668/531/886
f 1669/538/887 1670/536/873 1671/533/878
f 1672/536/873 1673/534/883 1674/533/878
f 1675/538/876 1676/543/888 1677/536/873
f 1678/544/889 1679/539/890 1680/501/812
f 1681/500/823 1682/544/891 1683/501/812
f 1684/538/876 1685/533/878 1686/501/812
f 1687/501/872 1688/539/890 1689/544/889
f 1690/543/888 1691/537/892 1692/545/893
f 1693/543/888 1694/537/868 1695/536/873
f 1696/543/888 1697/545/893 1698/537/868
f 1699/523/851 1700/531/868 1701/524/852
f 1702/500/817 1703/544/889 1704/546/816
f 1705/546/816 1706/544/889 1707/500/811
f 1708/501/894 1709/500/817 1710/502/819
f 1711/524/852 1712/540/895 1713/541/892
f 1714/536/896 1715/537/892 1716/543/888
f 1717/533/871 1718/536/896 1719/538/887
f 1720/536/896 1721/543/888 1722/538/876
f 1723/533/871 1724/538/876 1725/501/872
f 1726/534/882 1727/533/871 1728/547/897
f 1729/547/866 1730/533/871 1731/535/822
f 1732/525/853 1733/541/892 1734/521/863
f 1735/535/822 1736/501/872 1737/502/898
f 1738/501/872 1739/544/891 1740/500/815
f 1741/534/899 1742/537/892 1743/536/896
f 1744/534/882 1745/536/896 1746/533/871
f 1747/521/849 1748/542/900 1749/528/864
f 1750/528/864 1751/542/882 1752/530/866
f 1753/528/864 1754/530/866 1755/498/842
f 1756/402/670 1757/404/552 1758/409/660
f 1759/315/553 1760/314/552 1761/317/556
f 1762/317/556 1763/316/554 1764/315/553
f 1765/355/609 1766/386/643 1767/390/648
f 1768/390/648 1769/353/606 1770/355/609
f 1771/380/637 1772/383/652 1773/391/645
f 1774/379/636 1775/384/638 1776/387/637
f 1777/443/730 1778/442/554 1779/548/901
f 1780/548/902 1781/442/554 1782/549/763
f 1783/336/700 1784/320/560 1785/319/559
f 1786/436/699 1787/434/718 1788/424/561
f 1789/550/543 1790/437/903 1791/438/720
f 1792/483/784 1793/437/904 1794/551/783
f 1795/550/722 1796/551/783 1797/437/903
f 1798/322/579 1799/470/767 1800/471/702
f 1801/420/702 1802/552/767 1803/421/703
f 1804/427/707 1805/421/703 1806/552/767
f 1807/427/772 1808/479/780 1809/427/707
f 1810/427/707 1811/479/780 1812/421/905
f 1813/358/685 1814/358/612 1815/410/675
f 1816/358/612 1817/376/906 1818/410/675
f 1819/375/616 1820/376/631 1821/357/611
f 1822/376/631 1823/358/612 1824/357/611
f 1825/347/593 1826/361/616 1827/553/611
f 1828/428/708 1829/427/707 1830/552/767
f 1831/425/716 1832/428/708 1833/426/559
f 1834/359/613 1835/382/640 1836/381/638
f 1837/348/594 1838/385/613 1839/384/907
f 1840/359/613 1841/358/612 1842/382/639
f 1843/554/764 1844/465/908 1845/485/763
f 1846/469/764 1847/327/567 1848/467/758
f 1849/352/909 1850/555/621 1851/556/910
f 1852/553/611 1853/385/613 1854/347/593
f 1855/429/708 1856/322/579 1857/336/700
f 1858/433/713 1859/431/911 1860/557/912
f 1861/558/913 1862/557/914 1863/431/911
f 1864/559/915 1865/370/627 1866/560/916
f 1867/370/627 1868/368/626 1869/560/916
f 1870/323/563 1871/454/710 1872/324/747
f 1873/422/563 1874/423/917 1875/430/710
f 1876/431/911 1877/430/918 1878/423/917
f 1879/431/714 1880/423/704 1881/558/919
f 1882/480/781 1883/558/913 1884/423/917
f 1885/454/710 1886/561/712 1887/455/743
f 1888/457/749 1889/455/920 1890/561/712
f 1891/459/751 1892/432/712 1893/461/754
f 1894/461/754 1895/432/712 1896/433/921
f 1897/557/914 1898/473/773 1899/433/921
f 1900/473/773 1901/461/754 1902/433/921
f 1903/456/745 1904/457/749 1905/562/922
f 1906/333/574 1907/352/603 1908/556/910
f 1909/363/923 1910/365/622 1911/367/625
f 1912/365/924 1913/368/626 1914/367/574
f 1915/560/916 1916/368/626 1917/365/666
f 1918/368/626 1919/365/665 1920/365/666
f 1921/333/574 1922/332/576 1923/352/603
f 1924/362/619 1925/332/576 1926/331/572
f 1927/372/619 1928/369/572 1929/374/925
f 1930/370/926 1931/374/678 1932/369/572
f 1933/370/926 1934/559/927 1935/374/629
f 1936/412/680 1937/374/629 1938/559/915
f 1939/360/614 1940/335/577 1941/362/619
f 1942/563/928 1943/484/788 1944/463/759
f 1945/463/756 1946/484/788 1947/465/787
f 1948/564/929 1949/565/601 1950/566/600
f 1951/564/929 1952/567/930 1953/568/931
f 1954/568/932 1955/567/571 1956/569/933
f 1957/554/764 1958/464/758 1959/465/787
f 1960/564/929 1961/566/600 1962/567/571
f 1963/466/934 1964/456/745 1965/562/935
f 1966/458/922 1967/460/752 1968/462/934
f 1969/463/756 1970/462/755 1971/460/752
f 1972/460/775 1973/460/774 1974/463/756
f 1975/460/774 1976/563/928 1977/463/756
f 1978/352/617 1979/329/605 1980/555/623
f 1981/329/599 1982/351/601 1983/555/621
f 1984/364/623 1985/565/936 1986/366/624
f 1987/565/601 1988/564/929 1989/366/624
f 1990/564/929 1991/568/931 1992/366/624
f 1993/397/937 1994/366/624 1995/568/932
f 1996/570/938 1997/571/939 1998/572/940
f 1999/573/941 2000/571/942 2001/574/943
f 2002/575/944 2003/576/945 2004/577/946
f 2005/577/946 2006/576/945 2007/578/947
f 2008/579/948 2009/580/949 2010/581/950
f 2011/582/951 2012/583/952 2013/584/948
f 2014/570/953 2015/585/954 2016/582/951
f 2017/572/940 2018/586/955 2019/587/956
f 2020/588/957 2021/589/941 2022/575/958
f 2023/581/950 2024/580/949 2025/578/947
f 2026/583/952 2027/585/954 2028/590/959
f 2029/585/954 2030/591/960 2031/592/961
f 2032/593/962 2033/592/961 2034/591/963
f 2035/578/947 2036/594/964 2037/595/965
f 2038/596/966 2039/597/967 2040/598/968
f 2041/598/969 2042/597/967 2043/599/970
f 2044/600/971 2045/595/965 2046/601/972
f 2047/595/973 2048/594/964 2049/601/972
f 2050/602/974 2051/313/551 2052/312/555
f 2053/600/971 2054/601/972 2055/377/633
f 2056/377/633 2057/603/975 2058/378/634
f 2059/377/633 2060/601/972 2061/603/976
f 2062/378/634 2063/603/975 2064/604/977
f 2065/341/585 2066/342/586 2067/605/978
f 2068/378/634 2069/604/977 2070/606/979
f 2071/607/980 2072/337/981 2073/608/982
f 2074/338/581 2075/339/583 2076/609/983
f 2077/339/582 2078/341/585 2079/610/984
f 2080/341/585 2081/605/978 2082/611/985
f 2083/611/986 2084/343/587 2085/612/987
f 2086/612/987 2087/344/588 2088/613/988
f 2089/345/590 2090/614/989 2091/613/990
f 2092/608/991 2093/615/992 2094/607/980
f 2095/606/993 2096/604/977 2097/616/994
f 2098/343/587 2099/344/591 2100/612/987
f 2101/344/588 2102/345/590 2103/613/990
f 2104/345/590 2105/349/995 2106/614/989
f 2107/349/995 2108/606/993 2109/614/996
f 2110/378/634 2111/606/979 2112/348/635
f 2113/348/594 2114/606/979 2115/349/595
f 2116/342/586 2117/343/587 2118/605/978
f 2119/605/978 2120/343/587 2121/611/985
f 2122/600/997 2123/578/947 2124/595/965
f 2125/600/997 2126/283/516 2127/396/998
f 2128/377/999 2129/283/516 2130/600/971
f 2131/600/997 2132/396/998 2133/577/1000
f 2134/288/521 2135/617/1001 2136/396/663
f 2137/577/1000 2138/396/663 2139/617/1001
f 2140/600/971 2141/577/1000 2142/578/947
f 2143/578/947 2144/580/949 2145/594/964
f 2146/579/948 2147/618/1002 2148/580/949
f 2149/588/1003 2150/577/946 2151/617/1001
f 2152/578/947 2153/576/945 2154/581/950
f 2155/575/1004 2156/589/941 2157/619/943
f 2158/620/1005 2159/597/967 2160/596/966
f 2161/296/529 2162/414/688 2163/620/1006
f 2164/620/1005 2165/414/688 2166/597/967
f 2167/602/974 2168/414/688 2169/313/551
f 2170/599/1007 2171/602/974 2172/312/550
f 2173/602/974 2174/597/967 2175/414/688
f 2176/599/1008 2177/597/967 2178/602/1009
f 2179/572/1010 2180/585/954 2181/570/953
f 2182/582/951 2183/585/954 2184/583/952
f 2185/584/948 2186/583/952 2187/621/1002
f 2188/571/939 2189/586/955 2190/572/1010
f 2191/585/954 2192/572/940 2193/591/963
f 2194/590/959 2195/585/954 2196/592/961
f 2197/590/959 2198/592/1011 2199/593/962
f 2200/417/1012 2201/293/526 2202/591/960
f 2203/587/956 2204/417/693 2205/572/1010
f 2206/416/691 2207/417/693 2208/587/956
f 2209/572/940 2210/417/1012 2211/591/960
f 2212/622/1013 2213/623/1014 2214/593/962
f 2215/293/526 2216/622/1015 2217/591/963
f 2218/300/536 2219/622/1013 2220/293/526
f 2221/591/963 2222/622/1013 2223/593/962
f 2224/419/701 2225/624/1016 2226/623/1017
f 2227/622/1013 2228/419/701 2229/623/1017
f 2230/300/536 2231/419/701 2232/622/1013
f 2233/599/1007 2234/312/550 2235/625/1018
f 2236/620/1006 2237/450/735 2238/296/529
f 2239/625/1018 2240/312/555 2241/451/731
f 2242/450/735 2243/625/1018 2244/451/731
f 2245/626/1019 2246/625/1018 2247/450/735
f 2248/626/1019 2249/450/735 2250/620/1005
f 2251/596/966 2252/626/1019 2253/620/1005
f 2254/598/968 2255/626/1019 2256/596/966
f 2257/599/1008 2258/625/1020 2259/626/1019
f 2260/599/970 2261/626/1019 2262/598/969
f 2263/341/585 2264/611/986 2265/610/984
f 2266/339/583 2267/610/984 2268/609/1021
f 2269/608/991 2270/338/581 2271/609/983
f 2272/337/981 2273/338/581 2274/608/991
f 2275/624/1016 2276/607/980 2277/627/1022
f 2278/419/701 2279/607/1023 2280/624/1016
f 2281/336/700 2282/607/1023 2283/419/701
f 2284/336/578 2285/337/580 2286/607/1023
f 2287/488/801 2288/587/956 2289/586/955
f 2290/490/795 2291/488/793 2292/586/955
f 2293/588/957 2294/490/795 2295/589/941
f 2296/617/1001 2297/492/798 2298/588/957
f 2299/288/799 2300/492/800 2301/617/1001
f 2302/492/800 2303/490/795 2304/588/1003
f 2305/488/801 2306/416/803 2307/587/956
f 2308/490/795 2309/586/955 2310/573/941
f 2311/588/957 2312/575/1004 2313/577/1000
f 2314/573/941 2315/586/955 2316/571/939
f 2317/628/1024 2318/609/983 2319/610/984
f 2320/629/1025 2321/610/984 2322/611/986
f 2323/629/1025 2324/612/987 2325/630/1026
f 2326/630/1026 2327/613/988 2328/631/1027
f 2329/631/1027 2330/614/996 2331/632/1028
f 2332/632/1028 2333/614/989 2334/606/993
f 2335/616/994 2336/632/1029 2337/606/993
f 2338/631/1027 2339/632/1029 2340/633/1030
f 2341/633/1031 2342/632/1029 2343/616/994
f 2344/630/1026 2345/631/1027 2346/634/1032
f 2347/634/1032 2348/631/1027 2349/633/1031
f 2350/629/1025 2351/630/1026 2352/635/1033
f 2353/635/1033 2354/630/1034 2355/634/1032
f 2356/636/1035 2357/628/1036 2358/635/1033
f 2359/628/1024 2360/629/1025 2361/635/1033
f 2362/628/1024 2363/636/1035 2364/637/1037
f 2365/638/1038 2366/637/1037 2367/636/1035
f 2368/608/991 2369/609/983 2370/637/1037
f 2371/637/1037 2372/638/1039 2373/615/1040
f 2374/615/1040 2375/638/1038 2376/627/1022
f 2377/607/980 2378/615/1040 2379/627/1022
f 2380/631/1027 2381/613/990 2382/614/989
f 2383/630/1026 2384/612/987 2385/613/990
f 2386/629/1025 2387/611/986 2388/612/987
f 2389/628/1024 2390/610/984 2391/629/1025
f 2392/637/1037 2393/609/1021 2394/628/1024
f 2395/608/982 2396/637/1037 2397/615/992
