# Blender 3.6.5
# www.blender.org
mtllib skin00_081b.mtl
o bodyShape_node240
v -0.001949 0.056201 0.002901
v -0.002249 0.056216 0.002736
v -0.001332 0.054550 0.004607
v -0.003474 0.060652 -0.006558
v -0.002297 0.058874 -0.005003
v -0.004043 0.058893 -0.004986
v 0.005274 0.058022 -0.008394
v 0.006028 0.057303 -0.007819
v 0.004039 0.058893 -0.004986
v 0.007271 0.055565 -0.009765
v 0.007074 0.057700 -0.007686
v 0.006028 0.057303 -0.007819
v 0.003471 0.060652 -0.006558
v 0.004039 0.058893 -0.004986
v 0.002293 0.058874 -0.005003
v 0.000869 0.058098 -0.000743
v 0.001100 0.057746 -0.001102
v 0.000000 0.058073 -0.001187
v 0.001949 0.056201 0.002901
v 0.001332 0.054550 0.004611
v 0.002249 0.056216 0.002736
v -0.002923 0.056423 -0.001364
v -0.003424 0.056669 -0.001262
v -0.002614 0.056976 -0.001364
v -0.003618 0.057202 -0.000798
v -0.001100 0.057746 -0.001102
v -0.003618 0.057202 -0.000798
v -0.001403 0.057981 0.000024
v -0.003077 0.057560 0.000024
v -0.002249 0.056216 0.002736
v -0.002195 0.056672 0.002245
v -0.002494 0.057090 0.001536
v -0.002031 0.057156 0.001748
v -0.002494 0.057090 0.001536
v -0.001658 0.057822 0.000900
v -0.002708 0.057436 0.000834
v -0.001403 0.057981 0.000024
v -0.003077 0.057560 0.000024
v 0.002923 0.056423 -0.001364
v 0.002614 0.056976 -0.001364
v 0.003424 0.056669 -0.001262
v 0.002614 0.056976 -0.001364
v 0.003618 0.057202 -0.000798
v 0.001100 0.057746 -0.001102
v 0.003618 0.057202 -0.000798
v 0.001403 0.057981 0.000024
v 0.003077 0.057560 0.000024
v 0.002249 0.056216 0.002736
v 0.002494 0.057090 0.001536
v 0.002195 0.056672 0.002245
v 0.002494 0.057090 0.001536
v 0.002031 0.057156 0.001748
v 0.002494 0.057090 0.001536
v 0.001658 0.057822 0.000900
v 0.002708 0.057436 0.000834
v 0.001403 0.057981 0.000024
v 0.003077 0.057560 0.000024
v 0.002633 0.053131 0.004647
v 0.002070 0.054603 0.004288
v 0.001694 0.053101 0.005032
v 0.001332 0.054550 0.004611
v 0.000675 0.053039 0.005021
v 0.002070 0.054603 0.004288
v 0.001951 0.056250 0.003243
v 0.001332 0.054550 0.004611
v 0.000000 0.061202 -0.000723
v 0.000882 0.061118 -0.000154
v 0.000000 0.061063 -0.000723
v 0.000882 0.061118 -0.000154
v 0.000882 0.060979 -0.000154
v 0.001088 0.061015 0.000828
v 0.001088 0.060877 0.000828
v 0.000897 0.060667 0.001598
v 0.000897 0.060528 0.001598
v 0.000897 0.060667 0.001598
v 0.000000 0.060288 0.001879
v 0.000000 0.060426 0.001879
v 0.000000 0.060288 0.001879
v -0.000897 0.060667 0.001598
v -0.000897 0.060528 0.001598
v -0.000897 0.060667 0.001598
v -0.001088 0.060877 0.000828
v -0.001088 0.061015 0.000828
v -0.000882 0.060979 -0.000154
v -0.000882 0.061118 -0.000154
v 0.000000 0.061063 -0.000723
v 0.000000 0.061202 -0.000723
v 0.000000 0.058073 -0.001187
v -0.001100 0.057746 -0.001102
v -0.000869 0.058098 -0.000743
v -0.001100 0.057746 -0.001102
v -0.001226 0.058098 0.000026
v -0.001403 0.057981 0.000024
v -0.002633 0.053131 0.004647
v -0.002070 0.054603 0.004288
v -0.002070 0.054603 0.004288
v -0.001951 0.056250 0.003243
v -0.005692 0.072256 0.001177
v -0.005786 0.070538 -0.000090
v -0.004133 0.071307 0.001297
v -0.005786 0.070538 -0.000090
v -0.002806 0.070011 0.001405
v -0.005523 0.068864 -0.001436
v -0.005523 0.068864 -0.001436
v -0.005786 0.070538 -0.000090
v -0.005503 0.069252 -0.002356
v -0.005669 0.070599 -0.001106
v -0.004519 0.070370 -0.001829
v -0.005669 0.070599 -0.001106
v -0.005394 0.072155 0.000191
v -0.005786 0.070538 -0.000090
v -0.005692 0.072256 0.001177
v -0.002806 0.070011 0.001405
v -0.002865 0.070944 -0.000969
v -0.004133 0.071307 0.001297
v -0.003995 0.071626 -0.000268
v -0.005692 0.072256 0.001177
v -0.003995 0.071626 -0.000268
v -0.005394 0.072155 0.000191
v -0.003995 0.071626 -0.000268
v -0.004519 0.070370 -0.001829
v -0.002865 0.070944 -0.000969
v -0.004248 0.057146 -0.001296
v -0.004101 0.055954 -0.001672
v -0.004142 0.056911 -0.001012
v -0.004101 0.055954 -0.001672
v -0.004018 0.055899 -0.001332
v -0.004101 0.055954 -0.001672
v -0.003971 0.054399 -0.000800
v -0.004035 0.053904 -0.001148
v -0.004201 0.053906 0.000522
v -0.004318 0.053270 0.000510
v -0.004201 0.053906 0.000522
v -0.004263 0.054298 0.001619
v -0.004155 0.054492 0.001463
v -0.004169 0.055638 0.002118
v -0.004075 0.055630 0.001887
v -0.004169 0.055638 0.002118
v -0.004067 0.056598 0.001578
v -0.004159 0.056776 0.001753
v -0.004113 0.057136 0.000952
v -0.004213 0.057411 0.001017
v -0.004119 0.057354 0.000010
v -0.004220 0.057668 -0.000093
v -0.004142 0.056911 -0.001012
v -0.004248 0.057146 -0.001296
v 0.002782 0.051248 0.004588
v 0.004031 0.051357 0.002726
v 0.004073 0.053391 0.002444
v 0.004031 0.051357 0.002726
v 0.004129 0.052515 0.000641
v 0.004031 0.051357 0.002726
v 0.004095 0.051437 0.000657
v 0.004031 0.051357 0.002726
v 0.004103 0.050175 0.000656
v 0.004031 0.051357 0.002726
v 0.003695 0.049898 0.003122
v 0.002782 0.051248 0.004588
v 0.003695 0.049898 0.003122
v 0.002384 0.049842 0.004180
v 0.003695 0.049898 0.003122
v 0.002089 0.048001 0.003991
v 0.003695 0.049898 0.003122
v 0.003640 0.048146 0.002814
v 0.004103 0.050175 0.000656
v 0.004348 0.048384 0.000707
v 0.004103 0.050175 0.000656
v 0.003428 0.048275 -0.000603
v 0.004103 0.050175 0.000656
v 0.002072 0.050778 -0.001200
v 0.004103 0.050175 0.000656
v 0.003091 0.051764 -0.001660
v 0.004095 0.051437 0.000657
v 0.003091 0.051764 -0.001660
v 0.004129 0.052515 0.000641
v 0.003475 0.053626 -0.001848
v 0.004129 0.052515 0.000641
v 0.004318 0.053270 0.000510
v 0.004073 0.053391 0.002444
v 0.004263 0.054298 0.001619
v 0.003773 0.054474 0.002767
v 0.004169 0.055638 0.002118
v 0.003335 0.055887 0.002682
v 0.004159 0.056776 0.001753
v 0.003082 0.057119 0.001957
v 0.004159 0.056776 0.001753
v 0.003467 0.057699 0.000968
v 0.004213 0.057411 0.001017
v 0.003467 0.057699 0.000968
v 0.004220 0.057668 -0.000093
v 0.003613 0.057942 -0.000204
v 0.004248 0.057146 -0.001296
v 0.003613 0.057942 -0.000204
v 0.003699 0.057514 -0.001733
v 0.003613 0.057942 -0.000204
v 0.003479 0.058436 -0.000991
v 0.003613 0.057942 -0.000204
v 0.003304 0.058558 0.000055
v 0.003613 0.057942 -0.000204
v 0.002369 0.058414 0.001101
v 0.003467 0.057699 0.000968
v 0.002369 0.058414 0.001101
v 0.003082 0.057119 0.001957
v 0.002164 0.057242 0.002153
v 0.003082 0.057119 0.001957
v 0.001951 0.056250 0.003243
v 0.003335 0.055887 0.002682
v 0.002070 0.054603 0.004288
v 0.003773 0.054474 0.002767
v 0.004318 0.053270 0.000510
v 0.003475 0.053626 -0.001848
v 0.004035 0.053904 -0.001148
v 0.003475 0.053626 -0.001848
v 0.004101 0.055954 -0.001672
v 0.002847 0.056111 -0.002286
v 0.004101 0.055954 -0.001672
v 0.003699 0.057514 -0.001733
v 0.004248 0.057146 -0.001296
v -0.002633 0.053131 0.004647
v -0.002782 0.051248 0.004588
v -0.001694 0.053101 0.005032
v -0.002782 0.051248 0.004588
v -0.001720 0.051216 0.004948
v -0.002384 0.049842 0.004180
v -0.001720 0.051216 0.004948
v -0.000454 0.049770 0.004803
v -0.001720 0.051216 0.004948
v -0.000501 0.051272 0.005137
v -0.001694 0.053101 0.005032
v -0.000505 0.052250 0.005118
v -0.001694 0.053101 0.005032
v -0.000678 0.053041 0.005041
v -0.001694 0.053101 0.005032
v -0.001332 0.054550 0.004607
v -0.001694 0.053101 0.005032
v -0.002070 0.054603 0.004288
v -0.002633 0.053131 0.004647
v -0.002070 0.054603 0.004288
v -0.001332 0.054550 0.004607
v -0.001951 0.056250 0.003243
v -0.000002 0.066287 -0.007615
v -0.000002 0.062517 -0.012678
v -0.001588 0.066333 -0.006344
v -0.000002 0.062517 -0.012678
v -0.001925 0.061370 -0.011741
v -0.000002 0.058637 -0.015211
v -0.001925 0.061370 -0.011741
v -0.001698 0.060101 -0.011030
v -0.002266 0.060105 -0.008154
v -0.001698 0.060101 -0.011030
v -0.000002 0.059653 -0.008250
v -0.001698 0.060101 -0.011030
v -0.000002 0.059541 -0.010959
v -0.000002 0.058637 -0.015211
v -0.000002 0.059541 -0.010959
v 0.001694 0.060101 -0.011030
v -0.000002 0.059653 -0.008250
v 0.002262 0.060105 -0.008154
v -0.000002 0.059653 -0.008250
v 0.002293 0.058874 -0.005003
v -0.000002 0.059653 -0.008250
v -0.000002 0.058465 -0.005290
v -0.000002 0.059653 -0.008250
v -0.002297 0.058874 -0.005003
v -0.002266 0.060105 -0.008154
v -0.003474 0.060652 -0.006558
v -0.002266 0.060105 -0.008154
v -0.002936 0.063555 -0.007403
v -0.001925 0.061370 -0.011741
v -0.002936 0.063555 -0.007403
v -0.001588 0.066333 -0.006344
v -0.002936 0.063555 -0.007403
v -0.002216 0.066427 -0.006108
v -0.002936 0.063555 -0.007403
v -0.003365 0.064656 -0.005904
v -0.003474 0.060652 -0.006558
v 0.002293 0.058874 -0.005003
v 0.002262 0.060105 -0.008154
v 0.003471 0.060652 -0.006558
v 0.002932 0.063555 -0.007403
v 0.003362 0.064656 -0.005904
v 0.002932 0.063555 -0.007403
v 0.002213 0.066427 -0.006108
v 0.002932 0.063555 -0.007403
v 0.001585 0.066333 -0.006344
v 0.002932 0.063555 -0.007403
v 0.001922 0.061370 -0.011741
v 0.002262 0.060105 -0.008154
v 0.001922 0.061370 -0.011741
v 0.001694 0.060101 -0.011030
v 0.001922 0.061370 -0.011741
v -0.000002 0.058637 -0.015211
v 0.001922 0.061370 -0.011741
v -0.000002 0.062517 -0.012678
v 0.001585 0.066333 -0.006344
v -0.000002 0.066287 -0.007615
v -0.003365 0.064656 -0.005904
v -0.004355 0.062330 -0.007581
v -0.006202 0.064634 -0.004824
v -0.004355 0.062330 -0.007581
v -0.007072 0.062169 -0.006771
v -0.005901 0.058587 -0.009272
v -0.007471 0.058488 -0.008508
v -0.007275 0.055565 -0.009765
v -0.006202 0.064634 -0.004824
v -0.007072 0.062169 -0.006771
v -0.006640 0.063271 -0.004465
v -0.006680 0.060305 -0.004762
v -0.006141 0.061377 -0.003663
v -0.006680 0.060305 -0.004762
v -0.004043 0.058893 -0.004986
v -0.007078 0.057700 -0.007686
v -0.006032 0.057303 -0.007819
v -0.007275 0.055565 -0.009765
v -0.006680 0.060305 -0.004762
v -0.007072 0.062169 -0.006771
v -0.007078 0.057700 -0.007686
v -0.007471 0.058488 -0.008508
v -0.007275 0.055565 -0.009765
v -0.000438 0.046562 0.004078
v -0.000436 0.047113 0.004782
v -0.001780 0.046585 0.003685
v -0.002191 0.047293 0.004133
v -0.003818 0.046610 0.002557
v -0.002191 0.047293 0.004133
v -0.003952 0.047369 0.002915
v -0.002191 0.047293 0.004133
v -0.002089 0.048001 0.003991
v -0.000436 0.047113 0.004782
v -0.002089 0.048001 0.003991
v -0.000471 0.047923 0.004616
v -0.002089 0.048001 0.003991
v -0.000454 0.049770 0.004803
v -0.002089 0.048001 0.003991
v -0.002384 0.049842 0.004180
v -0.003695 0.049898 0.003122
v -0.002782 0.051248 0.004588
v -0.004031 0.051357 0.002726
v -0.002633 0.053131 0.004647
v -0.004031 0.051357 0.002726
v -0.004073 0.053391 0.002444
v -0.004031 0.051357 0.002726
v -0.004129 0.052515 0.000641
v -0.004031 0.051357 0.002726
v -0.004095 0.051437 0.000657
v -0.004031 0.051357 0.002726
v -0.004103 0.050175 0.000656
v -0.003695 0.049898 0.003122
v -0.003640 0.048146 0.002814
v -0.002089 0.048001 0.003991
v -0.003640 0.048146 0.002814
v -0.003952 0.047369 0.002915
v -0.004859 0.047552 0.000740
v -0.003818 0.046610 0.002557
v -0.004656 0.046954 0.000709
v -0.004280 0.046579 0.000729
v -0.004656 0.046954 0.000709
v -0.004022 0.046613 -0.000365
v -0.004859 0.047552 0.000740
v -0.004022 0.046613 -0.000365
v -0.003850 0.047437 -0.000785
v -0.002613 0.046701 -0.000979
v -0.002400 0.047495 -0.001480
v -0.002613 0.046701 -0.000979
v 0.000000 0.047369 -0.001984
v 0.000000 0.046754 -0.001509
v 0.000000 0.047369 -0.001984
v 0.002613 0.046701 -0.000979
v 0.000000 0.047369 -0.001984
v 0.002400 0.047495 -0.001480
v 0.000000 0.047369 -0.001984
v 0.000000 0.048111 -0.001758
v -0.002400 0.047495 -0.001480
v -0.002295 0.048243 -0.001170
v -0.003850 0.047437 -0.000785
v -0.002295 0.048243 -0.001170
v -0.003428 0.048275 -0.000603
v -0.002295 0.048243 -0.001170
v -0.002105 0.050778 -0.001200
v 0.000000 0.050445 -0.001672
v 0.000000 0.051638 -0.002224
v 0.000000 0.050445 -0.001672
v 0.002072 0.050778 -0.001200
v 0.002295 0.048243 -0.001170
v 0.003428 0.048275 -0.000603
v 0.003850 0.047437 -0.000785
v 0.004348 0.048384 0.000707
v 0.004859 0.047552 0.000740
v 0.003640 0.048146 0.002814
v 0.003952 0.047369 0.002915
v 0.002089 0.048001 0.003991
v 0.003952 0.047369 0.002915
v 0.002191 0.047293 0.004133
v 0.003952 0.047369 0.002915
v 0.003818 0.046610 0.002557
v 0.004859 0.047552 0.000740
v 0.004656 0.046954 0.000709
v 0.004859 0.047552 0.000740
v 0.004022 0.046613 -0.000365
v 0.003850 0.047437 -0.000785
v 0.002613 0.046701 -0.000979
v 0.003850 0.047437 -0.000785
v 0.002400 0.047495 -0.001480
v 0.002295 0.048243 -0.001170
v 0.000000 0.048111 -0.001758
v 0.000000 0.050445 -0.001672
v -0.002295 0.048243 -0.001170
v 0.004022 0.046613 -0.000365
v 0.004656 0.046954 0.000709
v 0.004280 0.046579 0.000729
v 0.003818 0.046610 0.002557
v 0.003818 0.046610 0.002557
v 0.002191 0.047293 0.004133
v 0.001780 0.046585 0.003685
v 0.000436 0.047113 0.004782
v 0.000438 0.046562 0.004078
v 0.002191 0.047293 0.004133
v 0.002089 0.048001 0.003991
v 0.000436 0.047113 0.004782
v 0.002089 0.048001 0.003991
v 0.000471 0.047923 0.004616
v 0.002089 0.048001 0.003991
v 0.000454 0.049770 0.004803
v 0.002384 0.049842 0.004180
v 0.000454 0.049770 0.004803
v 0.001720 0.051216 0.004948
v 0.000501 0.051272 0.005137
v 0.001694 0.053101 0.005032
v 0.000505 0.052250 0.005124
v 0.000675 0.053039 0.005021
v 0.002384 0.049842 0.004180
v 0.002782 0.051248 0.004588
v 0.001720 0.051216 0.004948
v 0.002782 0.051248 0.004588
v 0.001694 0.053101 0.005032
v 0.002633 0.053131 0.004647
v -0.007772 0.063286 -0.014374
v -0.007520 0.064339 -0.010832
v -0.008092 0.065951 -0.011332
v -0.007520 0.064339 -0.010832
v -0.007414 0.066437 -0.006949
v -0.006763 0.064919 -0.006861
v -0.007414 0.066437 -0.006949
v -0.006202 0.064634 -0.004824
v -0.007414 0.066437 -0.006949
v -0.006789 0.066396 -0.004916
v -0.007209 0.068127 -0.007248
v -0.006233 0.068783 -0.004793
v -0.007209 0.068127 -0.007248
v -0.005132 0.070209 -0.004642
v -0.005861 0.069699 -0.007550
v -0.003211 0.070559 -0.004576
v -0.003703 0.068612 -0.007820
v -0.002216 0.066427 -0.006108
v -0.003677 0.066505 -0.008116
v -0.003365 0.064656 -0.005904
v -0.004661 0.065006 -0.007548
v -0.006202 0.064634 -0.004824
v -0.004661 0.065006 -0.007548
v -0.006763 0.064919 -0.006861
v -0.006075 0.064215 -0.011244
v -0.007520 0.064339 -0.010832
v -0.007772 0.063286 -0.014374
v -0.004661 0.065006 -0.007548
v -0.006075 0.064215 -0.011244
v -0.003677 0.066505 -0.008116
v -0.005857 0.065896 -0.011947
v -0.003703 0.068612 -0.007820
v -0.006968 0.066976 -0.011981
v -0.005861 0.069699 -0.007550
v -0.006968 0.066976 -0.011981
v -0.005857 0.065896 -0.011947
v -0.007772 0.063286 -0.014374
v -0.006075 0.064215 -0.011244
v -0.005861 0.069699 -0.007550
v -0.006968 0.066976 -0.011981
v -0.007209 0.068127 -0.007248
v -0.008092 0.065951 -0.011332
v -0.007414 0.066437 -0.006949
v -0.006968 0.066976 -0.011981
v -0.007772 0.063286 -0.014374
v -0.008092 0.065951 -0.011332
v -0.000438 0.046562 0.004078
v -0.001780 0.046585 0.003685
v -0.000491 0.045932 0.003856
v -0.001780 0.046585 0.003685
v -0.001819 0.045900 0.003478
v -0.003818 0.046610 0.002557
v -0.003874 0.045943 0.002384
v -0.004280 0.046579 0.000729
v -0.004239 0.045927 -0.000251
v -0.004022 0.046613 -0.000365
v -0.002598 0.046023 -0.000951
v -0.002613 0.046701 -0.000979
v 0.000000 0.046026 -0.001504
v 0.000000 0.046754 -0.001509
v 0.000000 0.046026 -0.001504
v 0.002613 0.046701 -0.000979
v 0.002598 0.046023 -0.000951
v 0.004022 0.046613 -0.000365
v 0.004239 0.045927 -0.000251
v 0.004280 0.046579 0.000729
v 0.003874 0.045943 0.002384
v 0.003818 0.046610 0.002557
v 0.001819 0.045900 0.003478
v 0.001780 0.046585 0.003685
v 0.000491 0.045932 0.003856
v 0.000438 0.046562 0.004078
v -0.004248 0.057146 -0.001296
v -0.003699 0.057514 -0.001733
v -0.004101 0.055954 -0.001672
v -0.002847 0.056111 -0.002286
v -0.004101 0.055954 -0.001672
v -0.003475 0.053626 -0.001848
v -0.004035 0.053904 -0.001148
v -0.003475 0.053626 -0.001848
v -0.004318 0.053270 0.000510
v -0.003475 0.053626 -0.001848
v -0.004129 0.052515 0.000641
v -0.003091 0.051764 -0.001660
v -0.004095 0.051437 0.000657
v -0.003091 0.051764 -0.001660
v -0.004103 0.050175 0.000656
v -0.002105 0.050778 -0.001200
v -0.004103 0.050175 0.000656
v -0.003428 0.048275 -0.000603
v -0.004103 0.050175 0.000656
v -0.004348 0.048384 0.000707
v -0.003640 0.048146 0.002814
v -0.004348 0.048384 0.000707
v -0.004859 0.047552 0.000740
v -0.004348 0.048384 0.000707
v -0.003850 0.047437 -0.000785
v -0.003428 0.048275 -0.000603
v -0.004129 0.052515 0.000641
v -0.004073 0.053391 0.002444
v -0.004318 0.053270 0.000510
v -0.004073 0.053391 0.002444
v -0.004263 0.054298 0.001619
v -0.003773 0.054474 0.002767
v -0.004169 0.055638 0.002118
v -0.003335 0.055887 0.002682
v -0.004159 0.056776 0.001753
v -0.003082 0.057119 0.001957
v -0.004159 0.056776 0.001753
v -0.003467 0.057699 0.000968
v -0.004213 0.057411 0.001017
v -0.003467 0.057699 0.000968
v -0.004220 0.057668 -0.000093
v -0.003613 0.057942 -0.000204
v -0.004220 0.057668 -0.000093
v -0.003699 0.057514 -0.001733
v -0.004248 0.057146 -0.001296
v -0.003699 0.057514 -0.001733
v -0.003613 0.057942 -0.000204
v -0.003479 0.058436 -0.000991
v -0.003613 0.057942 -0.000204
v -0.003304 0.058558 0.000055
v -0.003613 0.057942 -0.000204
v -0.002369 0.058414 0.001101
v -0.003467 0.057699 0.000968
v -0.002369 0.058414 0.001101
v -0.003082 0.057119 0.001957
v -0.002164 0.057242 0.002153
v -0.003082 0.057119 0.001957
v -0.001951 0.056250 0.003243
v -0.003335 0.055887 0.002682
v -0.002070 0.054603 0.004288
v -0.003773 0.054474 0.002767
v -0.002633 0.053131 0.004647
v -0.004073 0.053391 0.002444
v -0.003365 0.064656 -0.005904
v -0.003474 0.060652 -0.006558
v -0.004355 0.062330 -0.007581
v -0.003474 0.060652 -0.006558
v -0.005901 0.058587 -0.009272
v -0.005277 0.058022 -0.008394
v -0.007275 0.055565 -0.009765
v -0.005277 0.058022 -0.008394
v -0.006032 0.057303 -0.007819
v -0.005277 0.058022 -0.008394
v -0.004043 0.058893 -0.004986
v -0.003474 0.060652 -0.006558
v -0.001412 0.055969 -0.003034
v -0.001571 0.053826 -0.004912
v -0.002847 0.056111 -0.002286
v -0.001571 0.053826 -0.004912
v -0.002619 0.054077 -0.004418
v -0.001898 0.051884 -0.005724
v -0.002619 0.054077 -0.004418
v -0.002907 0.052096 -0.005208
v -0.002619 0.054077 -0.004418
v -0.003356 0.053986 -0.003046
v -0.002847 0.056111 -0.002286
v -0.003356 0.053986 -0.003046
v -0.003475 0.053626 -0.001848
v -0.003356 0.053986 -0.003046
v -0.003673 0.051709 -0.003260
v -0.002907 0.052096 -0.005208
v -0.003528 0.050016 -0.004530
v -0.002992 0.050124 -0.005489
v -0.002936 0.048143 -0.005519
v -0.002992 0.050124 -0.005489
v -0.002336 0.050168 -0.005877
v -0.002992 0.050124 -0.005489
v -0.001898 0.051884 -0.005724
v -0.002907 0.052096 -0.005208
v -0.003475 0.053626 -0.001848
v -0.003673 0.051709 -0.003260
v -0.003091 0.051764 -0.001660
v -0.003673 0.051709 -0.003260
v -0.002105 0.050778 -0.001200
v -0.003673 0.051709 -0.003260
v -0.002360 0.050575 -0.003076
v -0.003528 0.050016 -0.004530
v -0.002533 0.049769 -0.004278
v -0.002936 0.048143 -0.005519
v -0.002533 0.049769 -0.004278
v -0.001515 0.050258 -0.004582
v -0.002360 0.050575 -0.003076
v -0.000909 0.051291 -0.003201
v -0.002105 0.050778 -0.001200
v 0.000000 0.051638 -0.002224
v -0.004626 0.053255 0.000486
v -0.004318 0.053270 0.000510
v -0.004597 0.054314 0.001462
v -0.004263 0.054298 0.001619
v -0.004525 0.055597 0.001876
v -0.004169 0.055638 0.002118
v -0.004525 0.055597 0.001876
v -0.004159 0.056776 0.001753
v -0.004509 0.056680 0.001665
v -0.004159 0.056776 0.001753
v -0.004602 0.057359 0.001065
v -0.004213 0.057411 0.001017
v -0.004602 0.057359 0.001065
v -0.004220 0.057668 -0.000093
v -0.004653 0.057604 -0.000091
v -0.004220 0.057668 -0.000093
v -0.004586 0.057135 -0.001232
v -0.004248 0.057146 -0.001296
v -0.004586 0.057135 -0.001232
v -0.004101 0.055954 -0.001672
v -0.004437 0.055870 -0.001738
v -0.004101 0.055954 -0.001672
v -0.004312 0.053887 -0.001195
v -0.004035 0.053904 -0.001148
v -0.004312 0.053887 -0.001195
v -0.004318 0.053270 0.000510
v -0.004626 0.053255 0.000486
v -0.001949 0.056201 0.002901
v -0.001823 0.056705 0.002430
v -0.002249 0.056216 0.002736
v -0.001823 0.056705 0.002430
v -0.002195 0.056672 0.002245
v -0.001823 0.056705 0.002430
v -0.002031 0.057156 0.001748
v -0.001648 0.057234 0.001868
v -0.001658 0.057822 0.000900
v -0.001287 0.058010 0.000778
v -0.001403 0.057981 0.000024
v -0.001226 0.058098 0.000026
v -0.002598 0.046023 -0.000951
v -0.003921 0.046008 -0.000182
v -0.004239 0.045927 -0.000251
v -0.003874 0.045943 0.002384
v -0.002369 0.058414 0.001101
v -0.003449 0.060726 0.000404
v -0.003304 0.058558 0.000055
v -0.004188 0.060632 -0.002143
v -0.003479 0.058436 -0.000991
v -0.003267 0.057864 -0.002858
v -0.003699 0.057514 -0.001733
v -0.003267 0.057864 -0.002858
v -0.002847 0.056111 -0.002286
v -0.003267 0.057864 -0.002858
v -0.001412 0.055969 -0.003034
v -0.003267 0.057864 -0.002858
v -0.002297 0.058874 -0.005003
v -0.003267 0.057864 -0.002858
v -0.004405 0.059857 -0.003557
v -0.004188 0.060632 -0.002143
v -0.006141 0.061377 -0.003663
v -0.005397 0.062758 -0.002206
v -0.006640 0.063271 -0.004465
v -0.005703 0.066187 -0.002461
v -0.006202 0.064634 -0.004824
v -0.005703 0.066187 -0.002461
v -0.006789 0.066396 -0.004916
v -0.005703 0.066187 -0.002461
v -0.006233 0.068783 -0.004793
v -0.005503 0.069252 -0.002356
v -0.005132 0.070209 -0.004642
v -0.004519 0.070370 -0.001829
v -0.005132 0.070209 -0.004642
v -0.002865 0.070944 -0.000969
v -0.003211 0.070559 -0.004576
v -0.002865 0.070944 -0.000969
v -0.001962 0.072520 -0.004583
v -0.001822 0.071598 -0.001029
v -0.000002 0.073155 -0.004560
v -0.000002 0.071934 -0.001007
v -0.000002 0.073155 -0.004560
v 0.001818 0.071598 -0.001029
v 0.001959 0.072520 -0.004583
v 0.002862 0.070944 -0.000969
v 0.003208 0.070559 -0.004576
v 0.002862 0.070944 -0.000969
v 0.005129 0.070209 -0.004642
v 0.004515 0.070370 -0.001829
v 0.005129 0.070209 -0.004642
v 0.005499 0.069252 -0.002356
v 0.006230 0.068783 -0.004793
v 0.005700 0.066187 -0.002461
v 0.006786 0.066396 -0.004916
v 0.005700 0.066187 -0.002461
v 0.006198 0.064634 -0.004824
v 0.005700 0.066187 -0.002461
v 0.006681 0.062877 -0.004247
v 0.005393 0.062758 -0.002206
v 0.006137 0.061377 -0.003663
v 0.004184 0.060632 -0.002143
v 0.004402 0.059857 -0.003557
v 0.003267 0.057864 -0.002858
v 0.002293 0.058874 -0.005003
v 0.001412 0.055969 -0.003034
v -0.000002 0.058465 -0.005290
v 0.001412 0.055969 -0.003034
v 0.000000 0.055921 -0.002960
v 0.000000 0.054008 -0.002261
v 0.000000 0.055921 -0.002960
v -0.001412 0.055969 -0.003034
v -0.000002 0.058465 -0.005290
v -0.002297 0.058874 -0.005003
v 0.001412 0.055969 -0.003034
v 0.003267 0.057864 -0.002858
v 0.002847 0.056111 -0.002286
v 0.003267 0.057864 -0.002858
v 0.003699 0.057514 -0.001733
v 0.003267 0.057864 -0.002858
v 0.003479 0.058436 -0.000991
v 0.004184 0.060632 -0.002143
v 0.003304 0.058558 0.000055
v 0.003449 0.060726 0.000404
v 0.002369 0.058414 0.001101
v 0.003449 0.060726 0.000404
v 0.004184 0.060632 -0.002143
v 0.004847 0.063150 0.000335
v 0.005393 0.062758 -0.002206
v 0.005436 0.066148 0.000789
v 0.005700 0.066187 -0.002461
v 0.005520 0.068864 -0.001436
v 0.005499 0.069252 -0.002356
v 0.004847 0.063150 0.000335
v 0.005436 0.066148 0.000789
v 0.004891 0.065949 0.001744
v 0.005436 0.066148 0.000789
v 0.003831 0.067939 0.002971
v 0.004324 0.068710 0.002309
v 0.002553 0.068751 0.003783
v 0.004324 0.068710 0.002309
v 0.002803 0.070011 0.001405
v 0.004324 0.068710 0.002309
v 0.005520 0.068864 -0.001436
v 0.005436 0.066148 0.000789
v 0.002862 0.070944 -0.000969
v 0.001818 0.071598 -0.001029
v 0.002803 0.070011 0.001405
v -0.000002 0.070661 0.002307
v 0.002553 0.068751 0.003783
v 0.000000 0.070036 0.004181
v 0.000000 0.069409 0.004660
v 0.000000 0.070036 0.004181
v -0.002553 0.069138 0.003996
v -0.000002 0.070661 0.002307
v -0.002553 0.069138 0.003996
v -0.002806 0.070011 0.001405
v -0.004324 0.068710 0.002309
v -0.005523 0.068864 -0.001436
v -0.005436 0.066148 0.000789
v -0.005523 0.068864 -0.001436
v -0.005703 0.066187 -0.002461
v -0.005503 0.069252 -0.002356
v -0.005703 0.066187 -0.002461
v -0.005397 0.062758 -0.002206
v -0.005436 0.066148 0.000789
v -0.005397 0.062758 -0.002206
v -0.004709 0.063150 0.000335
v -0.004188 0.060632 -0.002143
v -0.003449 0.060726 0.000404
v -0.004709 0.063150 0.000335
v -0.005680 0.065949 0.001744
v -0.005436 0.066148 0.000789
v -0.004447 0.068142 0.002971
v -0.004324 0.068710 0.002309
v -0.002553 0.069138 0.003996
v 0.001818 0.071598 -0.001029
v -0.000002 0.071934 -0.001007
v -0.000002 0.070661 0.002307
v -0.001822 0.071598 -0.001029
v -0.002806 0.070011 0.001405
v -0.002865 0.070944 -0.000969
v -0.002936 0.048143 -0.005519
v -0.002336 0.050168 -0.005877
v -0.001515 0.050258 -0.004582
v -0.001898 0.051884 -0.005724
v -0.000909 0.051291 -0.003201
v -0.001898 0.051884 -0.005724
v -0.000568 0.053821 -0.003495
v -0.001571 0.053826 -0.004912
v -0.000568 0.053821 -0.003495
v -0.001412 0.055969 -0.003034
v -0.000568 0.053821 -0.003495
v 0.000000 0.054008 -0.002261
v -0.000909 0.051291 -0.003201
v 0.000000 0.051638 -0.002224
v -0.002297 0.058874 -0.005003
v -0.004405 0.059857 -0.003557
v -0.004043 0.058893 -0.004986
v -0.006141 0.061377 -0.003663
v 0.005688 0.072256 0.001177
v 0.004130 0.071307 0.001297
v 0.005783 0.070538 -0.000090
v 0.002803 0.070011 0.001405
v 0.005520 0.068864 -0.001436
v 0.005520 0.068864 -0.001436
v 0.005499 0.069252 -0.002356
v 0.005783 0.070538 -0.000090
v 0.005499 0.069252 -0.002356
v 0.005665 0.070599 -0.001106
v 0.004515 0.070370 -0.001829
v 0.005665 0.070599 -0.001106
v 0.005391 0.072155 0.000191
v 0.005783 0.070538 -0.000090
v 0.005688 0.072256 0.001177
v 0.002803 0.070011 0.001405
v 0.004130 0.071307 0.001297
v 0.002862 0.070944 -0.000969
v 0.004130 0.071307 0.001297
v 0.003992 0.071626 -0.000268
v 0.005688 0.072256 0.001177
v 0.003992 0.071626 -0.000268
v 0.005391 0.072155 0.000191
v 0.003992 0.071626 -0.000268
v 0.004515 0.070370 -0.001829
v 0.002862 0.070944 -0.000969
v 0.004039 0.058893 -0.004986
v 0.003471 0.060652 -0.006558
v 0.005274 0.058022 -0.008394
v 0.005897 0.058587 -0.009272
v 0.005274 0.058022 -0.008394
v 0.007271 0.055565 -0.009765
v 0.006028 0.057303 -0.007819
v 0.005897 0.058587 -0.009272
v 0.003471 0.060652 -0.006558
v 0.004351 0.062330 -0.007581
v 0.003362 0.064656 -0.005904
v 0.003362 0.064656 -0.005904
v 0.006198 0.064634 -0.004824
v 0.004351 0.062330 -0.007581
v 0.007068 0.062169 -0.006771
v 0.005897 0.058587 -0.009272
v 0.007468 0.058488 -0.008508
v 0.007271 0.055565 -0.009765
v 0.006028 0.057303 -0.007819
v 0.007074 0.057700 -0.007686
v 0.004039 0.058893 -0.004986
v 0.006677 0.060305 -0.004762
v 0.006137 0.061377 -0.003663
v 0.006677 0.060305 -0.004762
v 0.006681 0.062877 -0.004247
v 0.007068 0.062169 -0.006771
v 0.006198 0.064634 -0.004824
v 0.006677 0.060305 -0.004762
v 0.007074 0.057700 -0.007686
v 0.007068 0.062169 -0.006771
v 0.007074 0.057700 -0.007686
v 0.007468 0.058488 -0.008508
v 0.007271 0.055565 -0.009765
v 0.007769 0.063286 -0.014374
v 0.008089 0.065951 -0.011332
v 0.007517 0.064339 -0.010832
v 0.007411 0.066437 -0.006949
v 0.006759 0.064919 -0.006861
v 0.007411 0.066437 -0.006949
v 0.006198 0.064634 -0.004824
v 0.007411 0.066437 -0.006949
v 0.006786 0.066396 -0.004916
v 0.007411 0.066437 -0.006949
v 0.007206 0.068127 -0.007248
v 0.008089 0.065951 -0.011332
v 0.006965 0.066976 -0.011981
v 0.007769 0.063286 -0.014374
v 0.006965 0.066976 -0.011981
v 0.005858 0.069699 -0.007550
v 0.007206 0.068127 -0.007248
v 0.005129 0.070209 -0.004642
v 0.007206 0.068127 -0.007248
v 0.006230 0.068783 -0.004793
v 0.006786 0.066396 -0.004916
v 0.005129 0.070209 -0.004642
v 0.005858 0.069699 -0.007550
v 0.003208 0.070559 -0.004576
v 0.003700 0.068612 -0.007820
v 0.002213 0.066427 -0.006108
v 0.003674 0.066505 -0.008116
v 0.003362 0.064656 -0.005904
v 0.004657 0.065006 -0.007548
v 0.006198 0.064634 -0.004824
v 0.004657 0.065006 -0.007548
v 0.006759 0.064919 -0.006861
v 0.006071 0.064215 -0.011244
v 0.007517 0.064339 -0.010832
v 0.007769 0.063286 -0.014374
v 0.004657 0.065006 -0.007548
v 0.003674 0.066505 -0.008116
v 0.006071 0.064215 -0.011244
v 0.005853 0.065896 -0.011947
v 0.007769 0.063286 -0.014374
v 0.005853 0.065896 -0.011947
v 0.006965 0.066976 -0.011981
v 0.003700 0.068612 -0.007820
v 0.005858 0.069699 -0.007550
v 0.005853 0.065896 -0.011947
v 0.003674 0.066505 -0.008116
v 0.003700 0.068612 -0.007820
v 0.001412 0.055969 -0.003034
v 0.002847 0.056111 -0.002286
v 0.001571 0.053826 -0.004912
v 0.002619 0.054077 -0.004418
v 0.001898 0.051884 -0.005724
v 0.002907 0.052096 -0.005208
v 0.001898 0.051884 -0.005724
v 0.002992 0.050124 -0.005489
v 0.002336 0.050168 -0.005877
v 0.002992 0.050124 -0.005489
v 0.002936 0.048143 -0.005519
v 0.002992 0.050124 -0.005489
v 0.003528 0.050016 -0.004530
v 0.002907 0.052096 -0.005208
v 0.003673 0.051709 -0.003260
v 0.002907 0.052096 -0.005208
v 0.003356 0.053986 -0.003046
v 0.002619 0.054077 -0.004418
v 0.003356 0.053986 -0.003046
v 0.002847 0.056111 -0.002286
v 0.003356 0.053986 -0.003046
v 0.003475 0.053626 -0.001848
v 0.003673 0.051709 -0.003260
v 0.003091 0.051764 -0.001660
v 0.003673 0.051709 -0.003260
v 0.002072 0.050778 -0.001200
v 0.003673 0.051709 -0.003260
v 0.002360 0.050575 -0.003076
v 0.003528 0.050016 -0.004530
v 0.002533 0.049769 -0.004278
v 0.002936 0.048143 -0.005519
v 0.002533 0.049769 -0.004278
v 0.001515 0.050258 -0.004582
v 0.002360 0.050575 -0.003076
v 0.000909 0.051291 -0.003201
v 0.002072 0.050778 -0.001200
v 0.000000 0.051638 -0.002224
v 0.002070 0.054603 0.004288
v 0.002633 0.053131 0.004647
v 0.003773 0.054474 0.002767
v 0.002633 0.053131 0.004647
v 0.004073 0.053391 0.002444
v 0.002782 0.051248 0.004588
v -0.001226 0.058098 0.000026
v -0.001287 0.058010 0.000778
v -0.001287 0.058010 0.000778
v -0.000971 0.057911 0.001466
v -0.001287 0.058010 0.000778
v -0.001648 0.057234 0.001868
v -0.000971 0.057911 0.001466
v -0.001648 0.057234 0.001868
v 0.000000 0.057608 0.002156
v -0.001648 0.057234 0.001868
v 0.000000 0.056843 0.002895
v -0.001823 0.056705 0.002430
v 0.000000 0.056843 0.002895
v -0.001949 0.056201 0.002901
v 0.000000 0.056843 0.002895
v -0.000833 0.056121 0.003382
v 0.000000 0.056843 0.002895
v 0.000000 0.056078 0.003512
v 0.000000 0.056843 0.002895
v 0.000814 0.056121 0.003387
v 0.000000 0.056843 0.002895
v 0.001949 0.056201 0.002901
v 0.000000 0.056843 0.002895
v 0.001823 0.056705 0.002430
v 0.000000 0.056843 0.002895
v 0.001648 0.057234 0.001868
v 0.000000 0.057608 0.002156
v 0.001648 0.057234 0.001868
v 0.000971 0.057911 0.001466
v 0.001287 0.058010 0.000778
v 0.004626 0.053255 0.000486
v 0.004597 0.054314 0.001462
v 0.004318 0.053270 0.000510
v 0.004597 0.054314 0.001462
v 0.004263 0.054298 0.001619
v 0.004525 0.055597 0.001876
v 0.004169 0.055638 0.002118
v 0.004525 0.055597 0.001876
v 0.004159 0.056776 0.001753
v 0.004509 0.056680 0.001665
v 0.004159 0.056776 0.001753
v 0.004602 0.057359 0.001065
v 0.004213 0.057411 0.001017
v 0.004602 0.057359 0.001065
v 0.004220 0.057668 -0.000093
v 0.004653 0.057604 -0.000091
v 0.004220 0.057668 -0.000093
v 0.004586 0.057135 -0.001232
v 0.004248 0.057146 -0.001296
v 0.004586 0.057135 -0.001232
v 0.004101 0.055954 -0.001672
v 0.004437 0.055870 -0.001738
v 0.004101 0.055954 -0.001672
v 0.004312 0.053887 -0.001195
v 0.004035 0.053904 -0.001148
v 0.004312 0.053887 -0.001195
v 0.004318 0.053270 0.000510
v 0.004626 0.053255 0.000486
v 0.002598 0.046023 -0.000951
v 0.004239 0.045927 -0.000251
v 0.003921 0.046008 -0.000182
v 0.003874 0.045943 0.002384
v 0.002936 0.048143 -0.005519
v 0.001515 0.050258 -0.004582
v 0.002336 0.050168 -0.005877
v 0.001515 0.050258 -0.004582
v 0.001898 0.051884 -0.005724
v 0.000909 0.051291 -0.003201
v 0.001898 0.051884 -0.005724
v 0.000568 0.053821 -0.003495
v 0.001571 0.053826 -0.004912
v 0.000568 0.053821 -0.003495
v 0.001412 0.055969 -0.003034
v 0.000568 0.053821 -0.003495
v 0.000000 0.054008 -0.002261
v 0.000909 0.051291 -0.003201
v 0.000000 0.051638 -0.002224
v 0.002293 0.058874 -0.005003
v 0.004039 0.058893 -0.004986
v 0.004402 0.059857 -0.003557
v 0.006137 0.061377 -0.003663
v -0.001949 0.056201 0.002901
v -0.001332 0.054550 0.004607
v -0.000833 0.056121 0.003382
v -0.001332 0.054550 0.004607
v 0.000000 0.056078 0.003512
v -0.001332 0.054550 0.004607
v 0.000000 0.054297 0.004766
v -0.000678 0.053041 0.005041
v 0.000000 0.052927 0.004945
v -0.000505 0.052250 0.005118
v 0.000000 0.052927 0.004945
v 0.000000 0.051982 0.005138
v 0.000000 0.052927 0.004945
v 0.000505 0.052250 0.005118
v 0.000000 0.052927 0.004945
v 0.000675 0.053039 0.005021
v 0.000000 0.054297 0.004766
v 0.001332 0.054550 0.004611
v 0.000000 0.056078 0.003512
v 0.001332 0.054550 0.004611
v 0.000814 0.056121 0.003387
v 0.001949 0.056201 0.002901
v 0.001555 0.054142 0.004817
v 0.002908 0.053997 0.004358
v 0.001535 0.054591 0.004616
v 0.002888 0.054446 0.004158
v 0.004248 0.057146 -0.001296
v 0.004220 0.057668 -0.000093
v 0.004142 0.056911 -0.001012
v 0.004220 0.057668 -0.000093
v 0.004119 0.057354 0.000010
v 0.004213 0.057411 0.001017
v 0.004113 0.057136 0.000952
v 0.004159 0.056776 0.001753
v 0.004067 0.056598 0.001578
v 0.004169 0.055638 0.002118
v 0.004075 0.055630 0.001887
v 0.004169 0.055638 0.002118
v 0.004155 0.054492 0.001463
v 0.004263 0.054298 0.001619
v 0.004201 0.053906 0.000522
v 0.004318 0.053270 0.000510
v 0.004201 0.053906 0.000522
v 0.004035 0.053904 -0.001148
v 0.003971 0.054399 -0.000800
v 0.004101 0.055954 -0.001672
v 0.004018 0.055899 -0.001332
v 0.004101 0.055954 -0.001672
v 0.004142 0.056911 -0.001012
v 0.004248 0.057146 -0.001296
v 0.000869 0.058098 -0.000743
v 0.001226 0.058098 0.000026
v 0.001100 0.057746 -0.001102
v 0.001403 0.057981 0.000024
v 0.001226 0.058098 0.000026
v 0.001287 0.058010 0.000778
v 0.001403 0.057981 0.000024
v 0.001287 0.058010 0.000778
v 0.001658 0.057822 0.000900
v 0.001648 0.057234 0.001868
v 0.002031 0.057156 0.001748
v 0.001823 0.056705 0.002430
v 0.002195 0.056672 0.002245
v 0.001823 0.056705 0.002430
v 0.002249 0.056216 0.002736
v 0.001949 0.056201 0.002901
v -0.000487 0.051124 0.005559
v -0.000394 0.050842 0.005607
v -0.000927 0.051101 0.005423
v -0.000394 0.050842 0.005607
v -0.000750 0.050564 0.005515
v -0.000151 0.050667 0.005637
v -0.000287 0.050232 0.005570
v 0.000151 0.050667 0.005637
v 0.000287 0.050232 0.005572
v 0.000394 0.050842 0.005607
v 0.000750 0.050564 0.005515
v 0.000488 0.051124 0.005559
v 0.000927 0.051101 0.005423
v 0.000394 0.051407 0.005510
v 0.000750 0.051638 0.005332
v 0.000151 0.051581 0.005480
v 0.000287 0.051970 0.005275
v -0.000151 0.051581 0.005480
v -0.000287 0.051970 0.005275
v -0.000394 0.051407 0.005510
v -0.000750 0.051638 0.005332
v -0.000487 0.051124 0.005559
v -0.000927 0.051101 0.005423
v 0.000394 0.051407 0.005510
v 0.000488 0.051124 0.005559
v 0.000592 0.051580 0.005668
v 0.000488 0.051124 0.005559
v 0.000732 0.051155 0.005741
v 0.000394 0.050842 0.005607
v 0.000592 0.050731 0.005813
v 0.000151 0.050667 0.005637
v 0.000226 0.050469 0.005858
v -0.000151 0.050667 0.005637
v -0.000226 0.050469 0.005858
v -0.000394 0.050842 0.005607
v -0.000592 0.050731 0.005813
v -0.000487 0.051124 0.005559
v -0.000732 0.051155 0.005741
v -0.000394 0.051407 0.005510
v -0.000592 0.051580 0.005668
v -0.000151 0.051581 0.005480
v -0.000226 0.051842 0.005623
v 0.000151 0.051581 0.005480
v 0.000226 0.051842 0.005623
v 0.000394 0.051407 0.005510
v 0.000592 0.051580 0.005668
v 0.001959 0.072520 -0.004583
v -0.000002 0.073541 -0.008259
v -0.000002 0.073155 -0.004560
v -0.000002 0.073541 -0.008259
v -0.001962 0.072520 -0.004583
v -0.002276 0.072397 -0.008444
v -0.003211 0.070559 -0.004576
v -0.002425 0.070121 -0.008729
v -0.002216 0.066427 -0.006108
v -0.001027 0.068575 -0.008483
v -0.001588 0.066333 -0.006344
v -0.001027 0.068575 -0.008483
v -0.000002 0.066287 -0.007615
v -0.001027 0.068575 -0.008483
v -0.000002 0.068466 -0.009248
v -0.000002 0.070253 -0.012466
v -0.000002 0.068466 -0.009248
v 0.001023 0.068575 -0.008483
v -0.000002 0.066287 -0.007615
v 0.001023 0.068575 -0.008483
v 0.001585 0.066333 -0.006344
v 0.001023 0.068575 -0.008483
v 0.002213 0.066427 -0.006108
v 0.002422 0.070121 -0.008729
v 0.003208 0.070559 -0.004576
v 0.002273 0.072397 -0.008444
v 0.001959 0.072520 -0.004583
v 0.002273 0.072397 -0.008444
v -0.000002 0.073541 -0.008259
v -0.000002 0.073365 -0.012491
v -0.002276 0.072397 -0.008444
v -0.001421 0.072375 -0.012537
v -0.002425 0.070121 -0.008729
v -0.001658 0.070503 -0.012512
v -0.001027 0.068575 -0.008483
v -0.001658 0.070503 -0.012512
v -0.000002 0.070253 -0.012466
v -0.000002 0.071772 -0.016402
v -0.000002 0.070253 -0.012466
v 0.001655 0.070503 -0.012512
v 0.001023 0.068575 -0.008483
v 0.001655 0.070503 -0.012512
v 0.002422 0.070121 -0.008729
v 0.001655 0.070503 -0.012512
v 0.001418 0.072375 -0.012537
v -0.000002 0.071772 -0.016402
v 0.001418 0.072375 -0.012537
v -0.000002 0.073365 -0.012491
v 0.001418 0.072375 -0.012537
v 0.002273 0.072397 -0.008444
v 0.002422 0.070121 -0.008729
v -0.001658 0.070503 -0.012512
v -0.001421 0.072375 -0.012537
v -0.000002 0.071772 -0.016402
v -0.000002 0.073365 -0.012491
v 0.000592 0.051580 0.005668
v 0.000732 0.051155 0.005741
v 0.000750 0.051638 0.005332
v 0.000732 0.051155 0.005741
v 0.000927 0.051101 0.005423
v 0.000592 0.050731 0.005813
v 0.000750 0.050564 0.005515
v 0.000226 0.050469 0.005858
v 0.000287 0.050232 0.005572
v -0.000226 0.050469 0.005858
v -0.000287 0.050232 0.005570
v -0.000592 0.050731 0.005813
v -0.000750 0.050564 0.005515
v -0.000732 0.051155 0.005741
v -0.000927 0.051101 0.005423
v -0.000592 0.051580 0.005668
v -0.000750 0.051638 0.005332
v -0.000226 0.051842 0.005623
v -0.000287 0.051970 0.005275
v 0.000226 0.051842 0.005623
v 0.000287 0.051970 0.005275
v 0.000592 0.051580 0.005668
v 0.000750 0.051638 0.005332
vn -0.2824 0.6699 0.6867
vn -0.3729 0.6702 0.6418
vn -0.1168 0.5002 0.8580
vn 0.1744 -0.4022 -0.8988
vn -0.3671 -0.8197 -0.4397
vn 0.0138 -0.9470 0.3209
vn -0.8235 -0.4784 -0.3050
vn -0.3040 -0.8584 0.4131
vn -0.0138 -0.9470 0.3209
vn 0.0572 -0.9649 -0.2563
vn 0.6941 -0.4751 0.5409
vn -0.3040 -0.8585 0.4131
vn -0.1744 -0.4022 -0.8988
vn 0.3671 -0.8196 -0.4399
vn 0.6079 0.5383 -0.5836
vn 0.3919 0.8085 -0.4391
vn -0.0000 0.5009 -0.8655
vn 0.2818 0.6701 0.6867
vn 0.1566 0.5516 0.8193
vn 0.3728 0.6704 0.6416
vn -0.1572 0.0875 -0.9837
vn -0.2420 0.3352 -0.9105
vn -0.2435 0.4656 -0.8509
vn -0.3584 0.7880 0.5006
vn -0.3918 0.8085 -0.4391
vn -0.2641 0.8160 -0.5142
vn -0.3785 0.9236 -0.0606
vn -0.2440 0.9698 -0.0011
vn -0.3834 0.7086 0.5924
vn -0.3690 0.7570 0.5393
vn -0.3445 0.7616 0.5489
vn -0.2213 0.5363 0.8145
vn -0.3466 0.8678 0.3560
vn -0.3094 0.9096 0.2772
vn -0.2440 0.9698 -0.0010
vn 0.1572 0.0875 -0.9837
vn -0.1259 -0.0701 -0.9896
vn 0.2420 0.3352 -0.9105
vn 0.2435 0.4656 -0.8509
vn 0.2641 0.8160 -0.5142
vn 0.3918 0.8085 -0.4391
vn 0.1514 0.6040 0.7824
vn 0.3785 0.9236 -0.0606
vn 0.2440 0.9698 -0.0011
vn 0.0529 0.0829 0.9952
vn 0.3833 0.7086 0.5924
vn 0.0934 0.1822 0.9788
vn 0.3445 0.7616 0.5489
vn 0.3690 0.7570 0.5393
vn 0.3466 0.8678 0.3560
vn 0.3094 0.9096 0.2772
vn 0.2440 0.9698 -0.0010
vn 0.6352 0.1816 0.7507
vn 0.4627 0.4013 0.7905
vn 0.2024 0.1321 0.9703
vn 0.0961 0.4409 0.8924
vn 0.0466 0.1635 0.9854
vn 0.4627 0.4012 0.7905
vn 0.0553 0.6611 0.7482
vn 0.0961 0.4410 0.8924
vn -0.0000 -0.0000 -1.0000
vn -0.0488 -0.0000 -0.9988
vn -0.0000 0.0157 -0.9999
vn 0.7380 -0.0000 -0.6748
vn 0.8684 -0.0015 -0.4958
vn 0.9983 -0.0000 -0.0575
vn 0.9976 -0.0239 0.0643
vn 0.6854 -0.0000 0.7282
vn 0.7418 -0.0760 0.6663
vn 0.7285 -0.0000 0.6851
vn -0.0000 -0.0926 0.9957
vn -0.0000 -0.0000 1.0000
vn -0.1382 -0.0000 0.9904
vn -0.7418 -0.0760 0.6663
vn -0.7285 -0.0000 0.6851
vn -0.9976 -0.0239 0.0643
vn -0.9983 -0.0000 -0.0575
vn -0.8684 -0.0015 -0.4958
vn -0.7380 -0.0000 -0.6748
vn -0.2141 0.6040 0.7677
vn -0.6079 0.5383 -0.5836
vn -0.3919 0.8085 -0.4391
vn -0.8249 0.5214 -0.2185
vn -0.6728 0.1612 0.7220
vn -0.4615 0.4017 0.7910
vn -0.0546 0.6610 0.7484
vn -0.2577 0.8820 0.3946
vn -0.1426 -0.1990 0.9696
vn 0.3286 0.4961 0.8037
vn -0.9332 -0.2072 0.2936
vn -0.4324 0.6821 0.5898
vn -0.9680 0.0818 0.2374
vn -0.9680 0.0818 0.2373
vn -0.9332 -0.2073 0.2935
vn -0.9521 0.3002 -0.0582
vn -0.9506 0.2145 0.2242
vn -0.3031 0.8228 -0.4807
vn -0.7610 0.4393 -0.4774
vn -0.4643 0.7580 -0.4581
vn -0.2576 0.8820 0.3945
vn -0.4324 0.6820 0.5898
vn -0.1591 0.9858 0.0545
vn 0.4601 0.6461 0.6090
vn -0.2577 0.8819 0.3947
vn -0.0425 -0.1109 -0.9929
vn 0.3578 0.9145 -0.1888
vn -0.1590 0.9858 0.0545
vn -0.8143 0.3581 -0.4568
vn 0.1779 0.0340 -0.9835
vn -0.9415 0.1247 -0.3132
vn 0.3104 0.0593 -0.9488
vn -0.9104 -0.1231 -0.3950
vn -0.7006 -0.0143 -0.7134
vn -0.9993 0.0332 0.0160
vn -0.8376 -0.3102 -0.4496
vn -0.9669 0.2293 -0.1119
vn -0.8155 -0.5788 0.0068
vn -0.8355 0.1727 0.5217
vn -0.9354 -0.0664 0.3472
vn -0.9672 0.1416 -0.2107
vn -0.7029 0.1574 0.6937
vn -0.9999 0.0026 -0.0137
vn -0.9549 0.0794 0.2861
vn -0.9963 0.0660 0.0548
vn -0.6689 0.4056 0.6229
vn -0.9960 0.0658 0.0605
vn -0.7832 0.5371 0.3134
vn -0.8537 0.5207 -0.0092
vn -0.6342 0.7728 -0.0235
vn -0.8143 0.3580 -0.4568
vn 0.6202 -0.1042 0.7775
vn 0.4929 0.0361 0.8693
vn 0.9388 -0.0004 0.3444
vn 0.2795 -0.0042 0.9601
vn 0.9782 -0.1389 -0.1544
vn 0.1466 -0.0046 0.9892
vn 0.9819 -0.0138 -0.1889
vn 0.1735 0.0011 0.9848
vn 0.9691 -0.0680 -0.2372
vn 0.9717 -0.0356 0.2336
vn 0.8163 -0.1759 0.5501
vn 0.1211 -0.0766 0.9897
vn 0.4352 -0.2843 0.8543
vn 0.1299 -0.0371 0.9908
vn 0.4724 0.0508 0.8799
vn 0.6295 -0.0689 0.7739
vn 0.8465 0.2037 0.4919
vn 0.9022 0.3707 -0.2207
vn -0.2159 -0.0251 -0.9761
vn 0.6352 0.2467 -0.7319
vn 0.3291 0.1002 0.9390
vn 0.4302 -0.6728 -0.6018
vn 0.7747 -0.2388 0.5855
vn 0.6322 -0.6091 0.4789
vn 0.9819 -0.0138 -0.1890
vn 0.9187 -0.3287 -0.2189
vn 0.9357 -0.1532 -0.3177
vn 0.8319 -0.2213 0.5089
vn 0.8155 -0.5788 0.0068
vn 0.9354 -0.0664 0.3473
vn 0.7818 0.1728 0.5991
vn 0.9549 0.0794 0.2861
vn 0.5131 0.3866 0.7663
vn 0.2472 0.2409 0.9385
vn 0.3490 0.6349 0.6893
vn 0.6689 0.4056 0.6229
vn 0.3996 0.8130 0.4234
vn 0.7832 0.5371 0.3134
vn 0.2243 0.5869 0.7780
vn 0.6275 0.7786 -0.0057
vn 0.7483 0.6533 0.1146
vn 0.4648 0.6622 -0.5878
vn 0.1068 0.1249 0.9864
vn 0.8506 0.2416 -0.4671
vn 0.2554 0.0639 0.9647
vn 0.9881 0.1535 0.0020
vn 0.3479 0.1576 0.9242
vn 0.9224 0.0147 0.3859
vn 0.3826 0.2711 0.8833
vn 0.3005 0.2741 0.9136
vn 0.6494 0.3625 0.6685
vn 0.4420 0.5789 0.6852
vn 0.1947 0.3482 0.9170
vn 0.0553 0.6611 0.7483
vn -0.2724 0.2200 -0.9367
vn 0.8376 -0.3102 -0.4496
vn 0.7006 -0.0143 -0.7134
vn 0.6617 0.1874 -0.7259
vn 0.9728 0.1879 0.1354
vn 0.8505 0.2416 -0.4671
vn -0.0900 0.0001 0.9959
vn -0.2059 0.1290 0.9700
vn -0.5748 -0.1320 0.8076
vn -0.2481 -0.2018 0.9475
vn -0.4351 -0.2843 0.8543
vn -0.0836 -0.0981 0.9917
vn -0.1879 -0.1904 0.9635
vn -0.0897 -0.0669 0.9937
vn -0.0561 -0.0948 0.9939
vn -0.0052 0.0723 0.9974
vn -0.0004 0.0147 0.9999
vn -0.0301 0.1658 0.9857
vn 0.0026 0.0867 0.9962
vn -0.1845 0.1829 0.9657
vn -0.1168 0.5001 0.8580
vn -0.0545 0.6610 0.7484
vn -0.0000 -0.1423 -0.9898
vn 0.0661 -0.1165 -0.9910
vn -0.5971 0.2467 -0.7633
vn -0.0000 0.7148 -0.6994
vn -0.8957 0.1545 -0.4170
vn -0.0000 -0.7336 -0.6796
vn -0.8448 -0.2719 0.4608
vn -0.9291 -0.2886 0.2311
vn -0.7411 -0.5936 -0.3136
vn -0.0464 -0.2304 0.9720
vn -0.0000 -0.9820 -0.1889
vn -0.6140 -0.7872 -0.0569
vn -0.0000 -0.9921 0.1251
vn 0.0001 -0.7336 -0.6795
vn 0.2706 -0.8071 0.5247
vn 0.6140 -0.7872 -0.0569
vn 0.0001 -0.9820 -0.1890
vn 0.7412 -0.5936 -0.3135
vn 0.0664 -0.3069 0.9494
vn -0.0431 0.1886 -0.9811
vn -0.0000 -0.7560 -0.6545
vn -0.1799 -0.8140 0.5523
vn 0.1743 -0.4023 -0.8988
vn -0.9440 -0.1076 0.3118
vn -0.7779 -0.0884 0.6222
vn -0.5441 0.3863 0.7448
vn 0.0179 -0.0317 -0.9993
vn -0.0926 -0.1133 -0.9892
vn -0.8153 0.2361 -0.5288
vn 0.0144 -0.2477 -0.9687
vn 0.7411 -0.5936 -0.3135
vn -0.1743 -0.4023 -0.8988
vn 0.9655 0.0568 0.2541
vn -0.0144 -0.2477 -0.9687
vn -0.1774 -0.1007 -0.9790
vn 0.0926 -0.1133 -0.9892
vn -0.0179 -0.0317 -0.9993
vn 0.5971 0.2467 -0.7633
vn 0.8153 0.2361 -0.5288
vn 0.8957 0.1544 -0.4169
vn -0.2317 0.0672 -0.9705
vn -0.4054 0.1379 -0.9037
vn 0.7508 0.6603 -0.0173
vn -0.0000 0.7148 -0.6993
vn 0.5971 0.2466 -0.7633
vn 0.2080 -0.4754 -0.8548
vn -0.9687 -0.1885 -0.1614
vn 0.1874 0.4568 -0.8696
vn -0.8954 0.3302 -0.2986
vn 0.2431 0.1962 -0.9499
vn -0.9252 0.1703 -0.3391
vn -0.0572 -0.9649 -0.2563
vn -0.9687 -0.1886 -0.1614
vn -0.9553 0.0874 0.2824
vn -0.6025 -0.0118 0.7980
vn -0.7065 -0.4317 0.5608
vn -0.7967 -0.3202 0.5126
vn -0.6941 -0.4751 0.5408
vn 0.3039 -0.8585 0.4131
vn -0.0572 -0.9649 -0.2562
vn -0.0812 -0.5789 0.8113
vn -0.2294 -0.3091 0.9229
vn -0.3280 -0.4909 0.8071
vn -0.2370 -0.4297 0.8713
vn -0.7208 -0.3827 0.5780
vn -0.0561 -0.0469 0.9973
vn -0.7409 0.0425 0.6702
vn -0.4607 -0.2748 0.8439
vn -0.4724 0.0508 0.8799
vn -0.0407 0.0204 0.9990
vn -0.1213 0.0484 0.9914
vn -0.0758 -0.0189 0.9969
vn -0.1879 -0.1904 0.9636
vn -0.2333 -0.0838 0.9688
vn -0.4352 -0.2843 0.8543
vn -0.8163 -0.1759 0.5502
vn -0.5748 -0.1320 0.8075
vn -0.9590 -0.0237 0.2825
vn -0.2295 0.0164 0.9732
vn -0.9521 -0.0090 0.3056
vn -0.2795 -0.0042 0.9601
vn -0.9782 -0.1389 -0.1544
vn -0.1466 -0.0046 0.9892
vn -0.9819 -0.0138 -0.1889
vn -0.7185 -0.0947 0.6890
vn -0.9693 -0.0680 -0.2362
vn -0.5455 -0.0855 0.8337
vn -0.8465 0.2037 0.4918
vn -0.9984 0.0534 -0.0163
vn -0.6549 -0.3699 0.6590
vn -0.9511 -0.3064 0.0381
vn -0.8454 -0.5338 -0.0207
vn -0.7245 -0.2033 -0.6587
vn -0.9349 -0.3300 -0.1310
vn -0.6070 0.1265 -0.7845
vn -0.2783 -0.2908 -0.9154
vn -0.3033 0.0395 -0.9521
vn 0.2734 0.7280 -0.6288
vn 0.2438 0.8862 -0.3940
vn -0.0000 -0.3275 -0.9449
vn -0.0725 0.2995 -0.9513
vn 0.2783 -0.2908 -0.9154
vn -0.0233 0.0550 -0.9982
vn 0.3033 0.0395 -0.9521
vn -0.0000 -0.2970 -0.9549
vn -0.0000 0.2490 -0.9685
vn -0.3298 0.2124 -0.9198
vn -0.6071 0.1265 -0.7845
vn 0.0798 -0.0758 -0.9939
vn -0.6367 0.2446 -0.7313
vn -0.8268 0.0384 -0.5612
vn -0.4335 -0.6720 -0.6004
vn 0.0012 -0.1277 -0.9918
vn 0.0001 -0.6496 -0.7603
vn 0.5613 -0.5672 -0.6027
vn 0.3302 0.2138 -0.9194
vn 0.6070 0.1265 -0.7845
vn 0.9022 0.3706 -0.2207
vn 0.9984 0.0534 -0.0163
vn 0.8465 0.2037 0.4918
vn 0.7409 0.0425 0.6702
vn 0.0529 0.0231 0.9983
vn 0.4608 -0.2747 0.8439
vn 0.5092 -0.2865 0.8116
vn 0.7208 -0.3827 0.5779
vn 0.9984 0.0534 -0.0162
vn 0.8454 -0.5337 -0.0207
vn 0.7439 -0.1762 0.6447
vn 0.7244 -0.2033 -0.6587
vn 0.6071 0.1266 -0.7845
vn -0.5451 0.0973 -0.8327
vn 0.8454 -0.5338 -0.0207
vn 0.9511 -0.3064 0.0381
vn 0.7208 -0.3827 0.5780
vn 0.4607 -0.2747 0.8439
vn 0.3280 -0.4909 0.8071
vn 0.1733 -0.3197 0.9315
vn 0.0974 -0.5289 0.8431
vn 0.1383 0.1001 0.9853
vn 0.0407 0.0204 0.9990
vn 0.1822 0.0470 0.9821
vn 0.1409 -0.1832 0.9729
vn 0.1178 -0.1507 0.9815
vn 0.2481 -0.2018 0.9475
vn 0.0650 -0.0761 0.9950
vn 0.0532 0.0469 0.9975
vn 0.1499 -0.1661 0.9746
vn -0.2499 -0.4328 -0.8661
vn -0.6160 -0.1877 0.7651
vn -0.9851 0.1641 -0.0522
vn -0.6800 -0.6933 0.2385
vn -0.9590 -0.1738 0.2238
vn -0.4228 -0.8942 0.1472
vn -0.1989 -0.0828 0.9765
vn -0.7006 0.0304 0.7129
vn -0.9396 -0.0033 0.3424
vn -0.8845 0.4581 0.0881
vn -0.9030 0.3380 0.2652
vn -0.4617 0.3855 0.7989
vn -0.5765 0.8159 0.0438
vn -0.2493 0.9151 -0.3169
vn -0.5428 0.7967 -0.2657
vn 0.6761 0.4710 -0.5667
vn 0.8083 -0.3191 -0.4948
vn 0.3138 -0.9286 -0.1980
vn 0.0511 -0.7876 0.6141
vn -0.4229 -0.8942 0.1472
vn 0.5311 -0.8433 -0.0821
vn -0.2500 -0.4328 -0.8661
vn 0.3138 -0.9286 -0.1979
vn 0.7855 0.1042 -0.6100
vn 0.6761 0.4710 -0.5666
vn -0.1971 0.7573 -0.6226
vn -0.2500 -0.4328 -0.8662
vn 0.5312 -0.8433 -0.0821
vn -0.2499 -0.4328 -0.8662
vn -0.0812 -0.5790 0.8113
vn -0.0642 -0.0703 0.9955
vn -0.1683 -0.1654 0.9718
vn -0.3931 -0.1307 0.9102
vn -0.7208 -0.3827 0.5779
vn -0.7860 -0.2422 0.5688
vn -0.6675 -0.6954 -0.2662
vn -0.7244 -0.2033 -0.6587
vn -0.3736 -0.0830 -0.9239
vn -0.0000 0.1147 -0.9934
vn -0.9939 0.0609 -0.0924
vn 0.3736 -0.0830 -0.9239
vn 0.6675 -0.6954 -0.2662
vn 0.7860 -0.2422 0.5688
vn 0.3931 -0.1307 0.9102
vn 0.1684 -0.1654 0.9717
vn 0.0973 -0.5289 0.8431
vn -0.8185 0.3436 -0.4604
vn -0.6617 0.1874 -0.7260
vn -0.9865 -0.1451 0.0754
vn -0.9070 -0.1740 0.3834
vn 0.1339 0.1081 -0.9851
vn -0.9357 -0.1532 -0.3177
vn -0.8408 -0.1629 0.5163
vn -0.9819 -0.0138 -0.1890
vn -0.9205 -0.3243 -0.2179
vn -0.3310 0.0976 0.9386
vn -0.6947 0.0927 0.7133
vn -0.9087 0.1210 0.3995
vn -0.3249 0.2048 0.9233
vn -0.9022 0.3707 -0.2207
vn -0.2315 -0.0521 0.9714
vn -0.9521 -0.0090 0.3055
vn -0.9354 -0.0664 0.3473
vn -0.7818 0.1728 0.5991
vn -0.5131 0.3866 0.7663
vn -0.3490 0.6349 0.6893
vn -0.1703 0.4125 0.8949
vn -0.1698 0.4215 0.8908
vn -0.7832 0.5370 0.3134
vn -0.3996 0.8130 0.4234
vn -0.6341 0.7729 -0.0235
vn -0.7526 0.6301 0.1914
vn -0.4159 0.6778 0.6063
vn -0.4661 0.1165 0.8770
vn -0.9883 0.1526 0.0021
vn -0.3479 0.1576 0.9242
vn -0.9222 0.0141 0.3864
vn -0.7526 0.6300 0.1914
vn -0.6494 0.3625 0.6684
vn -0.1984 0.3286 0.9234
vn -0.2169 0.3943 0.8930
vn -0.1088 0.6780 0.7269
vn -0.0546 0.6609 0.7484
vn 0.0144 -0.2478 -0.9687
vn -0.5194 -0.0463 -0.8532
vn 0.1873 0.4568 -0.8696
vn 0.9650 -0.1938 -0.1764
vn -0.0573 -0.9649 -0.2564
vn -0.1995 0.1815 -0.9630
vn 0.8235 -0.4784 -0.3050
vn 0.1743 -0.4022 -0.8988
vn 0.4097 -0.0799 -0.9087
vn 0.0997 -0.2102 -0.9726
vn -0.6619 0.1875 -0.7257
vn 0.1919 0.5495 -0.8132
vn -0.5386 0.4648 -0.7028
vn 0.3313 0.1537 -0.9309
vn 0.0558 -0.0616 -0.9965
vn -0.7750 0.2256 -0.5903
vn -0.9228 0.3452 0.1710
vn -0.9077 0.3619 0.2124
vn -0.6618 0.1874 -0.7259
vn -0.4316 0.1072 0.8957
vn -0.9341 0.2441 -0.2605
vn -0.9578 -0.2606 0.1216
vn -0.9157 -0.3668 0.1640
vn -0.9981 0.0520 0.0344
vn -0.2660 -0.9275 -0.2625
vn 0.4175 0.0013 -0.9087
vn 0.2251 -0.1042 -0.9687
vn -0.6649 0.0911 -0.7413
vn -0.4097 -0.0691 0.9096
vn -0.1073 -0.0878 0.9903
vn -0.0335 -0.8926 0.4495
vn -0.9157 -0.3668 0.1641
vn 0.0870 -0.7345 0.6730
vn -0.2661 -0.9275 -0.2625
vn 0.3708 -0.5106 0.7757
vn 0.8273 -0.5614 0.0207
vn 0.8172 -0.5225 -0.2435
vn 0.0001 -0.6495 -0.7603
vn 0.0278 -0.9708 0.2382
vn -0.8155 -0.5788 0.0069
vn -0.2719 -0.5608 0.7820
vn -0.4653 -0.0208 0.8849
vn -0.2702 0.1286 0.9542
vn -0.1734 0.0992 0.9798
vn -0.3257 0.4017 0.8559
vn -0.1602 0.8641 0.4771
vn -0.7832 0.5371 0.3133
vn -0.0687 0.5987 0.7980
vn -0.0847 0.6152 0.7838
vn -0.1448 0.9853 -0.0903
vn -0.0930 0.6815 -0.7259
vn -0.3817 0.8149 0.4360
vn -0.1261 -0.9891 0.0761
vn 0.1743 0.0725 -0.9820
vn 0.1712 -0.6651 -0.7269
vn 0.0964 -0.8215 0.5620
vn -0.0818 0.1741 0.9813
vn -0.3729 0.6702 0.6417
vn -0.1080 0.2061 0.9725
vn -0.3833 0.7086 0.5924
vn -0.3053 0.7167 0.6271
vn -0.3201 0.7554 0.5718
vn -0.7487 0.6019 0.2777
vn -0.7952 -0.5689 -0.2100
vn -0.7859 -0.2422 0.5689
vn -0.6494 0.3625 0.6685
vn -0.8135 -0.2748 0.5126
vn -0.8674 -0.3797 0.3216
vn -0.7319 -0.0339 0.6805
vn -0.3232 -0.1314 0.9372
vn -0.6617 0.1874 -0.7259
vn -0.1125 -0.0918 0.9894
vn 0.4097 -0.0800 -0.9087
vn -0.3619 -0.3252 0.8737
vn -0.8885 -0.4556 0.0550
vn -0.6371 -0.7255 0.2602
vn -0.7064 -0.4317 0.5609
vn -0.8928 -0.2147 0.3959
vn -0.9553 0.0874 0.2823
vn -0.4717 0.0391 0.8809
vn -0.1745 -0.0544 0.9832
vn -0.9752 0.0314 0.2192
vn -0.5765 0.8159 0.0437
vn -0.1455 0.6445 0.7506
vn -0.1429 0.5215 0.8412
vn -0.5428 0.7967 -0.2658
vn -0.1590 0.9858 0.0544
vn -0.5679 0.8148 0.1167
vn -0.3332 0.8863 0.3216
vn -0.0000 0.9726 0.2327
vn -0.0000 0.9397 0.3419
vn 0.1604 0.5631 0.8107
vn 0.3332 0.8863 0.3216
vn 0.5679 0.8148 0.1167
vn 0.4345 0.5050 0.7458
vn 0.5428 0.7967 -0.2658
vn 0.1591 0.9858 0.0545
vn 0.5765 0.8159 0.0438
vn 0.3031 0.8228 -0.4807
vn 0.5624 0.4329 0.7045
vn 0.9521 0.3002 -0.0582
vn 0.9030 0.3380 0.2652
vn 0.5646 0.0724 0.8222
vn 0.9396 -0.0033 0.3424
vn 0.1745 -0.0544 0.9832
vn 0.9685 -0.1993 -0.1492
vn 0.9729 0.0280 0.2297
vn 0.9468 0.0488 0.3182
vn 0.8902 -0.2199 0.3990
vn 0.6850 -0.4514 0.5718
vn 0.8672 -0.3854 0.3153
vn 0.6375 -0.7253 0.2600
vn 0.8416 -0.4146 0.3463
vn -0.5143 0.6839 -0.5175
vn -0.0000 -0.7561 -0.6545
vn -0.2520 -0.0901 -0.9635
vn -0.0000 -0.9325 0.3611
vn -0.0000 -0.0460 -0.9989
vn 0.0439 -0.8280 -0.5590
vn 0.2670 -0.2179 0.9387
vn 0.3232 -0.1314 0.9372
vn 0.8416 -0.4145 0.3462
vn 0.8672 -0.3855 0.3153
vn 0.8154 -0.3052 0.4919
vn 0.8615 -0.3563 0.3618
vn 0.9426 -0.0225 0.3330
vn 0.9729 0.0281 0.2297
vn 0.9681 0.0821 0.2369
vn 0.4847 -0.1329 0.8646
vn 0.8661 -0.0999 0.4897
vn 0.8185 0.2224 0.5297
vn 0.4815 0.0535 0.8748
vn 0.4991 0.5985 0.6266
vn 0.1326 0.2606 0.9563
vn 0.4139 0.6569 0.6302
vn 0.7314 0.4518 0.5108
vn 0.9426 -0.0225 0.3331
vn 0.1591 0.9858 0.0544
vn 0.0208 0.9222 0.3862
vn 0.3278 0.5383 0.7764
vn 0.0495 0.3436 0.9378
vn 0.0740 0.8090 0.5831
vn -0.4275 0.6828 0.5925
vn -0.2660 0.5672 0.7794
vn -0.7439 0.5979 0.2985
vn -0.4783 0.2714 0.8352
vn -0.9932 0.0891 0.0745
vn -0.9752 0.0314 0.2193
vn -0.4370 -0.0365 0.8987
vn -0.8929 -0.2147 0.3959
vn -0.8733 -0.3900 0.2920
vn -0.9687 -0.1070 0.2239
vn -0.8337 0.5009 0.2324
vn -0.4274 0.6828 0.5925
vn -0.1591 0.9858 0.0544
vn -0.2660 -0.9276 -0.2624
vn -0.8355 0.1046 -0.5395
vn 0.8172 -0.5224 -0.2434
vn 0.3313 0.1538 -0.9309
vn 0.8677 0.1214 -0.4820
vn 0.1917 0.5495 -0.8132
vn -0.4247 -0.2312 -0.8753
vn 0.9868 0.1128 0.1160
vn 0.2577 0.8820 0.3946
vn -0.3287 0.4961 0.8037
vn 0.9332 -0.2073 0.2936
vn 0.4138 0.6569 0.6302
vn 0.9681 0.0820 0.2369
vn 0.5154 -0.0537 0.8553
vn 0.7610 0.4392 -0.4774
vn 0.7198 0.6917 0.0594
vn 0.4643 0.7580 -0.4581
vn 0.9332 -0.2072 0.2936
vn 0.2576 0.8820 0.3945
vn -0.3547 0.3747 0.8566
vn -0.3286 0.4961 0.8037
vn -0.3578 0.9145 -0.1888
vn 0.2577 0.8819 0.3947
vn 0.0425 -0.1109 -0.9929
vn -0.0955 0.9876 -0.1246
vn 0.1590 0.9858 0.0545
vn -0.2431 0.1963 -0.9499
vn -0.7982 -0.4449 0.4062
vn 0.0573 -0.9649 -0.2564
vn -0.3039 -0.8585 0.4131
vn -0.2431 0.1962 -0.9499
vn -0.1743 -0.4022 -0.8988
vn -0.1874 0.4568 -0.8696
vn -0.0144 -0.2478 -0.9687
vn 0.9685 -0.1993 -0.1493
vn -0.1874 0.4567 -0.8696
vn 0.8995 0.3204 -0.2969
vn 0.9252 0.1703 -0.3391
vn 0.2019 -0.4554 0.8671
vn 0.6850 -0.4515 0.5717
vn 0.7856 -0.3415 0.5160
vn 0.3561 -0.0115 0.9344
vn 0.8995 0.3204 -0.2970
vn 0.6941 -0.4751 0.5408
vn 0.0572 -0.9649 -0.2562
vn 0.2499 -0.4328 -0.8661
vn 0.9851 0.1641 -0.0522
vn 0.6800 -0.6933 0.2385
vn 0.5878 -0.2253 0.7770
vn 0.4228 -0.8942 0.1472
vn 0.1989 -0.0828 0.9765
vn 0.1759 -0.0559 0.9828
vn 0.9396 -0.0033 0.3423
vn 0.9590 -0.1738 0.2238
vn 0.8845 0.4581 0.0881
vn 0.1971 0.7573 -0.6226
vn 0.2499 -0.4328 -0.8662
vn 0.2493 0.9151 -0.3169
vn 0.5077 0.1864 0.8412
vn 0.9030 0.3380 0.2653
vn 0.5765 0.8159 0.0437
vn 0.5428 0.7967 -0.2657
vn -0.6761 0.4710 -0.5667
vn -0.8083 -0.3191 -0.4948
vn -0.3684 -0.9092 0.1941
vn -0.3138 -0.9286 -0.1980
vn 0.4229 -0.8942 0.1472
vn -0.5311 -0.8433 -0.0821
vn 0.2500 -0.4328 -0.8661
vn -0.3138 -0.9286 -0.1979
vn -0.9279 -0.3082 0.2099
vn -0.7855 0.1042 -0.6100
vn 0.1972 0.7573 -0.6226
vn -0.6761 0.4710 -0.5666
vn -0.8083 -0.3190 -0.4948
vn -0.2521 -0.0901 -0.9635
vn 0.6618 0.1874 -0.7259
vn -0.1918 0.5495 -0.8132
vn 0.5386 0.4648 -0.7028
vn -0.3313 0.1538 -0.9309
vn 0.7750 0.2256 -0.5903
vn -0.9130 -0.3269 -0.2439
vn 0.8944 0.3420 0.2884
vn -0.2251 -0.1042 -0.9687
vn -0.4175 0.0013 -0.9087
vn 0.2660 -0.9275 -0.2625
vn 0.6649 0.0911 -0.7413
vn 0.9157 -0.3668 0.1640
vn 0.8028 0.1303 0.5819
vn 0.9569 -0.2630 0.1230
vn 0.7750 0.2257 -0.5904
vn 0.9341 0.2441 -0.2605
vn 0.5386 0.4648 -0.7027
vn 0.4952 0.2090 0.8433
vn 0.8760 0.1745 0.4496
vn 0.9569 -0.2629 0.1230
vn 0.1066 -0.0907 0.9902
vn 0.4303 -0.6728 -0.6018
vn 0.3760 -0.3898 0.8407
vn 0.0336 -0.8923 0.4502
vn 0.9157 -0.3668 0.1641
vn 0.2414 -0.4771 0.8451
vn 0.2661 -0.9275 -0.2625
vn -0.0870 -0.7345 0.6730
vn -0.8273 -0.5614 0.0207
vn -0.8170 -0.5219 -0.2452
vn 0.4626 0.4013 0.7905
vn 0.2764 0.1777 0.9445
vn 0.6351 0.1815 0.7508
vn -0.8248 0.5215 -0.2185
vn -0.6313 0.4456 0.6348
vn -0.7487 0.6019 0.2778
vn -0.1682 0.2344 0.9575
vn -0.6313 0.4456 0.6347
vn -0.0579 0.1439 0.9879
vn -0.0000 0.4667 0.8844
vn -0.0003 0.7073 0.7069
vn -0.3052 0.7167 0.6271
vn -0.0233 0.0713 0.9972
vn -0.0372 0.1138 0.9928
vn -0.1689 0.6563 0.7354
vn -0.0179 0.1271 0.9917
vn -0.0012 0.6118 0.7910
vn 0.0172 0.1252 0.9920
vn 0.1671 0.6563 0.7357
vn 0.0379 0.1160 0.9925
vn 0.0233 0.0713 0.9972
vn 0.3052 0.7167 0.6271
vn 0.1351 0.3625 0.9221
vn 0.1385 0.4253 0.8944
vn 0.3201 0.7554 0.5718
vn 0.7074 0.3836 0.5936
vn 0.6933 0.6764 0.2485
vn -0.0278 -0.9708 0.2382
vn 0.0030 -0.0840 0.9965
vn 0.2719 -0.5608 0.7820
vn 0.9354 -0.0664 0.3472
vn 0.2888 -0.1512 0.9454
vn 0.4653 -0.0208 0.8849
vn 0.6689 0.4056 0.6230
vn 0.3257 0.4017 0.8559
vn 0.1399 0.3417 0.9293
vn 0.0535 0.4077 0.9116
vn 0.7832 0.5371 0.3133
vn 0.1602 0.8641 0.4772
vn 0.1448 0.9853 -0.0904
vn 0.1138 0.8030 0.5850
vn 0.1048 0.8773 0.4683
vn 0.0931 0.6815 -0.7259
vn -0.1743 0.0725 -0.9820
vn 0.6287 0.6382 -0.4444
vn -0.6078 -0.7918 0.0602
vn -0.1711 -0.6651 -0.7269
vn 0.7952 -0.5689 -0.2100
vn 0.7859 -0.2422 0.5689
vn 0.2660 -0.9276 -0.2624
vn -0.5327 -0.2150 0.8186
vn -0.3313 0.1537 -0.9309
vn 0.7891 0.0607 -0.6113
vn -0.8629 -0.0588 0.5020
vn -0.1917 0.5495 -0.8132
vn 0.4247 -0.2312 -0.8753
vn -0.8677 0.1213 -0.4820
vn 0.6374 -0.7253 0.2600
vn -0.0691 0.1689 0.9832
vn -0.0094 0.0682 0.9976
vn 0.0046 0.3231 0.9464
vn 0.0090 0.1573 0.9875
vn 0.0114 0.0334 0.9994
vn -0.0000 0.2002 0.9798
vn -0.0114 0.0334 0.9994
vn -0.1018 0.1750 0.9793
vn -0.0824 0.0849 0.9930
vn 0.0140 0.2516 0.9677
vn 0.1566 0.5516 0.8192
vn 0.1671 0.6564 0.7357
vn 0.3327 0.3966 0.8556
vn 0.9592 -0.2245 0.1719
vn 0.1703 -0.0473 0.9843
vn 0.9423 0.1304 -0.3083
vn 0.6276 0.7785 -0.0058
vn 0.8537 0.5207 -0.0092
vn 0.7831 0.5371 0.3134
vn 0.9960 0.0658 0.0605
vn 0.9963 0.0660 0.0548
vn 0.7413 -0.0892 0.6652
vn 0.9999 0.0026 -0.0137
vn 0.9672 0.1416 -0.2107
vn 0.9669 0.2293 -0.1120
vn 0.7979 0.1494 0.5840
vn 0.9993 0.0332 0.0160
vn -0.5246 -0.0254 -0.8510
vn 0.9104 -0.1231 -0.3950
vn 0.7007 -0.0144 -0.7133
vn 0.9415 0.1247 -0.3132
vn 0.8249 0.5214 -0.2185
vn 0.0954 0.1443 0.9849
vn 0.3786 0.9236 -0.0606
vn 0.6934 0.6764 0.2485
vn 0.1924 0.4003 0.8959
vn 0.9821 0.0037 -0.1882
vn -0.2738 0.0602 -0.9599
vn -0.7490 0.0621 -0.6597
vn 0.7738 0.5661 -0.2843
vn -0.7075 -0.4034 -0.5803
vn 0.2691 0.9010 -0.3404
vn -0.3953 -0.7563 -0.5213
vn -0.3358 0.8795 -0.3371
vn 0.0682 -0.8621 -0.5021
vn -0.8153 0.5097 -0.2746
vn 0.5047 -0.6791 -0.5330
vn -0.9821 -0.0660 -0.1762
vn 0.7490 -0.2775 -0.6016
vn -0.7738 -0.6284 -0.0802
vn 0.7072 0.1889 -0.6813
vn -0.2699 -0.9626 -0.0231
vn 0.3953 0.5420 -0.7416
vn 0.3371 -0.9411 -0.0268
vn -0.0676 0.6469 -0.7596
vn 0.8153 -0.5720 -0.0899
vn -0.5047 0.4636 -0.7282
vn -0.7738 -0.6283 -0.0802
vn -0.1841 -0.0179 0.9828
vn 0.0746 0.3603 0.9298
vn 0.1771 0.2796 0.9436
vn -0.8154 0.5097 -0.2746
vn 0.2119 0.1550 0.9649
vn -0.3359 0.8795 -0.3371
vn 0.1658 0.0341 0.9856
vn 0.2690 0.9010 -0.3404
vn 0.0559 -0.0377 0.9977
vn 0.7738 0.5661 -0.2842
vn -0.0745 -0.0317 0.9967
vn 0.9821 0.0038 -0.1882
vn -0.1771 0.0495 0.9830
vn 0.8154 -0.5719 -0.0898
vn -0.2119 0.1741 0.9617
vn 0.3372 -0.9411 -0.0268
vn -0.1658 0.2950 0.9410
vn -0.2698 -0.9626 -0.0231
vn -0.0563 0.3662 0.9288
vn -0.7737 -0.6284 -0.0802
vn 0.0746 0.3603 0.9299
vn 0.0909 0.2797 0.9558
vn -0.0000 0.9997 0.0255
vn -0.7854 0.6122 -0.0920
vn -0.9308 -0.1981 -0.3071
vn -0.6433 -0.7631 0.0623
vn 0.1406 0.1278 -0.9818
vn -0.4727 -0.6709 -0.5714
vn -0.0000 -0.7597 -0.6503
vn -0.0000 -0.9079 -0.4192
vn 0.5625 -0.8238 -0.0709
vn 0.6260 -0.7624 0.1639
vn -0.1406 0.1278 -0.9818
vn 0.4727 -0.6709 -0.5714
vn 0.9308 -0.1981 -0.3071
vn 0.7654 0.1857 0.6162
vn 0.7854 0.6122 -0.0920
vn -0.0000 0.9821 -0.1885
vn -0.8696 0.4199 -0.2599
vn -0.8660 -0.0514 0.4974
vn -0.7236 -0.5728 -0.3851
vn 0.0001 -0.0292 -0.9996
vn 0.1360 -0.9768 0.1656
vn 0.1342 -0.9640 0.2297
vn -0.1112 0.1058 -0.9881
vn 0.9308 -0.1980 -0.3072
vn 0.7236 -0.5728 -0.3850
vn 0.8696 0.4199 -0.2599
vn -0.0000 -0.0292 -0.9996
vn 0.2491 0.3639 0.8975
vn 0.6126 0.5965 0.5186
vn -0.7236 -0.5728 -0.3850
vn 0.0747 0.3602 0.9299
vn 0.2670 0.1128 0.9571
vn 0.7072 0.1888 -0.6813
vn 0.1771 0.2797 0.9436
vn 0.7490 -0.2775 -0.6017
vn 0.2119 0.1551 0.9649
vn 0.5047 -0.6790 -0.5331
vn 0.0559 -0.0376 0.9977
vn -0.7075 -0.4033 -0.5803
vn -0.1771 0.0494 0.9830
vn -0.7490 0.0620 -0.6597
vn -0.2119 0.1740 0.9617
vn -0.5047 0.4636 -0.7283
vn -0.0677 0.6469 -0.7596
vn -0.0563 0.3661 0.9289
vn 0.3952 0.5420 -0.7416
vt 0.048685 1.364059
vt 0.072667 1.364143
vt 0.034966 1.305068
vt 0.680568 1.236261
vt 0.732206 1.247884
vt 0.681958 1.179695
vt 0.670641 1.380368
vt 0.670641 1.380402
vt 0.644473 1.499149
vt 0.636967 1.383266
vt 0.748207 1.775740
vt 0.742082 1.742856
vt 0.771192 1.775740
vt 0.059940 1.487963
vt 0.047286 1.495642
vt 0.066634 1.497353
vt 0.044159 1.507928
vt 0.090811 1.512032
vt 0.060301 1.518178
vt 0.048858 1.513893
vt 0.047719 1.466623
vt 0.046915 1.473276
vt 0.049049 1.490240
vt 0.043975 1.491107
vt 0.057164 1.513127
vt 0.057151 1.505606
vt 0.084637 1.511842
vt 0.084637 1.504611
vt 0.124775 1.256303
vt 0.089488 1.324278
vt 0.068091 1.268590
vt 0.069074 1.332392
vt 0.032223 1.272612
vt 0.108311 1.405106
vt 0.122496 1.576817
vt 0.092603 1.576817
vt 0.057473 1.576817
vt 0.028792 1.584476
vt 0.004413 1.584476
vt 0.742082 1.742856
vt 0.748207 1.775740
vt 0.728843 1.775740
vt 0.710962 1.743237
vt 0.089488 1.324278
vt 0.511357 1.673154
vt 0.584789 1.613599
vt 0.475888 1.604311
vt 0.463907 1.560293
vt 0.638460 1.560806
vt 0.796034 1.042241
vt 0.832423 1.083327
vt 0.804615 1.009640
vt 0.850960 1.051496
vt 0.882081 1.009640
vt 0.882046 1.090562
vt 0.881977 1.119524
vt 0.958703 1.075026
vt 0.965142 1.009640
vt 0.931546 1.090625
vt 0.915961 1.053899
vt 0.396825 1.485612
vt 0.409031 1.396517
vt 0.368763 1.480766
vt 0.381742 1.403788
vt 0.357345 1.310367
vt 0.380746 1.275749
vt 0.296254 1.290285
vt 0.298586 1.251988
vt 0.209118 1.298436
vt 0.239095 1.328160
vt 0.185404 1.378628
vt 0.218953 1.396270
vt 0.213593 1.442541
vt 0.180081 1.433108
vt 0.215765 1.480980
vt 0.183430 1.478366
vt 0.238472 1.523703
vt 0.209175 1.528470
vt 0.262190 1.553648
vt 0.237101 1.563727
vt 0.124775 1.201674
vt 0.210443 1.214475
vt 0.215561 1.290562
vt 0.296434 1.266654
vt 0.299447 1.217696
vt 0.296495 1.161534
vt 0.182580 1.154987
vt 0.102901 1.157694
vt 0.098897 1.083237
vt 0.189899 1.083237
vt 0.289387 1.083237
vt 0.357887 1.075603
vt 0.416702 1.169302
vt 0.410922 1.245698
vt 0.409432 1.309916
vt 0.299616 1.291796
vt 0.241528 1.342365
vt 0.204516 1.342185
vt 0.222878 1.405432
vt 0.189747 1.406579
vt 0.223076 1.448277
vt 0.177343 1.449592
vt 0.202795 1.500349
vt 0.229216 1.483870
vt 0.245080 1.522396
vt 0.224244 1.532181
vt 0.267042 1.550124
vt 0.253611 1.572493
vt 0.227233 1.571879
vt 0.202661 1.548669
vt 0.178088 1.525459
vt 0.137792 1.446339
vt 0.363353 1.323646
vt 0.376831 1.418623
vt 0.420427 1.417893
vt 0.397995 1.497515
vt 0.367231 1.488691
vt 0.068091 1.268590
vt 0.066594 1.192747
vt 0.003709 1.155301
vt 0.003709 1.189973
vt 0.003709 1.238716
vt 0.032223 1.272612
vt 0.872993 1.327725
vt 0.959118 1.205626
vt 0.848218 1.346022
vt 0.929999 1.184639
vt 0.996658 1.094032
vt 0.903930 1.158307
vt 0.819981 1.190144
vt 0.807085 1.162770
vt 0.893437 1.127065
vt 0.725167 1.190991
vt 0.720428 1.166278
vt 0.754736 1.238776
vt 0.821020 1.281845
vt 0.828395 1.367762
vt 0.794047 1.306929
vt 0.604546 1.143632
vt 0.600072 1.252005
vt 0.534635 1.090961
vt 0.536145 1.257909
vt 0.602435 1.390574
vt 0.569591 1.117296
vt 0.003709 1.009640
vt 0.003709 1.034303
vt 0.097916 1.009640
vt 0.098407 1.046438
vt 0.205758 1.009640
vt 0.197829 1.046438
vt 0.003709 1.083237
vt 0.282781 1.055509
vt 0.283091 1.028466
vt 0.281267 1.009640
vt 0.335347 1.009640
vt 0.346617 1.042621
vt 0.402414 1.009640
vt 0.407366 1.046438
vt 0.517179 1.046438
vt 0.517179 1.009640
vt 0.517179 1.083237
vt 0.412318 1.083237
vt 0.517179 1.155301
vt 0.517179 1.239880
vt 0.419340 1.175629
vt 0.459194 1.300643
vt 0.481475 1.267733
vt 0.497348 1.416446
vt 0.470324 1.400082
vt 0.475727 1.474930
vt 0.505624 1.511532
vt 0.567792 1.415194
vt 0.577849 1.511532
vt 0.630141 1.511532
vt 0.598234 1.410912
vt 0.436118 1.511532
vt 0.428255 1.422073
vt 0.417124 1.287257
vt 0.522401 1.257166
vt 0.003709 1.845857
vt 0.077487 1.845857
vt 0.003709 1.795573
vt 0.077487 1.795573
vt 0.145186 1.845857
vt 0.149309 1.795573
vt 0.190012 1.845857
vt 0.256193 1.796625
vt 0.259981 1.845857
vt 0.341921 1.795573
vt 0.341920 1.845857
vt 0.449531 1.795573
vt 0.449531 1.845857
vt 0.532279 1.068945
vt 0.611205 1.130609
vt 0.534101 1.009640
vt 0.618051 1.095826
vt 0.684116 1.157088
vt 0.693170 1.120537
vt 0.612397 1.043572
vt 0.614078 1.009640
vt 0.692746 1.054901
vt 0.773430 1.093385
vt 0.757354 1.133233
vt 0.850129 1.138868
vt 0.749760 1.161740
vt 0.685176 1.009640
vt 0.763017 1.009640
vt 0.765653 1.049439
vt 0.688845 1.053669
vt 0.356647 1.519766
vt 0.356647 1.554250
vt 0.414564 1.519766
vt 0.414564 1.554250
vt 0.473682 1.519766
vt 0.473682 1.554250
vt 0.529239 1.554250
vt 0.529239 1.519766
vt 0.594032 1.519766
vt 0.594032 1.554250
vt 0.655160 1.554250
vt 0.655159 1.519766
vt 0.675162 1.776335
vt 0.705106 1.776335
vt 0.675162 1.744500
vt 0.705106 1.744500
vt 0.736051 1.744500
vt 0.736051 1.776335
vt 0.768969 1.744500
vt 0.768969 1.776335
vt 0.809197 1.744500
vt 0.809197 1.776335
vt 0.258327 1.795573
vt 0.469531 1.654099
vt 0.415033 1.655706
vt 0.469507 1.670710
vt 0.423456 1.729528
vt 0.469482 1.687321
vt 0.494943 1.725639
vt 0.482703 1.681899
vt 0.528586 1.680530
vt 0.567977 1.699762
vt 0.523324 1.786477
vt 0.448724 1.786477
vt 0.370684 1.786477
vt 0.342660 1.729960
vt 0.334868 1.786477
vt 0.257477 1.727389
vt 0.299053 1.786477
vt 0.258397 1.786477
vt 0.211049 1.786477
vt 0.198720 1.726674
vt 0.168029 1.786477
vt 0.155703 1.718598
vt 0.101964 1.710217
vt 0.119350 1.786477
vt 0.071988 1.786477
vt 0.058988 1.719059
vt 0.003709 1.786477
vt 0.003709 1.728560
vt 0.614543 1.786477
vt 0.602644 1.695888
vt 0.594155 1.636678
vt 0.345494 1.652820
vt 0.247692 1.670555
vt 0.149088 1.706282
vt 0.243041 1.643544
vt 0.147309 1.624923
vt 0.158924 1.658061
vt 0.080433 1.597874
vt 0.074963 1.679858
vt 0.003709 1.674502
vt 0.003298 1.626941
vt 0.003709 1.593434
vt 0.604669 1.065527
vt 0.732887 1.249316
vt 0.680607 1.180670
vt 0.681009 1.236589
vt 0.083577 1.526426
vt 0.057186 1.526426
vt 0.028267 1.526426
vt 0.028254 1.493793
vt 0.003848 1.526426
vt 0.003882 1.486625
vt 0.030920 1.476029
vt 0.032977 1.462839
vt 0.014880 1.461268
vt 0.003882 1.460313
vt 0.015464 1.461319
vt 0.032977 1.462839
vt 0.030920 1.476029
vt 0.028255 1.493793
vt 0.028267 1.526426
vt 0.057186 1.526426
vt 0.068976 1.362056
vt 0.053007 1.320125
vt 0.031333 1.362056
vt 0.003709 1.362056
vt 0.003709 1.314644
vt 0.035842 1.290760
vt 0.003709 1.287567
vt 0.023937 1.268320
vt 0.003709 1.246832
vt 0.030703 1.362056
vt 0.267796 1.492015
vt 0.333232 1.491863
vt 0.267853 1.513966
vt 0.333215 1.513966
vt 0.303090 1.432018
vt 0.283215 1.425560
vt 0.303090 1.462518
vt 0.265287 1.450235
vt 0.270932 1.408654
vt 0.241925 1.418079
vt 0.270932 1.387757
vt 0.241925 1.378332
vt 0.283215 1.370850
vt 0.265287 1.346175
vt 0.303090 1.364393
vt 0.303090 1.333893
vt 0.322964 1.370850
vt 0.340892 1.346175
vt 0.335248 1.387757
vt 0.364256 1.378332
vt 0.335248 1.408654
vt 0.364256 1.418079
vt 0.322964 1.425560
vt 0.340892 1.450235
vt 0.332936 1.357126
vt 0.303090 1.347428
vt 0.273244 1.357126
vt 0.254798 1.382514
vt 0.254798 1.413896
vt 0.273244 1.439285
vt 0.303090 1.448983
vt 0.332936 1.439285
vt 0.351382 1.413896
vt 0.351382 1.382514
vt 0.816218 1.467335
vt 0.808969 1.359059
vt 0.824019 1.443577
vt 0.775820 1.393810
vt 0.794598 1.491333
vt 0.738544 1.417479
vt 0.730294 1.503825
vt 0.694892 1.435581
vt 0.681223 1.498790
vt 0.659130 1.472317
vt 0.669985 1.424882
vt 0.687586 1.339050
vt 0.770161 1.284253
vt 0.751248 1.310735
vt 0.714669 1.347597
vt 0.698785 1.256341
s 1
usemtl CRM_MI_081_bod_00_node306
f 1/1/1 2/2/2 3/3/3
f 4/4/4 5/5/5 6/6/6
f 7/7/7 8/8/8 9/6/9
f 10/9/10 11/10/11 12/8/12
f 13/4/13 14/6/9 15/5/14
f 16/11/15 17/12/16 18/13/17
f 19/1/18 20/3/19 21/2/20
f 22/14/21 23/15/22 24/16/23
f 25/17/24 24/16/23 23/15/22
f 24/16/23 25/17/24 26/18/25
f 27/17/26 26/18/25 25/17/24
f 26/18/25 27/17/26 28/19/27
f 29/20/28 28/19/27 27/17/26
f 30/21/2 31/22/29 32/23/30
f 33/24/31 32/23/30 31/22/29
f 32/23/30 33/24/31 34/23/32
f 35/25/33 34/23/32 33/24/31
f 34/23/32 35/25/33 36/26/34
f 37/27/27 36/26/34 35/25/33
f 36/26/34 37/27/27 38/28/35
f 39/14/36 40/16/37 41/15/38
f 42/16/39 41/15/38 40/16/37
f 41/15/38 42/16/39 43/17/40
f 44/18/41 43/17/40 42/16/39
f 43/17/40 44/18/41 45/17/42
f 46/19/43 45/17/42 44/18/41
f 45/17/42 46/19/43 47/20/44
f 48/21/20 49/23/45 50/22/46
f 51/23/47 50/22/46 49/23/45
f 50/22/46 51/23/47 52/24/48
f 53/23/49 52/24/48 51/23/47
f 52/24/48 53/23/49 54/25/50
f 55/26/51 54/25/50 53/23/49
f 54/25/50 55/26/51 56/27/43
f 57/28/52 56/27/43 55/26/51
f 58/29/53 59/30/54 60/31/55
f 61/32/56 60/31/55 59/30/54
f 60/31/55 61/32/56 62/33/57
f 63/30/58 64/34/59 65/32/60
f 66/35/61 67/36/62 68/35/63
f 69/36/64 68/35/63 67/36/62
f 68/35/63 69/36/64 70/36/65
f 71/37/66 70/36/65 69/36/64
f 70/36/65 71/37/66 72/37/67
f 73/38/68 72/37/67 71/37/66
f 72/37/67 73/38/68 74/38/69
f 75/38/70 74/38/69 73/38/68
f 74/38/69 75/38/70 76/39/71
f 77/39/72 76/39/71 75/38/70
f 76/39/71 77/39/72 78/39/73
f 79/38/73 78/39/73 77/39/72
f 78/39/73 79/38/73 80/38/74
f 81/38/75 80/38/74 79/38/73
f 80/38/74 81/38/75 82/37/76
f 83/37/77 82/37/76 81/38/75
f 82/37/76 83/37/77 84/36/78
f 85/36/79 84/36/78 83/37/77
f 84/36/78 85/36/79 86/35/63
f 87/35/61 86/35/63 85/36/79
f 88/13/17 89/40/80 90/41/81
f 91/40/82 90/41/81 89/40/80
f 90/41/81 91/40/82 92/42/83
f 93/43/27 92/42/83 91/40/82
f 94/29/84 95/44/85 96/30/85
f 97/34/86 96/30/85 95/44/85
f 98/45/87 99/46/88 100/47/89
f 101/46/90 100/47/89 99/46/88
f 100/47/89 101/46/90 102/48/91
f 103/49/92 102/48/91 101/46/90
f 104/50/93 105/51/94 106/52/95
f 107/53/96 106/52/95 105/51/94
f 106/52/95 107/53/96 108/54/97
f 109/53/98 108/54/97 107/53/96
f 108/54/97 109/53/98 110/55/99
f 111/51/90 110/55/99 109/53/98
f 110/55/99 111/51/90 112/56/100
f 113/57/101 114/58/102 115/59/89
f 116/60/103 115/59/89 114/58/102
f 115/59/89 116/60/103 117/56/104
f 118/60/105 117/56/104 116/60/103
f 117/56/104 118/60/105 119/55/99
f 120/60/106 119/55/99 118/60/105
f 119/55/99 120/60/106 121/54/97
f 122/58/107 121/54/97 120/60/106
f 123/61/108 124/62/109 125/63/110
f 126/62/111 125/63/110 124/62/109
f 125/63/110 126/62/111 127/64/112
f 128/62/113 127/64/112 126/62/111
f 127/64/112 128/62/113 129/65/114
f 130/66/115 129/65/114 128/62/113
f 129/65/114 130/66/115 131/67/116
f 132/68/117 131/67/116 130/66/115
f 131/67/116 132/68/117 133/67/118
f 134/69/119 133/67/118 132/68/117
f 133/67/118 134/69/119 135/70/120
f 136/71/121 135/70/120 134/69/119
f 135/70/120 136/71/121 137/72/122
f 138/71/123 137/72/122 136/71/121
f 137/72/122 138/71/123 139/73/124
f 140/74/125 139/73/124 138/71/123
f 139/73/124 140/74/125 141/75/126
f 142/76/127 141/75/126 140/74/125
f 141/75/126 142/76/127 143/77/128
f 144/78/129 143/77/128 142/76/127
f 143/77/128 144/78/129 145/79/110
f 146/80/130 145/79/110 144/78/129
f 147/81/131 148/82/132 149/83/133
f 150/82/134 149/83/133 148/82/132
f 149/83/133 150/82/134 151/84/135
f 152/82/136 151/84/135 150/82/134
f 151/84/135 152/82/136 153/85/137
f 154/82/138 153/85/137 152/82/136
f 153/85/137 154/82/138 155/86/139
f 156/82/140 155/86/139 154/82/138
f 155/86/139 156/82/140 157/87/141
f 158/81/131 157/87/141 156/82/140
f 157/87/141 158/81/131 159/87/142
f 160/88/143 159/87/142 158/81/131
f 159/87/142 160/88/143 161/87/144
f 162/89/145 161/87/144 160/88/143
f 161/87/144 162/89/145 163/87/146
f 164/90/147 163/87/146 162/89/145
f 163/87/146 164/90/147 165/86/139
f 166/91/148 165/86/139 164/90/147
f 165/86/139 166/91/148 167/86/149
f 168/92/150 167/86/149 166/91/148
f 167/86/149 168/92/150 169/86/151
f 170/93/152 169/86/151 168/92/150
f 169/86/151 170/93/152 171/86/153
f 172/94/154 171/86/153 170/93/152
f 171/86/153 172/94/154 173/85/155
f 174/94/156 173/85/155 172/94/154
f 173/85/155 174/94/156 175/84/135
f 176/95/157 175/84/135 174/94/156
f 175/84/135 176/95/157 177/84/158
f 178/96/159 177/84/158 176/95/157
f 177/84/158 178/96/159 179/83/133
f 180/97/160 179/83/133 178/96/159
f 179/83/133 180/97/160 181/98/161
f 182/99/162 181/98/161 180/97/160
f 181/98/161 182/99/162 183/100/163
f 184/101/164 183/100/163 182/99/162
f 183/100/163 184/101/164 185/102/165
f 186/101/166 185/102/165 184/101/164
f 185/102/165 186/101/166 187/103/167
f 188/104/168 187/103/167 186/101/166
f 187/103/167 188/104/168 189/103/169
f 190/105/170 189/103/169 188/104/168
f 189/103/169 190/105/170 191/106/171
f 192/107/172 191/106/171 190/105/170
f 191/106/171 192/107/172 193/106/173
f 194/108/174 193/106/173 192/107/172
f 193/106/173 194/108/174 195/106/175
f 196/109/176 195/106/175 194/108/174
f 195/106/175 196/109/176 197/106/177
f 198/110/178 197/106/177 196/109/176
f 197/106/177 198/110/178 199/106/179
f 200/111/180 199/106/179 198/110/178
f 199/106/179 200/111/180 201/103/167
f 202/111/181 201/103/167 200/111/180
f 201/103/167 202/111/181 203/102/165
f 204/112/182 203/102/165 202/111/181
f 203/102/165 204/112/182 205/102/183
f 206/34/184 205/102/183 204/112/182
f 205/102/183 206/34/184 207/100/163
f 208/44/54 207/100/163 206/34/184
f 207/100/163 208/44/54 209/98/161
f 210/96/159 211/95/185 212/113/186
f 213/95/157 212/113/186 211/95/185
f 212/113/186 213/95/157 214/114/187
f 215/115/188 214/114/187 213/95/157
f 214/114/187 215/115/188 216/114/189
f 217/116/190 216/114/189 215/115/188
f 216/114/189 217/116/190 218/117/172
f 219/29/84 220/81/191 221/118/192
f 222/81/193 221/118/192 220/81/191
f 221/118/192 222/81/193 223/119/194
f 224/88/195 223/119/194 222/81/193
f 223/119/194 224/88/195 225/119/196
f 226/120/197 225/119/196 224/88/195
f 225/119/196 226/120/197 227/119/198
f 228/121/199 227/119/198 226/120/197
f 227/119/198 228/121/199 229/118/192
f 230/122/200 229/118/192 228/121/199
f 229/118/192 230/122/200 231/118/201
f 232/123/202 231/118/201 230/122/200
f 231/118/201 232/123/202 233/118/203
f 234/32/3 233/118/203 232/123/202
f 233/118/203 234/32/3 235/118/204
f 236/44/85 235/118/204 234/32/3
f 235/118/204 236/44/85 237/29/84
f 238/44/85 239/32/205 240/34/206
f 241/124/207 242/125/208 243/126/209
f 244/125/210 243/126/209 242/125/208
f 243/126/209 244/125/210 245/127/211
f 246/128/212 245/127/211 244/125/210
f 245/127/211 246/128/212 247/127/213
f 248/129/214 247/127/213 246/128/212
f 247/127/213 248/129/214 249/130/215
f 250/129/216 249/130/215 248/129/214
f 249/130/215 250/129/216 251/131/217
f 252/129/218 251/131/217 250/129/216
f 251/131/217 252/129/218 253/132/219
f 254/128/220 253/132/219 252/129/218
f 253/132/219 254/128/220 255/132/221
f 256/129/222 255/132/221 254/128/220
f 255/132/221 256/129/222 257/131/223
f 258/130/224 257/131/223 256/129/222
f 257/131/223 258/130/224 259/131/225
f 260/133/14 259/131/225 258/130/224
f 259/131/225 260/133/14 261/131/226
f 262/134/227 261/131/226 260/133/14
f 261/131/226 262/134/227 263/131/228
f 264/133/5 263/131/228 262/134/227
f 263/131/228 264/133/5 265/130/215
f 266/135/229 265/130/215 264/133/5
f 265/130/215 266/135/229 267/130/230
f 268/136/231 267/130/230 266/135/229
f 267/130/230 268/136/231 269/127/211
f 270/136/232 269/127/211 268/136/231
f 269/127/211 270/136/232 271/126/209
f 272/136/233 271/126/209 270/136/232
f 271/126/209 272/136/233 273/137/234
f 274/136/235 273/137/234 272/136/233
f 273/137/234 274/136/235 275/138/236
f 276/135/229 275/138/236 274/136/235
f 277/133/14 278/130/237 279/135/238
f 280/136/239 279/135/238 278/130/237
f 279/135/238 280/136/239 281/138/240
f 282/136/241 281/138/240 280/136/239
f 281/138/240 282/136/241 283/137/242
f 284/136/243 283/137/242 282/136/241
f 283/137/242 284/136/243 285/126/244
f 286/136/245 285/126/244 284/136/243
f 285/126/244 286/136/245 287/127/246
f 288/130/237 287/127/246 286/136/245
f 287/127/246 288/130/237 289/127/247
f 290/129/222 289/127/247 288/130/237
f 289/127/247 290/129/222 291/127/248
f 292/128/212 291/127/248 290/129/222
f 291/127/248 292/128/212 293/127/249
f 294/125/250 293/127/249 292/128/212
f 293/127/249 294/125/250 295/126/251
f 296/124/207 295/126/251 294/125/250
f 297/139/236 298/140/252 299/141/253
f 300/140/254 299/141/253 298/140/252
f 299/141/253 300/140/254 301/142/255
f 302/10/256 301/142/255 300/140/254
f 301/142/255 302/10/256 303/143/257
f 304/9/258 303/143/257 302/10/256
f 305/141/259 306/142/255 307/144/260
f 308/140/261 307/144/260 306/142/255
f 307/144/260 308/140/261 309/139/262
f 310/140/263 309/139/262 308/140/261
f 309/139/262 310/140/263 311/6/6
f 312/10/264 311/6/6 310/140/263
f 311/6/6 312/10/264 313/8/265
f 314/9/258 313/8/265 312/10/264
f 315/140/263 316/142/255 317/10/264
f 318/143/257 317/10/264 316/142/255
f 317/10/264 318/143/257 319/9/266
f 320/145/267 321/146/268 322/147/269
f 323/148/270 322/147/269 321/146/268
f 322/147/269 323/148/270 324/149/271
f 325/148/272 324/149/271 323/148/270
f 324/149/271 325/148/272 326/150/273
f 327/148/274 326/150/273 325/148/272
f 326/150/273 327/148/274 328/89/275
f 329/146/268 328/89/275 327/148/274
f 328/89/275 329/146/268 330/89/276
f 331/151/277 330/89/276 329/146/268
f 330/89/276 331/151/277 332/89/278
f 333/120/279 332/89/278 331/151/277
f 332/89/278 333/120/279 334/89/280
f 335/88/281 334/89/280 333/120/279
f 334/89/280 335/88/281 336/87/282
f 337/81/283 336/87/282 335/88/281
f 336/87/282 337/81/283 338/82/284
f 339/29/84 338/82/284 337/81/283
f 338/82/284 339/29/84 340/82/285
f 341/83/286 340/82/285 339/29/84
f 340/82/285 341/83/286 342/82/287
f 343/84/288 342/82/287 341/83/286
f 342/82/287 343/84/288 344/82/289
f 345/85/290 344/82/289 343/84/288
f 344/82/289 345/85/290 346/82/291
f 347/86/292 346/82/291 345/85/290
f 346/82/291 347/86/292 348/87/282
f 349/90/293 348/87/282 347/86/292
f 348/87/282 349/90/293 350/89/275
f 351/90/294 350/89/275 349/90/293
f 350/89/275 351/90/294 352/150/273
f 353/152/295 352/150/273 351/90/294
f 352/150/273 353/152/295 354/149/271
f 355/153/296 354/149/271 353/152/295
f 354/149/271 355/153/296 356/154/297
f 357/153/298 356/154/297 355/153/296
f 356/154/297 357/153/298 358/155/299
f 359/152/295 358/155/299 357/153/298
f 358/155/299 359/152/295 360/155/300
f 361/156/301 360/155/300 359/152/295
f 360/155/300 361/156/301 362/157/302
f 363/158/303 362/157/302 361/156/301
f 362/157/302 363/158/303 364/157/304
f 365/159/305 364/157/304 363/158/303
f 364/157/304 365/159/305 366/160/306
f 367/159/307 366/160/306 365/159/305
f 366/160/306 367/159/307 368/157/308
f 369/159/309 368/157/308 367/159/307
f 368/157/308 369/159/309 370/158/310
f 371/159/311 370/158/310 369/159/309
f 370/158/310 371/159/311 372/161/312
f 373/158/303 372/161/312 371/159/311
f 372/161/312 373/158/303 374/162/313
f 375/156/314 374/162/313 373/158/303
f 374/162/313 375/156/314 376/162/315
f 377/92/316 376/162/315 375/156/314
f 376/162/315 377/92/316 378/162/317
f 379/93/318 378/162/317 377/92/316
f 378/162/317 379/93/318 380/163/319
f 381/164/320 380/163/319 379/93/318
f 380/163/319 381/164/320 382/163/321
f 383/93/152 382/163/321 381/164/320
f 382/163/321 383/93/152 384/162/322
f 385/92/150 384/162/322 383/93/152
f 384/162/322 385/92/150 386/156/323
f 387/91/324 386/156/323 385/92/150
f 386/156/323 387/91/324 388/152/325
f 389/90/326 388/152/325 387/91/324
f 388/152/325 389/90/326 390/150/327
f 391/89/145 390/150/327 389/90/326
f 390/150/327 391/89/145 392/150/328
f 393/148/329 392/150/328 391/89/145
f 392/150/328 393/148/329 394/150/330
f 395/149/331 394/150/330 393/148/329
f 394/150/330 395/149/331 396/152/332
f 397/153/333 396/152/332 395/149/331
f 396/152/332 397/153/333 398/152/334
f 399/155/335 398/152/334 397/153/333
f 398/152/334 399/155/335 400/156/336
f 401/157/308 400/156/336 399/155/335
f 400/156/336 401/157/308 402/156/337
f 403/158/310 402/156/337 401/157/308
f 402/156/337 403/158/310 404/162/322
f 405/161/312 404/162/322 403/158/310
f 404/162/322 405/161/312 406/163/319
f 407/162/313 406/163/319 405/161/312
f 408/155/335 409/153/338 410/154/339
f 411/149/331 410/154/339 409/153/338
f 412/149/340 413/148/341 414/147/342
f 415/146/343 414/147/342 413/148/341
f 414/147/342 415/146/343 416/145/344
f 417/148/341 418/89/345 419/146/343
f 420/89/346 419/146/343 418/89/345
f 419/146/343 420/89/346 421/151/347
f 422/89/145 421/151/347 420/89/346
f 421/151/347 422/89/145 423/120/348
f 424/88/143 423/120/348 422/89/145
f 423/120/348 424/88/143 425/120/349
f 426/119/350 425/120/349 424/88/143
f 425/120/349 426/119/350 427/121/351
f 428/31/55 427/121/351 426/119/350
f 427/121/351 428/31/55 429/122/352
f 430/33/57 429/122/352 428/31/55
f 431/88/143 432/81/353 433/119/350
f 434/81/131 433/119/350 432/81/353
f 433/119/350 434/81/131 435/31/55
f 436/29/53 435/31/55 434/81/131
f 437/165/354 438/166/355 439/167/356
f 440/166/357 439/167/356 438/166/355
f 439/167/356 440/166/357 441/168/358
f 442/169/359 441/168/358 440/166/357
f 441/168/358 442/169/359 443/168/360
f 444/170/253 443/168/360 442/169/359
f 443/168/360 444/170/253 445/168/361
f 446/171/362 445/168/361 444/170/253
f 445/168/361 446/171/362 447/172/363
f 448/173/364 447/172/363 446/171/362
f 447/172/363 448/173/364 449/172/365
f 450/174/366 449/172/365 448/173/364
f 449/172/365 450/174/366 451/175/367
f 452/173/368 451/175/367 450/174/366
f 451/175/367 452/173/368 453/172/369
f 454/171/234 453/172/369 452/173/368
f 453/172/369 454/171/234 455/168/370
f 456/176/236 455/168/370 454/171/234
f 455/168/370 456/176/236 457/177/371
f 458/170/253 457/177/371 456/176/236
f 457/177/371 458/170/253 459/177/372
f 460/169/373 459/177/372 458/170/253
f 459/177/372 460/169/373 461/178/374
f 462/166/357 461/178/374 460/169/373
f 461/178/374 462/166/357 463/165/375
f 464/177/376 465/178/374 466/168/370
f 467/167/377 466/168/370 465/178/374
f 466/168/370 467/167/377 468/172/378
f 469/179/379 468/172/378 467/167/377
f 468/172/378 469/179/379 470/175/367
f 471/179/379 472/167/377 473/165/380
f 474/178/381 473/165/380 472/167/377
f 475/175/367 476/179/379 477/172/363
f 478/167/356 477/172/363 476/179/379
f 477/172/363 478/167/356 479/168/358
f 480/179/379 481/165/382 482/167/356
f 483/180/383 484/181/384 485/182/385
f 486/181/269 485/182/385 484/181/384
f 485/182/385 486/181/269 487/183/386
f 488/184/387 487/183/386 486/181/269
f 487/183/386 488/184/387 489/185/388
f 490/186/297 489/185/388 488/184/387
f 489/185/388 490/186/297 491/187/389
f 492/188/390 491/187/389 490/186/297
f 491/187/389 492/188/390 493/189/391
f 494/190/302 493/189/391 492/188/390
f 493/189/391 494/190/302 495/191/392
f 496/192/306 495/191/392 494/190/302
f 495/191/392 496/192/306 497/191/393
f 498/190/308 497/191/393 496/192/306
f 497/191/393 498/190/308 499/189/394
f 500/188/335 499/189/394 498/190/308
f 499/189/394 500/188/335 501/187/395
f 502/186/339 501/187/395 500/188/335
f 501/187/395 502/186/339 503/185/396
f 504/184/331 503/185/396 502/186/339
f 503/185/396 504/184/331 505/183/397
f 506/181/342 505/183/397 504/184/331
f 505/183/397 506/181/342 507/182/398
f 508/180/399 507/182/398 506/181/342
f 509/117/108 510/116/400 511/114/113
f 512/115/401 511/114/113 510/116/400
f 511/114/113 512/115/401 513/114/402
f 514/95/403 513/114/402 512/115/401
f 513/114/402 514/95/403 515/113/115
f 516/95/404 515/113/115 514/95/403
f 515/113/115 516/95/404 517/96/117
f 518/95/405 517/96/117 516/95/404
f 517/96/117 518/95/405 519/84/288
f 520/94/406 519/84/288 518/95/405
f 519/84/288 520/94/406 521/85/407
f 522/94/408 521/85/407 520/94/406
f 521/85/407 522/94/408 523/86/292
f 524/93/318 523/86/292 522/94/408
f 523/86/292 524/93/318 525/86/409
f 526/92/316 525/86/409 524/93/318
f 525/86/409 526/92/316 527/86/410
f 528/91/411 527/86/410 526/92/316
f 527/86/410 528/91/411 529/90/294
f 530/91/412 529/90/294 528/91/411
f 529/90/294 530/91/412 531/152/295
f 532/91/413 531/152/295 530/91/412
f 531/152/295 532/91/413 533/156/314
f 534/92/316 533/156/314 532/91/413
f 535/84/288 536/83/414 537/96/117
f 538/83/415 537/96/117 536/83/414
f 537/96/117 538/83/415 539/97/416
f 540/98/417 539/97/416 538/83/415
f 539/97/416 540/98/417 541/99/123
f 542/100/418 541/99/123 540/98/417
f 541/99/123 542/100/418 543/101/125
f 544/102/419 543/101/125 542/100/418
f 543/101/125 544/102/419 545/101/420
f 546/103/421 545/101/420 544/102/419
f 545/101/420 546/103/421 547/104/422
f 548/103/423 547/104/422 546/103/421
f 547/104/422 548/103/423 549/105/424
f 550/106/425 549/105/424 548/103/423
f 549/105/424 550/106/425 551/105/426
f 552/108/400 551/105/426 550/106/425
f 551/105/426 552/108/400 553/107/108
f 554/108/400 555/106/427 556/109/428
f 557/106/429 556/109/428 555/106/427
f 556/109/428 557/106/429 558/110/430
f 559/106/431 558/110/430 557/106/429
f 558/110/430 559/106/431 560/111/432
f 561/103/423 560/111/432 559/106/431
f 560/111/432 561/103/423 562/111/433
f 563/102/434 562/111/433 561/103/423
f 562/111/433 563/102/434 564/112/435
f 565/102/419 564/112/435 563/102/434
f 564/112/435 565/102/419 566/34/436
f 567/100/418 566/34/436 565/102/419
f 566/34/436 567/100/418 568/30/85
f 569/98/417 568/30/85 567/100/418
f 568/30/85 569/98/417 570/29/84
f 571/83/415 570/29/84 569/98/417
f 572/139/437 573/4/438 574/140/439
f 575/4/4 574/140/439 573/4/438
f 574/140/439 575/4/4 576/10/256
f 577/7/440 576/10/256 575/4/4
f 576/10/256 577/7/440 578/9/441
f 579/7/442 578/9/441 577/7/440
f 578/9/441 579/7/442 580/8/265
f 581/7/443 580/8/265 579/7/442
f 580/8/265 581/7/443 582/6/6
f 583/4/444 582/6/6 581/7/443
f 584/193/445 585/194/446 586/195/447
f 587/194/448 586/195/447 585/194/446
f 586/195/447 587/194/448 588/196/449
f 589/197/450 588/196/449 587/194/448
f 588/196/449 589/197/450 590/196/451
f 591/198/452 590/196/451 589/197/450
f 590/196/451 591/198/452 592/196/453
f 593/199/454 592/196/453 591/198/452
f 592/196/453 593/199/454 594/195/455
f 595/199/456 594/195/455 593/199/454
f 594/195/455 595/199/456 596/200/405
f 597/199/457 596/200/405 595/199/456
f 596/200/405 597/199/457 598/201/458
f 599/198/452 598/201/458 597/199/457
f 598/201/458 599/198/452 600/202/459
f 601/203/460 600/202/459 599/198/452
f 600/202/459 601/203/460 602/204/461
f 603/203/462 602/204/461 601/203/460
f 602/204/461 603/203/462 604/205/463
f 605/203/464 604/205/463 603/203/462
f 604/205/463 605/203/464 606/197/450
f 607/198/452 606/197/450 605/203/464
f 608/200/405 609/201/465 610/206/408
f 611/201/466 610/206/408 609/201/465
f 610/206/408 611/201/466 612/207/318
f 613/201/458 612/207/318 611/201/466
f 612/207/318 613/201/458 614/208/467
f 615/202/468 614/208/467 613/201/458
f 614/208/467 615/202/468 616/202/469
f 617/204/470 616/202/469 615/202/468
f 616/202/469 617/204/470 618/202/471
f 619/203/472 618/202/471 617/204/470
f 618/202/471 619/203/472 620/208/467
f 621/209/473 620/208/467 619/203/472
f 620/208/467 621/209/473 622/207/318
f 623/206/474 622/207/318 621/209/473
f 624/210/475 625/211/476 626/212/477
f 627/213/119 626/212/477 625/211/476
f 626/212/477 627/213/119 628/214/478
f 629/215/123 628/214/478 627/213/119
f 628/214/478 629/215/123 630/214/479
f 631/216/480 630/214/479 629/215/123
f 630/214/479 631/216/480 632/217/481
f 633/216/125 632/217/481 631/216/480
f 632/217/481 633/216/125 634/218/482
f 635/219/483 634/218/482 633/216/125
f 634/218/482 635/219/483 636/218/484
f 637/220/485 636/218/484 635/219/483
f 636/218/484 637/220/485 638/221/486
f 639/220/129 638/221/486 637/220/485
f 638/221/486 639/220/129 640/218/487
f 641/219/108 640/218/487 639/220/129
f 640/218/487 641/219/108 642/218/488
f 643/215/489 642/218/488 641/219/108
f 642/218/488 643/215/489 644/214/490
f 645/215/113 644/214/490 643/215/489
f 644/214/490 645/215/113 646/212/491
f 647/213/115 646/212/491 645/215/113
f 646/212/491 647/213/115 648/212/492
f 649/211/117 648/212/492 647/213/115
f 648/212/492 649/211/117 650/210/475
f 651/222/1 652/223/493 653/224/494
f 654/223/495 653/224/494 652/223/493
f 653/224/494 654/223/495 655/225/496
f 656/223/497 655/225/496 654/223/495
f 655/225/496 656/223/497 657/226/31
f 658/227/498 657/226/31 656/223/497
f 657/226/31 658/227/498 659/228/33
f 660/229/499 659/228/33 658/227/498
f 659/228/33 660/229/499 661/230/27
f 662/231/83 661/230/27 660/229/499
f 663/189/391 664/232/500 665/187/389
f 666/185/501 665/187/389 664/232/500
f 667/233/502 668/234/503 669/235/430
f 670/236/504 669/235/430 668/234/503
f 669/235/430 670/236/504 671/237/428
f 672/238/505 671/237/428 670/236/504
f 671/237/428 672/238/505 673/239/400
f 674/238/506 673/239/400 672/238/505
f 673/239/400 674/238/506 675/240/507
f 676/238/508 675/240/507 674/238/506
f 675/240/507 676/238/508 677/241/509
f 678/238/510 677/241/509 676/238/508
f 677/241/509 678/238/510 679/242/5
f 680/238/511 679/242/5 678/238/510
f 679/242/5 680/238/511 681/243/512
f 682/236/504 681/243/512 680/238/511
f 681/243/512 682/236/504 683/244/513
f 684/245/514 683/244/513 682/236/504
f 683/244/513 684/245/514 685/246/515
f 686/247/516 685/246/515 684/245/514
f 685/246/515 686/247/516 687/248/253
f 688/247/517 687/248/253 686/247/516
f 687/248/253 688/247/517 689/249/362
f 690/247/518 689/249/362 688/247/517
f 689/249/362 690/247/518 691/250/364
f 692/251/95 691/250/364 690/247/518
f 691/250/364 692/251/95 693/252/519
f 694/253/97 693/252/519 692/251/95
f 693/252/519 694/253/97 695/252/520
f 696/254/521 695/252/520 694/253/97
f 695/252/520 696/254/521 697/255/522
f 698/254/523 697/255/522 696/254/521
f 697/255/522 698/254/523 699/256/524
f 700/257/525 699/256/524 698/254/523
f 699/256/524 700/257/525 701/258/526
f 702/259/527 701/258/526 700/257/525
f 701/258/526 702/259/527 703/258/528
f 704/257/529 703/258/528 702/259/527
f 703/258/528 704/257/529 705/256/530
f 706/254/531 705/256/530 704/257/529
f 705/256/530 706/254/531 707/255/532
f 708/254/533 707/255/532 706/254/531
f 707/255/532 708/254/533 709/252/534
f 710/253/535 709/252/534 708/254/533
f 709/252/534 710/253/535 711/252/536
f 712/251/537 711/252/536 710/253/535
f 711/252/536 712/251/537 713/250/538
f 714/247/539 713/250/538 712/251/537
f 713/250/538 714/247/539 715/249/540
f 716/247/541 715/249/540 714/247/539
f 715/249/540 716/247/541 717/248/542
f 718/247/543 717/248/542 716/247/541
f 717/248/542 718/247/543 719/246/544
f 720/245/545 719/246/544 718/247/543
f 719/246/544 720/245/545 721/244/546
f 722/236/547 721/244/546 720/245/545
f 721/244/546 722/236/547 723/243/548
f 724/238/549 723/243/548 722/236/547
f 723/243/548 724/238/549 725/242/14
f 726/241/550 725/242/14 724/238/549
f 725/242/14 726/241/550 727/260/551
f 728/241/552 727/260/551 726/241/550
f 727/260/551 728/241/552 729/261/553
f 730/262/554 729/261/553 728/241/552
f 729/261/553 730/262/554 731/261/555
f 732/241/445 731/261/555 730/262/554
f 731/261/555 732/241/445 733/260/227
f 734/242/5 733/260/227 732/241/445
f 735/241/552 736/238/556 737/240/188
f 738/238/557 737/240/188 736/238/556
f 737/240/188 738/238/557 739/239/174
f 740/238/558 739/239/174 738/238/557
f 739/239/174 740/238/558 741/237/176
f 742/236/559 741/237/176 740/238/558
f 741/237/176 742/236/559 743/235/178
f 744/234/560 743/235/178 742/236/559
f 743/235/178 744/234/560 745/233/181
f 746/234/560 747/236/559 748/263/561
f 749/245/545 748/263/561 747/236/559
f 748/263/561 749/245/545 750/264/562
f 751/247/563 750/264/562 749/245/545
f 750/264/562 751/247/563 752/265/564
f 753/251/537 752/265/564 751/247/563
f 754/263/561 755/264/565 756/266/566
f 757/264/562 756/266/566 755/264/565
f 756/266/566 757/264/562 758/267/567
f 759/268/568 758/267/567 757/264/562
f 758/267/567 759/268/568 760/269/569
f 761/268/570 760/269/569 759/268/568
f 760/269/569 761/268/570 762/270/571
f 763/268/572 762/270/571 761/268/570
f 762/270/571 763/268/572 764/265/564
f 765/264/573 764/265/564 763/268/572
f 766/254/574 767/257/529 768/270/571
f 769/271/575 768/270/571 767/257/529
f 768/270/571 769/271/575 770/269/569
f 771/272/576 770/269/569 769/271/575
f 770/269/569 771/272/576 772/273/577
f 773/272/578 772/273/577 771/272/576
f 772/273/577 773/272/578 774/269/579
f 775/271/575 774/269/579 773/272/578
f 774/269/579 775/271/575 776/269/580
f 777/270/91 776/269/580 775/271/575
f 776/269/580 777/270/91 778/268/581
f 779/265/582 778/268/581 777/270/91
f 778/268/581 779/265/582 780/264/583
f 781/265/93 780/264/583 779/265/582
f 780/264/583 781/265/93 782/247/584
f 783/251/95 782/247/584 781/265/93
f 784/247/584 785/245/585 786/264/583
f 787/245/586 786/264/583 785/245/585
f 786/264/583 787/245/586 788/263/587
f 789/236/504 788/263/587 787/245/586
f 788/263/587 789/236/504 790/234/503
f 791/263/587 792/266/588 793/264/583
f 794/267/589 793/264/583 792/266/588
f 793/264/583 794/267/589 795/268/581
f 796/269/590 795/268/581 794/267/589
f 797/257/529 798/259/527 799/271/575
f 800/257/525 799/271/575 798/259/527
f 799/271/575 800/257/525 801/270/101
f 802/254/591 801/270/101 800/257/525
f 803/204/592 804/205/463 805/203/472
f 806/197/593 805/203/472 804/205/463
f 805/203/472 806/197/593 807/209/594
f 808/197/595 807/209/594 806/197/593
f 807/209/594 808/197/595 809/274/596
f 810/194/597 809/274/596 808/197/595
f 809/274/596 810/194/597 811/274/598
f 812/193/509 811/274/598 810/194/597
f 811/274/598 812/193/509 813/274/599
f 814/200/554 813/274/599 812/193/509
f 813/274/599 814/200/554 815/209/594
f 816/206/320 815/209/594 814/200/554
f 817/275/5 818/276/512 819/277/6
f 820/139/513 819/277/6 818/276/512
f 821/45/600 822/47/601 823/46/602
f 824/48/603 823/46/602 822/47/601
f 823/46/602 824/48/603 825/49/604
f 826/50/564 827/52/605 828/51/602
f 829/52/537 828/51/602 827/52/605
f 828/51/602 829/52/537 830/53/606
f 831/54/535 830/53/606 829/52/537
f 830/53/606 831/54/535 832/53/607
f 833/55/608 832/53/607 831/54/535
f 832/53/607 833/55/608 834/51/609
f 835/56/610 834/51/609 833/55/608
f 836/57/571 837/59/611 838/58/533
f 839/59/612 838/58/533 837/59/611
f 838/58/533 839/59/612 840/60/613
f 841/56/614 840/60/613 839/59/612
f 840/60/613 841/56/614 842/60/615
f 843/55/608 842/60/615 841/56/614
f 842/60/615 843/55/608 844/60/616
f 845/54/535 844/60/616 843/55/608
f 844/60/616 845/54/535 846/58/617
f 847/6/9 848/4/238 849/7/7
f 850/10/618 849/7/7 848/4/238
f 849/7/7 850/10/618 851/7/619
f 852/9/620 851/7/619 850/10/618
f 851/7/619 852/9/620 853/8/621
f 854/10/622 855/4/623 856/140/624
f 857/139/625 856/140/624 855/4/623
f 858/139/240 859/141/626 860/140/627
f 861/142/628 860/140/627 859/141/626
f 860/140/627 861/142/628 862/10/622
f 863/143/629 862/10/622 861/142/628
f 862/10/622 863/143/629 864/9/10
f 865/8/621 866/10/11 867/6/9
f 868/140/630 867/6/9 866/10/11
f 867/6/9 868/140/630 869/139/631
f 870/140/632 869/139/631 868/140/630
f 869/139/631 870/140/632 871/144/544
f 872/142/628 871/144/544 870/140/632
f 871/144/544 872/142/628 873/141/626
f 874/140/632 875/10/633 876/142/634
f 877/10/635 876/142/634 875/10/633
f 876/142/634 877/10/635 878/143/629
f 879/9/636 878/143/629 877/10/635
f 880/165/637 881/167/638 882/166/639
f 883/168/640 882/166/639 881/167/638
f 882/166/639 883/168/640 884/169/641
f 885/168/642 884/169/641 883/168/640
f 884/169/641 885/168/642 886/170/626
f 887/168/643 886/170/626 885/168/642
f 886/170/626 887/168/643 888/171/644
f 889/168/645 888/171/644 887/168/643
f 888/171/644 889/168/645 890/172/646
f 891/167/638 890/172/646 889/168/645
f 890/172/646 891/167/638 892/179/647
f 893/165/648 892/179/647 891/167/638
f 894/179/647 895/175/649 896/172/646
f 897/174/534 896/172/646 895/175/649
f 896/172/646 897/174/534 898/172/650
f 899/173/651 898/172/650 897/174/534
f 898/172/650 899/173/651 900/171/540
f 901/174/652 902/175/649 903/173/653
f 904/172/654 903/173/653 902/175/649
f 903/173/653 904/172/654 905/171/242
f 906/168/655 905/171/242 904/172/654
f 905/171/242 906/168/655 907/176/240
f 908/177/656 907/176/240 906/168/655
f 907/176/240 908/177/656 909/170/626
f 910/177/657 909/170/626 908/177/656
f 909/170/626 910/177/657 911/169/658
f 912/178/659 911/169/658 910/177/657
f 911/169/658 912/178/659 913/166/639
f 914/165/660 913/166/639 912/178/659
f 915/177/661 916/168/655 917/178/659
f 918/167/662 917/178/659 916/168/655
f 917/178/659 918/167/662 919/165/648
f 920/167/663 919/165/648 918/167/662
f 919/165/648 920/167/663 921/179/664
f 922/172/665 921/179/664 920/167/663
f 921/179/664 922/172/665 923/175/649
f 924/167/663 925/168/666 926/172/665
f 927/193/667 928/195/668 929/194/669
f 930/196/670 929/194/669 928/195/668
f 929/194/669 930/196/670 931/197/671
f 932/198/672 931/197/671 930/196/670
f 931/197/671 932/198/672 933/197/673
f 934/203/674 933/197/673 932/198/672
f 933/197/673 934/203/674 935/205/675
f 936/203/676 935/205/675 934/203/674
f 935/205/675 936/203/676 937/204/677
f 938/203/678 937/204/677 936/203/676
f 937/204/677 938/203/678 939/202/679
f 940/198/680 939/202/679 938/203/678
f 939/202/679 940/198/680 941/201/681
f 942/198/682 941/201/681 940/198/680
f 941/201/681 942/198/682 943/199/683
f 944/196/684 943/199/683 942/198/682
f 943/199/683 944/196/684 945/199/685
f 946/195/668 945/199/685 944/196/684
f 945/199/685 946/195/668 947/199/686
f 948/200/157 947/199/686 946/195/668
f 947/199/686 948/200/157 949/201/687
f 950/206/156 949/201/687 948/200/157
f 949/201/687 950/206/156 951/201/688
f 952/207/689 951/201/688 950/206/156
f 951/201/688 952/207/689 953/201/690
f 954/208/691 953/201/690 952/207/689
f 953/201/690 954/208/691 955/202/692
f 956/202/693 955/202/692 954/208/691
f 955/202/692 956/202/693 957/204/694
f 958/202/695 957/204/694 956/202/693
f 957/204/694 958/202/695 959/203/696
f 960/208/691 959/203/696 958/202/695
f 959/203/696 960/208/691 961/209/697
f 962/207/152 961/209/697 960/208/691
f 961/209/697 962/207/152 963/206/474
f 964/30/698 965/29/699 966/98/161
f 967/29/700 966/98/161 965/29/699
f 966/98/161 967/29/700 968/83/133
f 969/81/131 968/83/133 967/29/700
f 970/278/701 971/279/499 972/279/499
f 973/280/702 972/279/499 971/279/499
f 974/279/703 975/281/704 976/280/705
f 977/281/706 976/280/705 975/281/704
f 976/280/705 977/281/706 978/282/707
f 979/281/498 978/282/707 977/281/706
f 978/282/707 979/281/498 980/283/708
f 981/284/709 980/283/708 979/281/498
f 980/283/708 981/284/709 982/283/710
f 983/285/1 982/283/710 981/284/709
f 982/283/710 983/285/1 984/283/711
f 985/286/712 984/283/711 983/285/1
f 984/283/711 985/286/712 986/283/713
f 987/287/714 986/283/713 985/286/712
f 986/283/713 987/287/714 988/283/715
f 989/288/716 988/283/715 987/287/714
f 988/283/715 989/288/716 990/283/717
f 991/289/18 990/283/717 989/288/716
f 990/283/717 991/289/18 992/283/718
f 993/290/719 992/283/718 991/289/18
f 992/283/718 993/290/719 994/283/720
f 995/291/721 994/283/720 993/290/719
f 994/283/720 995/291/721 996/282/707
f 997/291/722 996/282/707 995/291/721
f 996/282/707 997/291/722 998/292/723
f 999/293/724 998/292/723 997/291/722
f 1000/210/725 1001/212/726 1002/211/159
f 1003/212/727 1002/211/159 1001/212/726
f 1002/211/159 1003/212/727 1004/213/728
f 1005/214/729 1004/213/728 1003/212/727
f 1004/213/728 1005/214/729 1006/215/162
f 1007/214/730 1006/215/162 1005/214/729
f 1006/215/162 1007/214/730 1008/216/731
f 1009/217/732 1008/216/731 1007/214/730
f 1008/216/731 1009/217/732 1010/216/733
f 1011/218/734 1010/216/733 1009/217/732
f 1010/216/733 1011/218/734 1012/219/735
f 1013/218/736 1012/219/735 1011/218/734
f 1012/219/735 1013/218/736 1014/220/170
f 1015/221/737 1014/220/170 1013/218/736
f 1014/220/170 1015/221/737 1016/220/738
f 1017/218/739 1016/220/738 1015/221/737
f 1016/220/738 1017/218/739 1018/219/172
f 1019/218/740 1018/219/172 1017/218/739
f 1018/219/172 1019/218/740 1020/215/187
f 1021/214/741 1020/215/187 1019/218/740
f 1020/215/187 1021/214/741 1022/215/742
f 1023/212/743 1022/215/742 1021/214/741
f 1022/215/742 1023/212/743 1024/213/186
f 1025/212/744 1024/213/186 1023/212/743
f 1024/213/186 1025/212/744 1026/211/159
f 1027/210/725 1026/211/159 1025/212/744
f 1028/189/394 1029/187/395 1030/232/745
f 1031/185/746 1030/232/745 1029/187/395
f 1032/204/747 1033/203/748 1034/205/675
f 1035/203/696 1034/205/675 1033/203/748
f 1034/205/675 1035/203/696 1036/197/749
f 1037/209/697 1036/197/749 1035/203/696
f 1036/197/749 1037/209/697 1038/197/750
f 1039/274/751 1038/197/750 1037/209/697
f 1038/197/750 1039/274/751 1040/194/752
f 1041/274/753 1040/194/752 1039/274/751
f 1040/194/752 1041/274/753 1042/193/552
f 1043/274/754 1042/193/552 1041/274/753
f 1042/193/552 1043/274/754 1044/200/554
f 1045/209/697 1044/200/554 1043/274/754
f 1044/200/554 1045/209/697 1046/206/320
f 1047/275/14 1048/277/9 1049/276/755
f 1050/139/546 1049/276/755 1048/277/9
f 1051/294/1 1052/295/756 1053/296/712
f 1054/295/757 1053/296/712 1052/295/756
f 1053/296/712 1054/295/757 1055/297/714
f 1056/295/3 1055/297/714 1054/295/757
f 1055/297/714 1056/295/3 1057/298/758
f 1058/299/202 1057/298/758 1056/295/3
f 1057/298/758 1058/299/202 1059/300/759
f 1060/301/200 1059/300/759 1058/299/202
f 1059/300/759 1060/301/200 1061/300/760
f 1062/302/761 1061/300/760 1060/301/200
f 1061/300/760 1062/302/761 1063/300/762
f 1064/301/763 1063/300/762 1062/302/761
f 1063/300/762 1064/301/763 1065/300/764
f 1066/299/57 1065/300/764 1064/301/763
f 1065/300/764 1066/299/57 1067/298/758
f 1068/295/765 1067/298/758 1066/299/57
f 1067/298/758 1068/295/765 1069/297/714
f 1070/295/766 1069/297/714 1068/295/765
f 1069/297/714 1070/295/766 1071/303/767
f 1072/294/18 1071/303/767 1070/295/766
f 1073/304/768 1074/305/768 1075/306/768
f 1076/307/768 1075/306/768 1074/305/768
f 1077/80/769 1078/78/770 1079/79/771
f 1080/78/772 1079/79/771 1078/78/770
f 1079/79/771 1080/78/772 1081/77/773
f 1082/76/774 1081/77/773 1080/78/772
f 1081/77/773 1082/76/774 1083/75/775
f 1084/74/166 1083/75/775 1082/76/774
f 1083/75/775 1084/74/166 1085/73/776
f 1086/71/777 1085/73/776 1084/74/166
f 1085/73/776 1086/71/777 1087/72/778
f 1088/71/162 1087/72/778 1086/71/777
f 1087/72/778 1088/71/162 1089/70/779
f 1090/69/728 1089/70/779 1088/71/162
f 1089/70/779 1090/69/728 1091/67/780
f 1092/68/159 1091/67/780 1090/69/728
f 1091/67/780 1092/68/159 1093/67/781
f 1094/66/186 1093/67/781 1092/68/159
f 1093/67/781 1094/66/186 1095/65/782
f 1096/62/783 1095/65/782 1094/66/186
f 1095/65/782 1096/62/783 1097/64/784
f 1098/62/785 1097/64/784 1096/62/783
f 1097/64/784 1098/62/785 1099/63/786
f 1100/61/769 1099/63/786 1098/62/785
f 1101/41/15 1102/42/787 1103/40/41
f 1104/43/43 1103/40/41 1102/42/787
f 1105/231/787 1106/229/788 1107/230/789
f 1108/229/790 1107/230/789 1106/229/788
f 1107/230/789 1108/229/790 1109/228/50
f 1110/227/722 1109/228/50 1108/229/790
f 1109/228/50 1110/227/722 1111/226/48
f 1112/223/791 1111/226/48 1110/227/722
f 1111/226/48 1112/223/791 1113/225/46
f 1114/223/719 1113/225/46 1112/223/791
f 1113/225/46 1114/223/719 1115/224/20
f 1116/222/18 1115/224/20 1114/223/719
f 1117/308/792 1118/309/793 1119/310/794
f 1120/309/795 1119/310/794 1118/309/793
f 1119/310/794 1120/309/795 1121/311/796
f 1122/312/797 1121/311/796 1120/309/795
f 1121/311/796 1122/312/797 1123/313/798
f 1124/314/799 1123/313/798 1122/312/797
f 1123/313/798 1124/314/799 1125/315/800
f 1126/316/801 1125/315/800 1124/314/799
f 1125/315/800 1126/316/801 1127/317/802
f 1128/318/803 1127/317/802 1126/316/801
f 1127/317/802 1128/318/803 1129/319/804
f 1130/320/805 1129/319/804 1128/318/803
f 1129/319/804 1130/320/805 1131/321/806
f 1132/322/807 1131/321/806 1130/320/805
f 1131/321/806 1132/322/807 1133/323/808
f 1134/324/809 1133/323/808 1132/322/807
f 1133/323/808 1134/324/809 1135/325/810
f 1136/326/811 1135/325/810 1134/324/809
f 1135/325/810 1136/326/811 1137/327/812
f 1138/308/792 1137/327/812 1136/326/811
f 1137/327/812 1138/308/792 1139/310/794
f 1140/320/813 1141/318/814 1142/328/815
f 1143/318/803 1142/328/815 1141/318/814
f 1142/328/815 1143/318/803 1144/329/816
f 1145/316/817 1144/329/816 1143/318/803
f 1144/329/816 1145/316/817 1146/330/818
f 1147/314/819 1146/330/818 1145/316/817
f 1146/330/818 1147/314/819 1148/331/820
f 1149/312/821 1148/331/820 1147/314/819
f 1148/331/820 1149/312/821 1150/332/822
f 1151/309/823 1150/332/822 1149/312/821
f 1150/332/822 1151/309/823 1152/333/824
f 1153/308/825 1152/333/824 1151/309/823
f 1152/333/824 1153/308/825 1154/334/826
f 1155/326/827 1154/334/826 1153/308/825
f 1154/334/826 1155/326/827 1156/335/828
f 1157/324/829 1156/335/828 1155/326/827
f 1156/335/828 1157/324/829 1158/336/830
f 1159/322/831 1158/336/830 1157/324/829
f 1158/336/830 1159/322/831 1160/337/832
f 1161/320/833 1160/337/832 1159/322/831
f 1160/337/832 1161/320/833 1162/328/834
f 1163/338/530 1164/339/835 1165/340/526
f 1166/339/836 1165/340/526 1164/339/835
f 1165/340/526 1166/339/836 1167/338/524
f 1168/341/837 1167/338/524 1166/339/836
f 1167/338/524 1168/341/837 1169/342/522
f 1170/343/838 1169/342/522 1168/341/837
f 1169/342/522 1170/343/838 1171/344/234
f 1172/345/839 1171/344/234 1170/343/838
f 1171/344/234 1172/345/839 1173/346/209
f 1174/345/840 1173/346/209 1172/345/839
f 1173/346/209 1174/345/840 1175/347/207
f 1176/345/841 1175/347/207 1174/345/840
f 1175/347/207 1176/345/841 1177/348/842
f 1178/349/843 1177/348/842 1176/345/841
f 1177/348/842 1178/349/843 1179/348/844
f 1180/345/845 1179/348/844 1178/349/843
f 1179/348/844 1180/345/845 1181/347/207
f 1182/345/846 1181/347/207 1180/345/845
f 1181/347/207 1182/345/846 1183/346/244
f 1184/345/847 1183/346/244 1182/345/846
f 1183/346/244 1184/345/847 1185/344/242
f 1186/343/848 1185/344/242 1184/345/847
f 1185/344/242 1186/343/848 1187/342/532
f 1188/341/849 1187/342/532 1186/343/848
f 1187/342/532 1188/341/849 1189/338/530
f 1190/341/850 1189/338/530 1188/341/849
f 1189/338/530 1190/341/850 1191/339/836
f 1192/350/851 1191/339/836 1190/341/850
f 1191/339/836 1192/350/851 1193/341/837
f 1194/351/852 1193/341/837 1192/350/851
f 1193/341/837 1194/351/852 1195/343/838
f 1196/352/853 1195/343/838 1194/351/852
f 1195/343/838 1196/352/853 1197/345/841
f 1198/352/854 1197/345/841 1196/352/853
f 1197/345/841 1198/352/854 1199/349/843
f 1200/353/855 1199/349/843 1198/352/854
f 1199/349/843 1200/353/855 1201/349/856
f 1202/352/857 1201/349/856 1200/353/855
f 1201/349/856 1202/352/857 1203/345/847
f 1204/352/858 1203/345/847 1202/352/857
f 1203/345/847 1204/352/858 1205/343/859
f 1206/352/860 1205/343/859 1204/352/858
f 1205/343/859 1206/352/860 1207/351/861
f 1208/353/862 1207/351/861 1206/352/860
f 1207/351/861 1208/353/862 1209/351/863
f 1210/350/851 1209/351/863 1208/353/862
f 1209/351/863 1210/350/851 1211/351/864
f 1212/341/850 1211/351/864 1210/350/851
f 1211/351/864 1212/341/850 1213/343/848
f 1214/352/865 1215/351/852 1216/353/862
f 1217/350/851 1216/353/862 1215/351/852
f 1218/328/866 1219/329/867 1220/321/868
f 1221/329/869 1220/321/868 1219/329/867
f 1220/321/868 1221/329/869 1222/319/870
f 1223/330/871 1222/319/870 1221/329/869
f 1222/319/870 1223/330/871 1224/317/872
f 1225/331/820 1224/317/872 1223/330/871
f 1224/317/872 1225/331/820 1226/315/800
f 1227/332/873 1226/315/800 1225/331/820
f 1226/315/800 1227/332/873 1228/313/798
f 1229/333/824 1228/313/798 1227/332/873
f 1228/313/798 1229/333/824 1230/311/874
f 1231/334/875 1230/311/874 1229/333/824
f 1230/311/874 1231/334/875 1232/310/876
f 1233/335/877 1232/310/876 1231/334/875
f 1232/310/876 1233/335/877 1234/327/878
f 1235/336/830 1234/327/878 1233/335/877
f 1234/327/878 1235/336/830 1236/325/879
f 1237/337/880 1236/325/879 1235/336/830
f 1236/325/879 1237/337/880 1238/323/881
f 1239/328/834 1238/323/881 1237/337/880
f 1238/323/881 1239/328/834 1240/321/806
o bodyShape_node279
v 0.004847 0.063150 0.000335
v 0.004891 0.065949 0.001744
v 0.004458 0.063077 0.000942
v 0.004891 0.065949 0.001744
v 0.004512 0.065735 0.002399
v 0.003831 0.067939 0.002971
v 0.003874 0.067358 0.003540
v 0.002553 0.068751 0.003783
v 0.002444 0.068138 0.004145
v 0.002553 0.068751 0.003783
v 0.000000 0.069409 0.004660
v 0.002444 0.068138 0.004145
v 0.000000 0.069409 0.004660
v 0.000000 0.068710 0.004715
v 0.000000 0.069409 0.004660
v -0.002568 0.068382 0.004146
v -0.002553 0.069138 0.003996
v -0.004490 0.067863 0.003646
v -0.004447 0.068142 0.002971
v -0.005296 0.065815 0.002469
v -0.005680 0.065949 0.001744
v -0.004200 0.063077 0.000942
v -0.004709 0.063150 0.000335
v 0.002164 0.057242 0.002153
v 0.002369 0.058414 0.001101
v 0.001825 0.057435 0.002391
v 0.002369 0.058414 0.001101
v 0.001967 0.058518 0.001601
v 0.002369 0.058414 0.001101
v 0.003041 0.060931 0.000978
v 0.003449 0.060726 0.000404
v 0.004458 0.063077 0.000942
v 0.004847 0.063150 0.000335
v 0.001825 0.057435 0.002391
v 0.001590 0.056343 0.003330
v 0.002164 0.057242 0.002153
v 0.001590 0.056343 0.003330
v 0.001951 0.056250 0.003243
v 0.001590 0.056343 0.003330
v 0.001332 0.054550 0.004611
v 0.000841 0.054478 0.004771
v 0.000675 0.053039 0.005021
v 0.000000 0.052921 0.005147
v 0.000505 0.052250 0.005124
v -0.000148 0.052316 0.005139
v -0.001332 0.054550 0.004607
v -0.000678 0.053041 0.005041
v -0.000841 0.054478 0.004741
v -0.000678 0.053041 0.005041
v 0.000000 0.052921 0.005147
v -0.000505 0.052250 0.005118
v 0.000187 0.052314 0.005134
v -0.002164 0.057242 0.002153
v -0.001825 0.057435 0.002391
v -0.002369 0.058414 0.001101
v -0.001967 0.058518 0.001601
v -0.002369 0.058414 0.001101
v -0.003041 0.060931 0.000978
v -0.003449 0.060726 0.000404
v -0.004200 0.063077 0.000942
v -0.004709 0.063150 0.000335
v -0.001951 0.056250 0.003243
v -0.001590 0.056343 0.003330
v -0.002164 0.057242 0.002153
v -0.001825 0.057435 0.002391
v -0.001951 0.056250 0.003243
v -0.001332 0.054550 0.004607
v -0.001590 0.056343 0.003330
v -0.000841 0.054478 0.004741
v 0.000505 0.052250 0.005124
v 0.000000 0.052302 0.005138
v 0.000501 0.051272 0.005137
v 0.000000 0.052302 0.005138
v -0.000501 0.051272 0.005137
v -0.000505 0.052250 0.005118
v 0.000501 0.051272 0.005137
v -0.000501 0.051272 0.005137
v 0.000454 0.049770 0.004803
v -0.000454 0.049770 0.004803
v 0.000454 0.049770 0.004803
v -0.000471 0.047923 0.004616
v 0.000471 0.047923 0.004616
v -0.000471 0.047923 0.004616
v 0.000436 0.047113 0.004782
v -0.000436 0.047113 0.004782
v 0.000436 0.047113 0.004782
v -0.000438 0.046562 0.004078
v 0.000438 0.046562 0.004078
v 0.000000 0.045932 0.003856
v 0.000491 0.045932 0.003856
v -0.000491 0.045932 0.003856
v 0.000000 0.045932 0.003856
v -0.000438 0.046562 0.004078
vn 0.8615 -0.3563 0.3618
vn 0.1133 -0.0362 0.9929
vn 0.7919 -0.3473 0.5022
vn 0.8661 -0.1000 0.4898
vn 0.9197 0.0418 0.3903
vn 0.8185 0.2224 0.5297
vn 0.7552 0.4067 0.5140
vn 0.4991 0.5985 0.6266
vn 0.3941 0.2909 0.8718
vn 0.0563 0.0602 0.9966
vn 0.0642 0.0199 0.9977
vn 0.0095 0.0778 0.9969
vn 0.0495 0.3436 0.9378
vn -0.2628 0.1542 0.9524
vn -0.4274 0.6828 0.5925
vn -0.7006 0.5044 0.5047
vn -0.8337 0.5009 0.2324
vn -0.9455 0.0105 0.3255
vn -0.9687 -0.1070 0.2238
vn -0.7366 -0.4377 0.5155
vn -0.8733 -0.3900 0.2920
vn 0.4420 0.5789 0.6852
vn 0.1029 0.0660 0.9925
vn 0.7051 0.3784 0.5997
vn 0.1723 0.0678 0.9827
vn 0.7851 0.0694 0.6155
vn 0.6494 0.3625 0.6685
vn 0.7334 -0.2590 0.6285
vn 0.8154 -0.3052 0.4919
vn 0.7051 0.3783 0.5997
vn 0.1092 0.0652 0.9919
vn 0.0977 0.1958 0.9758
vn 0.0553 0.6611 0.7483
vn 0.3855 0.5467 0.7433
vn 0.0960 0.4409 0.8924
vn 0.2153 0.2854 0.9339
vn 0.0466 0.1635 0.9854
vn 0.0105 0.0763 0.9970
vn 0.0532 0.0470 0.9975
vn 0.0212 -0.0184 0.9996
vn -0.1168 0.5001 0.8580
vn -0.0372 0.0274 0.9989
vn -0.1679 0.3144 0.9343
vn -0.0301 0.1658 0.9857
vn -0.0052 0.0723 0.9974
vn -0.0206 -0.0275 0.9994
vn -0.1088 0.6780 0.7269
vn -0.7051 0.3783 0.5998
vn -0.6494 0.3625 0.6685
vn -0.7851 0.0694 0.6155
vn -0.4552 -0.1029 0.8844
vn -0.7419 -0.2377 0.6269
vn -0.8135 -0.2748 0.5126
vn -0.0545 0.6610 0.7484
vn -0.3752 0.5497 0.7463
vn -0.1088 0.6780 0.7270
vn 0.0113 0.0052 0.9999
vn 0.0650 -0.0761 0.9950
vn -0.0040 0.0106 0.9999
vn -0.0561 -0.0948 0.9939
vn 0.0649 -0.0761 0.9950
vn 0.1409 -0.1832 0.9729
vn -0.1879 -0.1904 0.9636
vn -0.0000 -0.0505 0.9987
vn -0.0000 -0.0502 0.9987
vn 0.1822 0.0470 0.9821
vn -0.1213 0.0484 0.9914
vn 0.1733 -0.3197 0.9315
vn -0.2294 -0.3091 0.9229
vn -0.0000 -0.4381 0.8989
vn -0.0812 -0.5789 0.8113
vn 0.0973 -0.5288 0.8431
vn -0.0000 -0.2085 0.9780
vn 0.1683 -0.1654 0.9718
vn -0.1683 -0.1654 0.9718
vt 1.565724 3.866929
vt 1.565724 4.547843
vt 1.328631 3.877358
vt 1.328631 4.526047
vt 1.565724 5.119111
vt 1.328631 5.033212
vt 1.565724 5.584742
vt 1.328631 5.525459
vt 1.565724 6.157408
vt 1.328631 5.525459
vt 1.328631 6.121171
vt 1.328631 6.692323
vt 1.565724 6.666458
vt 1.328631 7.075694
vt 1.565724 7.127225
vt 1.328631 7.644351
vt 1.565724 7.691430
vt 1.328631 8.324343
vt 1.565724 8.350627
vt 1.565724 2.250452
vt 1.565724 2.716306
vt 1.328631 2.273763
vt 1.328631 2.663942
vt 1.328631 3.286795
vt 1.565724 3.341541
vt 1.328631 3.877357
vt 1.565724 3.866929
vt 1.328631 1.823120
vt 1.565724 1.795618
vt 1.565724 1.225051
vt 1.328631 1.159260
vt 1.565724 0.771017
vt 1.328631 0.692603
vt 1.565724 0.532349
vt 1.328631 0.518957
vt 1.565724 10.974704
vt 1.565724 11.422675
vt 1.328631 11.028809
vt 1.328631 11.510386
vt 1.565724 11.694655
vt 1.330570 11.693456
vt 1.565724 9.884147
vt 1.328631 9.820565
vt 1.565724 9.479938
vt 1.328631 9.499537
vt 1.328631 8.881979
vt 1.565724 8.910156
vt 1.565724 8.350628
vt 1.565724 10.312687
vt 1.328631 10.300312
vt 1.565724 9.884148
vt 1.565724 10.312688
vt 1.328631 11.028808
vt 1.288084 1.987732
vt 1.130823 1.995349
vt 1.288084 1.872775
vt 1.003312 1.874701
vt 1.003312 1.987732
vt 1.288084 1.642231
vt 1.003312 1.644138
vt 1.003312 1.361594
vt 1.288084 1.359686
vt 1.288084 1.232584
vt 1.003312 1.234505
vt 1.003312 1.132694
vt 1.288084 1.130861
vt 1.150709 1.006732
vt 1.288084 1.006732
vt 1.003312 1.006732
s 1
usemtl CRM_MI_081_sli_00_node335
f 1241/354/882 1242/355/883 1243/356/884
f 1244/355/885 1243/356/884 1242/355/883
f 1243/356/884 1244/355/885 1245/357/886
f 1246/358/887 1245/357/886 1244/355/885
f 1245/357/886 1246/358/887 1247/359/888
f 1248/360/889 1247/359/888 1246/358/887
f 1247/359/888 1248/360/889 1249/361/890
f 1250/360/889 1251/362/891 1252/363/890
f 1253/362/892 1252/363/890 1251/362/891
f 1252/363/890 1253/362/892 1254/364/893
f 1255/362/894 1254/364/893 1253/362/892
f 1254/364/893 1255/362/894 1256/365/895
f 1257/366/896 1256/365/895 1255/362/894
f 1256/365/895 1257/366/896 1258/367/897
f 1259/368/898 1258/367/897 1257/366/896
f 1258/367/897 1259/368/898 1260/369/899
f 1261/370/900 1260/369/899 1259/368/898
f 1260/369/899 1261/370/900 1262/371/901
f 1263/372/902 1262/371/901 1261/370/900
f 1264/373/903 1265/374/904 1266/375/905
f 1267/374/906 1266/375/905 1265/374/904
f 1266/375/905 1267/374/906 1268/376/907
f 1269/374/908 1268/376/907 1267/374/906
f 1268/376/907 1269/374/908 1270/377/909
f 1271/378/910 1270/377/909 1269/374/908
f 1270/377/909 1271/378/910 1272/379/884
f 1273/380/882 1272/379/884 1271/378/910
f 1274/375/911 1275/381/912 1276/373/903
f 1277/381/913 1276/373/903 1275/381/912
f 1276/373/903 1277/381/913 1278/382/914
f 1279/381/915 1278/382/914 1277/381/913
f 1278/382/914 1279/381/915 1280/383/916
f 1281/384/917 1280/383/916 1279/381/915
f 1280/383/916 1281/384/917 1282/385/918
f 1283/386/919 1282/385/918 1281/384/917
f 1282/385/918 1283/386/919 1284/387/920
f 1285/388/921 1284/387/920 1283/386/919
f 1286/389/922 1287/390/923 1288/391/924
f 1289/390/925 1288/391/924 1287/390/923
f 1288/391/924 1289/390/925 1290/392/919
f 1291/393/926 1290/392/919 1289/390/925
f 1290/392/919 1291/393/926 1292/394/927
f 1293/395/928 1294/396/929 1295/397/930
f 1296/398/931 1295/397/930 1294/396/929
f 1295/397/930 1296/398/931 1297/397/932
f 1298/399/933 1297/397/932 1296/398/931
f 1297/397/932 1298/399/933 1299/400/934
f 1300/371/901 1299/400/934 1298/399/933
f 1299/400/934 1300/371/901 1301/401/902
f 1302/402/935 1303/403/936 1304/404/937
f 1305/396/929 1304/404/937 1303/403/936
f 1306/405/935 1307/389/922 1308/403/936
f 1309/406/924 1308/403/936 1307/389/922
f 1310/407/920 1311/408/938 1312/409/939
f 1313/408/940 1312/409/939 1311/408/938
f 1312/409/939 1313/408/940 1314/410/941
f 1315/411/926 1314/410/941 1313/408/940
f 1316/409/942 1317/410/941 1318/412/943
f 1319/413/944 1318/412/943 1317/410/941
f 1318/412/943 1319/413/944 1320/412/945
f 1321/414/946 1320/412/945 1319/413/944
f 1320/412/945 1321/414/946 1322/415/947
f 1323/414/948 1322/415/947 1321/414/946
f 1322/415/947 1323/414/948 1324/416/949
f 1325/417/950 1324/416/949 1323/414/948
f 1324/416/949 1325/417/950 1326/416/951
f 1327/418/952 1326/416/951 1325/417/950
f 1326/416/951 1327/418/952 1328/419/953
f 1329/420/954 1328/419/953 1327/418/952
f 1328/419/953 1329/420/954 1330/421/955
f 1331/422/956 1332/420/954 1333/418/952
o body1Shape_node265
v -0.004675 0.057239 0.000024
v -0.004119 0.057354 0.000010
v -0.004119 0.057354 0.000010
v -0.020131 0.047662 0.000163
v -0.019098 0.046063 -0.000177
v -0.019453 0.046842 0.001681
v -0.016547 0.047779 -0.000124
v -0.017661 0.048876 0.000231
v -0.016679 0.048372 0.001325
v -0.017661 0.048876 0.000231
v -0.016986 0.048905 -0.001582
v -0.017607 0.050056 -0.001307
v -0.016986 0.048905 -0.001582
v -0.017661 0.048876 0.000231
v -0.016547 0.047779 -0.000124
v -0.020131 0.047662 0.000163
v -0.020299 0.048605 0.002035
v -0.020797 0.049297 0.000430
v -0.017533 0.049920 0.001529
v -0.016679 0.048372 0.001325
v -0.017661 0.048876 0.000231
v -0.019098 0.046063 -0.000177
v -0.020131 0.047662 0.000163
v -0.019495 0.047251 -0.001839
v -0.017533 0.049920 0.001529
v -0.017661 0.048876 0.000231
v -0.018002 0.050554 0.000291
v -0.018002 0.050554 0.000291
v -0.017661 0.048876 0.000231
v -0.017607 0.050056 -0.001307
v -0.003917 0.054911 -0.000029
v -0.004124 0.055040 0.000738
v -0.011256 0.051088 0.000089
v -0.011336 0.051319 0.000842
v -0.011256 0.051088 0.000089
v -0.012337 0.050804 0.000945
v -0.012181 0.050507 0.000107
v -0.012337 0.050804 0.000945
v -0.013145 0.050079 0.000139
v -0.013281 0.050352 0.000949
v -0.013145 0.050079 0.000139
v -0.018141 0.047870 0.000701
v -0.018059 0.047725 0.000057
v -0.018141 0.047870 0.000701
v -0.013281 0.050352 0.000949
v -0.018318 0.048287 0.001054
v -0.013515 0.050892 0.001324
v -0.018318 0.048287 0.001054
v -0.013854 0.051573 0.000962
v -0.018544 0.048839 0.000838
v -0.014028 0.051921 0.000158
v -0.018630 0.049076 0.000261
v -0.013863 0.051589 -0.000742
v -0.018527 0.048889 -0.000475
v -0.013528 0.050914 -0.001117
v -0.018356 0.048523 -0.000786
v -0.013290 0.050368 -0.000754
v -0.018126 0.047920 -0.000571
v -0.013290 0.050368 -0.000754
v -0.018059 0.047725 0.000057
v -0.013290 0.050368 -0.000754
v -0.013145 0.050079 0.000139
v -0.013290 0.050368 -0.000754
v -0.012181 0.050507 0.000107
v -0.013290 0.050368 -0.000754
v -0.012461 0.050752 -0.000787
v -0.013290 0.050368 -0.000754
v -0.012714 0.051366 -0.001168
v -0.013528 0.050914 -0.001117
v -0.013048 0.052103 -0.000828
v -0.013863 0.051589 -0.000742
v -0.013178 0.052448 0.000124
v -0.014028 0.051921 0.000158
v -0.013051 0.052125 0.000983
v -0.013854 0.051573 0.000962
v -0.012670 0.051421 0.001336
v -0.013515 0.050892 0.001324
v -0.012670 0.051421 0.001336
v -0.013281 0.050352 0.000949
v -0.012670 0.051421 0.001336
v -0.012337 0.050804 0.000945
v -0.012670 0.051421 0.001336
v -0.011336 0.051319 0.000842
v -0.012670 0.051421 0.001336
v -0.011625 0.051943 0.001204
v -0.012670 0.051421 0.001336
v -0.011943 0.052657 0.000875
v -0.013051 0.052125 0.000983
v -0.012066 0.052958 0.000122
v -0.013178 0.052448 0.000124
v -0.011977 0.052700 -0.000726
v -0.013048 0.052103 -0.000828
v -0.011977 0.052700 -0.000726
v -0.012714 0.051366 -0.001168
v -0.011642 0.051923 -0.001028
v -0.012461 0.050752 -0.000787
v -0.011366 0.051353 -0.000688
v -0.012181 0.050507 0.000107
v -0.011366 0.051353 -0.000688
v -0.011256 0.051088 0.000089
v -0.004090 0.055150 -0.000779
v -0.003917 0.054911 -0.000029
v -0.011366 0.051353 -0.000688
v -0.011642 0.051923 -0.001028
v -0.004090 0.055150 -0.000779
v -0.004936 0.055920 -0.001141
v -0.004276 0.056029 -0.001246
v -0.005361 0.056527 -0.000694
v -0.004569 0.057062 -0.000707
v -0.005361 0.056527 -0.000694
v -0.004675 0.057239 0.000024
v -0.005524 0.056758 0.000024
v -0.004419 0.056708 0.001090
v -0.005170 0.056274 0.001002
v -0.004419 0.056708 0.001090
v -0.004618 0.055496 0.001206
v -0.004118 0.055772 0.001272
v -0.004618 0.055496 0.001206
v -0.004124 0.055040 0.000738
v -0.004618 0.055496 0.001206
v -0.011336 0.051319 0.000842
v -0.004618 0.055496 0.001206
v -0.011625 0.051943 0.001204
v -0.005170 0.056274 0.001002
v -0.011943 0.052657 0.000875
v -0.005524 0.056758 0.000024
v -0.012066 0.052958 0.000122
v -0.005361 0.056527 -0.000694
v -0.011977 0.052700 -0.000726
v -0.004936 0.055920 -0.001141
v -0.011642 0.051923 -0.001028
v -0.013145 0.050079 0.000139
v -0.012181 0.050507 0.000107
v -0.013281 0.050352 0.000949
v -0.012337 0.050804 0.000945
v -0.013515 0.050892 0.001324
v -0.012670 0.051421 0.001336
v -0.013515 0.050892 0.001324
v -0.013051 0.052125 0.000983
v -0.013854 0.051573 0.000962
v -0.013178 0.052448 0.000124
v -0.014028 0.051921 0.000158
v -0.013048 0.052103 -0.000828
v -0.013863 0.051589 -0.000742
v -0.012714 0.051366 -0.001168
v -0.013528 0.050914 -0.001117
v -0.012461 0.050752 -0.000787
v -0.013290 0.050368 -0.000754
v -0.012461 0.050752 -0.000787
v -0.013145 0.050079 0.000139
v -0.012461 0.050752 -0.000787
v -0.012181 0.050507 0.000107
v -0.012461 0.050752 -0.000787
v -0.011256 0.051088 0.000089
v -0.012461 0.050752 -0.000787
v -0.011366 0.051353 -0.000688
v -0.012714 0.051366 -0.001168
v -0.011642 0.051923 -0.001028
v -0.013048 0.052103 -0.000828
v -0.011977 0.052700 -0.000726
v -0.013048 0.052103 -0.000828
v -0.012066 0.052958 0.000122
v -0.013178 0.052448 0.000124
v -0.011943 0.052657 0.000875
v -0.013051 0.052125 0.000983
v -0.011625 0.051943 0.001204
v -0.012670 0.051421 0.001336
v -0.011625 0.051943 0.001204
v -0.012337 0.050804 0.000945
v -0.011336 0.051319 0.000842
v -0.012181 0.050507 0.000107
v -0.011256 0.051088 0.000089
v -0.004201 0.053906 0.000522
v -0.004155 0.054492 0.001463
v -0.003917 0.054911 -0.000029
v -0.004155 0.054492 0.001463
v -0.004124 0.055040 0.000738
v -0.004075 0.055630 0.001887
v -0.004118 0.055772 0.001272
v -0.004075 0.055630 0.001887
v -0.004419 0.056708 0.001090
v -0.004067 0.056598 0.001578
v -0.004419 0.056708 0.001090
v -0.004113 0.057136 0.000952
v -0.004419 0.056708 0.001090
v -0.004119 0.057354 0.000010
v -0.004675 0.057239 0.000024
v -0.004201 0.053906 0.000522
v -0.003917 0.054911 -0.000029
v -0.003971 0.054399 -0.000800
v -0.004090 0.055150 -0.000779
v -0.004018 0.055899 -0.001332
v -0.004090 0.055150 -0.000779
v -0.004018 0.055899 -0.001332
v -0.004276 0.056029 -0.001246
v -0.004142 0.056911 -0.001012
v -0.004569 0.057062 -0.000707
v -0.004119 0.057354 0.000010
v -0.004675 0.057239 0.000024
v -0.020131 0.047662 0.000163
v -0.019453 0.046842 0.001681
v -0.020299 0.048605 0.002035
v -0.019453 0.046842 0.001681
v -0.018702 0.046912 0.002059
v -0.019098 0.046063 -0.000177
v -0.018702 0.046912 0.002059
v -0.018484 0.046066 -0.000153
v -0.018702 0.046912 0.002059
v -0.017535 0.046869 -0.000135
v -0.017815 0.047737 0.001891
v -0.016535 0.047018 -0.000187
v -0.017815 0.047737 0.001891
v -0.016854 0.047971 0.001983
v -0.017815 0.047737 0.001891
v -0.017980 0.050092 0.002255
v -0.017815 0.047737 0.001891
v -0.018734 0.049444 0.002005
v -0.018702 0.046912 0.002059
v -0.019826 0.049120 0.002408
v -0.020299 0.048605 0.002035
v -0.019826 0.049120 0.002408
v -0.020797 0.049297 0.000430
v -0.019826 0.049120 0.002408
v -0.020479 0.049987 0.000444
v -0.018734 0.049444 0.002005
v -0.019300 0.050163 0.000412
v -0.017980 0.050092 0.002255
v -0.018638 0.051013 0.000316
v -0.016535 0.047018 -0.000187
v -0.016547 0.047779 -0.000124
v -0.016854 0.047971 0.001983
v -0.016679 0.048372 0.001325
v -0.017980 0.050092 0.002255
v -0.017533 0.049920 0.001529
v -0.017980 0.050092 0.002255
v -0.018002 0.050554 0.000291
v -0.018638 0.051013 0.000316
v -0.019098 0.046063 -0.000177
v -0.019495 0.047251 -0.001839
v -0.018484 0.046066 -0.000153
v -0.018920 0.047479 -0.002198
v -0.017535 0.046869 -0.000135
v -0.018063 0.048131 -0.001663
v -0.016535 0.047018 -0.000187
v -0.018063 0.048131 -0.001663
v -0.017151 0.048578 -0.002359
v -0.018821 0.049504 -0.001417
v -0.018085 0.050262 -0.001795
v -0.018821 0.049504 -0.001417
v -0.018638 0.051013 0.000316
v -0.018821 0.049504 -0.001417
v -0.019300 0.050163 0.000412
v -0.018821 0.049504 -0.001417
v -0.020479 0.049987 0.000444
v -0.018821 0.049504 -0.001417
v -0.019885 0.049122 -0.001822
v -0.018063 0.048131 -0.001663
v -0.019885 0.049122 -0.001822
v -0.018920 0.047479 -0.002198
v -0.019885 0.049122 -0.001822
v -0.019495 0.047251 -0.001839
v -0.019885 0.049122 -0.001822
v -0.020309 0.048550 -0.001433
v -0.020479 0.049987 0.000444
v -0.020797 0.049297 0.000430
v -0.016535 0.047018 -0.000187
v -0.017151 0.048578 -0.002359
v -0.016547 0.047779 -0.000124
v -0.017151 0.048578 -0.002359
v -0.016986 0.048905 -0.001582
v -0.017151 0.048578 -0.002359
v -0.017607 0.050056 -0.001307
v -0.018085 0.050262 -0.001795
v -0.018002 0.050554 0.000291
v -0.018638 0.051013 0.000316
v -0.020797 0.049297 0.000430
v -0.020309 0.048550 -0.001433
v -0.020131 0.047662 0.000163
v -0.019495 0.047251 -0.001839
v 0.002587 0.044275 -0.001418
v 0.000000 0.044291 -0.001949
v 0.000000 0.046026 -0.001504
v -0.002587 0.044275 -0.001418
v -0.002598 0.046023 -0.000951
v -0.004214 0.044274 -0.000289
v -0.003921 0.046008 -0.000182
v -0.004122 0.044283 0.002154
v -0.003874 0.045943 0.002384
v -0.001953 0.044245 0.003455
v -0.001819 0.045900 0.003478
v -0.001953 0.044245 0.003455
v -0.000491 0.045932 0.003856
v 0.000000 0.044245 0.003828
v 0.000000 0.045932 0.003856
v 0.000000 0.044245 0.003828
v 0.000491 0.045932 0.003856
v 0.001953 0.044245 0.003455
v 0.001819 0.045900 0.003478
v 0.001953 0.044245 0.003455
v 0.003874 0.045943 0.002384
v 0.004122 0.044283 0.002154
v 0.003921 0.046008 -0.000182
v 0.004214 0.044274 -0.000289
v 0.002598 0.046023 -0.000951
v 0.002587 0.044275 -0.001418
v 0.000000 0.046026 -0.001504
vn -0.3961 0.9181 0.0135
vn -0.0000 -0.0000 -1.0000
vn -0.8536 0.5208 -0.0092
vn -0.8858 -0.4638 -0.0165
vn -0.4260 -0.9047 0.0119
vn -0.6319 -0.6563 0.4123
vn 0.9699 0.2422 -0.0269
vn 0.8808 0.4725 -0.0302
vn 0.9088 0.4110 0.0719
vn 0.8808 0.4725 -0.0303
vn 0.9004 0.4351 -0.0023
vn 0.8341 0.5420 -0.1025
vn 0.9699 0.2422 -0.0270
vn -0.8858 -0.4638 -0.0166
vn -0.7818 -0.2573 0.5680
vn -0.9883 0.0993 0.1161
vn 0.8576 0.5132 -0.0335
vn 0.8808 0.4726 -0.0302
vn -0.5488 -0.5596 -0.6210
vn 0.7542 0.6566 0.0015
vn -0.8750 -0.4753 -0.0923
vn -0.3959 -0.7622 0.5122
vn 0.4844 -0.8743 0.0297
vn 0.3515 -0.6004 0.7183
vn 0.2973 -0.5064 0.8094
vn 0.2867 -0.4763 0.8313
vn 0.4670 -0.8843 0.0014
vn 0.3716 -0.6609 0.6520
vn 0.4189 -0.9073 0.0363
vn 0.3278 -0.6794 0.6564
vn 0.2518 -0.5159 0.8188
vn 0.3731 -0.7920 0.4832
vn 0.4315 -0.8914 -0.1383
vn 0.3732 -0.7920 0.4833
vn 0.3278 -0.6794 0.6565
vn 0.0083 -0.1169 0.9931
vn 0.0021 -0.0645 0.9979
vn -0.0981 0.1463 0.9844
vn -0.3751 0.5609 0.7381
vn -0.4048 0.6606 0.6323
vn -0.5331 0.8432 0.0696
vn -0.5192 0.8495 -0.0935
vn -0.4358 0.6328 -0.6400
vn -0.3797 0.6085 -0.6968
vn -0.0762 0.0019 -0.9971
vn -0.0070 -0.0987 -0.9951
vn 0.3453 -0.9196 0.1873
vn 0.2989 -0.6432 -0.7049
vn -0.0162 0.0329 -0.9993
vn -0.1958 0.4031 -0.8940
vn 0.4189 -0.9073 0.0364
vn -0.1062 0.2463 -0.9634
vn -0.0966 0.2161 -0.9716
vn 0.3596 -0.6712 -0.6482
vn 0.3056 -0.6954 -0.6504
vn 0.0457 -0.0464 -0.9979
vn -0.3575 0.6267 -0.6924
vn -0.4817 0.8762 0.0185
vn -0.3308 0.6329 0.7000
vn 0.0612 -0.0240 0.9978
vn 0.0435 -0.0723 0.9964
vn 0.0506 -0.1037 0.9933
vn 0.3716 -0.6610 0.6520
vn 0.0674 -0.0909 0.9936
vn 0.3514 -0.6004 0.7184
vn 0.0468 -0.0588 0.9972
vn 0.0297 0.0272 0.9992
vn -0.0481 0.2014 0.9783
vn -0.2878 0.6270 0.7239
vn -0.4565 0.8890 0.0342
vn -0.3688 0.7624 0.5318
vn -0.3003 0.6213 -0.7237
vn 0.1313 -0.1547 -0.9792
vn 0.5583 -0.8277 -0.0572
vn 0.4670 -0.8843 0.0017
vn 0.4046 -0.6906 -0.5995
vn 0.4844 -0.8743 0.0296
vn -0.2159 -0.6319 -0.7443
vn -0.8750 -0.4752 -0.0923
vn -0.2159 -0.6320 -0.7443
vn -0.1254 0.1000 -0.9871
vn -0.3137 0.0858 -0.9456
vn -0.5066 0.8170 0.2757
vn -0.3261 0.7419 -0.5859
vn -0.4105 0.6925 -0.5933
vn -0.4916 0.8435 0.2164
vn -0.6043 0.4898 0.6284
vn -0.2924 0.4535 0.8419
vn -0.0892 0.0587 0.9943
vn -0.1005 0.0655 0.9928
vn -0.6976 -0.2867 0.6566
vn 0.0685 -0.1842 0.9805
vn -0.3958 -0.7622 0.5122
vn 0.1059 -0.1968 0.9747
vn 0.0414 -0.1953 0.9799
vn -0.4917 0.8435 0.2164
vn -0.4565 0.8891 0.0342
vn -0.3003 0.6214 -0.7237
vn -0.1219 0.1711 0.9777
vn -0.4817 0.8761 0.0185
vn 0.0458 -0.0464 -0.9979
vn 0.3781 -0.9037 0.2009
vn -0.1027 0.2293 -0.9679
vn -0.1132 0.2629 -0.9581
vn -0.1317 0.2128 -0.9682
vn 0.5177 -0.8432 -0.1448
vn 0.3597 -0.6711 -0.6482
vn 0.3831 -0.5615 -0.7334
vn 0.0488 0.1235 -0.9911
vn -0.2294 0.9731 0.0202
vn -0.2983 0.6538 -0.6954
vn -0.4326 0.8965 -0.0951
vn -0.3030 0.7377 0.6034
vn 0.1125 0.0063 0.9936
vn 0.1522 -0.1991 0.9681
vn 0.4439 -0.7070 0.5506
vn 0.5177 -0.8433 -0.1445
vn -0.9669 0.2293 -0.1119
vn -0.4806 0.1113 0.8699
vn -0.9672 0.1416 -0.2108
vn -0.6633 0.0108 0.7483
vn -0.6976 -0.2868 0.6566
vn -0.9999 0.0026 -0.0137
vn -0.9963 0.0660 0.0548
vn -0.2186 0.2231 0.9500
vn -0.9960 0.0657 0.0605
vn -0.3034 0.3881 0.8703
vn -0.8537 0.5207 -0.0091
vn -0.9669 0.2293 -0.1120
vn -0.9993 0.0332 0.0160
vn -0.9496 -0.1462 0.2772
vn -0.9104 -0.1231 -0.3950
vn -0.2158 -0.6320 -0.7443
vn -0.7836 -0.4502 -0.4281
vn -0.3137 0.0857 -0.9456
vn -0.9415 0.1247 -0.3132
vn -0.3262 0.7418 -0.5859
vn -0.8537 0.5207 -0.0092
vn -0.4881 -0.2508 0.8360
vn 0.1440 -0.5978 0.7886
vn -0.4259 -0.9047 0.0119
vn -0.0008 -0.0738 0.9973
vn 0.2712 -0.9321 -0.2400
vn 0.3997 -0.4125 0.8186
vn 0.5528 -0.8220 -0.1369
vn 0.1842 -0.5419 0.8200
vn 0.5697 -0.8125 -0.1238
vn 0.0567 -0.2849 0.9569
vn 0.7825 -0.2257 0.5803
vn -0.0174 -0.0481 0.9987
vn 0.2330 0.5905 0.7727
vn 0.0587 -0.0075 0.9982
vn -0.1156 0.4623 0.8792
vn 0.0111 -0.0881 0.9961
vn -0.1964 0.1035 0.9750
vn -0.9883 0.0993 0.1162
vn -0.4531 0.3638 0.8139
vn -0.5414 0.8401 -0.0343
vn -0.5487 0.8210 0.1578
vn -0.2938 0.9533 -0.0702
vn 0.5696 -0.8125 -0.1238
vn 0.9698 0.2422 -0.0269
vn 0.7825 -0.2257 0.5804
vn 0.3043 0.4085 0.8605
vn 0.2507 -0.4089 -0.8775
vn 0.7487 -0.6443 0.1559
vn 0.1477 -0.3137 -0.9380
vn 0.5461 0.0501 -0.8362
vn -0.9973 -0.0685 0.0259
vn 0.1613 0.7997 -0.5783
vn 0.3438 -0.2453 -0.9064
vn 0.1222 -0.0881 -0.9886
vn 0.0235 -0.1459 -0.9890
vn -0.5414 0.8401 -0.0344
vn -0.4505 0.5299 -0.7185
vn -0.3279 0.3587 -0.8740
vn -0.0638 -0.0843 -0.9944
vn 0.0659 0.0127 -0.9977
vn -0.9549 0.2151 0.2046
vn -0.9116 -0.0419 -0.4089
vn 0.5697 -0.8125 -0.1239
vn -0.1728 -0.0065 -0.9849
vn -0.2299 -0.0173 -0.9731
vn 0.5462 0.0501 -0.8362
vn 0.8341 0.5420 -0.1026
vn -0.2938 0.9533 -0.0701
vn 0.3298 0.2441 -0.9119
vn -0.0085 0.2500 -0.9682
vn -0.0000 0.1146 -0.9934
vn -0.3715 0.2532 -0.8932
vn -0.3736 -0.0830 -0.9239
vn -0.8486 0.2799 -0.4489
vn -0.7952 -0.5689 -0.2100
vn -0.8481 0.1548 0.5067
vn -0.7860 -0.2422 0.5688
vn -0.2568 -0.0006 0.9665
vn -0.3931 -0.1307 0.9102
vn -0.3410 0.0267 0.9397
vn -0.1683 -0.1654 0.9718
vn -0.0774 -0.0307 0.9965
vn -0.0000 -0.2085 0.9780
vn 0.0228 0.0205 0.9995
vn 0.1683 -0.1654 0.9718
vn 0.1104 -0.0178 0.9937
vn 0.3931 -0.1307 0.9102
vn 0.3483 0.0306 0.9369
vn 0.7860 -0.2422 0.5688
vn 0.8481 0.1548 0.5067
vn 0.7952 -0.5689 -0.2100
vn 0.8087 0.2736 -0.5207
vn 0.3736 -0.0830 -0.9239
vn 0.3299 0.2441 -0.9119
vn -0.0000 0.1147 -0.9934
vt 0.084637 1.496307
vt 0.071358 1.498008
vt 0.084637 1.499273
vt 0.861752 1.725065
vt 0.828859 1.803498
vt 0.828859 1.711107
vt 0.994940 1.803498
vt 0.968187 1.725065
vt 0.994940 1.711107
vt 0.828859 1.604746
vt 0.866323 1.724112
vt 0.830245 1.513044
vt 0.830245 1.604746
vt 0.994940 1.604746
vt 0.994940 1.711107
vt 0.830245 1.803498
vt 0.830245 1.711107
vt 0.994940 1.604746
vt 0.994940 1.511025
vt 0.994940 1.513044
vt 0.530907 1.815231
vt 0.517519 1.832711
vt 0.717400 1.813486
vt 0.717427 1.833767
vt 0.751166 1.833782
vt 0.751166 1.813486
vt 0.780486 1.813486
vt 0.780566 1.833780
vt 0.898586 1.833780
vt 0.898553 1.813486
vt 0.898584 1.854546
vt 0.780596 1.854546
vt 0.780557 1.876221
vt 0.898559 1.876221
vt 0.780495 1.901414
vt 0.898548 1.901414
vt 0.780427 1.928656
vt 0.898548 1.928656
vt 0.780289 1.951004
vt 0.898491 1.951004
vt 0.780368 1.977470
vt 0.898523 1.977470
vt 0.898573 1.998332
vt 0.780486 1.998332
vt 0.751165 1.998332
vt 0.752876 1.977470
vt 0.752464 1.951008
vt 0.752649 1.930965
vt 0.751165 1.903724
vt 0.751166 1.876222
vt 0.751166 1.854546
vt 0.717410 1.854545
vt 0.717396 1.876222
vt 0.717394 1.901414
vt 0.717367 1.928655
vt 0.717358 1.951009
vt 0.717378 1.977470
vt 0.717400 1.998332
vt 0.531690 1.979992
vt 0.530880 1.997308
vt 0.559222 1.952307
vt 0.472596 1.956627
vt 0.559222 1.919768
vt 0.472596 1.924139
vt 0.472596 1.902050
vt 0.559222 1.891541
vt 0.472596 1.873123
vt 0.559222 1.877711
vt 0.559222 1.859064
vt 0.472596 1.854923
vt 0.047731 1.389243
vt 0.047449 1.418922
vt 0.062059 1.426379
vt 0.060623 1.446916
vt 0.073673 1.463979
vt 0.084650 1.457306
vt 0.084637 1.485039
vt 0.073703 1.476351
vt 0.073732 1.488699
vt 0.048359 1.446166
vt 0.038669 1.462240
vt 0.042014 1.465820
vt 0.032004 1.494291
vt 0.028024 1.493940
vt 0.039905 1.506057
vt 0.036496 1.504557
vt 0.040799 1.511146
vt 0.036496 1.509806
vt 0.853826 1.711107
vt 0.853826 1.803498
vt 0.906239 1.803498
vt 0.906239 1.711107
vt 0.965521 1.803498
vt 0.965521 1.711107
vt 0.965521 1.604746
vt 0.906239 1.604746
vt 0.853826 1.604746
vt 0.828859 1.512263
vt 0.853826 1.512263
vt 0.906239 1.512262
vt 0.965521 1.512262
vt 0.994940 1.512262
vt 0.854402 1.803498
vt 0.854402 1.711107
vt 0.906788 1.803498
vt 0.906788 1.711107
vt 0.966039 1.803498
vt 0.966039 1.711107
vt 0.906788 1.604746
vt 0.966039 1.604746
vt 0.966039 1.511638
vt 0.906788 1.511638
vt 0.854402 1.511638
vt 0.854402 1.604746
vt 0.828859 1.511638
vt 0.994940 1.511638
vt 0.830245 1.511025
vt 0.370868 1.915425
vt 0.458045 1.915425
vt 0.458045 1.993722
vt 0.370868 1.993722
vt 0.279782 1.915425
vt 0.281506 1.993722
vt 0.170075 1.915425
vt 0.170075 1.993722
vt 0.074983 1.915425
vt 0.074983 1.993722
vt 0.032131 1.993722
vt 0.003709 1.915425
vt 0.003709 1.993722
s 1
usemtl CRM_MI_081_bod_00_node306
f 1334/423/957 1335/424/958 1336/425/959
f 1337/426/960 1338/427/961 1339/428/962
f 1340/429/963 1341/430/964 1342/431/965
f 1343/426/966 1344/428/967 1345/432/968
f 1346/428/967 1347/426/964 1348/427/969
f 1349/433/970 1350/434/971 1351/435/972
f 1352/436/973 1353/437/965 1354/430/974
f 1355/438/961 1356/433/970 1357/439/975
f 1358/440/973 1359/430/964 1360/441/976
f 1361/436/976 1362/430/964 1363/442/968
f 1364/443/977 1365/444/978 1366/445/979
f 1367/446/980 1366/445/979 1365/444/978
f 1366/445/979 1367/446/980 1368/445/981
f 1369/447/982 1368/445/981 1367/446/980
f 1368/445/981 1369/447/982 1370/448/983
f 1371/447/984 1370/448/983 1369/447/982
f 1370/448/983 1371/447/984 1372/449/985
f 1373/450/986 1372/449/985 1371/447/984
f 1372/449/985 1373/450/986 1374/449/987
f 1375/451/988 1374/449/987 1373/450/986
f 1374/449/987 1375/451/988 1376/452/989
f 1377/451/990 1378/450/991 1379/453/992
f 1380/454/993 1379/453/992 1378/450/991
f 1379/453/992 1380/454/993 1381/453/994
f 1382/455/995 1381/453/994 1380/454/993
f 1381/453/994 1382/455/995 1383/456/996
f 1384/457/997 1383/456/996 1382/455/995
f 1383/456/996 1384/457/997 1385/458/998
f 1386/459/999 1385/458/998 1384/457/997
f 1385/458/998 1386/459/999 1387/460/1000
f 1388/461/1001 1387/460/1000 1386/459/999
f 1387/460/1000 1388/461/1001 1389/462/1002
f 1390/463/1003 1389/462/1002 1388/461/1001
f 1389/462/1002 1390/463/1003 1391/464/1004
f 1392/463/1005 1391/464/1004 1390/463/1003
f 1391/464/1004 1392/463/1005 1393/465/989
f 1394/463/1006 1393/465/989 1392/463/1005
f 1393/465/989 1394/463/1006 1395/466/1007
f 1396/463/1008 1395/466/1007 1394/463/1006
f 1395/466/1007 1396/463/1008 1397/467/983
f 1398/463/1009 1397/467/983 1396/463/1008
f 1397/467/983 1398/463/1009 1399/468/1010
f 1400/463/1011 1399/468/1010 1398/463/1009
f 1399/468/1010 1400/463/1011 1401/469/1012
f 1402/461/1001 1401/469/1012 1400/463/1011
f 1401/469/1012 1402/461/1001 1403/470/1013
f 1404/459/999 1403/470/1013 1402/461/1001
f 1403/470/1013 1404/459/999 1405/471/1014
f 1406/457/997 1405/471/1014 1404/459/999
f 1405/471/1014 1406/457/997 1407/472/1015
f 1408/455/995 1407/472/1015 1406/457/997
f 1407/472/1015 1408/455/995 1409/473/1016
f 1410/454/993 1409/473/1016 1408/455/995
f 1409/473/1016 1410/454/993 1411/473/1017
f 1412/450/986 1411/473/1017 1410/454/993
f 1411/473/1017 1412/450/986 1413/473/1018
f 1414/447/1019 1413/473/1018 1412/450/986
f 1413/473/1018 1414/447/1019 1415/473/1020
f 1416/446/1021 1415/473/1020 1414/447/1019
f 1415/473/1020 1416/446/1021 1417/473/1022
f 1418/474/1023 1417/473/1022 1416/446/1021
f 1417/473/1022 1418/474/1023 1419/473/1024
f 1420/475/1025 1419/473/1024 1418/474/1023
f 1419/473/1024 1420/475/1025 1421/472/1015
f 1422/476/1026 1421/472/1015 1420/475/1025
f 1421/472/1015 1422/476/1026 1423/471/1014
f 1424/477/1027 1423/471/1014 1422/476/1026
f 1423/471/1014 1424/477/1027 1425/470/1013
f 1426/477/1028 1425/470/1013 1424/477/1027
f 1425/470/1013 1426/477/1028 1427/469/1012
f 1428/478/1029 1427/469/1012 1426/477/1028
f 1427/469/1012 1428/478/1029 1429/468/1010
f 1430/479/1030 1429/468/1010 1428/478/1029
f 1429/468/1010 1430/479/1030 1431/467/1031
f 1432/479/1032 1431/467/1031 1430/479/1030
f 1431/467/1031 1432/479/1032 1433/480/1033
f 1434/481/1034 1433/480/1033 1432/479/1032
f 1433/480/1033 1434/481/1034 1435/482/1035
f 1436/479/1032 1437/478/1029 1438/481/1036
f 1439/483/1037 1438/481/1036 1437/478/1029
f 1438/481/1036 1439/483/1037 1440/484/1038
f 1441/485/1039 1440/484/1038 1439/483/1037
f 1440/484/1038 1441/485/1039 1442/486/1040
f 1443/485/1041 1442/486/1040 1441/485/1039
f 1442/486/1040 1443/485/1041 1444/487/957
f 1445/488/1042 1444/487/957 1443/485/1041
f 1444/487/957 1445/488/1042 1446/489/1043
f 1447/490/1044 1446/489/1043 1445/488/1042
f 1446/489/1043 1447/490/1044 1448/489/1045
f 1449/491/1046 1448/489/1045 1447/490/1044
f 1448/489/1045 1449/491/1046 1450/492/1047
f 1451/491/1048 1450/492/1047 1449/491/1046
f 1450/492/1047 1451/491/1048 1452/444/1049
f 1453/491/1050 1452/444/1049 1451/491/1048
f 1452/444/1049 1453/491/1050 1454/446/980
f 1455/491/1051 1454/446/980 1453/491/1050
f 1454/446/980 1455/491/1051 1456/474/1023
f 1457/490/1044 1456/474/1023 1455/491/1051
f 1456/474/1023 1457/490/1044 1458/475/1025
f 1459/488/1052 1458/475/1025 1457/490/1044
f 1458/475/1025 1459/488/1052 1460/476/1053
f 1461/485/1041 1460/476/1053 1459/488/1052
f 1460/476/1053 1461/485/1041 1462/477/1054
f 1463/483/1037 1462/477/1054 1461/485/1041
f 1462/477/1054 1463/483/1037 1464/478/1029
f 1465/449/985 1466/448/983 1467/450/991
f 1468/447/1019 1467/450/991 1466/448/983
f 1467/450/991 1468/447/1019 1469/454/993
f 1470/473/1016 1469/454/993 1468/447/1019
f 1469/454/993 1470/473/1016 1471/454/1055
f 1472/472/1015 1471/454/1055 1470/473/1016
f 1471/454/1055 1472/472/1015 1473/455/995
f 1474/471/1056 1473/455/995 1472/472/1015
f 1473/455/995 1474/471/1056 1475/457/997
f 1476/470/1013 1475/457/997 1474/471/1056
f 1475/457/997 1476/470/1013 1477/459/999
f 1478/469/1057 1477/459/999 1476/470/1013
f 1477/459/999 1478/469/1057 1479/461/1001
f 1480/468/1058 1479/461/1001 1478/469/1057
f 1479/461/1001 1480/468/1058 1481/463/1011
f 1482/468/1059 1481/463/1011 1480/468/1058
f 1481/463/1011 1482/468/1059 1483/466/1007
f 1484/468/1060 1483/466/1007 1482/468/1059
f 1483/466/1007 1484/468/1060 1485/467/983
f 1486/468/1061 1485/467/983 1484/468/1060
f 1485/467/983 1486/468/1061 1487/480/1062
f 1488/468/1063 1487/480/1062 1486/468/1061
f 1487/480/1062 1488/468/1063 1489/479/1064
f 1490/469/1057 1489/479/1064 1488/468/1063
f 1489/479/1064 1490/469/1057 1491/478/1065
f 1492/470/1066 1491/478/1065 1490/469/1057
f 1491/478/1065 1492/470/1066 1493/477/1067
f 1494/470/1013 1493/477/1067 1492/470/1066
f 1493/477/1067 1494/470/1013 1495/476/1068
f 1496/471/1014 1495/476/1068 1494/470/1013
f 1495/476/1068 1496/471/1014 1497/475/1069
f 1498/472/1015 1497/475/1069 1496/471/1014
f 1497/475/1069 1498/472/1015 1499/474/1070
f 1500/473/1016 1499/474/1070 1498/472/1015
f 1499/474/1070 1500/473/1016 1501/474/1071
f 1502/447/984 1501/474/1071 1500/473/1016
f 1501/474/1071 1502/447/984 1503/446/1072
f 1504/448/983 1503/446/1072 1502/447/984
f 1503/446/1072 1504/448/983 1505/445/1073
f 1506/493/1074 1507/494/1075 1508/495/1035
f 1509/494/1076 1508/495/1035 1507/494/1075
f 1508/495/1035 1509/494/1076 1510/496/1049
f 1511/497/1077 1510/496/1049 1509/494/1076
f 1510/496/1049 1511/497/1077 1512/498/1078
f 1513/497/1079 1512/498/1078 1511/497/1077
f 1512/498/1078 1513/497/1079 1514/499/1043
f 1515/500/1080 1514/499/1043 1513/497/1079
f 1514/499/1043 1515/500/1080 1516/499/1081
f 1517/501/1082 1516/499/1081 1515/500/1080
f 1516/499/1081 1517/501/1082 1518/499/1083
f 1519/424/1084 1518/499/1083 1517/501/1082
f 1518/499/1083 1519/424/1084 1520/423/957
f 1521/495/1085 1522/493/1035 1523/502/1086
f 1524/503/1087 1523/502/1086 1522/493/1035
f 1523/502/1086 1524/503/1087 1525/504/1088
f 1526/503/1089 1525/504/1088 1524/503/1087
f 1525/504/1088 1526/503/1089 1527/505/1090
f 1528/506/1091 1527/505/1090 1526/503/1089
f 1527/505/1090 1528/506/1091 1529/507/1092
f 1530/508/1093 1529/507/1092 1528/506/1091
f 1529/507/1092 1530/508/1093 1531/509/1094
f 1532/510/957 1531/509/1094 1530/508/1093
f 1533/426/960 1534/428/1095 1535/432/971
f 1536/428/962 1535/432/971 1534/428/1095
f 1535/432/971 1536/428/962 1537/511/1096
f 1538/427/1097 1537/511/1096 1536/428/962
f 1537/511/1096 1538/427/1097 1539/511/1098
f 1540/512/1099 1539/511/1098 1538/427/1097
f 1539/511/1098 1540/512/1099 1541/511/1100
f 1542/513/1101 1541/511/1100 1540/512/1099
f 1541/511/1100 1542/513/1101 1543/514/1102
f 1544/515/1103 1543/514/1102 1542/513/1101
f 1543/514/1102 1544/515/1103 1545/514/1104
f 1546/516/1105 1545/514/1104 1544/515/1103
f 1545/514/1104 1546/516/1105 1547/514/1106
f 1548/517/1107 1547/514/1106 1546/516/1105
f 1547/514/1106 1548/517/1107 1549/514/1108
f 1550/518/1109 1549/514/1108 1548/517/1107
f 1549/514/1108 1550/518/1109 1551/511/1096
f 1552/519/1110 1551/511/1096 1550/518/1109
f 1551/511/1096 1552/519/1110 1553/432/971
f 1554/519/1111 1553/432/971 1552/519/1110
f 1553/432/971 1554/519/1111 1555/520/1112
f 1556/519/1113 1555/520/1112 1554/519/1111
f 1555/520/1112 1556/519/1113 1557/521/1114
f 1558/518/1109 1557/521/1114 1556/519/1113
f 1557/521/1114 1558/518/1109 1559/522/1115
f 1560/517/1107 1559/522/1115 1558/518/1109
f 1559/522/1115 1560/517/1107 1561/523/1116
f 1562/515/1117 1563/429/1118 1564/516/1119
f 1565/431/965 1564/516/1119 1563/429/1118
f 1564/516/1119 1565/431/965 1566/517/1107
f 1567/440/973 1566/517/1107 1565/431/965
f 1566/517/1107 1567/440/973 1568/517/1120
f 1569/524/976 1568/517/1120 1567/440/973
f 1568/517/1120 1569/524/976 1570/523/1116
f 1571/427/1097 1572/428/975 1573/525/1099
f 1574/526/1121 1573/525/1099 1572/428/975
f 1573/525/1099 1574/526/1121 1575/527/1101
f 1576/528/1122 1575/527/1101 1574/526/1121
f 1575/527/1101 1576/528/1122 1577/529/1103
f 1578/528/1123 1577/529/1103 1576/528/1122
f 1577/529/1103 1578/528/1123 1579/530/1124
f 1580/531/1125 1579/530/1124 1578/528/1123
f 1579/530/1124 1580/531/1125 1581/532/1126
f 1582/531/1127 1581/532/1126 1580/531/1125
f 1581/532/1126 1582/531/1127 1583/533/1116
f 1584/531/1128 1583/533/1116 1582/531/1127
f 1583/533/1116 1584/531/1128 1585/534/1115
f 1586/531/1129 1585/534/1115 1584/531/1128
f 1585/534/1115 1586/531/1129 1587/535/1130
f 1588/531/1131 1587/535/1130 1586/531/1129
f 1587/535/1130 1588/531/1131 1589/536/1132
f 1590/528/1123 1589/536/1132 1588/531/1131
f 1589/536/1132 1590/528/1123 1591/536/1133
f 1592/526/1121 1591/536/1133 1590/528/1123
f 1591/536/1133 1592/526/1121 1593/536/1134
f 1594/428/975 1593/536/1134 1592/526/1121
f 1593/536/1134 1594/428/975 1595/536/1135
f 1596/432/1136 1595/536/1135 1594/428/975
f 1595/536/1135 1596/432/1136 1597/535/1114
f 1598/537/972 1597/535/1114 1596/432/1136
f 1599/529/1137 1600/530/1138 1601/429/1118
f 1602/530/1139 1601/429/1118 1600/530/1138
f 1601/429/1118 1602/530/1139 1603/431/967
f 1604/530/1140 1603/431/967 1602/530/1139
f 1603/431/967 1604/530/1140 1605/440/1141
f 1606/532/1126 1605/440/1141 1604/530/1140
f 1605/440/1141 1606/532/1126 1607/538/976
f 1608/533/1142 1607/538/976 1606/532/1126
f 1609/539/972 1610/435/1136 1611/433/970
f 1612/439/975 1611/433/970 1610/435/1136
f 1613/540/1143 1614/541/1144 1615/542/1145
f 1616/540/1146 1615/542/1145 1614/541/1144
f 1615/542/1145 1616/540/1146 1617/543/1147
f 1618/544/1148 1617/543/1147 1616/540/1146
f 1617/543/1147 1618/544/1148 1619/545/1149
f 1620/546/1150 1619/545/1149 1618/544/1148
f 1619/545/1149 1620/546/1150 1621/547/1151
f 1622/548/1152 1621/547/1151 1620/546/1150
f 1621/547/1151 1622/548/1152 1623/549/1153
f 1624/548/1154 1623/549/1153 1622/548/1152
f 1623/549/1153 1624/548/1154 1625/550/1155
f 1626/551/1156 1625/550/1155 1624/548/1154
f 1625/550/1155 1626/551/1156 1627/552/1157
f 1628/551/1158 1627/552/1157 1626/551/1156
f 1627/552/1157 1628/551/1158 1629/550/1159
f 1630/548/1160 1629/550/1159 1628/551/1158
f 1629/550/1159 1630/548/1160 1631/549/1161
f 1632/548/1162 1631/549/1161 1630/548/1160
f 1631/549/1161 1632/548/1162 1633/547/1163
f 1634/546/1164 1633/547/1163 1632/548/1162
f 1633/547/1163 1634/546/1164 1635/545/1165
f 1636/544/1166 1635/545/1165 1634/546/1164
f 1635/545/1165 1636/544/1166 1637/543/1167
f 1638/540/1168 1637/543/1167 1636/544/1166
f 1637/543/1167 1638/540/1168 1639/542/1169
o body1Shape_node247
v -0.004807 0.005540 0.002563
v -0.005567 0.005306 0.000331
v -0.004682 0.004981 0.002634
v -0.005567 0.005306 0.000331
v -0.005633 0.004044 0.002514
v -0.005851 0.004002 0.000045
v -0.007302 0.000500 0.002663
v -0.005851 0.004002 0.000045
v -0.006998 0.000924 -0.000478
v -0.005851 0.004002 0.000045
v -0.005975 0.001790 -0.002461
v -0.005110 0.004271 -0.002540
v -0.003880 0.002325 -0.003335
v -0.002339 0.004218 -0.002710
v -0.002021 0.001778 -0.002439
v -0.002339 0.004218 -0.002710
v -0.005110 0.004271 -0.002540
v -0.002254 0.005630 -0.001877
v -0.004714 0.005678 -0.001852
v -0.005110 0.004271 -0.002540
v -0.005851 0.004002 0.000045
v -0.004714 0.005678 -0.001852
v -0.005567 0.005306 0.000331
v -0.003366 0.000369 0.010375
v -0.005380 -0.000000 0.009259
v -0.001635 -0.000000 0.009233
v -0.005380 -0.000000 0.009259
v -0.000334 0.000000 0.005529
v -0.006800 -0.000000 0.005642
v -0.000342 0.000000 0.002578
v -0.007297 -0.000000 0.002672
v -0.000838 0.000000 -0.000472
v -0.007142 -0.000000 -0.000230
v -0.001902 0.000018 -0.002439
v -0.006162 0.000037 -0.002347
v -0.003914 0.000056 -0.003424
v -0.001652 0.005426 0.002517
v -0.001900 0.004924 0.002714
v -0.001470 0.005437 0.000443
v -0.001161 0.004007 0.002608
v -0.001154 0.003935 -0.000087
v -0.000308 0.000513 0.002575
v -0.001154 0.003935 -0.000087
v -0.000772 0.000968 -0.000713
v -0.001154 0.003935 -0.000087
v -0.002021 0.001778 -0.002439
v -0.001154 0.003935 -0.000087
v -0.002339 0.004218 -0.002710
v -0.001154 0.003935 -0.000087
v -0.002254 0.005630 -0.001877
v -0.001470 0.005437 0.000443
v -0.000308 0.000513 0.002575
v -0.001161 0.004007 0.002608
v -0.000326 0.000512 0.005638
v -0.001161 0.004007 0.002608
v -0.000852 0.002904 0.005528
v -0.001900 0.004924 0.002714
v -0.001966 0.004053 0.005597
v -0.004682 0.004981 0.002634
v -0.004696 0.004144 0.005584
v -0.004682 0.004981 0.002634
v -0.005851 0.003015 0.005535
v -0.005633 0.004044 0.002514
v -0.006800 0.000476 0.005665
v -0.007302 0.000500 0.002663
v -0.001900 0.004924 0.002714
v -0.001652 0.005426 0.002517
v -0.004682 0.004981 0.002634
v -0.004807 0.005540 0.002563
v -0.006152 0.038283 -0.001794
v -0.005488 0.040610 -0.001489
v -0.003584 0.039089 -0.003950
v -0.003204 0.040920 -0.003189
v -0.001101 0.039484 -0.004090
v 0.000000 0.040910 -0.003595
v 0.000000 0.039926 -0.004028
v 0.000000 0.040910 -0.003595
v 0.001101 0.039484 -0.004090
v 0.003204 0.040920 -0.003189
v 0.001101 0.039484 -0.004090
v 0.003584 0.039089 -0.003950
v 0.001101 0.039484 -0.004090
v 0.001133 0.037737 -0.003621
v 0.000000 0.038269 -0.004036
v 0.000000 0.037683 -0.002687
v 0.000000 0.038269 -0.004036
v -0.001133 0.037737 -0.003621
v -0.001101 0.039484 -0.004090
v -0.001133 0.037737 -0.003621
v -0.003584 0.039089 -0.003950
v -0.003776 0.037892 -0.003820
v -0.006152 0.038283 -0.001794
v -0.003776 0.037892 -0.003820
v -0.003945 0.036876 -0.003594
v -0.001133 0.037737 -0.003621
v -0.001063 0.036989 -0.003118
v 0.000000 0.037683 -0.002687
v -0.000525 0.036653 -0.001062
v 0.000000 0.036923 -0.000270
v -0.000518 0.036604 0.000162
v 0.000000 0.036898 0.000924
v -0.001775 0.005464 -0.002823
v -0.005100 0.005464 -0.002652
v -0.001610 0.007315 -0.002630
v -0.005248 0.007322 -0.002430
v -0.001610 0.007315 -0.002630
v -0.005082 0.008823 -0.002786
v -0.001715 0.008812 -0.002996
v -0.000639 0.005187 0.000521
v -0.001775 0.005464 -0.002823
v -0.000350 0.005949 0.000565
v -0.001610 0.007315 -0.002630
v -0.000678 0.007370 0.000546
v -0.001610 0.007315 -0.002630
v -0.000265 0.008128 0.000605
v -0.001715 0.008812 -0.002996
v -0.000719 0.008817 0.000566
v -0.001715 0.008812 -0.002996
v -0.005757 0.008862 0.000282
v -0.005082 0.008823 -0.002786
v -0.004829 0.005104 0.003255
v -0.005018 0.006229 0.003619
v -0.005856 0.005210 0.000337
v -0.006128 0.005969 0.000433
v -0.005100 0.005464 -0.002652
v -0.006128 0.005969 0.000433
v -0.005248 0.007322 -0.002430
v -0.006128 0.005969 0.000433
v -0.005912 0.007313 0.000358
v -0.005018 0.006229 0.003619
v -0.005912 0.007313 0.000358
v -0.004983 0.008068 0.004228
v -0.005912 0.007313 0.000358
v -0.006213 0.008132 0.000402
v -0.005248 0.007322 -0.002430
v -0.006213 0.008132 0.000402
v -0.005082 0.008823 -0.002786
v -0.006213 0.008132 0.000402
v -0.005757 0.008862 0.000282
v -0.004983 0.008068 0.004228
v -0.005757 0.008862 0.000282
v -0.004783 0.008587 0.003790
v -0.005757 0.008862 0.000282
v -0.001821 0.008405 0.003867
v -0.000719 0.008817 0.000566
v -0.001583 0.007902 0.004273
v -0.000265 0.008128 0.000605
v -0.001821 0.008405 0.003867
v -0.004783 0.008587 0.003790
v -0.001583 0.007902 0.004273
v -0.004983 0.008068 0.004228
v -0.001583 0.007902 0.004273
v -0.005018 0.006229 0.003619
v -0.001630 0.005737 0.003743
v -0.004829 0.005104 0.003255
v -0.001774 0.005039 0.003403
v -0.000639 0.005187 0.000521
v -0.001774 0.005039 0.003403
v -0.003362 0.005503 0.000360
v -0.004829 0.005104 0.003255
v -0.003362 0.005503 0.000360
v -0.005856 0.005210 0.000337
v -0.003362 0.005503 0.000360
v -0.005100 0.005464 -0.002652
v -0.003362 0.005503 0.000360
v -0.001775 0.005464 -0.002823
v -0.000639 0.005187 0.000521
v -0.001774 0.005039 0.003403
v -0.000639 0.005187 0.000521
v -0.001630 0.005737 0.003743
v -0.000350 0.005949 0.000565
v -0.001630 0.005737 0.003743
v -0.000678 0.007370 0.000546
v -0.001583 0.007902 0.004273
v -0.000265 0.008128 0.000605
v 0.004807 0.005540 0.002563
v 0.004682 0.004981 0.002634
v 0.005567 0.005306 0.000331
v 0.005633 0.004044 0.002514
v 0.005851 0.004002 0.000045
v 0.007302 0.000500 0.002663
v 0.005851 0.004002 0.000045
v 0.006998 0.000924 -0.000478
v 0.005851 0.004002 0.000045
v 0.005975 0.001790 -0.002461
v 0.005110 0.004271 -0.002540
v 0.003880 0.002325 -0.003335
v 0.002339 0.004218 -0.002710
v 0.002021 0.001778 -0.002439
v 0.002339 0.004218 -0.002710
v 0.002254 0.005630 -0.001877
v 0.005110 0.004271 -0.002540
v 0.004714 0.005678 -0.001852
v 0.005110 0.004271 -0.002540
v 0.004714 0.005678 -0.001852
v 0.005851 0.004002 0.000045
v 0.005567 0.005306 0.000331
v 0.001902 0.000018 -0.002439
v 0.000838 0.000000 -0.000472
v 0.002021 0.001778 -0.002439
v 0.000838 0.000000 -0.000472
v 0.000772 0.000968 -0.000713
v 0.000342 0.000000 0.002578
v 0.000308 0.000513 0.002575
v 0.000334 0.000000 0.005529
v 0.000326 0.000512 0.005638
v 0.001635 -0.000000 0.009233
v 0.001597 0.000460 0.008863
v 0.003366 0.000369 0.010375
v 0.003363 0.000873 0.010133
v 0.003363 0.000873 0.010133
v 0.003366 0.000369 0.010375
v 0.005362 0.000508 0.008928
v 0.005380 -0.000000 0.009259
v 0.006800 0.000476 0.005665
v 0.006800 -0.000000 0.005642
v 0.007302 0.000500 0.002663
v 0.007297 -0.000000 0.002672
v 0.006998 0.000924 -0.000478
v 0.007142 -0.000000 -0.000230
v 0.005975 0.001790 -0.002461
v 0.006162 0.000037 -0.002347
v 0.003366 0.000369 0.010375
v 0.001635 -0.000000 0.009233
v 0.005380 -0.000000 0.009259
v 0.001635 -0.000000 0.009233
v 0.006800 -0.000000 0.005642
v 0.000334 0.000000 0.005529
v 0.006800 -0.000000 0.005642
v 0.000342 0.000000 0.002578
v 0.007297 -0.000000 0.002672
v 0.000838 0.000000 -0.000472
v 0.007142 -0.000000 -0.000230
v 0.000838 0.000000 -0.000472
v 0.006162 0.000037 -0.002347
v 0.001902 0.000018 -0.002439
v 0.003914 0.000056 -0.003424
v 0.001652 0.005426 0.002517
v 0.001470 0.005437 0.000443
v 0.001900 0.004924 0.002714
v 0.001470 0.005437 0.000443
v 0.001161 0.004007 0.002608
v 0.001154 0.003935 -0.000087
v 0.000308 0.000513 0.002575
v 0.001154 0.003935 -0.000087
v 0.000772 0.000968 -0.000713
v 0.001154 0.003935 -0.000087
v 0.002021 0.001778 -0.002439
v 0.001154 0.003935 -0.000087
v 0.002339 0.004218 -0.002710
v 0.001154 0.003935 -0.000087
v 0.002254 0.005630 -0.001877
v 0.001470 0.005437 0.000443
v 0.000308 0.000513 0.002575
v 0.000326 0.000512 0.005638
v 0.001161 0.004007 0.002608
v 0.000852 0.002904 0.005528
v 0.001900 0.004924 0.002714
v 0.001966 0.004053 0.005597
v 0.004682 0.004981 0.002634
v 0.004696 0.004144 0.005584
v 0.004682 0.004981 0.002634
v 0.005851 0.003015 0.005535
v 0.005633 0.004044 0.002514
v 0.006800 0.000476 0.005665
v 0.007302 0.000500 0.002663
v 0.001900 0.004924 0.002714
v 0.004682 0.004981 0.002634
v 0.001652 0.005426 0.002517
v 0.004807 0.005540 0.002563
v 0.006162 0.000037 -0.002347
v 0.003914 0.000056 -0.003424
v 0.005975 0.001790 -0.002461
v 0.003914 0.000056 -0.003424
v 0.003880 0.002325 -0.003335
v 0.003914 0.000056 -0.003424
v 0.002021 0.001778 -0.002439
v 0.001902 0.000018 -0.002439
v 0.005100 0.005464 -0.002652
v 0.001775 0.005464 -0.002823
v 0.005248 0.007322 -0.002430
v 0.001610 0.007315 -0.002630
v 0.005082 0.008823 -0.002786
v 0.001715 0.008812 -0.002996
v 0.000639 0.005187 0.000521
v 0.000350 0.005949 0.000565
v 0.001775 0.005464 -0.002823
v 0.000350 0.005949 0.000565
v 0.001610 0.007315 -0.002630
v 0.000678 0.007370 0.000546
v 0.001610 0.007315 -0.002630
v 0.000265 0.008128 0.000605
v 0.001715 0.008812 -0.002996
v 0.000719 0.008817 0.000566
v 0.001715 0.008812 -0.002996
v 0.005757 0.008862 0.000282
v 0.005082 0.008823 -0.002786
v 0.004829 0.005104 0.003255
v 0.005856 0.005210 0.000337
v 0.005018 0.006229 0.003619
v 0.005856 0.005210 0.000337
v 0.006128 0.005969 0.000433
v 0.005100 0.005464 -0.002652
v 0.006128 0.005969 0.000433
v 0.005248 0.007322 -0.002430
v 0.006128 0.005969 0.000433
v 0.005912 0.007313 0.000358
v 0.005018 0.006229 0.003619
v 0.005912 0.007313 0.000358
v 0.004983 0.008068 0.004228
v 0.005912 0.007313 0.000358
v 0.006213 0.008132 0.000402
v 0.005248 0.007322 -0.002430
v 0.006213 0.008132 0.000402
v 0.005082 0.008823 -0.002786
v 0.006213 0.008132 0.000402
v 0.005757 0.008862 0.000282
v 0.004983 0.008068 0.004228
v 0.004783 0.008587 0.003790
v 0.004983 0.008068 0.004228
v 0.001583 0.007902 0.004273
v 0.005018 0.006229 0.003619
v 0.001630 0.005737 0.003743
v 0.004829 0.005104 0.003255
v 0.001774 0.005039 0.003403
v 0.000639 0.005187 0.000521
v 0.003362 0.005503 0.000360
v 0.001774 0.005039 0.003403
v 0.003362 0.005503 0.000360
v 0.004829 0.005104 0.003255
v 0.003362 0.005503 0.000360
v 0.005856 0.005210 0.000337
v 0.003362 0.005503 0.000360
v 0.005100 0.005464 -0.002652
v 0.003362 0.005503 0.000360
v 0.001775 0.005464 -0.002823
v 0.000639 0.005187 0.000521
v 0.001774 0.005039 0.003403
v 0.001630 0.005737 0.003743
v 0.000639 0.005187 0.000521
v 0.001630 0.005737 0.003743
v 0.000350 0.005949 0.000565
v 0.001630 0.005737 0.003743
v 0.000678 0.007370 0.000546
v 0.001583 0.007902 0.004273
v 0.000265 0.008128 0.000605
v 0.000265 0.008128 0.000605
v 0.001583 0.007902 0.004273
v 0.000719 0.008817 0.000566
v 0.001821 0.008405 0.003867
v 0.005757 0.008862 0.000282
v 0.001821 0.008405 0.003867
v 0.004783 0.008587 0.003790
v 0.001583 0.007902 0.004273
v 0.005170 0.018671 0.004069
v 0.004899 0.022224 0.003812
v 0.001865 0.018835 0.004031
v 0.004899 0.022224 0.003812
v 0.001836 0.022307 0.003693
v 0.004848 0.023708 0.004268
v 0.001830 0.023701 0.004063
v 0.004848 0.023708 0.004268
v 0.001868 0.024716 0.004147
v 0.004830 0.024679 0.004325
v 0.001868 0.024716 0.004147
v 0.004760 0.028263 0.004663
v 0.001494 0.028264 0.004419
v 0.004760 0.028263 0.004663
v 0.001194 0.032885 0.004472
v 0.004535 0.032885 0.004853
v 0.001425 0.036529 0.004483
v 0.004419 0.037371 0.004386
v 0.001579 0.038137 0.004617
v 0.004019 0.039752 0.003768
v 0.001644 0.038813 0.004540
v 0.004048 0.040408 0.003648
v 0.001644 0.038813 0.004540
v 0.002240 0.040835 0.004137
v 0.000000 0.038834 0.004647
v 0.000000 0.040752 0.004511
v 0.000000 0.038834 0.004647
v -0.002240 0.040835 0.004137
v -0.001644 0.038813 0.004540
v -0.004048 0.040408 0.003648
v -0.001644 0.038813 0.004540
v -0.004019 0.039752 0.003768
v -0.001579 0.038137 0.004617
v -0.004419 0.037371 0.004386
v -0.001425 0.036529 0.004483
v -0.004535 0.032885 0.004853
v -0.001299 0.032885 0.004472
v -0.004760 0.028263 0.004663
v -0.001494 0.028264 0.004419
v -0.004760 0.028263 0.004663
v -0.001868 0.024716 0.004147
v -0.004830 0.024679 0.004325
v -0.001868 0.024716 0.004147
v -0.004848 0.023708 0.004268
v -0.001830 0.023701 0.004063
v -0.004848 0.023708 0.004268
v -0.001836 0.022307 0.003693
v -0.004899 0.022224 0.003812
v -0.001861 0.019340 0.003982
v -0.005180 0.019055 0.004037
v -0.001890 0.015905 0.004316
v -0.005091 0.015837 0.004298
v -0.001890 0.015905 0.004316
v -0.005110 0.013598 0.004576
v -0.001773 0.013488 0.004563
v -0.004937 0.010326 0.004345
v -0.001659 0.010032 0.004365
v -0.003237 0.005636 -0.000095
v -0.001659 0.010032 0.004365
v -0.000231 0.010221 0.001331
v -0.001773 0.013488 0.004563
v -0.000111 0.014907 0.001356
v -0.001890 0.015905 0.004316
v -0.000530 0.019063 0.001026
v -0.001861 0.019340 0.003982
v -0.000530 0.019063 0.001026
v -0.001836 0.022307 0.003693
v -0.000656 0.022283 0.000943
v -0.001836 0.022307 0.003693
v -0.000344 0.023933 0.000966
v -0.001830 0.023701 0.004063
v -0.000344 0.023933 0.000966
v -0.001868 0.024716 0.004147
v -0.000344 0.023933 0.000966
v -0.001494 0.028264 0.004419
v -0.000610 0.028267 0.000554
v -0.001299 0.032885 0.004472
v -0.000370 0.032885 0.000505
v -0.001299 0.032885 0.004472
v -0.000518 0.036604 0.000162
v -0.001425 0.036529 0.004483
v -0.000518 0.036604 0.000162
v -0.001579 0.038137 0.004617
v -0.001644 0.038813 0.004540
v 0.005170 0.018671 0.004069
v 0.006783 0.018852 0.000437
v 0.004899 0.022224 0.003812
v 0.006271 0.022283 0.000798
v 0.004899 0.022224 0.003812
v 0.006265 0.024012 0.001108
v 0.004848 0.023708 0.004268
v 0.006265 0.024012 0.001108
v 0.004830 0.024679 0.004325
v 0.006265 0.024012 0.001108
v 0.004760 0.028263 0.004663
v 0.006285 0.028257 0.000691
v 0.004760 0.028263 0.004663
v 0.006428 0.032825 0.001691
v 0.004535 0.032885 0.004853
v 0.006557 0.036861 0.001800
v 0.004419 0.037371 0.004386
v 0.006285 0.037650 0.001835
v 0.004419 0.037371 0.004386
v 0.005620 0.040322 0.001992
v 0.004019 0.039752 0.003768
v 0.005620 0.040322 0.001992
v 0.004048 0.040408 0.003648
v 0.005501 0.041570 0.002172
v 0.002240 0.040835 0.004137
v 0.002242 0.041554 0.004039
v 0.002240 0.040835 0.004137
v 0.000000 0.041485 0.004452
v 0.000000 0.040752 0.004511
v 0.000000 0.041485 0.004452
v -0.002240 0.040835 0.004137
v 0.000000 0.041485 0.004452
v -0.002242 0.041554 0.004039
v 0.000000 0.041485 0.004452
v 0.000000 0.041924 0.004133
v 0.002242 0.041554 0.004039
v 0.002244 0.041994 0.003680
v 0.002242 0.041554 0.004039
v 0.004794 0.042224 0.002007
v 0.005501 0.041570 0.002172
v 0.004794 0.042224 0.002007
v 0.004826 0.042369 -0.000764
v 0.004610 0.042980 0.002012
v 0.004826 0.042369 -0.000764
v 0.004577 0.043057 -0.000554
v 0.002762 0.042406 -0.001904
v 0.002640 0.043092 -0.001699
v 0.002762 0.042406 -0.001904
v 0.001309 0.043106 -0.002036
v 0.000000 0.042450 -0.002499
v 0.000000 0.043114 -0.002236
v 0.000000 0.042450 -0.002499
v -0.002640 0.043092 -0.001699
v -0.002762 0.042406 -0.001904
v -0.004577 0.043057 -0.000554
v -0.002762 0.042406 -0.001904
v -0.004826 0.042369 -0.000764
v -0.002762 0.042406 -0.001904
v -0.005396 0.041875 -0.001152
v -0.002967 0.041951 -0.002402
v -0.005488 0.040610 -0.001489
v -0.002967 0.041951 -0.002402
v -0.003204 0.040920 -0.003189
v -0.002967 0.041951 -0.002402
v 0.000000 0.040910 -0.003595
v -0.002967 0.041951 -0.002402
v 0.000000 0.042078 -0.002849
v -0.002762 0.042406 -0.001904
v 0.000000 0.042078 -0.002849
v 0.000000 0.042450 -0.002499
v 0.000000 0.042078 -0.002849
v 0.002762 0.042406 -0.001904
v 0.000000 0.042078 -0.002849
v 0.002967 0.041951 -0.002402
v 0.000000 0.040910 -0.003595
v 0.002967 0.041951 -0.002402
v 0.003204 0.040920 -0.003189
v 0.005488 0.040610 -0.001489
v 0.003584 0.039089 -0.003950
v 0.006152 0.038283 -0.001794
v 0.003584 0.039089 -0.003950
v 0.003776 0.037892 -0.003820
v 0.001133 0.037737 -0.003621
v 0.003776 0.037892 -0.003820
v 0.003945 0.036876 -0.003594
v 0.006152 0.038283 -0.001794
v 0.006242 0.036729 -0.001730
v 0.006152 0.038283 -0.001794
v 0.006285 0.037650 0.001835
v 0.005488 0.040610 -0.001489
v 0.005620 0.040322 0.001992
v 0.005488 0.040610 -0.001489
v 0.005501 0.041570 0.002172
v 0.005396 0.041875 -0.001152
v 0.004826 0.042369 -0.000764
v 0.005396 0.041875 -0.001152
v 0.002762 0.042406 -0.001904
v 0.005396 0.041875 -0.001152
v 0.002967 0.041951 -0.002402
v 0.005488 0.040610 -0.001489
v 0.006285 0.037650 0.001835
v 0.006557 0.036861 0.001800
v 0.006242 0.036729 -0.001730
v 0.006428 0.032825 0.001691
v 0.006366 0.032885 -0.001451
v 0.006285 0.028257 0.000691
v 0.004280 0.028264 -0.002815
v 0.006285 0.028257 0.000691
v 0.004427 0.023879 -0.002088
v 0.006265 0.024012 0.001108
v 0.004427 0.023879 -0.002088
v 0.006271 0.022283 0.000798
v 0.004415 0.022283 -0.002636
v 0.006783 0.018852 0.000437
v 0.004751 0.019040 -0.002748
v 0.004280 0.028264 -0.002815
v 0.004120 0.032949 -0.003593
v 0.006366 0.032885 -0.001451
v 0.004120 0.032949 -0.003593
v 0.006242 0.036729 -0.001730
v 0.004120 0.032949 -0.003593
v 0.003945 0.036876 -0.003594
v 0.001063 0.036989 -0.003118
v 0.001133 0.037737 -0.003621
v 0.001063 0.036989 -0.003118
v 0.000000 0.037683 -0.002687
v 0.000525 0.036653 -0.001062
v 0.000000 0.036923 -0.000270
v 0.000518 0.036604 0.000162
v 0.000000 0.036898 0.000924
v 0.004794 0.042224 0.002007
v 0.004610 0.042980 0.002012
v 0.002244 0.041994 0.003680
v 0.002146 0.042716 0.003517
v 0.002244 0.041994 0.003680
v 0.001087 0.042700 0.003809
v 0.000000 0.041924 0.004133
v 0.000000 0.042648 0.003989
v 0.000000 0.041924 0.004133
v -0.002244 0.041994 0.003680
v -0.002242 0.041554 0.004039
v -0.004794 0.042224 0.002007
v -0.002242 0.041554 0.004039
v -0.005501 0.041570 0.002172
v -0.002240 0.040835 0.004137
v -0.005501 0.041570 0.002172
v -0.004048 0.040408 0.003648
v -0.005620 0.040322 0.001992
v -0.004019 0.039752 0.003768
v -0.005620 0.040322 0.001992
v -0.004419 0.037371 0.004386
v -0.006285 0.037650 0.001835
v -0.004419 0.037371 0.004386
v -0.006557 0.036861 0.001800
v -0.004535 0.032885 0.004853
v -0.006428 0.032825 0.001691
v -0.004760 0.028263 0.004663
v -0.006285 0.028257 0.000691
v -0.004760 0.028263 0.004663
v -0.006265 0.024012 0.001108
v -0.004830 0.024679 0.004325
v -0.006265 0.024012 0.001108
v -0.004848 0.023708 0.004268
v -0.006265 0.024012 0.001108
v -0.004899 0.022224 0.003812
v -0.006271 0.022283 0.000798
v -0.004899 0.022224 0.003812
v -0.006783 0.018852 0.000437
v -0.005180 0.019055 0.004037
v -0.006783 0.018852 0.000437
v -0.005091 0.015837 0.004298
v -0.007056 0.015979 0.000644
v -0.005091 0.015837 0.004298
v -0.007351 0.013406 0.001035
v -0.005110 0.013598 0.004576
v -0.007351 0.013406 0.001035
v -0.004937 0.010326 0.004345
v -0.006590 0.010363 0.001102
v -0.003237 0.005636 -0.000095
v -0.006590 0.010363 0.001102
v -0.005076 0.010478 -0.003278
v -0.007351 0.013406 0.001035
v -0.005339 0.014823 -0.003768
v -0.007056 0.015979 0.000644
v -0.004751 0.019040 -0.002748
v -0.006783 0.018852 0.000437
v -0.004751 0.019040 -0.002748
v -0.006271 0.022283 0.000798
v -0.004415 0.022283 -0.002636
v -0.006271 0.022283 0.000798
v -0.004427 0.023879 -0.002088
v -0.006265 0.024012 0.001108
v -0.004427 0.023879 -0.002088
v -0.006285 0.028257 0.000691
v -0.004280 0.028264 -0.002815
v -0.006366 0.032885 -0.001451
v -0.004120 0.032949 -0.003593
v -0.006366 0.032885 -0.001451
v -0.006242 0.036729 -0.001730
v -0.006366 0.032885 -0.001451
v -0.006428 0.032825 0.001691
v -0.006285 0.028257 0.000691
v -0.006428 0.032825 0.001691
v -0.006557 0.036861 0.001800
v -0.006242 0.036729 -0.001730
v -0.006285 0.037650 0.001835
v -0.006152 0.038283 -0.001794
v -0.006285 0.037650 0.001835
v -0.005488 0.040610 -0.001489
v -0.005620 0.040322 0.001992
v -0.005488 0.040610 -0.001489
v -0.005501 0.041570 0.002172
v -0.005396 0.041875 -0.001152
v -0.005501 0.041570 0.002172
v -0.004826 0.042369 -0.000764
v -0.004794 0.042224 0.002007
v -0.004826 0.042369 -0.000764
v -0.004610 0.042980 0.002012
v -0.004577 0.043057 -0.000554
v -0.004794 0.042224 0.002007
v -0.002244 0.041994 0.003680
v -0.004610 0.042980 0.002012
v -0.002244 0.041994 0.003680
v -0.002146 0.042716 0.003517
v 0.000000 0.042648 0.003989
v -0.006152 0.038283 -0.001794
v -0.003945 0.036876 -0.003594
v -0.006242 0.036729 -0.001730
v -0.003945 0.036876 -0.003594
v -0.004120 0.032949 -0.003593
v -0.001063 0.036989 -0.003118
v -0.004120 0.032949 -0.003593
v -0.001454 0.032925 -0.002278
v -0.004280 0.028264 -0.002815
v -0.001533 0.028264 -0.002407
v -0.004427 0.023879 -0.002088
v -0.001690 0.023898 -0.001757
v -0.004415 0.022283 -0.002636
v -0.001711 0.022283 -0.002143
v -0.004415 0.022283 -0.002636
v -0.001695 0.019229 -0.002126
v -0.004751 0.019040 -0.002748
v -0.001662 0.014875 -0.003788
v -0.005339 0.014823 -0.003768
v -0.001746 0.010258 -0.003493
v -0.005076 0.010478 -0.003278
v -0.003237 0.005636 -0.000095
v -0.000518 0.036604 0.000162
v -0.000370 0.032885 0.000505
v -0.000525 0.036653 -0.001062
v -0.000370 0.032885 0.000505
v -0.001063 0.036989 -0.003118
v -0.000370 0.032885 0.000505
v -0.001454 0.032925 -0.002278
v -0.000370 0.032885 0.000505
v -0.001533 0.028264 -0.002407
v -0.000610 0.028267 0.000554
v -0.001690 0.023898 -0.001757
v -0.000344 0.023933 0.000966
v -0.001690 0.023898 -0.001757
v -0.000656 0.022283 0.000943
v -0.001711 0.022283 -0.002143
v -0.000656 0.022283 0.000943
v -0.001695 0.019229 -0.002126
v -0.000530 0.019063 0.001026
v -0.001662 0.014875 -0.003788
v -0.000111 0.014907 0.001356
v -0.001662 0.014875 -0.003788
v -0.000231 0.010221 0.001331
v -0.001746 0.010258 -0.003493
v -0.003237 0.005636 -0.000095
v -0.001101 0.039484 -0.004090
v -0.000989 0.039238 -0.005221
v 0.000000 0.038269 -0.004036
v -0.000989 0.039238 -0.005221
v 0.000000 0.038246 -0.005150
v 0.000000 0.039511 -0.009250
v -0.001101 0.039484 -0.004090
v 0.000000 0.039926 -0.004028
v -0.000989 0.039238 -0.005221
v 0.000000 0.039706 -0.005393
v 0.000000 0.039511 -0.009250
v 0.000000 0.039706 -0.005393
v 0.000989 0.039238 -0.005221
v 0.000000 0.039926 -0.004028
v 0.001101 0.039484 -0.004090
v 0.001644 0.038813 0.004540
v 0.000518 0.036604 0.000162
v 0.001579 0.038137 0.004617
v 0.000518 0.036604 0.000162
v 0.001425 0.036529 0.004483
v 0.000518 0.036604 0.000162
v 0.001194 0.032885 0.004472
v 0.000370 0.032885 0.000505
v 0.001194 0.032885 0.004472
v 0.000610 0.028267 0.000554
v 0.001494 0.028264 0.004419
v 0.000344 0.023933 0.000966
v 0.001868 0.024716 0.004147
v 0.000344 0.023933 0.000966
v 0.001830 0.023701 0.004063
v 0.000344 0.023933 0.000966
v 0.001836 0.022307 0.003693
v 0.000656 0.022283 0.000943
v 0.001836 0.022307 0.003693
v 0.000530 0.019063 0.001026
v 0.001865 0.018835 0.004031
v 0.000530 0.019063 0.001026
v 0.001890 0.015905 0.004316
v 0.000111 0.014907 0.001356
v 0.001773 0.013488 0.004563
v 0.000231 0.010221 0.001331
v 0.001659 0.010032 0.004365
v 0.003237 0.005636 -0.000095
v 0.004937 0.010326 0.004345
v 0.003237 0.005636 -0.000095
v 0.006590 0.010363 0.001102
v 0.003237 0.005636 -0.000095
v 0.005076 0.010478 -0.003278
v 0.001746 0.010258 -0.003493
v 0.001695 0.019229 -0.002126
v 0.004751 0.019040 -0.002748
v 0.001662 0.014875 -0.003788
v 0.005339 0.014823 -0.003768
v 0.001746 0.010258 -0.003493
v 0.005076 0.010478 -0.003278
v 0.004751 0.019040 -0.002748
v 0.001695 0.019229 -0.002126
v 0.004415 0.022283 -0.002636
v 0.001711 0.022283 -0.002143
v 0.004415 0.022283 -0.002636
v 0.001690 0.023898 -0.001757
v 0.004427 0.023879 -0.002088
v 0.001533 0.028264 -0.002407
v 0.004280 0.028264 -0.002815
v 0.001454 0.032925 -0.002278
v 0.004120 0.032949 -0.003593
v 0.001454 0.032925 -0.002278
v 0.001063 0.036989 -0.003118
v 0.001454 0.032925 -0.002278
v 0.000370 0.032885 0.000505
v 0.001533 0.028264 -0.002407
v 0.000610 0.028267 0.000554
v 0.001690 0.023898 -0.001757
v 0.000344 0.023933 0.000966
v 0.001690 0.023898 -0.001757
v 0.000656 0.022283 0.000943
v 0.001711 0.022283 -0.002143
v 0.000656 0.022283 0.000943
v 0.001695 0.019229 -0.002126
v 0.000530 0.019063 0.001026
v 0.001662 0.014875 -0.003788
v 0.000111 0.014907 0.001356
v 0.001662 0.014875 -0.003788
v 0.000231 0.010221 0.001331
v 0.001746 0.010258 -0.003493
v 0.003237 0.005636 -0.000095
v 0.001063 0.036989 -0.003118
v 0.000370 0.032885 0.000505
v 0.000525 0.036653 -0.001062
v 0.000518 0.036604 0.000162
v 0.001865 0.018835 0.004031
v 0.001890 0.015905 0.004316
v 0.005170 0.018671 0.004069
v 0.001890 0.015905 0.004316
v 0.005091 0.015837 0.004298
v 0.001890 0.015905 0.004316
v 0.005110 0.013598 0.004576
v 0.001773 0.013488 0.004563
v 0.004937 0.010326 0.004345
v 0.001659 0.010032 0.004365
v 0.001101 0.039484 -0.004090
v 0.000000 0.038269 -0.004036
v 0.000989 0.039238 -0.005221
v 0.000000 0.038246 -0.005150
v 0.000000 0.039511 -0.009250
v -0.006162 0.000037 -0.002347
v -0.007142 -0.000000 -0.000230
v -0.005975 0.001790 -0.002461
v -0.007142 -0.000000 -0.000230
v -0.006998 0.000924 -0.000478
v -0.007297 -0.000000 0.002672
v -0.007302 0.000500 0.002663
v -0.006800 -0.000000 0.005642
v -0.006800 0.000476 0.005665
v -0.005380 -0.000000 0.009259
v -0.005362 0.000508 0.008928
v -0.003366 0.000369 0.010375
v -0.003363 0.000873 0.010133
v 0.006683 0.031119 0.000649
v 0.007619 0.031953 0.000680
v 0.006273 0.032167 0.003415
v 0.007237 0.033091 0.003267
v 0.006273 0.032167 0.003415
v 0.005817 0.035159 0.004854
v 0.004795 0.034177 0.005256
v -0.001902 0.000018 -0.002439
v -0.002021 0.001778 -0.002439
v -0.000838 0.000000 -0.000472
v -0.000772 0.000968 -0.000713
v -0.000342 0.000000 0.002578
v -0.000308 0.000513 0.002575
v -0.000334 0.000000 0.005529
v -0.000326 0.000512 0.005638
v -0.001635 -0.000000 0.009233
v -0.001597 0.000460 0.008863
v -0.003366 0.000369 0.010375
v -0.003363 0.000873 0.010133
v -0.006162 0.000037 -0.002347
v -0.005975 0.001790 -0.002461
v -0.003914 0.000056 -0.003424
v -0.003880 0.002325 -0.003335
v -0.003914 0.000056 -0.003424
v -0.002021 0.001778 -0.002439
v -0.001902 0.000018 -0.002439
v 0.004458 0.033889 -0.003435
v 0.005420 0.035034 -0.003307
v 0.005955 0.032210 -0.002220
v 0.007105 0.032914 -0.001873
v 0.006683 0.031119 0.000649
v 0.007619 0.031953 0.000680
v 0.002705 0.036764 -0.004455
v 0.003932 0.037147 -0.004319
v 0.004458 0.033889 -0.003435
v 0.005420 0.035034 -0.003307
v 0.002544 0.037976 0.005374
v 0.004795 0.034177 0.005256
v 0.003784 0.038333 0.005013
v 0.005817 0.035159 0.004854
v 0.003784 0.038333 0.005013
v 0.002389 0.041810 0.004123
v 0.002544 0.037976 0.005374
v 0.002389 0.041810 0.004123
v 0.001287 0.041746 0.004381
v 0.002146 0.042716 0.003517
v 0.001087 0.042700 0.003809
v 0.001895 0.039323 -0.004438
v 0.003246 0.039411 -0.004346
v 0.002705 0.036764 -0.004455
v 0.003932 0.037147 -0.004319
v 0.001309 0.043106 -0.002036
v 0.002640 0.043092 -0.001699
v 0.001411 0.042191 -0.003008
v 0.002700 0.042169 -0.002736
v 0.001895 0.039323 -0.004438
v 0.003246 0.039411 -0.004346
v -0.006702 0.001893 0.004952
v -0.006955 0.001030 0.004944
v -0.007200 0.000678 0.005724
v -0.006955 0.001030 0.004944
v -0.007288 0.000513 0.005528
v -0.006955 0.001030 0.004944
v -0.007661 0.000582 0.002843
v -0.007212 0.001072 0.003340
v -0.007628 0.000758 0.002645
v -0.007212 0.001072 0.003340
v -0.007051 0.002371 0.002638
v -0.006924 0.001939 0.003357
v -0.006925 0.002606 0.002918
v -0.006924 0.001939 0.003357
v -0.006575 0.002541 0.005435
v -0.006702 0.001893 0.004952
v -0.006623 0.002291 0.005717
v -0.007200 0.000678 0.005724
v -0.007200 0.000678 0.005724
v -0.006817 0.000550 0.005713
v -0.006623 0.002291 0.005717
v -0.006216 0.002231 0.005706
v -0.006623 0.002291 0.005717
v -0.006168 0.002439 0.005529
v -0.006575 0.002541 0.005435
v -0.006547 0.002509 0.002802
v -0.006925 0.002606 0.002918
v -0.006644 0.002311 0.002627
v -0.007051 0.002371 0.002638
v -0.007245 0.000630 0.002634
v -0.007628 0.000758 0.002645
v -0.007279 0.000484 0.002758
v -0.007661 0.000582 0.002843
v -0.007279 0.000484 0.002758
v -0.007288 0.000513 0.005528
v -0.006885 0.000411 0.005591
v -0.007200 0.000678 0.005724
v -0.006817 0.000550 0.005713
v -0.001966 0.004053 0.005597
v -0.004696 0.004144 0.005584
v -0.003338 0.003338 0.007720
v -0.004696 0.004144 0.005584
v -0.005435 0.002502 0.007571
v -0.005851 0.003015 0.005535
v -0.005435 0.002502 0.007571
v -0.006800 0.000476 0.005665
v -0.005435 0.002502 0.007571
v -0.005362 0.000508 0.008928
v -0.005435 0.002502 0.007571
v -0.003363 0.000873 0.010133
v -0.003338 0.003338 0.007720
v -0.003363 0.000873 0.010133
v -0.001485 0.002242 0.007538
v -0.001597 0.000460 0.008863
v -0.001485 0.002242 0.007538
v -0.000326 0.000512 0.005638
v -0.001485 0.002242 0.007538
v -0.000852 0.002904 0.005528
v -0.001485 0.002242 0.007538
v -0.001966 0.004053 0.005597
v -0.003338 0.003338 0.007720
v 0.004696 0.004144 0.005584
v 0.001966 0.004053 0.005597
v 0.003338 0.003338 0.007720
v 0.001966 0.004053 0.005597
v 0.001485 0.002242 0.007538
v 0.000852 0.002904 0.005528
v 0.001485 0.002242 0.007538
v 0.000326 0.000512 0.005638
v 0.001485 0.002242 0.007538
v 0.001597 0.000460 0.008863
v 0.001485 0.002242 0.007538
v 0.003363 0.000873 0.010133
v 0.003338 0.003338 0.007720
v 0.003363 0.000873 0.010133
v 0.005435 0.002502 0.007571
v 0.005362 0.000508 0.008928
v 0.005435 0.002502 0.007571
v 0.006800 0.000476 0.005665
v 0.005435 0.002502 0.007571
v 0.005851 0.003015 0.005535
v 0.005435 0.002502 0.007571
v 0.004696 0.004144 0.005584
v 0.003338 0.003338 0.007720
v -0.000518 0.036604 0.000162
v 0.000000 0.036898 0.000924
v 0.000000 0.037468 0.002758
v 0.000518 0.036604 0.000162
v 0.000000 0.037468 0.002758
v 0.001644 0.038813 0.004540
v 0.000000 0.037468 0.002758
v 0.000000 0.038834 0.004647
v 0.000000 0.037468 0.002758
v -0.001644 0.038813 0.004540
v -0.000518 0.036604 0.000162
v 0.006702 0.001893 0.004952
v 0.007200 0.000678 0.005724
v 0.006955 0.001030 0.004944
v 0.007288 0.000513 0.005528
v 0.006955 0.001030 0.004944
v 0.007661 0.000582 0.002843
v 0.007212 0.001072 0.003340
v 0.007628 0.000758 0.002645
v 0.007212 0.001072 0.003340
v 0.007051 0.002371 0.002638
v 0.006924 0.001939 0.003357
v 0.006925 0.002606 0.002918
v 0.006924 0.001939 0.003357
v 0.006575 0.002541 0.005435
v 0.006702 0.001893 0.004952
v 0.006623 0.002291 0.005717
v 0.007200 0.000678 0.005724
v 0.006623 0.002291 0.005717
v 0.006817 0.000550 0.005713
v 0.007200 0.000678 0.005724
v 0.006885 0.000411 0.005591
v 0.007288 0.000513 0.005528
v 0.007279 0.000484 0.002758
v 0.007661 0.000582 0.002843
v 0.007279 0.000484 0.002758
v 0.007628 0.000758 0.002645
v 0.007245 0.000630 0.002634
v 0.007051 0.002371 0.002638
v 0.006644 0.002311 0.002627
v 0.006925 0.002606 0.002918
v 0.006547 0.002509 0.002802
v 0.006575 0.002541 0.005435
v 0.006168 0.002439 0.005529
v 0.006623 0.002291 0.005717
v 0.006216 0.002231 0.005706
v 0.006817 0.000550 0.005713
vn -0.5656 -0.0222 0.8244
vn -0.1302 -0.0233 0.9912
vn -0.4693 0.6805 0.5628
vn -0.9581 0.2576 0.1256
vn -0.8704 0.4679 0.1535
vn -0.7608 0.2383 0.6036
vn -0.9765 0.2033 0.0712
vn -0.2226 0.0846 0.9712
vn -0.9646 0.1808 -0.1921
vn -0.9329 0.3334 -0.1363
vn -0.7532 0.1434 -0.6420
vn -0.4546 0.4081 -0.7917
vn 0.0028 0.1063 -0.9943
vn 0.5066 0.2510 -0.8249
vn 0.7034 0.0227 -0.7104
vn 0.5066 0.2509 -0.8249
vn 0.5333 0.4259 -0.7309
vn -0.7133 0.4197 -0.5614
vn -0.7133 0.4197 -0.5613
vn -0.9581 0.2576 0.1255
vn 0.0406 0.2276 0.9729
vn 0.0007 -0.2811 0.9597
vn 0.7473 -0.4118 0.5214
vn -0.6300 -0.6034 0.4889
vn 0.6781 -0.7309 0.0770
vn -0.6824 -0.7125 0.1634
vn 0.6735 -0.7358 -0.0706
vn -0.7184 -0.6956 0.0036
vn 0.5967 -0.7469 -0.2933
vn -0.6895 -0.6850 -0.2351
vn 0.3741 -0.8324 -0.4089
vn -0.4933 -0.7112 -0.5009
vn 0.0134 -0.2428 -0.9700
vn 0.4128 0.0395 0.9099
vn 0.6805 0.6010 0.4192
vn 0.9828 0.1839 0.0184
vn 0.9313 0.3576 0.0686
vn 0.9482 0.1972 -0.2491
vn 0.9958 0.0803 -0.0440
vn 0.2672 0.0412 0.9628
vn 0.9451 -0.0036 -0.3268
vn -0.2142 -0.0549 -0.9752
vn 0.2542 0.0206 0.9669
vn 0.5068 0.2510 -0.8247
vn 0.8129 0.2247 0.5373
vn 0.5332 0.4259 -0.7309
vn 0.3991 0.0975 0.9117
vn 0.9680 0.1457 0.2045
vn 0.9313 0.3576 0.0687
vn 0.8420 0.4867 0.2328
vn 0.6805 0.6010 0.4191
vn 0.3407 0.8648 0.3688
vn 0.0126 0.5936 0.8046
vn -0.3531 0.8684 0.3482
vn -0.7981 0.5660 0.2068
vn -0.8704 0.4678 0.1534
vn -0.9363 0.2358 0.2601
vn 0.4128 0.0394 0.9100
vn -0.8308 0.1053 -0.5465
vn -0.8586 0.3117 -0.4070
vn -0.3593 0.1359 -0.9233
vn -0.2986 0.5026 -0.8113
vn -0.3238 0.1813 -0.9286
vn -0.2663 0.9539 0.1382
vn -0.0000 0.8627 -0.5057
vn -0.0000 0.4948 -0.8690
vn 0.3238 0.1813 -0.9286
vn 0.2986 0.5027 -0.8113
vn -0.0373 -0.1301 -0.9908
vn 0.3593 0.1359 -0.9233
vn 0.2543 -0.7167 -0.6493
vn -0.1368 -0.4189 -0.8977
vn -0.0000 -0.8965 -0.4430
vn -0.0000 -0.8656 -0.5008
vn 0.0043 -0.9983 -0.0585
vn 0.0485 -0.9919 0.1175
vn 0.1368 -0.4189 -0.8977
vn -0.6396 -0.0937 -0.7630
vn -0.3174 -0.1037 -0.9426
vn -0.2851 -0.1493 -0.9468
vn 0.6189 -0.3547 -0.7008
vn 0.8350 -0.5203 -0.1788
vn -0.0000 -0.9937 -0.1124
vn 0.8501 -0.4818 0.2128
vn -0.0000 -0.9885 0.1514
vn 0.5025 -0.6842 -0.5285
vn -0.4857 -0.5508 -0.6787
vn 0.5471 -0.0880 -0.8324
vn -0.7847 -0.0620 -0.6167
vn 0.2343 0.9349 -0.2668
vn -0.5773 0.3210 -0.7508
vn 0.5229 0.6966 -0.4913
vn 0.6283 -0.7764 0.0499
vn 0.9961 -0.0631 -0.0620
vn 0.8588 0.0163 0.5121
vn 0.9884 -0.1278 0.0817
vn 0.5472 -0.0880 -0.8324
vn 0.9977 0.0251 -0.0628
vn 0.7487 0.0468 0.6613
vn 0.5360 0.8357 0.1200
vn 0.5229 0.6966 -0.4914
vn -0.3913 0.9165 0.0837
vn -0.5773 0.3209 -0.7509
vn -0.2569 -0.8104 0.5265
vn -0.6696 -0.2380 0.7036
vn -0.6488 -0.7580 0.0673
vn -0.7799 -0.2892 0.5550
vn -0.4861 -0.5508 -0.6785
vn -0.1825 -0.0074 0.9832
vn -0.7846 -0.0620 -0.6169
vn -0.9961 -0.0821 -0.0324
vn -0.9925 -0.0896 0.0827
vn -0.6694 -0.2380 0.7038
vn -0.1463 -0.0095 0.9892
vn -0.7624 0.2185 0.6090
vn -0.8297 -0.3048 0.4677
vn -0.7768 -0.2878 0.5602
vn -0.7846 -0.0620 -0.6168
vn -0.1456 0.0041 0.9893
vn -0.9950 0.0897 -0.0438
vn -0.3913 0.9164 0.0837
vn -0.7622 0.2186 0.6093
vn -0.0358 0.0238 0.9991
vn -0.2046 0.8147 0.5426
vn 0.0164 0.5906 0.8068
vn 0.2275 0.9053 0.3587
vn 0.5625 0.2250 0.7956
vn 0.9977 0.0251 -0.0629
vn -0.7623 0.2186 0.6092
vn -0.0284 -0.1330 0.9907
vn 0.6155 -0.2784 0.7374
vn 0.2340 -0.9144 0.3304
vn 0.2341 -0.9144 0.3304
vn -0.0002 -0.9977 -0.0671
vn -0.2569 -0.8106 0.5263
vn 0.0397 -0.3359 0.9411
vn 0.0374 -0.3171 0.9477
vn -0.4857 -0.5509 -0.6787
vn -0.0496 -0.8129 0.5802
vn 0.5025 -0.6842 -0.5286
vn 0.2341 -0.9143 0.3304
vn 0.6283 -0.7764 0.0500
vn 0.9961 -0.0631 -0.0622
vn 0.6285 -0.0088 0.7778
vn 0.9977 0.0250 -0.0629
vn 0.5656 -0.0222 0.8244
vn 0.4693 0.6804 0.5628
vn 0.9581 0.2576 0.1255
vn 0.8704 0.4679 0.1535
vn 0.9329 0.3334 -0.1363
vn 0.9765 0.2033 0.0712
vn 0.2226 0.0846 0.9712
vn 0.9646 0.1808 -0.1921
vn 0.7500 0.2848 0.5970
vn 0.7532 0.1434 -0.6420
vn 0.4546 0.4081 -0.7917
vn -0.0028 0.1063 -0.9943
vn -0.5066 0.2510 -0.8249
vn -0.7034 0.0227 -0.7104
vn -0.5066 0.2509 -0.8249
vn -0.5333 0.4259 -0.7309
vn 0.7133 0.4197 -0.5614
vn 0.7133 0.4197 -0.5613
vn -0.4829 -0.7051 -0.5194
vn 0.4136 -0.0279 -0.9100
vn -0.7037 0.0227 -0.7101
vn -0.5041 -0.8263 -0.2513
vn -0.9450 -0.0036 -0.3269
vn -0.6735 -0.7358 -0.0706
vn -0.9958 0.0803 -0.0440
vn -0.8015 -0.5911 0.0910
vn -0.9679 0.1457 0.2049
vn -0.6424 -0.6217 0.4482
vn -0.7351 0.3574 0.5761
vn -0.0406 0.2276 0.9729
vn -0.0512 0.5728 0.8181
vn 0.6867 0.3818 0.6186
vn 0.7302 -0.3816 0.5667
vn 0.9363 0.2359 0.2601
vn 0.5787 -0.8036 0.1386
vn 0.7184 -0.6956 0.0035
vn 0.8114 -0.5163 -0.2740
vn 0.3834 -0.8370 -0.3904
vn -0.0007 -0.3087 0.9511
vn -0.6423 -0.6217 0.4482
vn 0.5788 -0.8036 0.1387
vn -0.8014 -0.5911 0.0910
vn -0.0000 -0.7383 0.6745
vn 0.7184 -0.6956 0.0036
vn -0.0000 -0.7332 0.6800
vn 0.8114 -0.5164 -0.2739
vn 0.3834 -0.8370 -0.3905
vn -0.4828 -0.7051 -0.5194
vn -0.0134 -0.2428 -0.9700
vn -0.4128 0.0395 0.9099
vn -0.1325 -0.0609 0.9893
vn -0.6805 0.6010 0.4192
vn -0.9828 0.1838 0.0184
vn -0.9313 0.3576 0.0686
vn -0.7904 0.1785 0.5860
vn -0.2672 0.0412 0.9628
vn -0.9451 -0.0036 -0.3268
vn 0.2142 -0.0549 -0.9752
vn -0.2542 0.0206 0.9669
vn -0.5068 0.2510 -0.8247
vn -0.9482 0.1972 -0.2491
vn -0.5332 0.4259 -0.7309
vn -0.9828 0.1839 0.0184
vn -0.9679 0.1456 0.2049
vn -0.9313 0.3577 0.0687
vn -0.8420 0.4867 0.2328
vn -0.6805 0.6010 0.4191
vn -0.3407 0.8648 0.3688
vn 0.3531 0.8684 0.3482
vn 0.4366 0.4326 0.7889
vn 0.7981 0.5660 0.2068
vn 0.8704 0.4678 0.1534
vn 0.9363 0.2358 0.2601
vn 0.4693 0.6805 0.5628
vn -0.4128 0.0394 0.9100
vn -0.2798 0.0083 -0.9600
vn 0.7532 0.1434 -0.6419
vn -0.1551 -0.0166 -0.9878
vn -0.0134 -0.2429 -0.9700
vn 0.5507 -0.6762 -0.4894
vn -0.4185 -0.5593 -0.7155
vn 0.6969 -0.0351 -0.7163
vn -0.6313 -0.1207 -0.7661
vn 0.5773 0.3210 -0.7508
vn -0.5229 0.6966 -0.4913
vn -0.6283 -0.7764 0.0499
vn -0.6742 -0.2416 0.6980
vn -0.4184 -0.5593 -0.7156
vn -0.9961 -0.0630 -0.0621
vn -0.9884 -0.1278 0.0817
vn -0.8755 -0.0787 0.4767
vn -0.9977 0.0251 -0.0628
vn -0.5360 0.8357 0.1200
vn -0.0050 0.7525 0.6586
vn 0.3913 0.9165 0.0837
vn 0.5773 0.3209 -0.7509
vn 0.2569 -0.8104 0.5265
vn 0.1810 -0.0504 0.9822
vn 0.6696 -0.2380 0.7036
vn 0.6488 -0.7580 0.0674
vn 0.9961 -0.0821 -0.0324
vn 0.5510 -0.6761 -0.4892
vn 0.1825 -0.0074 0.9832
vn 0.6967 -0.0352 -0.7165
vn 0.7948 0.1317 0.5925
vn 0.8605 0.1383 0.4903
vn 0.1463 -0.0095 0.9892
vn 0.7624 0.2185 0.6090
vn 0.9925 -0.0896 0.0827
vn 0.9950 0.0897 -0.0438
vn 0.6968 -0.0352 -0.7164
vn 0.1456 0.0041 0.9893
vn 0.6920 0.4435 0.5696
vn 0.7622 0.2186 0.6093
vn 0.2047 0.8148 0.5425
vn 0.0037 0.0898 0.9960
vn -0.5625 0.2250 0.7956
vn -0.6155 -0.2784 0.7374
vn -0.2340 -0.9144 0.3304
vn 0.0623 -0.5644 0.8231
vn -0.2341 -0.9144 0.3304
vn 0.0042 -0.2960 0.9552
vn 0.2569 -0.8106 0.5263
vn -0.0397 -0.3359 0.9411
vn 0.6488 -0.7580 0.0673
vn -0.0374 -0.3171 0.9477
vn 0.0002 -0.9977 -0.0670
vn -0.4186 -0.5593 -0.7155
vn -0.2341 -0.9143 0.3304
vn -0.4288 -0.1666 0.8879
vn -0.6283 -0.7764 0.0500
vn -0.0648 -0.0260 0.9976
vn -0.9961 -0.0631 -0.0622
vn -0.6155 -0.2783 0.7374
vn -0.9977 0.0250 -0.0629
vn -0.9977 0.0251 -0.0629
vn -0.4162 0.6472 0.6387
vn -0.2275 0.9053 0.3587
vn 0.2047 0.8147 0.5426
vn 0.4290 0.0839 0.8994
vn -0.0026 0.0242 0.9997
vn -0.4409 0.0773 0.8942
vn 0.6119 -0.0171 0.7907
vn -0.6368 -0.1127 0.7628
vn -0.0257 -0.1441 0.9892
vn -0.5613 -0.1319 0.8171
vn 0.3147 -0.1564 0.9362
vn -0.3864 -0.0846 0.9184
vn 0.5175 -0.0552 0.8539
vn -0.0347 -0.0465 0.9983
vn -0.0343 -0.0447 0.9984
vn -0.7164 -0.0512 0.6958
vn 0.5069 -0.0487 0.8606
vn -0.7404 -0.0095 0.6721
vn 0.4394 0.0244 0.8980
vn -0.5083 0.0398 0.8603
vn 0.5010 0.1660 0.8494
vn -0.4023 0.1255 0.9069
vn 0.4300 0.1877 0.8831
vn 0.0502 -0.2043 0.9776
vn 0.4880 0.1862 0.8528
vn 0.0775 0.0980 0.9922
vn 0.2456 0.1803 0.9524
vn -0.0000 -0.2158 0.9764
vn -0.0000 0.0755 0.9971
vn -0.0589 0.0604 0.9964
vn -0.2456 0.1803 0.9524
vn -0.0502 -0.2042 0.9776
vn -0.4880 0.1862 0.8528
vn -0.1643 0.0528 0.9850
vn -0.4300 0.1877 0.8831
vn 0.4023 0.1255 0.9069
vn -0.5010 0.1660 0.8494
vn 0.5095 0.0319 0.8599
vn -0.4383 0.0238 0.8985
vn 0.7361 -0.0103 0.6768
vn 0.0449 -0.0133 0.9989
vn 0.7167 -0.0455 0.6959
vn -0.5066 -0.0486 0.8608
vn 0.3864 -0.0847 0.9184
vn -0.5175 -0.0552 0.8539
vn 0.0335 -0.0384 0.9987
vn 0.0310 -0.0317 0.9990
vn 0.5613 -0.1319 0.8171
vn -0.3148 -0.1564 0.9362
vn 0.6368 -0.1127 0.7628
vn -0.6127 -0.0155 0.7902
vn 0.4418 0.0769 0.8938
vn -0.4294 0.0862 0.8990
vn 0.4406 0.1085 0.8911
vn -0.6678 0.1088 0.7363
vn 0.0008 0.0555 0.9985
vn -0.3836 0.0332 0.9229
vn 0.5212 0.0091 0.8534
vn -0.4954 -0.3392 0.7997
vn 0.4906 -0.4173 0.7649
vn -0.0289 -0.9996 0.0021
vn 0.6428 -0.1785 0.7449
vn 0.9759 -0.2092 0.0619
vn 0.5212 0.0090 0.8534
vn 0.9818 0.0525 0.1825
vn 0.5338 0.0473 0.8443
vn 0.9912 0.0727 0.1106
vn 0.9927 -0.0351 -0.1155
vn 0.5736 -0.0844 0.8148
vn 0.5154 -0.0906 0.8521
vn 0.5613 -0.1319 0.8170
vn 0.0787 -0.0002 0.9969
vn 0.9839 -0.0759 0.1617
vn 0.9977 -0.0225 -0.0635
vn 0.7361 -0.0104 0.6768
vn 0.9918 -0.0356 -0.1230
vn 0.6278 0.0289 0.7779
vn 0.6043 0.0293 0.7962
vn 0.8501 -0.4817 0.2128
vn 0.9917 0.1263 -0.0259
vn 0.6119 -0.0171 0.7908
vn 0.9856 0.0997 -0.1365
vn 0.5856 -0.0550 0.8087
vn 0.5544 -0.0464 0.8309
vn 0.0768 -0.0005 0.9970
vn 0.9876 -0.0186 0.1558
vn 0.5069 -0.0488 0.8606
vn 0.9866 -0.0812 -0.1415
vn 0.5448 -0.0318 0.8380
vn 0.9757 -0.0265 0.2176
vn 0.4394 0.0244 0.8979
vn 0.9346 0.1251 0.3329
vn 0.9555 0.2289 0.1861
vn 0.3796 0.1141 0.9181
vn 0.4059 0.1182 0.9062
vn 0.8709 0.1531 0.4671
vn 0.7826 0.4286 0.4515
vn 0.3026 0.4582 0.8358
vn 0.0887 0.0629 0.9941
vn 0.0836 0.0458 0.9954
vn -0.0475 0.0234 0.9986
vn -0.0159 0.0121 0.9998
vn -0.3026 0.4582 0.8357
vn -0.0000 0.2771 0.9608
vn 0.0229 0.4372 0.8991
vn 0.0746 0.3434 0.9362
vn 0.3483 0.3393 0.8738
vn 0.3026 0.4582 0.8357
vn 0.6778 0.5166 0.5233
vn 0.7478 0.4664 0.4726
vn 0.2833 0.1754 0.9428
vn 0.8660 0.2740 0.4183
vn 0.7571 0.6115 -0.2302
vn 0.7471 0.3786 -0.5464
vn 0.7783 0.5592 0.2855
vn 0.3468 0.4292 -0.8340
vn 0.2996 0.5580 -0.7739
vn 0.1957 0.3511 -0.9156
vn 0.4239 0.8578 0.2908
vn -0.0237 0.3037 -0.9525
vn -0.0075 0.4572 -0.8894
vn -0.2988 0.2856 -0.9106
vn -0.6105 0.5807 -0.5386
vn -0.7180 0.3546 -0.5989
vn 0.0502 -0.0454 -0.9977
vn -0.7570 0.6115 -0.2302
vn -0.3055 0.5972 -0.7417
vn -0.6437 0.6156 -0.4546
vn -0.4597 0.8614 0.2160
vn 0.2576 -0.2837 -0.9237
vn 0.0538 -0.3424 -0.9380
vn -0.2885 0.6078 -0.7399
vn -0.0000 0.6680 -0.7442
vn -0.3055 0.5971 -0.7417
vn 0.0874 -0.3558 -0.9305
vn -0.0074 0.4570 -0.8894
vn -0.0874 -0.3558 -0.9305
vn 0.2995 0.5580 -0.7739
vn 0.2506 0.9657 0.0683
vn 0.1793 0.9480 0.2630
vn 0.2885 0.6077 -0.7399
vn 0.8586 0.3117 -0.4070
vn 0.8308 0.1053 -0.5465
vn 0.7834 -0.1426 -0.6050
vn 0.6396 -0.0937 -0.7630
vn 0.3174 -0.1037 -0.9426
vn 0.2851 -0.1492 -0.9468
vn 0.9237 -0.0142 0.3827
vn 0.9184 0.0605 -0.3910
vn 0.8308 0.1052 -0.5465
vn 0.6901 0.1865 0.6992
vn 0.8709 0.1531 0.4670
vn 0.8023 0.3204 0.5037
vn 0.7570 0.6115 -0.2302
vn -0.1013 -0.2550 -0.9616
vn 0.2995 0.5581 -0.7739
vn 0.6437 0.6155 -0.4547
vn 0.2885 0.6078 -0.7399
vn 0.9035 -0.0773 -0.4216
vn 0.8519 -0.1557 0.5000
vn 0.3408 -0.1412 -0.9295
vn 0.5363 0.0256 -0.8437
vn 0.9170 0.1469 0.3710
vn 0.9856 0.0997 -0.1366
vn 0.3326 0.1735 -0.9270
vn 0.9917 0.1262 -0.0259
vn 0.3095 0.2236 -0.9242
vn -0.8625 0.1214 -0.4913
vn -0.2580 0.0113 -0.9661
vn 0.1921 -0.0964 -0.9766
vn -0.3734 -0.7904 -0.4857
vn -0.1368 -0.4188 -0.8977
vn -0.6189 -0.3546 -0.7009
vn -0.8350 -0.5203 -0.1788
vn -0.8525 -0.4789 0.2096
vn 0.3531 0.2777 0.8934
vn 0.1148 0.1017 0.9882
vn 0.2060 0.2027 0.9573
vn 0.0229 0.4372 0.8990
vn -0.0814 0.1507 0.9852
vn -0.0972 0.1363 0.9859
vn -0.3383 0.3480 0.8744
vn -0.6778 0.5166 0.5233
vn -0.2750 0.1034 0.9559
vn -0.1907 0.2445 0.9507
vn -0.7826 0.4286 0.4515
vn -0.4027 -0.0056 0.9153
vn -0.8709 0.1531 0.4671
vn -0.9555 0.2289 0.1861
vn -0.4517 0.0623 0.8900
vn -0.9346 0.1251 0.3329
vn -0.4384 0.0238 0.8985
vn -0.9757 -0.0265 0.2176
vn -0.5065 -0.0485 0.8609
vn -0.9866 -0.0812 -0.1415
vn -0.5385 0.0047 0.8426
vn -0.0768 -0.0005 0.9970
vn -0.3147 -0.1563 0.9362
vn -0.9876 -0.0187 0.1558
vn -0.9722 0.1026 -0.2105
vn -0.5494 0.0610 0.8333
vn -0.5029 0.0554 0.8626
vn -0.9876 0.1022 0.1190
vn -0.9874 0.1348 -0.0824
vn -0.5114 0.0641 0.8570
vn -0.5013 0.0816 0.8614
vn -0.9887 -0.0536 0.1401
vn -0.6339 -0.3090 0.7090
vn -0.0289 -0.9996 0.0020
vn -0.9054 -0.4217 0.0500
vn -0.6561 -0.3579 -0.6644
vn -0.5598 0.0451 -0.8274
vn -0.5295 0.1978 -0.8249
vn -0.9876 0.1021 0.1190
vn -0.8730 0.1433 0.4662
vn -0.8477 0.1457 0.5100
vn -0.2164 0.1644 -0.9624
vn -0.5363 0.0256 -0.8437
vn -0.9876 -0.0186 0.1558
vn -0.8939 -0.0546 0.4450
vn -0.9866 -0.0812 -0.1416
vn -0.3408 -0.1412 -0.9295
vn -0.9468 -0.1965 0.2550
vn -0.1921 -0.0964 -0.9766
vn -0.4409 -0.0193 0.8974
vn -0.9184 0.0605 -0.3910
vn -0.9035 -0.0773 -0.4216
vn -0.9757 -0.0265 0.2175
vn -0.7376 0.2012 0.6446
vn -0.8709 0.1531 0.4670
vn -0.6705 0.0560 0.7397
vn -0.7025 0.0663 0.7086
vn -0.7826 0.4287 0.4515
vn -0.6778 0.5166 0.5232
vn -0.6134 0.2066 0.7622
vn -0.8660 0.2739 0.4183
vn -0.6777 0.5166 0.5233
vn -0.0765 0.0177 0.9969
vn -0.8660 0.2740 0.4183
vn -0.3897 0.1546 0.9079
vn -0.0813 0.1507 0.9852
vn 0.2630 -0.0018 -0.9648
vn -0.2851 -0.1492 -0.9468
vn 0.6189 -0.3546 -0.7008
vn 0.8133 -0.3478 -0.4664
vn 0.6317 -0.1164 -0.7665
vn 0.6375 -0.0842 -0.7658
vn -0.5363 0.0256 -0.8436
vn 0.6816 0.0397 -0.7307
vn -0.2164 0.1645 -0.9624
vn 0.6527 0.0845 -0.7529
vn 0.9710 0.0230 -0.2380
vn 0.6500 0.1023 -0.7530
vn -0.5295 0.1977 -0.8250
vn 0.6886 0.1177 -0.7156
vn 0.4123 -0.3179 -0.8538
vn 0.1887 0.0074 0.9820
vn -0.1064 0.0078 -0.9943
vn 0.6189 -0.3546 -0.7009
vn 0.2620 -0.0464 0.9639
vn 0.6317 -0.1164 -0.7664
vn 0.9839 -0.0760 0.1617
vn 0.8763 -0.0010 0.4817
vn 0.8527 -0.0865 0.5152
vn 0.6526 0.0845 -0.7529
vn 0.6501 0.1022 -0.7530
vn 0.6886 0.1177 -0.7155
vn 0.7909 -0.0250 0.6114
vn 0.4122 -0.3179 -0.8538
vn -0.3239 0.1813 -0.9286
vn -0.4073 -0.3674 0.8362
vn -0.0000 -0.8965 -0.4431
vn -0.9710 0.1792 -0.1586
vn -0.0000 -0.9899 -0.1415
vn -0.0000 0.6131 -0.7900
vn -0.0000 0.8627 -0.5058
vn -0.9709 0.1792 -0.1586
vn -0.4089 0.8322 0.3745
vn -0.0001 0.6130 -0.7901
vn -0.0000 0.9945 -0.1049
vn 0.9709 0.1792 -0.1586
vn 0.0502 -0.2042 0.9776
vn -0.0807 0.0095 0.9967
vn -0.1030 0.0081 0.9946
vn -0.8525 -0.4788 0.2096
vn -0.9909 -0.0359 -0.1300
vn -0.6272 -0.0363 0.7780
vn -0.9973 -0.0265 -0.0678
vn -0.5470 -0.0090 0.8371
vn -0.3864 -0.0847 0.9184
vn -0.0787 -0.0002 0.9969
vn -0.5613 -0.1319 0.8170
vn -0.9839 -0.0759 0.1617
vn -0.9927 -0.0351 -0.1155
vn -0.5611 0.0238 0.8274
vn -0.5596 0.0234 0.8284
vn -0.9912 0.0727 0.1106
vn -0.4403 0.1085 0.8913
vn -0.9818 0.0525 0.1825
vn -0.5212 0.0090 0.8534
vn -0.9759 -0.2092 0.0619
vn -0.4906 -0.4173 0.7649
vn -0.1669 -0.3008 0.9390
vn 0.4954 -0.3393 0.7997
vn 0.1213 -0.1014 0.9874
vn 0.9054 -0.4217 0.0500
vn 0.0289 -0.9996 0.0021
vn 0.6561 -0.3579 -0.6644
vn -0.4122 -0.3179 -0.8538
vn -0.6501 0.1023 -0.7530
vn 0.3095 0.2235 -0.9243
vn -0.6886 0.1177 -0.7156
vn 0.6200 0.0515 -0.7829
vn -0.4123 -0.3179 -0.8538
vn -0.6501 0.1022 -0.7530
vn -0.6527 0.0845 -0.7529
vn 0.4033 -0.8778 -0.2584
vn -0.6816 0.0397 -0.7307
vn 0.5363 0.0256 -0.8436
vn -0.6375 -0.0842 -0.7658
vn -0.9392 -0.2752 0.2055
vn 0.3466 0.1791 -0.9207
vn -0.6317 -0.1164 -0.7665
vn -0.9973 -0.0264 -0.0678
vn -0.8591 -0.0211 0.5113
vn -0.9839 -0.0760 0.1617
vn -0.6816 0.0398 -0.7307
vn -0.9927 -0.0351 -0.1156
vn -0.6526 0.0845 -0.7529
vn -0.8263 0.0142 0.5631
vn 0.6927 -0.0733 -0.7175
vn -0.6886 0.1177 -0.7155
vn -0.6189 -0.3547 -0.7008
vn -0.0023 0.0347 0.9994
vn 0.0014 0.0151 0.9999
vn 0.6678 0.1088 0.7363
vn 0.3836 0.0332 0.9229
vn -0.5212 0.0091 0.8534
vn 0.4954 -0.3392 0.7997
vn 0.3239 0.1813 -0.9286
vn 0.9709 0.1792 -0.1587
vn -0.3831 0.0293 0.9233
vn -0.7529 0.1434 -0.6424
vn -0.7184 -0.6956 0.0035
vn -0.6824 -0.7125 0.1635
vn -0.9363 0.2359 0.2601
vn -0.6867 0.3818 0.6186
vn 0.0512 0.5728 0.8181
vn 0.6424 -0.7502 -0.1569
vn 0.6800 -0.7223 0.1266
vn 0.6030 -0.5119 0.6118
vn 0.5837 -0.5077 0.6337
vn 0.2514 -0.1650 0.9537
vn 0.4413 -0.1705 0.8810
vn 0.3731 -0.0162 0.9276
vn 0.3740 -0.8324 -0.4089
vn 0.5968 -0.7469 -0.2933
vn 0.9450 -0.0036 -0.3269
vn 0.9679 0.1457 0.2049
vn 0.7473 -0.4118 0.5215
vn 0.7351 0.3574 0.5761
vn 0.0134 -0.2429 -0.9700
vn -0.9675 -0.0637 -0.2448
vn 0.3181 -0.2276 -0.9203
vn 0.3972 -0.2349 -0.8872
vn 0.4922 -0.4304 -0.7567
vn 0.5644 -0.5811 -0.5863
vn 0.6423 -0.7502 -0.1569
vn 0.6799 -0.7223 0.1265
vn 0.1172 -0.0617 -0.9912
vn 0.2135 -0.1361 -0.9674
vn 0.2097 0.2474 0.9459
vn 0.3731 -0.0161 0.9276
vn 0.2309 0.1833 0.9556
vn 0.0325 0.0558 0.9979
vn 0.1796 0.4042 0.8969
vn 0.1916 0.4787 0.8568
vn 0.0967 0.3427 -0.9344
vn 0.0672 0.1905 -0.9794
vn 0.1744 0.6526 -0.7373
vn 0.1239 0.5801 -0.8051
vn -0.9739 0.2253 -0.0270
vn -0.8190 0.2415 0.5205
vn -0.8238 -0.0398 0.5654
vn -0.0846 0.0500 0.9952
vn -0.8207 -0.5033 0.2704
vn -0.8593 0.5113 0.0138
vn -0.9993 0.0149 -0.0342
vn -0.6436 0.4597 0.6119
vn -0.7789 -0.1670 -0.6045
vn -0.8598 0.4218 0.2879
vn -0.7618 0.4373 -0.4779
vn -0.6736 0.2009 0.7113
vn -0.5023 0.8096 -0.3039
vn -0.9609 0.1633 0.2236
vn -0.6058 0.7611 0.2320
vn -0.4077 0.4473 0.7961
vn -0.8237 -0.0399 0.5656
vn -0.0439 -0.2144 0.9758
vn -0.4077 0.4473 0.7960
vn 0.0747 0.3314 0.9405
vn 0.0339 0.3753 0.9263
vn 0.1421 0.8454 0.5149
vn 0.1597 0.9484 -0.2739
vn -0.5021 0.8096 -0.3040
vn 0.0042 0.5093 -0.8606
vn -0.7619 0.4372 -0.4780
vn -0.0971 -0.2079 -0.9733
vn -0.7788 -0.1670 -0.6046
vn -0.3637 -0.8882 0.2808
vn -0.2826 -0.8790 -0.3841
vn -0.2528 -0.8076 0.5329
vn -0.0439 -0.2143 0.9758
vn 0.3406 0.8648 0.3689
vn 0.0142 0.4480 0.8939
vn 0.0585 0.8063 0.5885
vn -0.3530 0.8684 0.3483
vn -0.6474 0.5645 0.5120
vn -0.7981 0.5660 0.2066
vn -0.2597 0.1011 0.9604
vn -0.3173 0.0830 0.9447
vn -0.6866 0.3818 0.6187
vn -0.2290 0.3483 0.9090
vn -0.2107 0.2824 0.9359
vn 0.0585 0.8064 0.5885
vn 0.6944 0.4958 0.5216
vn 0.3459 0.0805 0.9348
vn 0.2492 0.0593 0.9666
vn 0.8420 0.4867 0.2330
vn 0.3303 0.4117 0.8494
vn 0.3407 0.8648 0.3689
vn 0.3531 0.8683 0.3483
vn -0.0143 0.4531 0.8913
vn -0.0585 0.8064 0.5885
vn -0.3406 0.8648 0.3689
vn -0.6944 0.4958 0.5216
vn -0.8420 0.4867 0.2330
vn -0.2492 0.0593 0.9666
vn -0.3459 0.0805 0.9348
vn -0.2945 0.3432 0.8919
vn -0.2558 0.2697 0.9283
vn 0.6475 0.5645 0.5120
vn 0.6866 0.3818 0.6187
vn 0.3173 0.0830 0.9447
vn 0.2597 0.1011 0.9604
vn 0.7981 0.5660 0.2066
vn 0.2932 0.4667 0.8344
vn -0.0000 -0.9885 0.1515
vn -0.0000 -0.9051 0.4251
vn 0.1665 -0.4420 0.8814
vn 0.0050 -0.1448 0.9894
vn -0.2015 -0.6581 0.7255
vn 0.8501 -0.4818 0.2127
vn 0.9739 0.2253 -0.0270
vn 0.8237 -0.0399 0.5656
vn 0.8593 0.5113 0.0139
vn 0.8207 -0.5033 0.2704
vn 0.5974 0.4862 0.6377
vn 0.9993 0.0149 -0.0342
vn 0.8598 0.4218 0.2878
vn 0.7789 -0.1670 -0.6045
vn 0.6049 0.2119 0.7676
vn 0.7618 0.4373 -0.4779
vn 0.9609 0.1633 0.2236
vn 0.5023 0.8096 -0.3039
vn 0.7511 0.0684 0.6566
vn 0.6058 0.7611 0.2320
vn 0.4077 0.4473 0.7961
vn 0.4076 0.4474 0.7961
vn 0.0439 -0.2144 0.9758
vn 0.2528 -0.8076 0.5329
vn 0.8207 -0.5033 0.2703
vn 0.1693 -0.6662 0.7263
vn 0.2826 -0.8790 -0.3841
vn 0.7788 -0.1670 -0.6046
vn 0.0971 -0.2079 -0.9733
vn 0.7619 0.4372 -0.4780
vn -0.0042 0.5093 -0.8606
vn 0.5021 0.8096 -0.3040
vn -0.1597 0.9484 -0.2739
vn -0.1421 0.8454 0.5149
vn -0.0747 0.3314 0.9405
vt 0.078827 2.997675
vt 0.196342 2.997675
vt 0.078827 2.977163
vt 0.078827 2.954347
vt 0.155770 2.954347
vt 0.004352 2.873499
vt 0.161452 2.873499
vt 0.284378 2.873499
vt 0.284378 2.954347
vt 0.348975 2.873499
vt 0.398976 2.954347
vt 0.398976 2.873499
vt 0.398976 2.997675
vt 0.284378 2.997675
vt 0.881397 2.228149
vt 0.936116 2.208477
vt 0.819365 2.210559
vt 0.772623 2.147699
vt 0.979952 2.145210
vt 0.772642 2.100788
vt 0.988476 2.102115
vt 0.779081 2.052948
vt 0.984011 2.052494
vt 0.819876 2.010385
vt 0.947548 2.010928
vt 0.882610 2.000647
vt 0.418070 2.876332
vt 0.418070 2.901294
vt 0.495293 2.876332
vt 0.495293 2.901294
vt 0.418070 2.922444
vt 0.495293 2.922444
vt 0.418070 2.953099
vt 0.495293 2.953099
vt 0.495293 2.975895
vt 0.418070 2.975895
vt 0.495293 2.998465
vt 0.418070 2.998465
vt 0.913749 2.513964
vt 0.913749 2.562600
vt 0.794451 2.521201
vt 0.794451 2.558822
vt 0.697463 2.533305
vt 0.650464 2.555181
vt 0.650464 2.533305
vt 0.603465 2.533305
vt 0.508945 2.558822
vt 0.506477 2.521201
vt 0.603420 2.514313
vt 0.634935 2.528998
vt 0.638458 2.518417
vt 0.505501 2.515619
vt 0.395596 2.512515
vt 0.504681 2.497416
vt 0.605389 2.497055
vt 0.657713 2.494074
vt 0.661688 2.510453
vt 0.703510 2.493160
vt 0.704057 2.508639
vt 0.883616 2.867025
vt 0.883616 2.838317
vt 0.800258 2.868363
vt 0.800308 2.837158
vt 0.748895 2.839998
vt 0.748895 2.865526
vt 0.883616 2.896217
vt 0.851799 2.896217
vt 0.803335 2.896217
vt 0.773198 2.896218
vt 0.748895 2.896218
vt 0.748895 2.811445
vt 0.883616 2.773098
vt 0.841664 2.773098
vt 0.883616 2.811445
vt 0.839789 2.811445
vt 0.798206 2.811445
vt 0.772781 2.773098
vt 0.772467 2.811445
vt 0.748895 2.773098
vt 0.748895 2.742558
vt 0.748895 2.709164
vt 0.773275 2.742558
vt 0.773198 2.709164
vt 0.852184 2.742558
vt 0.883616 2.742558
vt 0.883616 2.709164
vt 0.916475 2.805994
vt 0.851799 2.709164
vt 0.803335 2.709164
vt 0.916475 2.488526
vt 0.916475 2.452756
vt 0.996455 2.488526
vt 0.996455 2.452756
vt 0.916475 2.396481
vt 0.996455 2.396481
vt 0.916475 2.300058
vt 0.996455 2.293777
vt 0.916475 2.257420
vt 0.996455 2.257420
vt 0.916475 2.232780
vt 0.996455 2.232780
vt 0.996455 2.257995
vt 0.916475 2.257995
vt 0.996455 2.299253
vt 0.916475 2.299253
vt 0.996455 2.357772
vt 0.916475 2.357772
vt 0.996455 2.425604
vt 0.916475 2.425604
vt 0.992740 2.468206
vt 0.916475 2.468206
vt 0.730259 2.493903
vt 0.730259 2.437295
vt 0.811549 2.493903
vt 0.834365 2.437617
vt 0.804349 2.378232
vt 0.730259 2.378232
vt 0.916475 2.805994
vt 0.239473 2.194337
vt 0.240449 2.250300
vt 0.141742 2.194337
vt 0.140724 2.250300
vt 0.239402 2.276922
vt 0.140360 2.276922
vt 0.140565 2.294312
vt 0.239158 2.294312
vt 0.235869 2.356210
vt 0.138522 2.356210
vt 0.136521 2.437630
vt 0.234363 2.437601
vt 0.136521 2.501004
vt 0.235133 2.516251
vt 0.136521 2.529175
vt 0.230876 2.558985
vt 0.136521 2.541033
vt 0.231123 2.569647
vt 0.136521 2.568708
vt 0.004352 2.544062
vt 0.004352 2.571161
vt 0.141742 2.141630
vt 0.237948 2.141630
vt 0.238115 2.098233
vt 0.141742 2.098233
vt 0.235189 2.036386
vt 0.141742 2.035564
vt 0.376758 2.010274
vt 0.053500 2.035564
vt 0.053500 2.113637
vt 0.053500 2.194372
vt 0.053500 2.250436
vt 0.053500 2.280394
vt 0.053500 2.356210
vt 0.053500 2.437630
vt 0.053500 2.500878
vt 0.390802 2.194337
vt 0.378920 2.250690
vt 0.370764 2.281864
vt 0.376154 2.357421
vt 0.333888 2.437601
vt 0.320992 2.504517
vt 0.312322 2.519266
vt 0.298911 2.565557
vt 0.298262 2.590714
vt 0.136595 2.590499
vt 0.005821 2.591726
vt 0.007290 2.612291
vt 0.136670 2.612291
vt 0.293897 2.612291
vt 0.395596 2.612291
vt 0.293725 2.634652
vt 0.395596 2.634652
vt 0.508945 2.612291
vt 0.508945 2.634652
vt 0.597772 2.634652
vt 0.650464 2.612291
vt 0.650464 2.634652
vt 0.794451 2.634652
vt 0.794451 2.612291
vt 0.913749 2.634652
vt 0.913749 2.612291
vt 0.913749 2.592605
vt 0.794451 2.596071
vt 0.650464 2.596071
vt 0.508945 2.596071
vt 0.395596 2.565628
vt 0.398369 2.499779
vt 0.395596 2.592605
vt 0.409459 2.438634
vt 0.502906 2.356210
vt 0.501675 2.280394
vt 0.501722 2.250436
vt 0.500739 2.194337
vt 0.504904 2.437601
vt 0.136521 2.634652
vt 0.073480 2.634652
vt 0.007290 2.634652
vt 0.390802 2.141630
vt 0.390802 2.098233
vt 0.390802 2.034742
vt 0.500739 2.035564
vt 0.500739 2.113637
vt 0.602401 2.437630
vt 0.602412 2.356210
vt 0.602167 2.280394
vt 0.601907 2.250436
vt 0.602676 2.194372
vt 0.602690 2.113637
vt 0.602862 2.035564
vt 0.703710 2.437630
vt 0.703710 2.356210
vt 0.703710 2.280394
vt 0.703710 2.250436
vt 0.703710 2.194372
vt 0.703710 2.113637
vt 0.703710 2.035564
vt 0.708262 2.664509
vt 0.834502 2.666399
vt 0.715072 2.641722
vt 0.837935 2.642535
vt 0.913205 2.675663
vt 0.709965 2.692333
vt 0.838573 2.692382
vt 0.685427 2.860279
vt 0.575119 2.860279
vt 0.685447 2.750563
vt 0.580773 2.751556
vt 0.685689 2.641417
vt 0.573188 2.641417
vt 0.004352 2.860279
vt 0.004352 2.788879
vt 0.109528 2.860279
vt 0.109316 2.786070
vt 0.107655 2.727670
vt 0.004352 2.726478
vt 0.111944 2.640081
vt 0.004352 2.643199
vt 0.935927 1.525022
vt 0.999020 1.525022
vt 0.935927 1.588831
vt 0.999020 1.589594
vt 0.999020 1.660732
vt 0.935927 1.660732
vt 0.935927 1.660179
vt 0.999020 1.660179
vt 0.935927 1.593469
vt 0.999020 1.586235
vt 0.935927 1.525022
vt 0.935927 1.753757
vt 0.999020 1.753757
vt 0.935927 1.660559
vt 0.999020 1.660559
vt 0.935927 1.775825
vt 0.935927 1.660893
vt 0.999020 1.775825
vt 0.999020 1.660893
vt 0.999020 1.878231
vt 0.999020 1.975312
vt 0.935927 1.878231
vt 0.935927 1.974493
vt 0.999020 1.999017
vt 0.935927 1.999017
vt 0.935927 1.829596
vt 0.999020 1.829596
vt 0.935927 1.756336
vt 0.999020 1.756336
vt 0.935927 1.998583
vt 0.999020 1.998583
vt 0.935927 1.964819
vt 0.999020 1.965039
vt 0.935927 1.879261
vt 0.999020 1.879261
vt 0.845276 2.328288
vt 0.793592 2.328288
vt 0.767913 2.355731
vt 0.756193 2.349302
vt 0.756193 2.260207
vt 0.793592 2.278487
vt 0.771073 2.250088
vt 0.869940 2.250088
vt 0.845276 2.278487
vt 0.881831 2.259170
vt 0.881831 2.349256
vt 0.866785 2.355731
vt 0.760404 2.365138
vt 0.885114 2.365138
vt 0.900885 2.353944
vt 0.900885 2.249840
vt 0.878554 2.241357
vt 0.756919 2.241358
vt 0.737804 2.252454
vt 0.737804 2.354569
vt 0.517061 2.921821
vt 0.517061 2.952132
vt 0.561939 2.936735
vt 0.570089 2.963190
vt 0.517061 2.972760
vt 0.517061 2.998465
vt 0.657170 2.970635
vt 0.695685 2.936108
vt 0.573854 2.910920
vt 0.653238 2.904063
vt 0.517061 2.876332
vt 0.517061 2.901386
vt 0.004352 2.501636
vt 0.004352 2.520882
s 1
usemtl CRM_MI_081_par_00_node310
f 1640/553/1170 1641/554/1171 1642/555/1172
f 1643/554/1173 1642/555/1172 1641/554/1171
f 1642/555/1172 1643/554/1173 1644/556/1174
f 1645/557/1175 1644/556/1174 1643/554/1173
f 1644/556/1174 1645/557/1175 1646/558/1176
f 1647/557/1177 1646/558/1176 1645/557/1175
f 1646/558/1176 1647/557/1177 1648/559/1178
f 1649/557/1179 1648/559/1178 1647/557/1177
f 1648/559/1178 1649/557/1179 1650/560/1180
f 1651/561/1181 1650/560/1180 1649/557/1179
f 1650/560/1180 1651/561/1181 1652/562/1182
f 1653/563/1183 1652/562/1182 1651/561/1181
f 1652/562/1182 1653/563/1183 1654/564/1184
f 1655/563/1185 1656/561/1181 1657/565/1186
f 1658/566/1187 1657/565/1186 1656/561/1181
f 1659/561/1181 1660/557/1179 1661/566/1188
f 1662/554/1189 1661/566/1188 1660/557/1179
f 1663/567/1190 1664/568/1191 1665/569/1192
f 1666/568/1193 1665/569/1192 1664/568/1191
f 1665/569/1192 1666/568/1193 1667/570/1194
f 1668/571/1195 1667/570/1194 1666/568/1193
f 1667/570/1194 1668/571/1195 1669/572/1196
f 1670/573/1197 1669/572/1196 1668/571/1195
f 1669/572/1196 1670/573/1197 1671/574/1198
f 1672/575/1199 1671/574/1198 1670/573/1197
f 1671/574/1198 1672/575/1199 1673/576/1200
f 1674/577/1201 1673/576/1200 1672/575/1199
f 1673/576/1200 1674/577/1201 1675/578/1202
f 1676/553/1203 1677/555/1204 1678/554/1205
f 1679/556/1206 1678/554/1205 1677/555/1204
f 1678/554/1205 1679/556/1206 1680/557/1207
f 1681/558/1208 1680/557/1207 1679/556/1206
f 1680/557/1207 1681/558/1208 1682/557/1209
f 1683/559/1210 1682/557/1209 1681/558/1208
f 1682/557/1209 1683/559/1210 1684/557/1211
f 1685/560/1184 1684/557/1211 1683/559/1210
f 1684/557/1211 1685/560/1184 1686/557/1212
f 1687/561/1213 1686/557/1212 1685/560/1184
f 1686/557/1212 1687/561/1213 1688/557/1214
f 1689/566/1215 1688/557/1214 1687/561/1213
f 1688/557/1214 1689/566/1215 1690/554/1205
f 1691/579/1208 1692/580/1216 1693/581/1217
f 1694/580/1218 1693/581/1217 1692/580/1216
f 1693/581/1217 1694/580/1218 1695/582/1219
f 1696/583/1220 1695/582/1219 1694/580/1218
f 1695/582/1219 1696/583/1220 1697/584/1221
f 1698/585/1222 1697/584/1221 1696/583/1220
f 1697/584/1221 1698/585/1222 1699/586/1223
f 1700/585/1172 1699/586/1223 1698/585/1222
f 1699/586/1223 1700/585/1172 1701/587/1224
f 1702/588/1225 1701/587/1224 1700/585/1172
f 1701/587/1224 1702/588/1225 1703/589/1226
f 1704/590/1176 1703/589/1226 1702/588/1225
f 1705/555/1220 1706/553/1227 1707/555/1172
f 1708/553/1170 1707/555/1172 1706/553/1227
f 1709/591/1228 1710/592/1229 1711/593/1230
f 1712/594/1231 1711/593/1230 1710/592/1229
f 1711/593/1230 1712/594/1231 1713/595/1232
f 1714/596/1233 1713/595/1232 1712/594/1231
f 1713/595/1232 1714/596/1233 1715/597/1234
f 1716/596/1235 1715/597/1234 1714/596/1233
f 1715/597/1234 1716/596/1235 1717/598/1236
f 1718/599/1237 1717/598/1236 1716/596/1235
f 1717/598/1236 1718/599/1237 1719/598/1238
f 1720/600/1239 1719/598/1238 1718/599/1237
f 1719/598/1238 1720/600/1239 1721/598/1240
f 1722/601/1241 1721/598/1240 1720/600/1239
f 1721/598/1240 1722/601/1241 1723/602/1242
f 1724/603/1243 1723/602/1242 1722/601/1241
f 1723/602/1242 1724/603/1243 1725/602/1244
f 1726/601/1245 1725/602/1244 1724/603/1243
f 1725/602/1244 1726/601/1245 1727/598/1232
f 1728/601/1246 1727/598/1232 1726/601/1245
f 1727/598/1232 1728/601/1246 1729/600/1230
f 1730/604/1247 1729/600/1230 1728/601/1246
f 1729/600/1230 1730/604/1247 1731/605/1228
f 1732/604/1248 1731/605/1228 1730/604/1247
f 1731/605/1228 1732/604/1248 1733/606/1249
f 1734/601/1246 1733/606/1249 1732/604/1248
f 1733/606/1249 1734/601/1246 1735/607/1250
f 1736/603/1243 1735/607/1250 1734/601/1246
f 1735/607/1250 1736/603/1243 1737/608/1251
f 1738/609/1252 1737/608/1251 1736/603/1243
f 1737/608/1251 1738/609/1252 1739/610/1253
f 1740/611/1254 1739/610/1253 1738/609/1252
f 1741/612/1255 1742/613/1256 1743/614/1257
f 1744/615/1258 1743/614/1257 1742/613/1256
f 1743/614/1257 1744/615/1258 1745/614/1259
f 1746/616/1260 1745/614/1259 1744/615/1258
f 1745/614/1259 1746/616/1260 1747/617/1261
f 1748/618/1262 1749/612/1255 1750/619/1263
f 1751/614/1264 1750/619/1263 1749/612/1255
f 1750/619/1263 1751/614/1264 1752/620/1265
f 1753/614/1266 1752/620/1265 1751/614/1264
f 1752/620/1265 1753/614/1266 1754/621/1267
f 1755/617/1268 1754/621/1267 1753/614/1266
f 1754/621/1267 1755/617/1268 1756/622/1269
f 1757/617/1270 1756/622/1269 1755/617/1268
f 1756/622/1269 1757/617/1270 1758/623/1271
f 1759/616/1272 1758/623/1271 1757/617/1270
f 1760/624/1273 1761/625/1274 1762/626/1275
f 1763/627/1276 1762/626/1275 1761/625/1274
f 1762/626/1275 1763/627/1276 1764/613/1277
f 1765/627/1278 1764/613/1277 1763/627/1276
f 1764/613/1277 1765/627/1278 1766/615/1279
f 1767/627/1280 1766/615/1279 1765/627/1278
f 1766/615/1279 1767/627/1280 1768/628/1281
f 1769/625/1282 1768/628/1281 1767/627/1280
f 1768/628/1281 1769/625/1282 1770/628/1283
f 1771/629/1284 1770/628/1283 1769/625/1282
f 1770/628/1283 1771/629/1284 1772/628/1285
f 1773/630/1286 1772/628/1285 1771/629/1284
f 1772/628/1285 1773/630/1286 1774/615/1287
f 1775/630/1288 1774/615/1287 1773/630/1286
f 1774/615/1287 1775/630/1288 1776/616/1260
f 1777/630/1289 1776/616/1260 1775/630/1288
f 1776/616/1260 1777/630/1289 1778/623/1290
f 1779/629/1291 1778/623/1290 1777/630/1289
f 1778/623/1290 1779/629/1291 1780/623/1292
f 1781/631/1293 1780/623/1292 1779/629/1291
f 1780/623/1292 1781/631/1293 1782/623/1294
f 1783/632/1295 1782/623/1294 1781/631/1293
f 1782/623/1294 1783/632/1295 1784/633/1269
f 1785/634/1296 1784/633/1269 1783/632/1295
f 1784/633/1269 1785/634/1296 1786/635/1297
f 1787/632/1295 1788/631/1293 1789/634/1296
f 1790/629/1298 1789/634/1296 1788/631/1293
f 1789/634/1296 1790/629/1298 1791/634/1299
f 1792/625/1274 1791/634/1299 1790/629/1298
f 1791/634/1299 1792/625/1274 1793/636/1300
f 1794/624/1273 1793/636/1300 1792/625/1274
f 1793/636/1300 1794/624/1273 1795/637/1301
f 1796/638/1262 1797/637/1302 1798/639/1303
f 1799/624/1304 1798/639/1303 1797/637/1302
f 1798/639/1303 1799/624/1304 1800/639/1305
f 1801/626/1275 1800/639/1305 1799/624/1304
f 1800/639/1305 1801/626/1275 1802/639/1306
f 1803/613/1307 1802/639/1306 1801/626/1275
f 1802/639/1306 1803/613/1307 1804/639/1308
f 1805/612/1309 1804/639/1308 1803/613/1307
f 1804/639/1308 1805/612/1309 1806/618/1262
f 1807/637/1310 1808/638/1311 1809/636/1300
f 1810/640/1312 1809/636/1300 1808/638/1311
f 1809/636/1300 1810/640/1312 1811/636/1313
f 1812/641/1265 1811/636/1313 1810/640/1312
f 1811/636/1313 1812/641/1265 1813/634/1296
f 1814/635/1314 1813/634/1296 1812/641/1265
f 1815/553/1315 1816/555/1316 1817/554/1317
f 1818/556/1318 1817/554/1317 1816/555/1316
f 1817/554/1317 1818/556/1318 1819/557/1319
f 1820/558/1320 1819/557/1319 1818/556/1318
f 1819/557/1319 1820/558/1320 1821/557/1321
f 1822/559/1322 1821/557/1321 1820/558/1320
f 1821/557/1321 1822/559/1322 1823/557/1323
f 1824/560/1324 1823/557/1323 1822/559/1322
f 1823/557/1323 1824/560/1324 1825/561/1325
f 1826/562/1326 1825/561/1325 1824/560/1324
f 1825/561/1325 1826/562/1326 1827/563/1327
f 1828/564/1328 1827/563/1327 1826/562/1326
f 1829/563/1329 1830/565/1330 1831/561/1325
f 1832/566/1331 1831/561/1325 1830/565/1330
f 1833/561/1325 1834/566/1332 1835/557/1319
f 1836/554/1317 1835/557/1319 1834/566/1332
f 1837/642/1333 1838/643/1334 1839/644/1335
f 1840/643/1336 1839/644/1335 1838/643/1334
f 1839/644/1335 1840/643/1336 1841/645/1337
f 1842/646/1338 1841/645/1337 1840/643/1336
f 1841/645/1337 1842/646/1338 1843/647/1339
f 1844/648/1340 1843/647/1339 1842/646/1338
f 1843/647/1339 1844/648/1340 1845/649/1341
f 1846/650/1342 1845/649/1341 1844/648/1340
f 1845/649/1341 1846/650/1342 1847/651/1343
f 1848/652/1344 1847/651/1343 1846/650/1342
f 1847/651/1343 1848/652/1344 1849/653/1345
f 1850/653/1345 1851/652/1344 1852/654/1346
f 1853/655/1347 1852/654/1346 1851/652/1344
f 1852/654/1346 1853/655/1347 1854/656/1348
f 1855/657/1349 1854/656/1348 1853/655/1347
f 1854/656/1348 1855/657/1349 1856/658/1320
f 1857/659/1350 1856/658/1320 1855/657/1349
f 1856/658/1320 1857/659/1350 1858/660/1322
f 1859/661/1351 1858/660/1322 1857/659/1350
f 1858/660/1322 1859/661/1351 1860/662/1324
f 1861/663/1352 1860/662/1324 1859/661/1351
f 1862/567/1344 1863/569/1353 1864/568/1347
f 1865/569/1354 1864/568/1347 1863/569/1353
f 1864/568/1347 1865/569/1354 1866/571/1355
f 1867/570/1356 1866/571/1355 1865/569/1354
f 1866/571/1355 1867/570/1356 1868/571/1357
f 1869/572/1338 1868/571/1357 1867/570/1356
f 1868/571/1357 1869/572/1338 1870/573/1358
f 1871/574/1359 1870/573/1358 1869/572/1338
f 1870/573/1358 1871/574/1359 1872/575/1360
f 1873/574/1336 1872/575/1360 1871/574/1359
f 1872/575/1360 1873/574/1336 1874/577/1361
f 1875/576/1362 1874/577/1361 1873/574/1336
f 1874/577/1361 1875/576/1362 1876/578/1363
f 1877/553/1364 1878/554/1365 1879/555/1366
f 1880/554/1367 1879/555/1366 1878/554/1365
f 1879/555/1366 1880/554/1367 1881/556/1368
f 1882/557/1369 1881/556/1368 1880/554/1367
f 1881/556/1368 1882/557/1369 1883/558/1339
f 1884/557/1370 1883/558/1339 1882/557/1369
f 1883/558/1339 1884/557/1370 1885/559/1371
f 1886/557/1372 1885/559/1371 1884/557/1370
f 1885/559/1371 1886/557/1372 1887/560/1328
f 1888/557/1373 1887/560/1328 1886/557/1372
f 1887/560/1328 1888/557/1373 1889/561/1374
f 1890/557/1375 1889/561/1374 1888/557/1373
f 1889/561/1374 1890/557/1375 1891/566/1376
f 1892/554/1377 1891/566/1376 1890/557/1375
f 1893/579/1339 1894/581/1378 1895/580/1379
f 1896/582/1380 1895/580/1379 1894/581/1378
f 1895/580/1379 1896/582/1380 1897/583/1381
f 1898/584/1382 1897/583/1381 1896/582/1380
f 1897/583/1381 1898/584/1382 1899/585/1316
f 1900/586/1383 1899/585/1316 1898/584/1382
f 1899/585/1316 1900/586/1383 1901/585/1384
f 1902/587/1385 1901/585/1384 1900/586/1383
f 1901/585/1384 1902/587/1385 1903/588/1386
f 1904/589/1387 1903/588/1386 1902/587/1385
f 1903/588/1386 1904/589/1387 1905/590/1320
f 1906/555/1381 1907/555/1388 1908/553/1389
f 1909/553/1315 1908/553/1389 1907/555/1388
f 1910/664/1361 1911/665/1390 1912/666/1391
f 1913/665/1392 1912/666/1391 1911/665/1390
f 1912/666/1391 1913/665/1392 1914/667/1326
f 1915/665/1393 1914/667/1326 1913/665/1392
f 1914/667/1326 1915/665/1393 1916/668/1328
f 1917/669/1362 1916/668/1328 1915/665/1393
f 1918/613/1394 1919/612/1395 1920/615/1396
f 1921/614/1397 1920/615/1396 1919/612/1395
f 1920/615/1396 1921/614/1397 1922/616/1398
f 1923/617/1399 1922/616/1398 1921/614/1397
f 1924/618/1400 1925/619/1401 1926/612/1402
f 1927/619/1403 1926/612/1402 1925/619/1401
f 1926/612/1402 1927/619/1403 1928/614/1397
f 1929/620/1404 1928/614/1397 1927/619/1403
f 1928/614/1397 1929/620/1404 1930/614/1405
f 1931/621/1406 1930/614/1405 1929/620/1404
f 1930/614/1405 1931/621/1406 1932/617/1399
f 1933/622/1407 1932/617/1399 1931/621/1406
f 1932/617/1399 1933/622/1407 1934/617/1408
f 1935/623/1409 1934/617/1408 1933/622/1407
f 1934/617/1408 1935/623/1409 1936/616/1410
f 1937/624/1411 1938/626/1412 1939/625/1413
f 1940/626/1414 1939/625/1413 1938/626/1412
f 1939/625/1413 1940/626/1414 1941/627/1415
f 1942/613/1416 1941/627/1415 1940/626/1414
f 1941/627/1415 1942/613/1416 1943/627/1417
f 1944/615/1418 1943/627/1417 1942/613/1416
f 1943/627/1417 1944/615/1418 1945/627/1419
f 1946/628/1420 1945/627/1419 1944/615/1418
f 1945/627/1419 1946/628/1420 1947/625/1413
f 1948/628/1421 1947/625/1413 1946/628/1420
f 1947/625/1413 1948/628/1421 1949/629/1422
f 1950/628/1423 1949/629/1422 1948/628/1421
f 1949/629/1422 1950/628/1423 1951/630/1424
f 1952/615/1425 1951/630/1424 1950/628/1423
f 1951/630/1424 1952/615/1425 1953/630/1426
f 1954/616/1398 1953/630/1426 1952/615/1425
f 1953/630/1426 1954/616/1398 1955/630/1427
f 1956/623/1409 1955/630/1427 1954/616/1398
f 1955/630/1427 1956/623/1409 1957/629/1428
f 1958/631/1429 1957/629/1428 1956/623/1409
f 1957/629/1428 1958/631/1429 1959/629/1430
f 1960/634/1431 1959/629/1430 1958/631/1429
f 1959/629/1430 1960/634/1431 1961/625/1413
f 1962/636/1432 1961/625/1413 1960/634/1431
f 1961/625/1413 1962/636/1432 1963/624/1411
f 1964/637/1433 1963/624/1411 1962/636/1432
f 1965/638/1400 1966/670/1434 1967/637/1435
f 1968/670/1436 1967/637/1435 1966/670/1434
f 1967/637/1435 1968/670/1436 1969/624/1437
f 1970/670/1438 1969/624/1437 1968/670/1436
f 1969/624/1437 1970/670/1438 1971/626/1439
f 1972/670/1440 1971/626/1439 1970/670/1438
f 1971/626/1439 1972/670/1440 1973/613/1394
f 1974/670/1441 1973/613/1394 1972/670/1440
f 1973/613/1394 1974/670/1441 1975/612/1442
f 1976/618/1400 1975/612/1442 1974/670/1441
f 1977/637/1443 1978/636/1444 1979/638/1445
f 1980/636/1446 1979/638/1445 1978/636/1444
f 1979/638/1445 1980/636/1446 1981/640/1447
f 1982/636/1448 1981/640/1447 1980/636/1446
f 1981/640/1447 1982/636/1448 1983/641/1404
f 1984/634/1431 1983/641/1404 1982/636/1448
f 1983/641/1404 1984/634/1431 1985/635/1449
f 1986/635/1450 1987/634/1431 1988/633/1407
f 1989/632/1451 1988/633/1407 1987/634/1431
f 1988/633/1407 1989/632/1451 1990/623/1409
f 1991/632/1452 1990/623/1409 1989/632/1451
f 1990/623/1409 1991/632/1452 1992/631/1453
f 1993/634/1431 1992/631/1453 1991/632/1452
f 1994/671/1454 1995/672/1455 1996/673/1456
f 1997/672/1457 1996/673/1456 1995/672/1455
f 1996/673/1456 1997/672/1457 1998/674/1458
f 1999/675/1459 1998/674/1458 1997/672/1457
f 1998/674/1458 1999/675/1459 2000/676/1460
f 2001/675/1461 2000/676/1460 1999/675/1459
f 2000/676/1460 2001/675/1461 2002/677/1462
f 2003/678/1463 2002/677/1462 2001/675/1461
f 2002/677/1462 2003/678/1463 2004/677/1464
f 2005/679/1465 2004/677/1464 2003/678/1463
f 2004/677/1464 2005/679/1465 2006/680/1466
f 2007/679/1467 2006/680/1466 2005/679/1465
f 2006/680/1466 2007/679/1467 2008/681/1468
f 2009/682/1469 2008/681/1468 2007/679/1467
f 2008/681/1468 2009/682/1469 2010/683/1470
f 2011/684/1471 2010/683/1470 2009/682/1469
f 2010/683/1470 2011/684/1471 2012/685/1472
f 2013/686/1473 2012/685/1472 2011/684/1471
f 2012/685/1472 2013/686/1473 2014/687/1474
f 2015/688/1475 2014/687/1474 2013/686/1473
f 2014/687/1474 2015/688/1475 2016/687/1476
f 2017/689/1477 2016/687/1476 2015/688/1475
f 2016/687/1476 2017/689/1477 2018/690/1478
f 2019/691/1479 2018/690/1478 2017/689/1477
f 2018/690/1478 2019/691/1479 2020/690/1480
f 2021/689/1481 2020/690/1480 2019/691/1479
f 2020/690/1480 2021/689/1481 2022/687/1482
f 2023/688/1483 2022/687/1482 2021/689/1481
f 2022/687/1482 2023/688/1483 2024/687/1484
f 2025/686/1485 2024/687/1484 2023/688/1483
f 2024/687/1484 2025/686/1485 2026/685/1486
f 2027/684/1487 2026/685/1486 2025/686/1485
f 2026/685/1486 2027/684/1487 2028/683/1488
f 2029/682/1489 2028/683/1488 2027/684/1487
f 2028/683/1488 2029/682/1489 2030/681/1490
f 2031/679/1491 2030/681/1490 2029/682/1489
f 2030/681/1490 2031/679/1491 2032/680/1492
f 2033/679/1493 2032/680/1492 2031/679/1491
f 2032/680/1492 2033/679/1493 2034/677/1494
f 2035/678/1495 2034/677/1494 2033/679/1493
f 2034/677/1494 2035/678/1495 2036/677/1496
f 2037/675/1497 2036/677/1496 2035/678/1495
f 2036/677/1496 2037/675/1497 2038/676/1498
f 2039/675/1499 2038/676/1498 2037/675/1497
f 2038/676/1498 2039/675/1499 2040/674/1500
f 2041/672/1501 2040/674/1500 2039/675/1499
f 2040/674/1500 2041/672/1501 2042/673/1502
f 2043/671/1503 2042/673/1502 2041/672/1501
f 2042/673/1502 2043/671/1503 2044/692/1504
f 2045/693/1505 2044/692/1504 2043/671/1503
f 2044/692/1504 2045/693/1505 2046/692/1506
f 2047/694/1507 2046/692/1506 2045/693/1505
f 2046/692/1506 2047/694/1507 2048/695/1508
f 2049/696/1509 2048/695/1508 2047/694/1507
f 2048/695/1508 2049/696/1509 2050/697/1510
f 2051/698/1511 2050/697/1510 2049/696/1509
f 2050/697/1510 2051/698/1511 2052/697/1512
f 2053/699/1513 2052/697/1512 2051/698/1511
f 2052/697/1512 2053/699/1513 2054/695/1514
f 2055/700/1515 2054/695/1514 2053/699/1513
f 2054/695/1514 2055/700/1515 2056/692/1504
f 2057/701/1516 2056/692/1504 2055/700/1515
f 2056/692/1504 2057/701/1516 2058/673/1502
f 2059/701/1517 2058/673/1502 2057/701/1516
f 2058/673/1502 2059/701/1517 2060/674/1500
f 2061/702/1518 2060/674/1500 2059/701/1517
f 2060/674/1500 2061/702/1518 2062/674/1519
f 2063/703/1520 2062/674/1519 2061/702/1518
f 2062/674/1519 2063/703/1520 2064/676/1521
f 2065/703/1522 2064/676/1521 2063/703/1520
f 2064/676/1521 2065/703/1522 2066/677/1494
f 2067/703/1523 2066/677/1494 2065/703/1522
f 2066/677/1494 2067/703/1523 2068/680/1492
f 2069/704/1524 2068/680/1492 2067/703/1523
f 2068/680/1492 2069/704/1524 2070/681/1525
f 2071/705/1526 2070/681/1525 2069/704/1524
f 2070/681/1525 2071/705/1526 2072/681/1527
f 2073/706/1528 2072/681/1527 2071/705/1526
f 2072/681/1527 2073/706/1528 2074/683/1488
f 2075/706/1529 2074/683/1488 2073/706/1528
f 2074/683/1488 2075/706/1529 2076/685/1486
f 2077/687/1482 2076/685/1486 2075/706/1529
f 2078/671/1454 2079/707/1530 2080/672/1531
f 2081/708/1532 2080/672/1531 2079/707/1530
f 2080/672/1531 2081/708/1532 2082/672/1533
f 2083/709/1534 2082/672/1533 2081/708/1532
f 2082/672/1533 2083/709/1534 2084/675/1461
f 2085/709/1535 2084/675/1461 2083/709/1534
f 2084/675/1461 2085/709/1535 2086/678/1463
f 2087/709/1536 2086/678/1463 2085/709/1535
f 2086/678/1463 2087/709/1536 2088/679/1537
f 2089/710/1538 2088/679/1537 2087/709/1536
f 2088/679/1537 2089/710/1538 2090/679/1539
f 2091/711/1540 2090/679/1539 2089/710/1538
f 2090/679/1539 2091/711/1540 2092/682/1541
f 2093/712/1542 2092/682/1541 2091/711/1540
f 2092/682/1541 2093/712/1542 2094/684/1471
f 2095/713/1543 2094/684/1471 2093/712/1542
f 2094/684/1471 2095/713/1543 2096/684/1544
f 2097/714/1545 2096/684/1544 2095/713/1543
f 2096/684/1544 2097/714/1545 2098/686/1473
f 2099/714/1546 2098/686/1473 2097/714/1545
f 2098/686/1473 2099/714/1546 2100/688/1475
f 2101/715/1547 2100/688/1475 2099/714/1546
f 2100/688/1475 2101/715/1547 2102/689/1477
f 2103/716/1548 2102/689/1477 2101/715/1547
f 2102/689/1477 2103/716/1548 2104/689/1549
f 2105/717/1550 2104/689/1549 2103/716/1548
f 2104/689/1549 2105/717/1550 2106/691/1479
f 2107/717/1551 2106/691/1479 2105/717/1550
f 2106/691/1479 2107/717/1551 2108/689/1481
f 2109/717/1552 2108/689/1481 2107/717/1551
f 2108/689/1481 2109/717/1552 2110/716/1553
f 2111/717/1554 2110/716/1553 2109/717/1552
f 2110/716/1553 2111/717/1554 2112/718/1555
f 2113/716/1556 2112/718/1555 2111/717/1554
f 2112/718/1555 2113/716/1556 2114/719/1557
f 2115/716/1558 2114/719/1557 2113/716/1556
f 2114/719/1557 2115/716/1558 2116/720/1559
f 2117/715/1547 2116/720/1559 2115/716/1558
f 2116/720/1559 2117/715/1547 2118/720/1560
f 2119/721/1561 2118/720/1560 2117/715/1547
f 2118/720/1560 2119/721/1561 2120/722/1562
f 2121/721/1563 2120/722/1562 2119/721/1561
f 2120/722/1562 2121/721/1563 2122/723/1564
f 2123/724/1565 2122/723/1564 2121/721/1563
f 2122/723/1564 2123/724/1565 2124/725/1566
f 2125/724/1567 2124/725/1566 2123/724/1565
f 2124/725/1566 2125/724/1567 2126/726/1568
f 2127/727/1569 2126/726/1568 2125/724/1567
f 2126/726/1568 2127/727/1569 2128/728/1570
f 2129/727/1571 2128/728/1570 2127/727/1569
f 2128/728/1570 2129/727/1571 2130/729/1572
f 2131/730/1573 2130/729/1572 2129/727/1571
f 2130/729/1572 2131/730/1573 2132/731/1574
f 2133/730/1575 2132/731/1574 2131/730/1573
f 2132/731/1574 2133/730/1575 2134/732/1576
f 2135/730/1577 2134/732/1576 2133/730/1575
f 2134/732/1576 2135/730/1577 2136/733/1578
f 2137/734/1579 2136/733/1578 2135/730/1577
f 2136/733/1578 2137/734/1579 2138/592/1229
f 2139/734/1580 2138/592/1229 2137/734/1579
f 2138/592/1229 2139/734/1580 2140/594/1231
f 2141/734/1581 2140/594/1231 2139/734/1580
f 2140/594/1231 2141/734/1581 2142/596/1235
f 2143/734/1582 2142/596/1235 2141/734/1581
f 2142/596/1235 2143/734/1582 2144/735/1583
f 2145/730/1584 2144/735/1583 2143/734/1582
f 2144/735/1583 2145/730/1584 2146/735/1585
f 2147/727/1586 2146/735/1585 2145/730/1584
f 2146/735/1585 2147/727/1586 2148/735/1587
f 2149/724/1588 2148/735/1587 2147/727/1586
f 2148/735/1587 2149/724/1588 2150/735/1589
f 2151/736/1590 2150/735/1589 2149/724/1588
f 2150/735/1589 2151/736/1590 2152/596/1235
f 2153/736/1591 2152/596/1235 2151/736/1590
f 2152/596/1235 2153/736/1591 2154/599/1237
f 2155/737/1592 2154/599/1237 2153/736/1591
f 2154/599/1237 2155/737/1592 2156/600/1239
f 2157/605/1593 2156/600/1239 2155/737/1592
f 2156/600/1239 2157/605/1593 2158/600/1594
f 2159/604/1595 2158/600/1594 2157/605/1593
f 2158/600/1594 2159/604/1595 2160/601/1241
f 2161/604/1596 2160/601/1241 2159/604/1595
f 2160/601/1241 2161/604/1596 2162/606/1597
f 2163/605/1598 2162/606/1597 2161/604/1596
f 2162/606/1597 2163/605/1598 2164/738/1599
f 2165/605/1600 2164/738/1599 2163/605/1598
f 2164/738/1599 2165/605/1600 2166/713/1543
f 2167/737/1601 2166/713/1543 2165/605/1600
f 2166/713/1543 2167/737/1601 2168/714/1602
f 2169/737/1592 2168/714/1602 2167/737/1601
f 2168/714/1602 2169/737/1592 2170/715/1547
f 2171/739/1603 2170/715/1547 2169/737/1592
f 2170/715/1547 2171/739/1603 2172/721/1604
f 2173/739/1605 2172/721/1604 2171/739/1603
f 2172/721/1604 2173/739/1605 2174/724/1606
f 2175/739/1607 2174/724/1606 2173/739/1605
f 2174/724/1606 2175/739/1607 2176/736/1608
f 2177/737/1592 2176/736/1608 2175/739/1607
f 2178/713/1543 2179/712/1542 2180/738/1599
f 2181/711/1540 2180/738/1599 2179/712/1542
f 2180/738/1599 2181/711/1540 2182/740/1609
f 2183/710/1610 2182/740/1609 2181/711/1540
f 2182/740/1609 2183/710/1610 2184/741/1611
f 2185/710/1538 2184/741/1611 2183/710/1610
f 2184/741/1611 2185/710/1538 2186/742/1612
f 2187/709/1536 2186/742/1612 2185/710/1538
f 2186/742/1612 2187/709/1536 2188/742/1613
f 2189/708/1614 2188/742/1613 2187/709/1536
f 2188/742/1613 2189/708/1614 2190/743/1615
f 2191/707/1616 2190/743/1615 2189/708/1614
f 2190/743/1615 2191/707/1616 2192/744/1617
f 2193/741/1611 2194/745/1618 2195/740/1609
f 2196/745/1619 2195/740/1609 2194/745/1618
f 2195/740/1609 2196/745/1619 2197/738/1599
f 2198/745/1620 2197/738/1599 2196/745/1619
f 2197/738/1599 2198/745/1620 2199/606/1597
f 2200/607/1621 2199/606/1597 2198/745/1620
f 2199/606/1597 2200/607/1621 2201/601/1622
f 2202/607/1623 2201/601/1622 2200/607/1621
f 2201/601/1622 2202/607/1623 2203/603/1243
f 2204/608/1624 2203/603/1243 2202/607/1623
f 2203/603/1243 2204/608/1624 2205/609/1252
f 2206/610/1625 2205/609/1252 2204/608/1624
f 2205/609/1252 2206/610/1625 2207/611/1254
f 2208/720/1559 2209/722/1562 2210/719/1557
f 2211/746/1626 2210/719/1557 2209/722/1562
f 2210/719/1557 2211/746/1626 2212/719/1627
f 2213/747/1628 2212/719/1627 2211/746/1626
f 2212/719/1627 2213/747/1628 2214/718/1629
f 2215/748/1630 2214/718/1629 2213/747/1628
f 2214/718/1629 2215/748/1630 2216/718/1631
f 2217/719/1632 2216/718/1631 2215/748/1630
f 2216/718/1631 2217/719/1632 2218/716/1553
f 2219/720/1633 2218/716/1553 2217/719/1632
f 2218/716/1553 2219/720/1633 2220/716/1634
f 2221/715/1635 2220/716/1634 2219/720/1633
f 2220/716/1634 2221/715/1635 2222/689/1481
f 2223/715/1636 2222/689/1481 2221/715/1635
f 2222/689/1481 2223/715/1636 2224/688/1483
f 2225/714/1637 2224/688/1483 2223/715/1636
f 2224/688/1483 2225/714/1637 2226/686/1485
f 2227/714/1638 2226/686/1485 2225/714/1637
f 2226/686/1485 2227/714/1638 2228/684/1487
f 2229/713/1639 2228/684/1487 2227/714/1638
f 2228/684/1487 2229/713/1639 2230/684/1640
f 2231/712/1641 2230/684/1640 2229/713/1639
f 2230/684/1640 2231/712/1641 2232/682/1642
f 2233/711/1643 2232/682/1642 2231/712/1641
f 2232/682/1642 2233/711/1643 2234/679/1644
f 2235/710/1645 2234/679/1644 2233/711/1643
f 2234/679/1644 2235/710/1645 2236/679/1646
f 2237/709/1646 2236/679/1646 2235/710/1645
f 2236/679/1646 2237/709/1646 2238/678/1495
f 2239/709/1647 2238/678/1495 2237/709/1646
f 2238/678/1495 2239/709/1647 2240/675/1648
f 2241/709/1649 2240/675/1648 2239/709/1647
f 2240/675/1648 2241/709/1649 2242/672/1501
f 2243/708/1650 2242/672/1501 2241/709/1649
f 2242/672/1501 2243/708/1650 2244/672/1651
f 2245/707/1652 2244/672/1651 2243/708/1650
f 2244/672/1651 2245/707/1652 2246/671/1503
f 2247/707/1653 2246/671/1503 2245/707/1652
f 2246/671/1503 2247/707/1653 2248/693/1505
f 2249/749/1654 2248/693/1505 2247/707/1653
f 2248/693/1505 2249/749/1654 2250/693/1655
f 2251/750/1656 2250/693/1655 2249/749/1654
f 2250/693/1655 2251/750/1656 2252/694/1507
f 2253/750/1657 2252/694/1507 2251/750/1656
f 2252/694/1507 2253/750/1657 2254/696/1509
f 2255/751/1658 2254/696/1509 2253/750/1657
f 2254/696/1509 2255/751/1658 2256/698/1659
f 2257/751/1660 2256/698/1659 2255/751/1658
f 2256/698/1659 2257/751/1660 2258/752/1661
f 2259/750/1657 2258/752/1661 2257/751/1660
f 2258/752/1661 2259/750/1657 2260/753/1662
f 2261/749/1654 2260/753/1662 2259/750/1657
f 2260/753/1662 2261/749/1654 2262/744/1663
f 2263/707/1664 2262/744/1663 2261/749/1654
f 2262/744/1663 2263/707/1664 2264/744/1665
f 2265/708/1666 2264/744/1665 2263/707/1664
f 2264/744/1665 2265/708/1666 2266/743/1667
f 2267/708/1650 2266/743/1667 2265/708/1666
f 2266/743/1667 2267/708/1650 2268/742/1668
f 2269/709/1669 2268/742/1668 2267/708/1650
f 2268/742/1668 2269/709/1669 2270/742/1670
f 2271/710/1671 2270/742/1670 2269/709/1669
f 2270/742/1670 2271/710/1671 2272/741/1672
f 2273/740/1673 2272/741/1672 2271/710/1671
f 2272/741/1672 2273/740/1673 2274/745/1674
f 2275/740/1675 2274/745/1674 2273/740/1673
f 2274/745/1674 2275/740/1675 2276/738/1676
f 2277/740/1677 2276/738/1676 2275/740/1675
f 2276/738/1676 2277/740/1677 2278/711/1643
f 2279/710/1671 2278/711/1643 2277/740/1677
f 2280/711/1678 2281/712/1641 2282/738/1676
f 2283/713/1679 2282/738/1676 2281/712/1641
f 2282/738/1676 2283/713/1679 2284/605/1228
f 2285/713/1639 2284/605/1228 2283/713/1679
f 2284/605/1228 2285/713/1639 2286/737/1229
f 2287/714/1680 2286/737/1229 2285/713/1639
f 2286/737/1229 2287/714/1680 2288/737/1681
f 2289/715/1682 2288/737/1681 2287/714/1680
f 2288/737/1681 2289/715/1682 2290/739/1578
f 2291/715/1683 2290/739/1578 2289/715/1682
f 2290/739/1578 2291/715/1683 2292/721/1576
f 2293/720/1684 2292/721/1576 2291/715/1683
f 2292/721/1576 2293/720/1684 2294/721/1685
f 2295/722/1686 2294/721/1685 2293/720/1684
f 2294/721/1685 2295/722/1686 2296/723/1574
f 2297/720/1687 2298/719/1688 2299/722/1689
f 2300/719/1632 2299/722/1689 2298/719/1688
f 2299/722/1689 2300/719/1632 2301/746/1690
f 2302/748/1691 2301/746/1690 2300/719/1632
f 2303/605/1228 2304/606/1692 2305/738/1676
f 2306/606/1693 2305/738/1676 2304/606/1692
f 2305/738/1676 2306/606/1693 2307/745/1674
f 2308/607/1694 2307/745/1674 2306/606/1693
f 2307/745/1674 2308/607/1694 2309/745/1695
f 2310/754/1696 2309/745/1695 2308/607/1694
f 2309/745/1695 2310/754/1696 2311/741/1672
f 2312/755/1697 2311/741/1672 2310/754/1696
f 2311/741/1672 2312/755/1697 2313/742/1698
f 2314/756/1699 2313/742/1698 2312/755/1697
f 2313/742/1698 2314/756/1699 2315/743/1700
f 2316/757/1701 2315/743/1700 2314/756/1699
f 2315/743/1700 2316/757/1701 2317/743/1702
f 2318/758/1703 2317/743/1702 2316/757/1701
f 2317/743/1702 2318/758/1703 2319/744/1704
f 2320/759/1705 2319/744/1704 2318/758/1703
f 2319/744/1704 2320/759/1705 2321/753/1662
f 2322/760/1706 2321/753/1662 2320/759/1705
f 2321/753/1662 2322/760/1706 2323/752/1661
f 2324/698/1659 2323/752/1661 2322/760/1706
f 2325/610/1529 2326/761/1707 2327/608/1251
f 2328/761/1708 2327/608/1251 2326/761/1707
f 2327/608/1251 2328/761/1708 2329/607/1709
f 2330/761/1710 2329/607/1709 2328/761/1708
f 2329/607/1709 2330/761/1710 2331/754/1711
f 2332/761/1526 2331/754/1711 2330/761/1710
f 2331/754/1711 2332/761/1526 2333/755/1697
f 2334/762/1524 2333/755/1697 2332/761/1526
f 2333/755/1697 2334/762/1524 2335/756/1699
f 2336/763/1712 2335/756/1699 2334/762/1524
f 2335/756/1699 2336/763/1712 2337/756/1713
f 2338/764/1714 2337/756/1713 2336/763/1712
f 2337/756/1713 2338/764/1714 2339/757/1715
f 2340/764/1518 2339/757/1715 2338/764/1714
f 2339/757/1715 2340/764/1518 2341/758/1716
f 2342/765/1517 2341/758/1716 2340/764/1518
f 2341/758/1716 2342/765/1517 2343/759/1717
f 2344/766/1515 2343/759/1717 2342/765/1517
f 2343/759/1717 2344/766/1515 2345/759/1718
f 2346/767/1513 2345/759/1718 2344/766/1515
f 2345/759/1718 2346/767/1513 2347/760/1719
f 2348/698/1511 2347/760/1719 2346/767/1513
f 2349/768/1720 2350/769/1721 2351/770/1722
f 2352/769/1723 2351/770/1722 2350/769/1721
f 2351/770/1722 2352/769/1723 2353/771/1724
f 2354/772/1725 2353/771/1724 2352/769/1723
f 2355/768/1232 2356/773/1726 2357/769/1727
f 2358/774/1728 2357/769/1727 2356/773/1726
f 2357/769/1727 2358/774/1728 2359/772/1729
f 2360/774/1730 2359/772/1729 2358/774/1728
f 2359/772/1729 2360/774/1730 2361/769/1731
f 2362/773/1726 2361/769/1731 2360/774/1730
f 2361/769/1731 2362/773/1726 2363/768/1236
f 2364/687/1732 2365/706/1733 2366/685/1472
f 2367/706/1734 2366/685/1472 2365/706/1733
f 2366/685/1472 2367/706/1734 2368/683/1470
f 2369/706/1735 2368/683/1470 2367/706/1734
f 2368/683/1470 2369/706/1735 2370/681/1468
f 2371/705/1736 2370/681/1468 2369/706/1735
f 2370/681/1468 2371/705/1736 2372/681/1737
f 2373/704/1738 2372/681/1737 2371/705/1736
f 2372/681/1737 2373/704/1738 2374/680/1466
f 2375/703/1739 2374/680/1466 2373/704/1738
f 2374/680/1466 2375/703/1739 2376/677/1740
f 2377/703/1741 2376/677/1740 2375/703/1739
f 2376/677/1740 2377/703/1741 2378/676/1742
f 2379/703/1743 2378/676/1742 2377/703/1741
f 2378/676/1742 2379/703/1743 2380/674/1458
f 2381/702/1744 2380/674/1458 2379/703/1743
f 2380/674/1458 2381/702/1744 2382/674/1745
f 2383/701/1746 2382/674/1745 2381/702/1744
f 2382/674/1745 2383/701/1746 2384/673/1456
f 2385/701/1747 2384/673/1456 2383/701/1746
f 2384/673/1456 2385/701/1747 2386/692/1748
f 2387/700/1749 2386/692/1748 2385/701/1747
f 2386/692/1748 2387/700/1749 2388/695/1750
f 2389/699/1751 2388/695/1750 2387/700/1749
f 2388/695/1750 2389/699/1751 2390/697/1752
f 2391/698/1753 2390/697/1752 2389/699/1751
f 2390/697/1752 2391/698/1753 2392/696/1754
f 2393/698/1755 2392/696/1754 2391/698/1753
f 2392/696/1754 2393/698/1755 2394/751/1756
f 2395/698/1757 2394/751/1756 2393/698/1755
f 2394/751/1756 2395/698/1757 2396/752/1758
f 2397/760/1759 2396/752/1758 2395/698/1757
f 2398/775/1760 2399/776/1761 2400/777/1762
f 2401/778/1763 2400/777/1762 2399/776/1761
f 2400/777/1762 2401/778/1763 2402/779/1764
f 2403/780/1758 2402/779/1764 2401/778/1763
f 2404/744/1761 2405/758/1765 2406/743/1615
f 2407/757/1766 2406/743/1615 2405/758/1765
f 2406/743/1615 2407/757/1766 2408/743/1767
f 2409/756/1768 2408/743/1767 2407/757/1766
f 2408/743/1767 2409/756/1768 2410/742/1769
f 2411/755/1770 2410/742/1769 2409/756/1768
f 2410/742/1769 2411/755/1770 2412/741/1611
f 2413/754/1771 2412/741/1611 2411/755/1770
f 2412/741/1611 2413/754/1771 2414/745/1620
f 2415/754/1772 2414/745/1620 2413/754/1771
f 2414/745/1620 2415/754/1772 2416/607/1623
f 2417/754/1773 2416/607/1623 2415/754/1772
f 2416/607/1623 2417/754/1773 2418/761/1736
f 2419/755/1770 2418/761/1736 2417/754/1773
f 2418/761/1736 2419/755/1770 2420/762/1774
f 2421/756/1775 2420/762/1774 2419/755/1770
f 2420/762/1774 2421/756/1775 2422/763/1776
f 2423/756/1777 2422/763/1776 2421/756/1775
f 2422/763/1776 2423/756/1777 2424/764/1778
f 2425/757/1779 2424/764/1778 2423/756/1777
f 2424/764/1778 2425/757/1779 2426/764/1780
f 2427/758/1765 2426/764/1780 2425/757/1779
f 2426/764/1780 2427/758/1765 2428/765/1747
f 2429/759/1781 2428/765/1747 2427/758/1765
f 2428/765/1747 2429/759/1781 2430/766/1749
f 2431/759/1782 2430/766/1749 2429/759/1781
f 2430/766/1749 2431/759/1782 2432/767/1751
f 2433/760/1759 2432/767/1751 2431/759/1782
f 2432/767/1751 2433/760/1759 2434/698/1757
f 2435/607/1783 2436/761/1736 2437/608/1624
f 2438/610/1735 2437/608/1624 2436/761/1736
f 2439/781/1456 2440/782/1784 2441/783/1454
f 2442/782/1785 2441/783/1454 2440/782/1784
f 2441/783/1454 2442/782/1785 2443/784/1786
f 2444/782/1748 2443/784/1786 2442/782/1785
f 2443/784/1786 2444/782/1748 2445/785/1787
f 2446/786/1788 2445/785/1787 2444/782/1748
f 2445/785/1787 2446/786/1788 2447/787/1789
f 2448/788/1752 2447/787/1789 2446/786/1788
f 2449/768/1790 2450/770/1722 2451/769/1791
f 2452/771/1724 2451/769/1791 2450/770/1722
f 2451/769/1791 2452/771/1724 2453/772/1725
f 2454/663/1201 2455/661/1792 2456/662/1793
f 2457/661/1199 2456/662/1793 2455/661/1792
f 2456/662/1793 2457/661/1199 2458/660/1178
f 2459/659/1794 2458/660/1178 2457/661/1199
f 2458/660/1178 2459/659/1794 2460/658/1176
f 2461/657/1795 2460/658/1176 2459/659/1794
f 2460/658/1176 2461/657/1795 2462/656/1796
f 2463/655/1193 2462/656/1796 2461/657/1795
f 2462/656/1796 2463/655/1193 2464/654/1797
f 2465/652/1190 2464/654/1797 2463/655/1193
f 2464/654/1797 2465/652/1190 2466/653/1798
f 2467/789/1799 2468/790/1800 2469/791/1801
f 2470/792/1802 2469/791/1801 2468/790/1800
f 2469/791/1801 2470/792/1802 2471/791/1803
f 2472/793/1804 2471/791/1803 2470/792/1802
f 2471/791/1803 2472/793/1804 2473/794/1805
f 2474/642/1806 2475/644/1184 2476/643/1807
f 2477/645/1808 2476/643/1807 2475/644/1184
f 2476/643/1807 2477/645/1808 2478/646/1196
f 2479/647/1208 2478/646/1196 2477/645/1808
f 2478/646/1196 2479/647/1208 2480/648/1194
f 2481/649/1809 2480/648/1194 2479/647/1208
f 2480/648/1194 2481/649/1809 2482/650/1810
f 2483/651/1811 2482/650/1810 2481/649/1809
f 2482/650/1810 2483/651/1811 2484/652/1190
f 2485/653/1798 2484/652/1190 2483/651/1811
f 2486/664/1201 2487/666/1180 2488/665/1812
f 2489/667/1182 2488/665/1812 2487/666/1180
f 2488/665/1812 2489/667/1182 2490/665/1813
f 2491/668/1184 2490/665/1813 2489/667/1182
f 2490/665/1813 2491/668/1184 2492/669/1806
f 2493/795/1814 2494/796/1815 2495/797/1816
f 2496/798/1817 2495/797/1816 2494/796/1815
f 2495/797/1816 2496/798/1817 2497/799/1818
f 2498/790/1819 2497/799/1818 2496/798/1817
f 2499/800/1820 2500/801/1821 2501/802/1814
f 2502/803/1815 2501/802/1814 2500/801/1821
f 2503/804/1822 2504/805/1823 2505/806/1824
f 2506/807/1804 2505/806/1824 2504/805/1823
f 2507/808/1824 2508/809/1825 2509/810/1822
f 2510/809/1826 2509/810/1822 2508/809/1825
f 2509/810/1822 2510/809/1826 2511/811/1827
f 2512/812/1626 2511/811/1827 2510/809/1826
f 2511/811/1827 2512/812/1626 2513/813/1628
f 2514/814/1828 2515/815/1829 2516/816/1820
f 2517/817/1821 2516/816/1820 2515/815/1829
f 2518/818/1568 2519/819/1566 2520/820/1830
f 2521/821/1831 2520/820/1830 2519/819/1566
f 2520/820/1830 2521/821/1831 2522/822/1828
f 2523/823/1829 2522/822/1828 2521/821/1831
f 2524/824/1832 2525/825/1833 2526/826/1834
f 2527/825/1835 2526/826/1834 2525/825/1833
f 2526/826/1834 2527/825/1835 2528/827/1836
f 2529/825/1837 2528/827/1836 2527/825/1835
f 2528/827/1836 2529/825/1837 2530/828/1838
f 2531/829/1839 2530/828/1838 2529/825/1837
f 2530/828/1838 2531/829/1839 2532/830/1840
f 2533/829/1841 2532/830/1840 2531/829/1839
f 2532/830/1840 2533/829/1841 2534/831/1842
f 2535/832/1843 2534/831/1842 2533/829/1841
f 2534/831/1842 2535/832/1843 2536/833/1844
f 2537/832/1845 2536/833/1844 2535/832/1843
f 2536/833/1844 2537/832/1845 2538/834/1846
f 2539/824/1832 2538/834/1846 2537/832/1845
f 2538/834/1846 2539/824/1832 2540/835/1847
f 2541/826/1848 2540/835/1847 2539/824/1832
f 2542/826/1848 2543/836/1849 2544/835/1850
f 2545/837/1851 2544/835/1850 2543/836/1849
f 2544/835/1850 2545/837/1851 2546/835/1852
f 2547/838/1853 2546/835/1852 2545/837/1851
f 2546/835/1852 2547/838/1853 2548/834/1846
f 2549/839/1854 2548/834/1846 2547/838/1853
f 2548/834/1846 2549/839/1854 2550/833/1855
f 2551/840/1856 2550/833/1855 2549/839/1854
f 2550/833/1855 2551/840/1856 2552/831/1857
f 2553/841/1858 2552/831/1857 2551/840/1856
f 2552/831/1857 2553/841/1858 2554/830/1859
f 2555/842/1860 2554/830/1859 2553/841/1858
f 2554/830/1859 2555/842/1860 2556/828/1838
f 2557/842/1861 2556/828/1838 2555/842/1860
f 2556/828/1838 2557/842/1861 2558/827/1836
f 2559/843/1862 2558/827/1836 2557/842/1861
f 2558/827/1836 2559/843/1862 2560/826/1848
f 2561/836/1863 2560/826/1848 2559/843/1862
f 2562/844/1864 2563/845/1865 2564/846/1866
f 2565/845/1867 2564/846/1866 2563/845/1865
f 2564/846/1866 2565/845/1867 2566/847/1868
f 2567/848/1869 2566/847/1868 2565/845/1867
f 2566/847/1868 2567/848/1869 2568/847/1870
f 2569/849/1796 2568/847/1870 2567/848/1869
f 2568/847/1870 2569/849/1796 2570/847/1871
f 2571/850/1872 2570/847/1871 2569/849/1796
f 2570/847/1871 2571/850/1872 2572/847/1873
f 2573/851/1874 2572/847/1873 2571/850/1872
f 2572/847/1873 2573/851/1874 2574/846/1875
f 2575/851/1798 2574/846/1875 2573/851/1874
f 2574/846/1875 2575/851/1798 2576/852/1876
f 2577/853/1811 2576/852/1876 2575/851/1798
f 2576/852/1876 2577/853/1811 2578/852/1877
f 2579/854/1809 2578/852/1877 2577/853/1811
f 2578/852/1877 2579/854/1809 2580/852/1878
f 2581/855/1879 2580/852/1878 2579/854/1809
f 2580/852/1878 2581/855/1879 2582/852/1880
f 2583/844/1881 2582/852/1880 2581/855/1879
f 2582/852/1880 2583/844/1881 2584/846/1875
f 2585/845/1882 2586/844/1883 2587/846/1884
f 2588/844/1885 2587/846/1884 2586/844/1883
f 2587/846/1884 2588/844/1885 2589/852/1886
f 2590/855/1887 2589/852/1886 2588/844/1885
f 2589/852/1886 2590/855/1887 2591/852/1888
f 2592/854/1341 2591/852/1888 2590/855/1887
f 2591/852/1888 2592/854/1341 2593/852/1889
f 2594/853/1343 2593/852/1889 2592/854/1341
f 2593/852/1889 2594/853/1343 2595/852/1890
f 2596/851/1891 2595/852/1890 2594/853/1343
f 2595/852/1890 2596/851/1891 2597/846/1884
f 2598/851/1345 2597/846/1884 2596/851/1891
f 2597/846/1884 2598/851/1345 2599/847/1892
f 2600/850/1893 2599/847/1892 2598/851/1345
f 2599/847/1892 2600/850/1893 2601/847/1894
f 2602/849/1348 2601/847/1894 2600/850/1893
f 2601/847/1894 2602/849/1348 2603/847/1895
f 2604/848/1896 2603/847/1895 2602/849/1348
f 2603/847/1895 2604/848/1896 2605/847/1897
f 2606/845/1882 2605/847/1897 2604/848/1896
f 2605/847/1897 2606/845/1882 2607/846/1884
f 2608/706/1529 2609/856/1898 2610/857/1899
f 2611/706/1735 2610/857/1899 2609/856/1898
f 2610/857/1899 2611/706/1735 2612/857/1900
f 2613/687/1732 2612/857/1900 2611/706/1735
f 2612/857/1900 2613/687/1732 2614/857/1901
f 2615/690/1478 2614/857/1901 2613/687/1732
f 2614/857/1901 2615/690/1478 2616/857/1902
f 2617/687/1482 2616/857/1902 2615/690/1478
f 2616/857/1902 2617/687/1482 2618/706/1903
f 2619/824/1904 2620/826/1905 2621/825/1906
f 2622/827/1907 2621/825/1906 2620/826/1905
f 2621/825/1906 2622/827/1907 2623/825/1908
f 2624/828/1909 2623/825/1908 2622/827/1907
f 2623/825/1908 2624/828/1909 2625/829/1910
f 2626/830/1911 2625/829/1910 2624/828/1909
f 2625/829/1910 2626/830/1911 2627/829/1912
f 2628/831/1913 2627/829/1912 2626/830/1911
f 2627/829/1912 2628/831/1913 2629/832/1914
f 2630/833/1915 2629/832/1914 2628/831/1913
f 2629/832/1914 2630/833/1915 2631/832/1916
f 2632/834/1917 2631/832/1916 2630/833/1915
f 2631/832/1916 2632/834/1917 2633/824/1904
f 2634/835/1918 2633/824/1904 2632/834/1917
f 2633/824/1904 2634/835/1918 2635/826/1905
f 2636/835/1919 2637/836/1920 2638/826/1905
f 2639/843/1921 2638/826/1905 2637/836/1920
f 2638/826/1905 2639/843/1921 2640/827/1922
f 2641/842/1923 2640/827/1922 2639/843/1921
f 2640/827/1922 2641/842/1923 2642/828/1909
f 2643/842/1924 2642/828/1909 2641/842/1923
f 2642/828/1909 2643/842/1924 2644/830/1925
f 2645/841/1926 2644/830/1925 2643/842/1924
f 2644/830/1925 2645/841/1926 2646/831/1927
f 2647/840/1928 2646/831/1927 2645/841/1926
f 2646/831/1927 2647/840/1928 2648/833/1929
f 2649/839/1930 2648/833/1929 2647/840/1928
f 2648/833/1929 2649/839/1930 2650/834/1917
f 2651/838/1931 2650/834/1917 2649/839/1930
f 2650/834/1917 2651/838/1931 2652/835/1918
f 2653/837/1932 2652/835/1918 2651/838/1931
f 2652/835/1918 2653/837/1932 2654/836/1920
o bodyShape_node243
v 0.000000 0.060288 0.001879
v 0.000807 0.059441 0.001447
v 0.000897 0.060528 0.001598
v 0.000807 0.059441 0.001447
v 0.001088 0.060877 0.000828
v 0.001060 0.059515 0.000829
v 0.001088 0.060877 0.000828
v 0.000852 0.059592 -0.000189
v 0.000882 0.060979 -0.000154
v 0.000852 0.059592 -0.000189
v 0.000000 0.061063 -0.000723
v 0.000852 0.059592 -0.000189
v 0.000000 0.059660 -0.000797
v 0.000852 0.059592 -0.000189
v 0.000000 0.058073 -0.001187
v 0.000852 0.059592 -0.000189
v 0.000869 0.058098 -0.000743
v 0.000852 0.059592 -0.000189
v 0.001226 0.058098 0.000026
v 0.001060 0.059515 0.000829
v 0.001287 0.058010 0.000778
v 0.001060 0.059515 0.000829
v 0.000971 0.057911 0.001466
v 0.000807 0.059441 0.001447
v 0.000000 0.057608 0.002156
v 0.000807 0.059441 0.001447
v 0.000000 0.059433 0.001702
v 0.000000 0.060288 0.001879
v 0.000000 0.059433 0.001702
v -0.000807 0.059441 0.001447
v 0.000000 0.057608 0.002156
v -0.000807 0.059441 0.001447
v -0.000971 0.057911 0.001466
v -0.000807 0.059441 0.001447
v -0.001287 0.058010 0.000778
v -0.001060 0.059515 0.000829
v -0.001226 0.058098 0.000026
v -0.000852 0.059592 -0.000189
v -0.000869 0.058098 -0.000743
v -0.000852 0.059592 -0.000189
v 0.000000 0.058073 -0.001187
v -0.000852 0.059592 -0.000189
v 0.000000 0.059660 -0.000797
v -0.000852 0.059592 -0.000189
v 0.000000 0.061063 -0.000723
v -0.000852 0.059592 -0.000189
v -0.000882 0.060979 -0.000154
v -0.000852 0.059592 -0.000189
v -0.001088 0.060877 0.000828
v -0.001060 0.059515 0.000829
v -0.001088 0.060877 0.000828
v -0.000807 0.059441 0.001447
v -0.000897 0.060528 0.001598
v 0.000000 0.060288 0.001879
vn -0.0000 -0.0925 0.9957
vn 0.1184 -0.0557 0.9914
vn 0.7418 -0.0760 0.6663
vn 0.6855 -0.0115 0.7280
vn 0.9976 -0.0239 0.0643
vn 0.9868 0.0958 0.1302
vn 0.7986 -0.0146 0.6017
vn 0.7863 -0.0150 0.6176
vn 0.8684 -0.0015 -0.4959
vn -0.1301 -0.0022 -0.9915
vn -0.0000 0.0157 -0.9999
vn -0.2147 -0.0158 -0.9765
vn -0.0000 0.1464 -0.9892
vn -0.2233 -0.0748 -0.9719
vn -0.0000 0.5009 -0.8655
vn -0.0775 -0.0583 -0.9953
vn 0.6079 0.5383 -0.5836
vn 0.8044 0.1230 -0.5812
vn 0.8248 0.5214 -0.2185
vn 0.7580 0.1535 0.6340
vn 0.6934 0.6764 0.2485
vn 0.9868 0.0959 0.1302
vn 0.7075 0.3836 0.5936
vn 0.5642 0.0647 0.8231
vn -0.0000 0.4667 0.8844
vn -0.0000 0.0200 0.9998
vn -0.0000 -0.0926 0.9957
vn -0.2041 0.0143 0.9788
vn -0.1629 0.0298 0.9862
vn -0.0935 0.0117 0.9956
vn -0.6313 0.4456 0.6347
vn -0.7209 0.0071 0.6930
vn -0.7487 0.6019 0.2777
vn -0.9933 0.0941 0.0668
vn -0.8248 0.5214 -0.2185
vn -0.8313 0.1765 0.5271
vn -0.6079 0.5383 -0.5836
vn 0.0775 -0.0583 -0.9953
vn 0.2233 -0.0748 -0.9719
vn 0.2147 -0.0158 -0.9765
vn 0.1301 -0.0022 -0.9915
vn -0.8684 -0.0015 -0.4959
vn -0.8044 0.1229 -0.5813
vn -0.9976 -0.0239 0.0642
vn -0.5089 -0.0394 0.8599
vn -0.7418 -0.0760 0.6663
vt 0.004413 1.584476
vt 0.028235 1.547394
vt 0.028792 1.584476
vt 0.057473 1.576817
vt 0.057208 1.547394
vt 0.092478 1.547394
vt 0.092603 1.576817
vt 0.122496 1.576817
vt 0.122114 1.547394
vt 0.121496 1.526426
vt 0.100428 1.526426
vt 0.083577 1.526426
vt 0.057186 1.526426
vt 0.028267 1.526426
vt 0.003848 1.526426
vt 0.003924 1.547394
s 1
usemtl CRM_MI_081_bod_00_node306
f 2655/858/1933 2656/859/1934 2657/860/1935
f 2658/859/1936 2657/860/1935 2656/859/1934
f 2657/860/1935 2658/859/1936 2659/861/1937
f 2660/862/1938 2659/861/1937 2658/859/1936
f 2659/861/1937 2660/862/1938 2661/861/1939
f 2662/863/1940 2661/861/1939 2660/862/1938
f 2661/861/1939 2662/863/1940 2663/864/1941
f 2664/863/1942 2663/864/1941 2662/863/1940
f 2663/864/1941 2664/863/1942 2665/865/1943
f 2666/863/1944 2665/865/1943 2664/863/1942
f 2665/865/1943 2666/863/1944 2667/866/1945
f 2668/863/1946 2667/866/1945 2666/863/1944
f 2667/866/1945 2668/863/1946 2669/867/1947
f 2670/863/1948 2669/867/1947 2668/863/1946
f 2669/867/1947 2670/863/1948 2671/868/1949
f 2672/863/1950 2671/868/1949 2670/863/1948
f 2671/868/1949 2672/863/1950 2673/869/1951
f 2674/862/1952 2673/869/1951 2672/863/1950
f 2673/869/1951 2674/862/1952 2675/870/1953
f 2676/862/1954 2675/870/1953 2674/862/1952
f 2675/870/1953 2676/862/1954 2677/871/1955
f 2678/859/1956 2677/871/1955 2676/862/1954
f 2677/871/1955 2678/859/1956 2679/872/1957
f 2680/859/1936 2679/872/1957 2678/859/1956
f 2679/872/1957 2680/859/1936 2681/873/1958
f 2682/858/1959 2681/873/1958 2680/859/1936
f 2681/873/1958 2682/858/1959 2683/873/1960
f 2684/859/1961 2683/873/1960 2682/858/1959
f 2683/873/1960 2684/859/1961 2685/872/1957
f 2686/859/1962 2685/872/1957 2684/859/1961
f 2685/872/1957 2686/859/1962 2687/871/1963
f 2688/859/1964 2687/871/1963 2686/859/1962
f 2687/871/1963 2688/859/1964 2689/870/1965
f 2690/862/1966 2689/870/1965 2688/859/1964
f 2689/870/1965 2690/862/1966 2691/869/1967
f 2692/863/1968 2691/869/1967 2690/862/1966
f 2691/869/1967 2692/863/1968 2693/868/1969
f 2694/863/1970 2693/868/1969 2692/863/1968
f 2693/868/1969 2694/863/1970 2695/867/1947
f 2696/863/1971 2695/867/1947 2694/863/1970
f 2695/867/1947 2696/863/1971 2697/866/1945
f 2698/863/1972 2697/866/1945 2696/863/1971
f 2697/866/1945 2698/863/1972 2699/865/1943
f 2700/863/1973 2699/865/1943 2698/863/1972
f 2699/865/1943 2700/863/1973 2701/864/1974
f 2702/863/1975 2701/864/1974 2700/863/1973
f 2701/864/1974 2702/863/1975 2703/861/1976
f 2704/862/1966 2703/861/1976 2702/863/1975
f 2703/861/1976 2704/862/1966 2705/861/1977
f 2706/859/1964 2705/861/1977 2704/862/1966
f 2705/861/1977 2706/859/1964 2707/860/1978
f 2708/858/1933 2707/860/1978 2706/859/1964
o body2Shape_node232
v 0.003565 0.056599 -0.000545
v 0.001332 0.054550 0.004611
v 0.001951 0.056250 0.003243
v -0.000002 0.065627 -0.004061
v 0.002807 0.070812 -0.001005
v 0.001784 0.071454 -0.001064
v -0.001951 0.056250 0.003243
v -0.001332 0.054550 0.004607
v -0.003565 0.056599 -0.000545
v -0.001412 0.055969 -0.003034
v -0.003267 0.057864 -0.002858
v -0.003565 0.056599 -0.000545
v -0.003479 0.058436 -0.000991
v 0.001412 0.055969 -0.003034
v 0.003565 0.056599 -0.000545
v 0.003267 0.057864 -0.002858
v 0.003479 0.058436 -0.000991
v 0.001951 0.056250 0.003243
v 0.002164 0.057242 0.002153
v 0.003565 0.056599 -0.000545
v 0.002369 0.058414 0.001101
v 0.003565 0.056599 -0.000545
v 0.003304 0.058558 0.000055
v 0.003479 0.058436 -0.000991
v 0.001412 0.055969 -0.003034
v 0.000900 0.059444 -0.003390
v 0.000000 0.055921 -0.002960
v 0.000900 0.059444 -0.003390
v -0.000001 0.059413 -0.003343
v -0.000002 0.065627 -0.004061
v -0.001951 0.056250 0.003243
v -0.003565 0.056599 -0.000545
v -0.002164 0.057242 0.002153
v -0.003565 0.056599 -0.000545
v -0.002369 0.058414 0.001101
v -0.003565 0.056599 -0.000545
v -0.003304 0.058558 0.000055
v -0.003479 0.058436 -0.000991
v -0.001412 0.055969 -0.003034
v 0.000000 0.055921 -0.002960
v -0.000902 0.059444 -0.003390
v -0.000001 0.059413 -0.003343
v -0.000002 0.065627 -0.004061
v 0.001784 0.071454 -0.001064
v -0.000002 0.071783 -0.001043
v -0.000002 0.065627 -0.004061
v -0.001787 0.071454 -0.001064
v -0.000002 0.065627 -0.004061
v -0.002811 0.070812 -0.001005
v -0.000002 0.065627 -0.004061
v -0.004432 0.070249 -0.001848
v -0.000002 0.065627 -0.004061
v -0.005398 0.069153 -0.002365
v -0.000002 0.065627 -0.004061
v -0.005594 0.066146 -0.002469
v -0.000002 0.065627 -0.004061
v -0.005294 0.062782 -0.002219
v -0.002673 0.062420 -0.002822
v -0.004108 0.060697 -0.002157
v -0.002673 0.062420 -0.002822
v -0.002086 0.059801 -0.003279
v -0.000002 0.065627 -0.004061
v -0.002086 0.059801 -0.003279
v -0.000902 0.059444 -0.003390
v -0.002086 0.059801 -0.003279
v -0.001412 0.055969 -0.003034
v -0.002086 0.059801 -0.003279
v -0.003267 0.057864 -0.002858
v -0.004108 0.060697 -0.002157
v 0.001412 0.055969 -0.003034
v 0.003267 0.057864 -0.002858
v 0.000900 0.059444 -0.003390
v 0.002085 0.059801 -0.003279
v -0.000002 0.065627 -0.004061
v 0.002085 0.059801 -0.003279
v 0.002670 0.062420 -0.002822
v 0.002085 0.059801 -0.003279
v 0.004105 0.060697 -0.002157
v 0.003267 0.057864 -0.002858
v 0.004105 0.060697 -0.002157
v 0.005290 0.062782 -0.002219
v 0.002670 0.062420 -0.002822
v 0.005290 0.062782 -0.002219
v -0.000002 0.065627 -0.004061
v 0.005591 0.066146 -0.002469
v -0.000002 0.065627 -0.004061
v 0.005394 0.069153 -0.002365
v -0.000002 0.065627 -0.004061
v 0.004429 0.070249 -0.001848
v 0.002807 0.070812 -0.001005
vn -0.9211 0.0159 -0.3891
vn -0.0000 -0.1503 0.9886
vn -0.0317 -0.4908 0.8707
vn -0.1747 -0.4050 0.8974
vn 0.9211 0.0159 -0.3891
vn 0.6651 0.6176 0.4197
vn 0.9000 0.3237 0.2921
vn 0.9800 0.0237 -0.1975
vn 0.9987 -0.0476 -0.0159
vn -0.6651 0.6176 0.4197
vn -0.9800 0.0237 -0.1976
vn -0.9000 0.3237 0.2921
vn -0.9987 -0.0476 -0.0159
vn -0.8853 -0.2450 -0.3952
vn -0.8858 -0.2294 -0.4034
vn -0.9800 0.0237 -0.1975
vn -0.8368 -0.0553 -0.5447
vn -0.6319 0.0059 0.7750
vn -0.9082 0.0079 -0.4185
vn -0.0552 0.0947 0.9940
vn 0.0097 0.0219 0.9997
vn -0.0000 0.1026 0.9947
vn -0.0395 0.0947 0.9947
vn -0.0000 0.1104 0.9939
vn 0.8853 -0.2450 -0.3952
vn -0.1808 0.0509 -0.9822
vn 0.8858 -0.2294 -0.4035
vn -0.1606 0.0386 -0.9863
vn 0.8368 -0.0553 -0.5447
vn 0.9800 0.0237 -0.1976
vn 0.9082 0.0079 -0.4185
vn 0.0873 0.0952 0.9916
vn 0.0316 0.0948 0.9950
vn -0.0000 -0.4345 0.9007
vn 0.1747 -0.4050 0.8975
vn 0.0153 -0.0200 0.9997
vn 0.0317 -0.4908 0.8707
vn -0.0177 -0.0490 0.9986
vn -0.1030 -0.5073 0.8556
vn 0.0002 -0.0295 0.9996
vn 0.1349 -0.2459 0.9599
vn 0.0351 -0.0066 0.9994
vn 0.2757 0.0157 0.9611
vn 0.0998 0.0465 0.9939
vn 0.2531 0.1423 0.9569
vn 0.3558 0.0554 0.9329
vn 0.3891 0.0080 0.9212
vn 0.3203 -0.0335 0.9467
vn 0.2404 -0.0251 0.9703
vn 0.0391 0.0292 0.9988
vn 0.0311 0.0221 0.9993
vn 0.0872 0.0952 0.9916
vn 0.3091 0.0079 0.9510
vn 0.3233 -0.0000 0.9463
vn -0.3162 0.0079 0.9487
vn -0.0867 0.0772 0.9932
vn -0.0000 -0.1502 0.9886
vn -0.0799 -0.0084 0.9968
vn -0.3559 0.0474 0.9333
vn -0.3090 0.0158 0.9509
vn -0.3559 0.0475 0.9333
vn -0.0922 0.0631 0.9937
vn -0.2530 0.1423 0.9569
vn -0.2757 0.0157 0.9611
vn -0.0351 -0.0066 0.9994
vn -0.1349 -0.2459 0.9599
vn 0.0292 -0.1305 0.9910
vn 0.1030 -0.5071 0.8557
vt 0.089488 1.324278
vt 0.069074 1.332392
vt 0.108311 1.405106
vt 0.305745 1.786477
vt 0.101964 1.710217
vt 0.058988 1.719059
vt 0.567977 1.699762
vt 0.494943 1.725639
vt 0.482703 1.681899
vt 0.469482 1.687321
vt 0.137792 1.446339
vt 0.253611 1.572493
vt 0.178088 1.525459
vt 0.202661 1.548669
vt 0.227233 1.571879
vt 0.476345 1.730063
vt 0.602644 1.695888
vt 0.498898 1.727542
vt 0.476345 1.730063
vt 0.003709 1.728560
vt 0.155703 1.718598
vt 0.198720 1.726674
vt 0.257477 1.727389
vt 0.342660 1.729960
vt 0.382324 1.749428
vt 0.423456 1.729528
vt 0.428831 1.746897
vt 0.382324 1.749428
s 1
usemtl PromotedAttr_node306
f 2709/874/1979 2710/875/1979 2711/876/1979
f 2712/877/1980 2713/878/1981 2714/879/1982
f 2715/876/1983 2716/875/1983 2717/874/1983
f 2718/880/1984 2719/881/1985 2720/882/1986
f 2721/883/1987 2720/882/1986 2719/881/1985
f 2722/880/1988 2723/882/1989 2724/881/1990
f 2725/883/1991 2724/881/1990 2723/882/1989
f 2726/876/1992 2727/884/1993 2728/885/1994
f 2729/886/1995 2728/885/1994 2727/884/1993
f 2728/885/1994 2729/886/1995 2730/885/1996
f 2731/887/1997 2730/885/1996 2729/886/1995
f 2730/885/1996 2731/887/1997 2732/888/1991
f 2733/880/1998 2734/889/1999 2735/890/2000
f 2736/889/2001 2735/890/2000 2734/889/1999
f 2735/890/2000 2736/889/2001 2737/891/2002
f 2738/877/1980 2737/891/2002 2736/889/2001
f 2739/876/2003 2740/885/2004 2741/884/2005
f 2742/885/2006 2741/884/2005 2740/885/2004
f 2741/884/2005 2742/885/2006 2743/886/2007
f 2744/885/2008 2743/886/2007 2742/885/2006
f 2743/886/2007 2744/885/2008 2745/887/2009
f 2746/888/1987 2745/887/2009 2744/885/2008
f 2747/880/2010 2748/890/2000 2749/892/2011
f 2750/891/2002 2749/892/2011 2748/890/2000
f 2749/892/2011 2750/891/2002 2751/877/1980
f 2752/879/1982 2753/893/2012 2754/877/1980
f 2755/879/2013 2754/877/1980 2753/893/2012
f 2754/877/1980 2755/879/2013 2756/877/2014
f 2757/878/2015 2756/877/2014 2755/879/2013
f 2756/877/2014 2757/878/2015 2758/877/2016
f 2759/894/2017 2758/877/2016 2757/878/2015
f 2758/877/2016 2759/894/2017 2760/877/2018
f 2761/895/2019 2760/877/2018 2759/894/2017
f 2760/877/2018 2761/895/2019 2762/877/2020
f 2763/896/2021 2762/877/2020 2761/895/2019
f 2762/877/2020 2763/896/2021 2764/877/2022
f 2765/897/2023 2764/877/2022 2763/896/2021
f 2764/877/2022 2765/897/2023 2766/898/2024
f 2767/899/2025 2766/898/2024 2765/897/2023
f 2766/898/2024 2767/899/2025 2768/898/2026
f 2769/900/2027 2768/898/2026 2767/899/2025
f 2768/898/2026 2769/900/2027 2770/877/1980
f 2771/900/2028 2770/877/1980 2769/900/2027
f 2770/877/1980 2771/900/2028 2772/892/2011
f 2773/900/2029 2772/892/2011 2771/900/2028
f 2772/892/2011 2773/900/2029 2774/880/2030
f 2775/900/2031 2774/880/2030 2773/900/2029
f 2774/880/2030 2775/900/2031 2776/881/2032
f 2777/899/2025 2776/881/2032 2775/900/2031
f 2778/880/1998 2779/881/2033 2780/889/2001
f 2781/900/2034 2780/889/2001 2779/881/2033
f 2780/889/2001 2781/900/2034 2782/877/2035
f 2783/900/2036 2782/877/2035 2781/900/2034
f 2782/877/2035 2783/900/2036 2784/901/2037
f 2785/900/2038 2784/901/2037 2783/900/2036
f 2784/901/2037 2785/900/2038 2786/899/2039
f 2787/881/2033 2786/899/2039 2785/900/2038
f 2788/899/2039 2789/897/2040 2790/901/2039
f 2791/897/2041 2790/901/2039 2789/897/2040
f 2790/901/2039 2791/897/2041 2792/877/1980
f 2793/896/2042 2792/877/1980 2791/897/2041
f 2792/877/1980 2793/896/2042 2794/877/2043
f 2795/895/2044 2794/877/2043 2793/896/2042
f 2794/877/2043 2795/895/2044 2796/877/2045
f 2797/894/2046 2796/877/2045 2795/895/2044
f 2796/877/2045 2797/894/2046 2798/878/1981
o body1Shape_node273
v 0.020787 0.049300 0.000454
v 0.020288 0.048607 0.002059
v 0.020120 0.047664 0.000186
v 0.017650 0.048879 0.000255
v 0.016669 0.048374 0.001349
v 0.017523 0.049923 0.001553
v 0.019484 0.047253 -0.001816
v 0.020120 0.047664 0.000186
v 0.019088 0.046066 -0.000154
v 0.017991 0.050556 0.000315
v 0.017650 0.048879 0.000255
v 0.017523 0.049923 0.001553
v 0.019442 0.046844 0.001705
v 0.019088 0.046066 -0.000154
v 0.020120 0.047664 0.000186
v 0.017597 0.050058 -0.001284
v 0.017650 0.048879 0.000255
v 0.017991 0.050556 0.000315
v 0.016537 0.047781 -0.000101
v 0.017650 0.048879 0.000255
v 0.016976 0.048907 -0.001558
v 0.017597 0.050058 -0.001284
v 0.016976 0.048907 -0.001558
v 0.017650 0.048879 0.000255
v 0.016669 0.048374 0.001349
v 0.017650 0.048879 0.000255
v 0.016537 0.047781 -0.000101
v 0.004119 0.057354 0.000010
v 0.004119 0.057354 0.000010
v 0.004675 0.057239 0.000024
v 0.006839 0.055994 0.000044
v 0.005524 0.056758 0.000024
v 0.006621 0.055499 0.000975
v 0.005170 0.056274 0.001002
v 0.003917 0.054911 -0.000029
v 0.005626 0.054021 -0.000002
v 0.004124 0.055040 0.000738
v 0.005626 0.054021 -0.000002
v 0.005768 0.054192 0.000762
v 0.011256 0.051088 0.000089
v 0.005768 0.054192 0.000762
v 0.011336 0.051319 0.000842
v 0.005768 0.054192 0.000762
v 0.006113 0.054738 0.001206
v 0.004124 0.055040 0.000738
v 0.006113 0.054738 0.001206
v 0.004618 0.055496 0.001206
v 0.006113 0.054738 0.001206
v 0.005170 0.056274 0.001002
v 0.006113 0.054738 0.001206
v 0.006621 0.055499 0.000975
v 0.006113 0.054738 0.001206
v 0.011625 0.051943 0.001204
v 0.011336 0.051319 0.000842
v 0.011625 0.051943 0.001204
v 0.012668 0.051422 0.001333
v 0.011625 0.051943 0.001204
v 0.011943 0.052657 0.000875
v 0.006621 0.055499 0.000975
v 0.012066 0.052958 0.000122
v 0.006839 0.055994 0.000044
v 0.011977 0.052700 -0.000726
v 0.006839 0.055994 0.000044
v 0.006717 0.055742 -0.000701
v 0.006839 0.055994 0.000044
v 0.005361 0.056527 -0.000694
v 0.005524 0.056758 0.000024
v 0.004675 0.057239 0.000024
v 0.005524 0.056758 0.000024
v 0.004419 0.056708 0.001090
v 0.005170 0.056274 0.001002
v 0.004419 0.056708 0.001090
v 0.004618 0.055496 0.001206
v 0.004118 0.055772 0.001272
v 0.004124 0.055040 0.000738
v 0.004675 0.057239 0.000024
v 0.005361 0.056527 -0.000694
v 0.004569 0.057062 -0.000707
v 0.005361 0.056527 -0.000694
v 0.004276 0.056029 -0.001246
v 0.004936 0.055920 -0.001141
v 0.004090 0.055150 -0.000779
v 0.004936 0.055920 -0.001141
v 0.006284 0.055116 -0.001118
v 0.005361 0.056527 -0.000694
v 0.006284 0.055116 -0.001118
v 0.006717 0.055742 -0.000701
v 0.006284 0.055116 -0.001118
v 0.011977 0.052700 -0.000726
v 0.006284 0.055116 -0.001118
v 0.011642 0.051923 -0.001028
v 0.006284 0.055116 -0.001118
v 0.005774 0.054271 -0.000758
v 0.004090 0.055150 -0.000779
v 0.003917 0.054911 -0.000029
v 0.020787 0.049300 0.000454
v 0.020120 0.047664 0.000186
v 0.020298 0.048552 -0.001409
v 0.019484 0.047253 -0.001816
v 0.020120 0.047664 0.000186
v 0.020288 0.048607 0.002059
v 0.019442 0.046844 0.001705
v 0.018692 0.046914 0.002083
v 0.019088 0.046066 -0.000154
v 0.018692 0.046914 0.002083
v 0.018474 0.046068 -0.000130
v 0.018692 0.046914 0.002083
v 0.017525 0.046871 -0.000111
v 0.017804 0.047739 0.001914
v 0.016525 0.047020 -0.000163
v 0.017804 0.047739 0.001914
v 0.016844 0.047974 0.002007
v 0.018723 0.049446 0.002029
v 0.017970 0.050094 0.002279
v 0.017804 0.047739 0.001914
v 0.018692 0.046914 0.002083
v 0.018723 0.049446 0.002029
v 0.018692 0.046914 0.002083
v 0.019816 0.049122 0.002431
v 0.020288 0.048607 0.002059
v 0.019816 0.049122 0.002431
v 0.020787 0.049300 0.000454
v 0.019816 0.049122 0.002431
v 0.020469 0.049989 0.000468
v 0.018723 0.049446 0.002029
v 0.019290 0.050166 0.000436
v 0.017970 0.050094 0.002279
v 0.018628 0.051015 0.000339
v 0.018628 0.051015 0.000339
v 0.018074 0.050264 -0.001772
v 0.017991 0.050556 0.000315
v 0.018074 0.050264 -0.001772
v 0.017597 0.050058 -0.001284
v 0.017140 0.048581 -0.002336
v 0.016976 0.048907 -0.001558
v 0.017140 0.048581 -0.002336
v 0.016537 0.047781 -0.000101
v 0.016525 0.047020 -0.000163
v 0.020787 0.049300 0.000454
v 0.020298 0.048552 -0.001409
v 0.020469 0.049989 0.000468
v 0.020298 0.048552 -0.001409
v 0.019874 0.049125 -0.001799
v 0.019484 0.047253 -0.001816
v 0.019874 0.049125 -0.001799
v 0.018910 0.047482 -0.002175
v 0.018053 0.048133 -0.001639
v 0.017525 0.046871 -0.000111
v 0.018053 0.048133 -0.001639
v 0.016525 0.047020 -0.000163
v 0.018053 0.048133 -0.001639
v 0.017140 0.048581 -0.002336
v 0.018053 0.048133 -0.001639
v 0.018810 0.049507 -0.001394
v 0.019874 0.049125 -0.001799
v 0.018810 0.049507 -0.001394
v 0.020469 0.049989 0.000468
v 0.018810 0.049507 -0.001394
v 0.019290 0.050166 0.000436
v 0.018810 0.049507 -0.001394
v 0.018628 0.051015 0.000339
v 0.018810 0.049507 -0.001394
v 0.018074 0.050264 -0.001772
v 0.017140 0.048581 -0.002336
v 0.017525 0.046871 -0.000111
v 0.018910 0.047482 -0.002175
v 0.018474 0.046068 -0.000130
v 0.019484 0.047253 -0.001816
v 0.019088 0.046066 -0.000154
v 0.018628 0.051015 0.000339
v 0.017991 0.050556 0.000315
v 0.017970 0.050094 0.002279
v 0.017523 0.049923 0.001553
v 0.017970 0.050094 0.002279
v 0.016669 0.048374 0.001349
v 0.016844 0.047974 0.002007
v 0.016537 0.047781 -0.000101
v 0.016525 0.047020 -0.000163
v 0.011256 0.051088 0.000089
v 0.012232 0.050514 0.000113
v 0.011336 0.051319 0.000842
v 0.012402 0.050788 0.000928
v 0.011625 0.051943 0.001204
v 0.012709 0.051394 0.001303
v 0.011625 0.051943 0.001204
v 0.013035 0.052124 0.000985
v 0.011943 0.052657 0.000875
v 0.013168 0.052448 0.000123
v 0.012066 0.052958 0.000122
v 0.013040 0.052102 -0.000828
v 0.011977 0.052700 -0.000726
v 0.013040 0.052102 -0.000828
v 0.011642 0.051923 -0.001028
v 0.012711 0.051367 -0.001169
v 0.011366 0.051353 -0.000688
v 0.012489 0.050760 -0.000757
v 0.011256 0.051088 0.000089
v 0.012489 0.050760 -0.000757
v 0.012232 0.050514 0.000113
v 0.012489 0.050760 -0.000757
v 0.013145 0.050079 0.000140
v 0.012489 0.050760 -0.000757
v 0.013290 0.050368 -0.000754
v 0.012489 0.050760 -0.000757
v 0.013528 0.050914 -0.001117
v 0.012711 0.051367 -0.001169
v 0.013863 0.051588 -0.000741
v 0.013040 0.052102 -0.000828
v 0.014028 0.051921 0.000158
v 0.013168 0.052448 0.000123
v 0.013854 0.051572 0.000962
v 0.013035 0.052124 0.000985
v 0.013515 0.050891 0.001325
v 0.012709 0.051394 0.001303
v 0.013515 0.050891 0.001325
v 0.012402 0.050788 0.000928
v 0.013280 0.050352 0.000949
v 0.012232 0.050514 0.000113
v 0.013145 0.050079 0.000140
v 0.000176 0.051886 0.005267
v -0.000176 0.051886 0.005267
v 0.000176 0.051886 0.005141
v -0.000176 0.051886 0.005141
v 0.000176 0.052356 0.005141
v 0.000176 0.052356 0.005267
v 0.000176 0.051886 0.005141
v 0.000176 0.051886 0.005267
v 0.000176 0.052356 0.005267
v -0.000176 0.052356 0.005267
v 0.000176 0.051886 0.005267
v -0.000176 0.051886 0.005267
v -0.000176 0.052356 0.005267
v -0.000176 0.052356 0.005141
v -0.000176 0.051886 0.005267
v -0.000176 0.051886 0.005141
v 0.000176 0.052356 0.005141
v -0.000176 0.052356 0.005141
v 0.000176 0.052356 0.005267
v -0.000176 0.052356 0.005267
v 0.003917 0.054911 -0.000029
v 0.005774 0.054271 -0.000758
v 0.005626 0.054021 -0.000002
v 0.011366 0.051353 -0.000688
v 0.011256 0.051088 0.000089
v 0.011366 0.051353 -0.000688
v 0.012185 0.050508 0.000107
v 0.012464 0.050752 -0.000788
v 0.012185 0.050508 0.000107
v 0.013290 0.050368 -0.000754
v 0.013145 0.050079 0.000139
v 0.013290 0.050368 -0.000754
v 0.018059 0.047725 0.000057
v 0.013290 0.050368 -0.000754
v 0.018126 0.047920 -0.000571
v 0.013290 0.050368 -0.000754
v 0.018356 0.048523 -0.000786
v 0.013528 0.050914 -0.001117
v 0.018527 0.048889 -0.000475
v 0.013863 0.051589 -0.000742
v 0.018630 0.049076 0.000261
v 0.014028 0.051921 0.000158
v 0.018544 0.048839 0.000838
v 0.013854 0.051573 0.000962
v 0.018318 0.048287 0.001054
v 0.013515 0.050892 0.001324
v 0.018318 0.048287 0.001054
v 0.013281 0.050352 0.000949
v 0.018141 0.047870 0.000701
v 0.013145 0.050079 0.000139
v 0.018059 0.047725 0.000057
v 0.005774 0.054271 -0.000758
v 0.011642 0.051923 -0.001028
v 0.011366 0.051353 -0.000688
v 0.011642 0.051923 -0.001028
v 0.012464 0.050752 -0.000788
v 0.012681 0.051391 -0.001136
v 0.013290 0.050368 -0.000754
v 0.012681 0.051391 -0.001136
v 0.013528 0.050914 -0.001117
v 0.012977 0.052121 -0.000810
v 0.013863 0.051589 -0.000742
v 0.013111 0.052448 0.000113
v 0.014028 0.051921 0.000158
v 0.013026 0.052126 0.000957
v 0.013854 0.051573 0.000962
v 0.012668 0.051422 0.001333
v 0.013515 0.050892 0.001324
v 0.012668 0.051422 0.001333
v 0.013281 0.050352 0.000949
v 0.012343 0.050805 0.000944
v 0.013145 0.050079 0.000139
v 0.012343 0.050805 0.000944
v 0.012185 0.050508 0.000107
v 0.012343 0.050805 0.000944
v 0.011256 0.051088 0.000089
v 0.012343 0.050805 0.000944
v 0.011336 0.051319 0.000842
v 0.012668 0.051422 0.001333
v 0.012668 0.051422 0.001333
v 0.013026 0.052126 0.000957
v 0.011943 0.052657 0.000875
v 0.013026 0.052126 0.000957
v 0.012066 0.052958 0.000122
v 0.013111 0.052448 0.000113
v 0.011977 0.052700 -0.000726
v 0.012977 0.052121 -0.000810
v 0.011977 0.052700 -0.000726
v 0.012681 0.051391 -0.001136
v 0.011642 0.051923 -0.001028
v 0.004675 0.057239 0.000024
v 0.004119 0.057354 0.000010
v 0.004419 0.056708 0.001090
v 0.004113 0.057136 0.000952
v 0.004419 0.056708 0.001090
v 0.004067 0.056598 0.001578
v 0.004419 0.056708 0.001090
v 0.004075 0.055630 0.001887
v 0.004118 0.055772 0.001272
v 0.004075 0.055630 0.001887
v 0.004124 0.055040 0.000738
v 0.004155 0.054492 0.001463
v 0.003917 0.054911 -0.000029
v 0.004201 0.053906 0.000522
v 0.004675 0.057239 0.000024
v 0.004569 0.057062 -0.000707
v 0.004119 0.057354 0.000010
v 0.004569 0.057062 -0.000707
v 0.004142 0.056911 -0.001012
v 0.004276 0.056029 -0.001246
v 0.004018 0.055899 -0.001332
v 0.004276 0.056029 -0.001246
v 0.004018 0.055899 -0.001332
v 0.004090 0.055150 -0.000779
v 0.003971 0.054399 -0.000800
v 0.003917 0.054911 -0.000029
v 0.004201 0.053906 0.000522
v -0.018959 0.047561 0.001393
v -0.018792 0.047797 0.000083
v -0.018730 0.046928 0.000849
v -0.018792 0.047797 0.000083
v -0.018678 0.046749 -0.000022
v -0.018792 0.047797 0.000083
v -0.018739 0.047030 -0.000861
v -0.019148 0.048067 -0.001120
v -0.019148 0.048067 -0.001120
v -0.018792 0.047797 0.000083
v -0.019372 0.048497 -0.000633
v -0.018792 0.047797 0.000083
v -0.019502 0.048682 0.000365
v -0.018792 0.047797 0.000083
v -0.019352 0.048368 0.001172
v -0.018959 0.047561 0.001393
v 0.018853 0.047877 0.001389
v 0.018623 0.047248 0.000848
v 0.018733 0.048159 0.000183
v 0.018570 0.047068 -0.000020
v 0.018733 0.048159 0.000183
v 0.018636 0.047345 -0.000857
v 0.019041 0.048381 -0.001115
v 0.019041 0.048381 -0.001115
v 0.019265 0.048810 -0.000631
v 0.018733 0.048159 0.000183
v 0.019395 0.048996 0.000368
v 0.018733 0.048159 0.000183
v 0.019242 0.048683 0.001171
v 0.018853 0.047877 0.001389
v 0.001087 0.042700 0.003809
v 0.002146 0.042716 0.003517
v 0.001953 0.044245 0.003455
v 0.002146 0.042716 0.003517
v 0.004122 0.044283 0.002154
v 0.004610 0.042980 0.002012
v 0.004214 0.044274 -0.000289
v 0.004577 0.043057 -0.000554
v 0.004214 0.044274 -0.000289
v 0.002640 0.043092 -0.001699
v 0.002587 0.044275 -0.001418
v 0.001309 0.043106 -0.002036
v 0.000000 0.044291 -0.001949
v 0.000000 0.043114 -0.002236
v 0.000000 0.044291 -0.001949
v -0.002640 0.043092 -0.001699
v -0.002587 0.044275 -0.001418
v -0.004577 0.043057 -0.000554
v -0.004214 0.044274 -0.000289
v -0.004610 0.042980 0.002012
v -0.004122 0.044283 0.002154
v -0.002146 0.042716 0.003517
v -0.001953 0.044245 0.003455
v 0.000000 0.042648 0.003989
v 0.000000 0.044245 0.003828
v 0.001087 0.042700 0.003809
v 0.001953 0.044245 0.003455
vn 0.9883 0.0993 0.1161
vn 0.7818 -0.2573 0.5680
vn 0.8858 -0.4638 -0.0166
vn -0.8808 0.4726 -0.0302
vn -0.9088 0.4110 0.0719
vn -0.8576 0.5132 -0.0335
vn 0.5488 -0.5596 -0.6210
vn 0.4260 -0.9047 0.0119
vn -0.7542 0.6566 0.0015
vn -0.8808 0.4725 -0.0302
vn 0.6319 -0.6563 0.4123
vn -0.8341 0.5420 -0.1025
vn -0.9699 0.2422 -0.0270
vn -0.9004 0.4351 -0.0023
vn -0.8808 0.4725 -0.0303
vn -0.0000 -0.0000 -1.0000
vn 0.8537 0.5207 -0.0092
vn 0.3961 0.9181 0.0135
vn 0.4995 0.8637 -0.0669
vn 0.4890 0.8394 0.2371
vn 0.3308 0.5900 0.7365
vn 0.2798 0.4289 0.8589
vn 0.7092 -0.6798 -0.1867
vn -0.1083 -0.2060 0.9726
vn 0.2768 -0.7512 0.5993
vn -0.4606 -0.8865 -0.0435
vn -0.3959 -0.7506 0.5290
vn -0.4853 -0.8686 0.0997
vn -0.0173 -0.0332 0.9993
vn -0.3487 -0.5973 0.7222
vn -0.1871 -0.3467 0.9191
vn -0.1761 -0.3262 0.9287
vn 0.2768 -0.7512 0.5992
vn -0.0303 -0.0599 0.9977
vn -0.0013 -0.1469 0.9892
vn 0.0145 0.0286 0.9995
vn 0.2799 0.4290 0.8589
vn 0.0343 0.0552 0.9979
vn 0.3309 0.5900 0.7365
vn -0.1062 -0.2071 0.9725
vn -0.0255 0.0337 0.9991
vn -0.3488 -0.5973 0.7222
vn -0.1023 -0.1295 0.9863
vn -0.0556 -0.0203 0.9982
vn 0.0895 0.2448 0.9654
vn 0.2640 0.5969 0.7576
vn 0.4537 0.8716 0.1856
vn 0.4996 0.8637 -0.0668
vn 0.3347 0.6466 -0.6855
vn 0.2232 0.3872 0.8946
vn 0.3763 0.6559 -0.6544
vn 0.4147 0.7154 0.5624
vn 0.3923 0.6581 -0.6427
vn 0.2533 0.4202 0.8713
vn 0.2571 0.4161 0.8722
vn 0.2799 0.4289 0.8589
vn 0.6043 0.4898 0.6284
vn 0.6976 -0.2867 0.6566
vn -0.2372 -0.3482 -0.9069
vn 0.3261 0.7419 -0.5859
vn 0.3922 0.6581 -0.6427
vn 0.3137 0.0858 -0.9456
vn 0.3983 0.3880 -0.8312
vn 0.3386 -0.5249 -0.7809
vn 0.1127 0.0436 -0.9927
vn 0.0736 0.1042 -0.9918
vn -0.1195 -0.2102 -0.9703
vn 0.3763 0.6559 -0.6543
vn -0.1578 -0.2776 -0.9476
vn -0.0089 -0.0137 -0.9999
vn -0.1241 -0.1562 -0.9799
vn -0.3303 -0.6359 -0.6975
vn -0.3275 -0.6388 -0.6962
vn 0.7092 -0.6798 -0.1868
vn 0.9116 -0.0419 -0.4089
vn 0.8858 -0.4638 -0.0165
vn 0.1572 -0.4013 0.9023
vn 0.4260 -0.9047 0.0118
vn 0.0008 -0.0738 0.9973
vn -0.2712 -0.9321 -0.2400
vn -0.1440 -0.5978 0.7886
vn -0.5528 -0.8220 -0.1369
vn -0.3766 -0.4690 0.7989
vn -0.5697 -0.8125 -0.1238
vn -0.2616 -0.6001 0.7560
vn -0.6412 -0.2309 0.7318
vn 0.1047 0.3688 0.9236
vn -0.2821 0.6914 0.6651
vn -0.0579 0.0081 0.9983
vn 0.4531 0.3638 0.8139
vn 0.1964 0.1035 0.9750
vn 0.9883 0.0994 0.1158
vn 0.1570 0.5112 0.8450
vn 0.5414 0.8401 -0.0343
vn 0.1048 0.3688 0.9236
vn 0.5487 0.8210 0.1578
vn -0.2822 0.6914 0.6651
vn 0.2938 0.9533 -0.0702
vn 0.2938 0.9533 -0.0703
vn 0.1275 -0.1784 -0.9757
vn -0.1613 0.7997 -0.5783
vn 0.5342 -0.3702 -0.7600
vn -0.5461 0.0500 -0.8362
vn -0.9698 0.2422 -0.0269
vn -0.5697 -0.8125 -0.1239
vn -0.1787 -0.0840 -0.9803
vn 0.5414 0.8401 -0.0344
vn 0.3279 0.3587 -0.8740
vn -0.0261 -0.2508 -0.9677
vn -0.2507 -0.4089 -0.8775
vn -0.1477 -0.3137 -0.9380
vn 0.0118 0.1134 -0.9935
vn -0.5696 -0.8125 -0.1238
vn -0.0243 0.5122 -0.8585
vn -0.5461 0.0501 -0.8362
vn 0.8927 -0.0935 -0.4408
vn -0.1126 0.6488 -0.7526
vn -0.0787 -0.4049 -0.9110
vn 0.5413 0.8401 -0.0347
vn -0.0235 -0.1459 -0.9890
vn -0.1222 -0.0881 -0.9886
vn 0.4505 0.5299 -0.7185
vn 0.4259 -0.9047 0.0119
vn -0.3832 0.1830 0.9054
vn -0.4942 -0.8575 -0.1430
vn -0.4634 -0.8783 0.1181
vn -0.4231 -0.7195 0.5507
vn -0.3400 -0.5822 0.7386
vn -0.0978 -0.0125 0.9951
vn -0.0772 -0.0318 0.9965
vn 0.0501 0.1952 0.9795
vn 0.2750 0.5436 0.7930
vn 0.3055 0.7362 0.6038
vn 0.4712 0.8685 0.1540
vn 0.4343 0.8958 -0.0950
vn 0.3428 0.7002 0.6263
vn 0.3004 0.6529 -0.6953
vn 0.3615 0.6664 -0.6521
vn -0.0488 0.1242 -0.9911
vn -0.0378 -0.0509 -0.9980
vn -0.3727 -0.5813 -0.7233
vn -0.5152 -0.8517 0.0955
vn -0.4943 -0.8575 -0.1427
vn 0.1312 0.2271 -0.9650
vn 0.1177 0.2537 -0.9601
vn -0.4299 -0.8947 -0.1213
vn 0.1138 0.2328 -0.9658
vn -0.3389 -0.6960 -0.6330
vn -0.3715 -0.7138 -0.5936
vn -0.0696 -0.2222 -0.9725
vn 0.3761 0.5081 -0.7748
vn 0.5295 0.8415 -0.1073
vn 0.4385 0.6678 0.6014
vn 0.2749 0.5436 0.7930
vn -0.0259 -0.0570 0.9980
vn -0.1417 -0.2388 0.9607
vn -0.3793 -0.7480 0.5446
vn -0.4299 -0.8947 -0.1215
vn 0.4082 -0.4082 0.8165
vn -0.6667 -0.6667 0.3333
vn 0.7071 -0.7071 -0.0000
vn -0.7071 -0.7071 0.0002
vn 0.7071 0.7071 -0.0000
vn 0.6667 0.6667 0.3333
vn 0.7071 -0.7071 0.0002
vn 0.6666 0.6667 0.3333
vn -0.4083 0.4082 0.8165
vn 0.4083 -0.4082 0.8165
vn -0.6666 -0.6667 0.3333
vn -0.4082 0.4082 0.8165
vn -0.7071 0.7071 0.0002
vn -0.7071 -0.7071 -0.0000
vn 0.7071 0.7071 0.0002
vn -0.7071 0.7071 -0.0000
vn -0.3800 -0.7387 0.5567
vn -0.4103 -0.7197 -0.5601
vn -0.4633 -0.8785 -0.1167
vn -0.3401 -0.6077 -0.7177
vn -0.3157 -0.7163 0.6223
vn -0.3333 -0.7566 0.5626
vn -0.4235 -0.8987 0.1138
vn 0.1958 0.4031 -0.8940
vn -0.4315 -0.8914 -0.1383
vn 0.0162 0.0329 -0.9993
vn -0.2989 -0.6432 -0.7049
vn -0.3086 -0.6860 -0.6589
vn 0.0070 -0.0987 -0.9951
vn 0.1214 0.1184 -0.9855
vn 0.3797 0.6085 -0.6968
vn 0.4468 0.6945 -0.5640
vn 0.5192 0.8495 -0.0935
vn 0.5131 0.8443 0.1546
vn 0.4048 0.6606 0.6323
vn 0.3297 0.5098 0.7946
vn -0.0083 -0.1169 0.9931
vn -0.0057 -0.0671 0.9977
vn -0.1339 -0.3044 0.9431
vn -0.3111 -0.6350 0.7071
vn -0.3732 -0.7920 0.4832
vn -0.3276 -0.6388 -0.6962
vn 0.4167 0.8408 -0.3455
vn -0.4103 -0.7196 -0.5601
vn -0.1242 -0.1562 -0.9799
vn -0.4667 -0.7522 -0.4653
vn -0.0521 -0.0460 -0.9976
vn 0.3387 0.5743 -0.7453
vn 0.4456 0.6951 -0.5641
vn 0.4782 0.8701 -0.1194
vn 0.5131 0.8443 0.1547
vn 0.3747 0.7118 0.5941
vn 0.1241 0.1900 0.9739
vn -0.1777 -0.3639 0.9143
vn -0.4236 -0.8987 0.1138
vn -0.0973 -0.2107 0.9727
vn -0.1239 -0.1952 0.9729
vn -0.4853 -0.8686 0.0996
vn -0.3985 -0.7301 0.5551
vn -0.0557 -0.0202 0.9982
vn 0.0691 0.2128 0.9746
vn 0.2640 0.5969 0.7577
vn 0.2449 0.8790 0.4090
vn 0.8537 0.5207 -0.0091
vn 0.9960 0.0657 0.0605
vn 0.2186 0.2231 0.9500
vn 0.9963 0.0660 0.0548
vn 0.4367 0.0063 0.8996
vn 0.4833 -0.0663 0.8729
vn 0.6976 -0.2868 0.6566
vn 0.9999 0.0026 -0.0137
vn 0.9672 0.1416 -0.2108
vn 0.7092 -0.6798 -0.1869
vn 0.9669 0.2293 -0.1119
vn -0.0900 -0.4177 -0.9041
vn 0.3262 0.7418 -0.5859
vn 0.9415 0.1247 -0.3132
vn 0.5146 0.6233 -0.5888
vn 0.9104 -0.1231 -0.3950
vn 0.3137 0.0857 -0.9457
vn 0.7767 -0.6048 0.1759
vn 0.3386 -0.5250 -0.7809
vn 0.9993 0.0332 0.0160
vn 0.9669 0.2293 -0.1120
vn -0.9213 -0.3449 -0.1796
vn -0.4140 -0.0908 0.9057
vn -0.9823 -0.1586 -0.0994
vn -0.2539 -0.0267 0.9669
vn -0.9941 -0.1083 -0.0013
vn -0.9212 -0.3889 -0.0143
vn -0.9691 -0.2154 0.1203
vn -0.8823 -0.4420 0.1618
vn -0.2665 -0.1820 0.9465
vn -0.8005 -0.5956 0.0664
vn -0.2157 -0.1744 0.9608
vn -0.7852 -0.6181 -0.0364
vn -0.9211 -0.3890 -0.0143
vn -0.8289 -0.5410 -0.1420
vn 0.9207 -0.3495 -0.1735
vn 0.9788 -0.1840 -0.0902
vn 0.9175 -0.3972 -0.0194
vn 0.9890 -0.1477 -0.0022
vn 0.6526 -0.1682 0.7388
vn 0.9660 -0.2398 0.0969
vn 0.8877 -0.4401 0.1352
vn 0.8076 -0.5869 0.0587
vn 0.7879 -0.6148 -0.0353
vn 0.6236 -0.4054 0.6684
vn 0.8301 -0.5395 -0.1412
vn 0.2061 0.2027 0.9573
vn 0.1293 0.0354 0.9910
vn 0.3483 0.0306 0.9369
vn 0.3531 0.2777 0.8934
vn 0.8481 0.1548 0.5067
vn 0.8660 0.2739 0.4183
vn 0.8087 0.2735 -0.5207
vn 0.7471 0.3786 -0.5464
vn 0.8511 0.4844 0.2025
vn 0.3468 0.4292 -0.8340
vn 0.3298 0.2441 -0.9119
vn 0.1957 0.3512 -0.9156
vn -0.0084 0.2500 -0.9682
vn -0.0237 0.3037 -0.9525
vn -0.6413 0.7640 0.0706
vn -0.2988 0.2856 -0.9106
vn -0.3715 0.2532 -0.8932
vn -0.7180 0.3546 -0.5989
vn -0.8486 0.2799 -0.4489
vn -0.8660 0.2739 0.4183
vn -0.8481 0.1548 0.5067
vn -0.3897 0.1546 0.9079
vn -0.3411 0.0267 0.9397
vn -0.0813 0.1507 0.9852
vn 0.0228 0.0205 0.9995
vn 0.2060 0.2027 0.9573
vn 0.3484 0.0306 0.9369
vt 0.828859 1.604746
vt 0.828859 1.512517
vt 0.861752 1.725065
vt 0.969013 1.725065
vt 0.994940 1.711107
vt 0.994940 1.604746
vt 0.830245 1.711107
vt 0.866323 1.724112
vt 0.830245 1.803498
vt 0.994940 1.511025
vt 0.994940 1.604746
vt 0.828859 1.711107
vt 0.828859 1.803498
vt 0.994940 1.513044
vt 0.994940 1.711107
vt 0.994940 1.803498
vt 0.084637 1.499273
vt 0.071358 1.498008
vt 0.084637 1.496307
vt 0.910977 1.331171
vt 0.990657 1.331171
vt 0.910977 1.439744
vt 0.990657 1.439744
vt 0.530907 1.815231
vt 0.603732 1.812518
vt 0.517519 1.832711
vt 0.603732 1.832366
vt 0.717400 1.813486
vt 0.717427 1.833767
vt 0.603732 1.858644
vt 0.559222 1.859064
vt 0.559222 1.877711
vt 0.603732 1.878152
vt 0.717410 1.854545
vt 0.751166 1.854546
vt 0.717396 1.876222
vt 0.717394 1.901414
vt 0.603732 1.894733
vt 0.717367 1.928655
vt 0.603732 1.922656
vt 0.559222 1.919768
vt 0.559222 1.891541
vt 0.472596 1.902050
vt 0.472596 1.873123
vt 0.472596 1.854923
vt 0.472596 1.924139
vt 0.472596 1.956627
vt 0.559222 1.952307
vt 0.531690 1.979992
vt 0.603732 1.952893
vt 0.717358 1.951009
vt 0.603732 1.981519
vt 0.830245 1.511025
vt 0.830245 1.604746
vt 0.853826 1.711107
vt 0.853826 1.803498
vt 0.906239 1.803498
vt 0.906239 1.711107
vt 0.965521 1.803498
vt 0.965521 1.711107
vt 0.906239 1.604746
vt 0.965521 1.604746
vt 0.853826 1.604746
vt 0.828859 1.512263
vt 0.853826 1.512263
vt 0.906239 1.512262
vt 0.965521 1.512262
vt 0.966039 1.511638
vt 0.966039 1.604746
vt 0.994940 1.511638
vt 0.966039 1.711107
vt 0.966039 1.803498
vt 0.828859 1.511638
vt 0.854402 1.511638
vt 0.854402 1.604746
vt 0.854402 1.711107
vt 0.906788 1.711107
vt 0.906788 1.803498
vt 0.906788 1.604746
vt 0.906788 1.511638
vt 0.854402 1.803498
vt 0.994940 1.512262
vt 0.751166 1.813486
vt 0.751166 1.833782
vt 0.751166 1.876222
vt 0.751165 1.903724
vt 0.752649 1.930965
vt 0.752464 1.951008
vt 0.717378 1.977470
vt 0.752876 1.977470
vt 0.717400 1.998332
vt 0.751165 1.998332
vt 0.780486 1.998332
vt 0.780368 1.977470
vt 0.780289 1.951004
vt 0.780427 1.928656
vt 0.780495 1.901414
vt 0.780557 1.876221
vt 0.780596 1.854546
vt 0.780566 1.833780
vt 0.780486 1.813486
vt 0.399089 1.583028
vt 0.399089 1.624378
vt 0.391946 1.576787
vt 0.391946 1.630016
vt 0.463438 1.576787
vt 0.455693 1.583028
vt 0.455693 1.624378
vt 0.463438 1.630016
vt 0.530880 1.997308
vt 0.603732 1.997623
vt 0.898573 1.998332
vt 0.898523 1.977470
vt 0.898491 1.951004
vt 0.898548 1.928656
vt 0.898548 1.901414
vt 0.898559 1.876221
vt 0.898584 1.854546
vt 0.898586 1.833780
vt 0.898553 1.813486
vt 0.084637 1.485039
vt 0.073732 1.488699
vt 0.073703 1.476351
vt 0.073673 1.463979
vt 0.084650 1.457306
vt 0.060623 1.446916
vt 0.047449 1.418922
vt 0.062059 1.426379
vt 0.047731 1.389243
vt 0.036496 1.509806
vt 0.036496 1.504557
vt 0.040799 1.511146
vt 0.039905 1.506057
vt 0.028024 1.493940
vt 0.032004 1.494291
vt 0.042014 1.465820
vt 0.038669 1.462240
vt 0.048359 1.446166
vt 0.714134 1.578590
vt 0.713306 1.586580
vt 0.720917 1.578590
vt 0.730169 1.578590
vt 0.739641 1.578590
vt 0.744749 1.578590
vt 0.790898 1.578590
vt 0.785359 1.578590
vt 0.780361 1.578590
vt 0.767802 1.578590
vt 0.761032 1.578590
vt 0.040214 1.855026
vt 0.074983 1.855026
vt 0.074983 1.915425
vt 0.170075 1.915425
vt 0.170075 1.855026
vt 0.279782 1.915425
vt 0.281506 1.855026
vt 0.370868 1.855026
vt 0.370868 1.915425
vt 0.426829 1.855026
vt 0.458045 1.915425
vt 0.458045 1.855026
vt 0.003709 1.855026
vt 0.003709 1.915425
s 1
usemtl CRM_MI_081_bod_00_node306
f 2799/902/2047 2800/903/2048 2801/904/2049
f 2802/905/2050 2803/906/2051 2804/907/2052
f 2805/908/2053 2806/909/2049 2807/910/2054
f 2808/911/2055 2809/905/2056 2810/912/2052
f 2811/913/2057 2812/914/2054 2813/904/2049
f 2814/915/2058 2815/905/2056 2816/907/2055
f 2817/914/2059 2818/904/2056 2819/913/2060
f 2820/902/2058 2821/913/2060 2822/904/2061
f 2823/916/2051 2824/905/2056 2825/917/2059
f 2826/918/2062 2827/919/2063 2828/920/2064
f 2829/921/2065 2830/922/2066 2831/923/2067
f 2832/924/2068 2831/923/2067 2830/922/2066
f 2833/925/2069 2834/926/2070 2835/927/2071
f 2836/926/2072 2835/927/2071 2834/926/2070
f 2835/927/2071 2836/926/2072 2837/928/2073
f 2838/929/2074 2837/928/2073 2836/926/2072
f 2837/928/2073 2838/929/2074 2839/928/2075
f 2840/930/2076 2839/928/2075 2838/929/2074
f 2839/928/2075 2840/930/2076 2841/928/2077
f 2842/931/2078 2841/928/2077 2840/930/2076
f 2841/928/2077 2842/931/2078 2843/927/2079
f 2844/931/2080 2843/927/2079 2842/931/2078
f 2843/927/2079 2844/931/2080 2845/932/2081
f 2846/931/2082 2845/932/2081 2844/931/2080
f 2845/932/2081 2846/931/2082 2847/933/2083
f 2848/931/2084 2847/933/2083 2846/931/2082
f 2847/933/2083 2848/931/2084 2849/934/2085
f 2850/931/2086 2849/934/2085 2848/931/2084
f 2849/934/2085 2850/931/2086 2851/935/2087
f 2852/930/2088 2851/935/2087 2850/931/2086
f 2851/935/2087 2852/930/2088 2853/935/2089
f 2854/936/2090 2853/935/2089 2852/930/2088
f 2853/935/2089 2854/936/2090 2855/935/2091
f 2856/937/2092 2855/935/2091 2854/936/2090
f 2855/935/2091 2856/937/2092 2857/934/2085
f 2858/938/2093 2857/934/2085 2856/937/2092
f 2857/934/2085 2858/938/2093 2859/939/2094
f 2860/940/2095 2859/939/2094 2858/938/2093
f 2859/939/2094 2860/940/2095 2861/939/2096
f 2862/941/2097 2861/939/2096 2860/940/2095
f 2861/939/2096 2862/941/2097 2863/939/2098
f 2864/942/2099 2863/939/2098 2862/941/2097
f 2863/939/2098 2864/942/2099 2865/943/2066
f 2866/944/2064 2865/943/2066 2864/942/2099
f 2865/943/2066 2866/944/2064 2867/943/2100
f 2868/945/2101 2867/943/2100 2866/944/2064
f 2867/943/2100 2868/945/2101 2869/933/2102
f 2870/945/2103 2869/933/2102 2868/945/2101
f 2869/933/2102 2870/945/2103 2871/932/2081
f 2872/946/2104 2871/932/2081 2870/945/2103
f 2871/932/2081 2872/946/2104 2873/927/2071
f 2874/944/2064 2875/942/2105 2876/947/2106
f 2877/942/2107 2876/947/2106 2875/942/2105
f 2876/947/2106 2877/942/2107 2878/948/2108
f 2879/949/2109 2878/948/2108 2877/942/2107
f 2878/948/2108 2879/949/2109 2880/950/2110
f 2881/949/2111 2880/950/2110 2879/949/2109
f 2880/950/2110 2881/949/2111 2882/951/2112
f 2883/942/2099 2882/951/2112 2881/949/2111
f 2882/951/2112 2883/942/2099 2884/951/2113
f 2885/941/2114 2884/951/2113 2883/942/2099
f 2884/951/2113 2885/941/2114 2886/951/2115
f 2887/940/2095 2886/951/2115 2885/941/2114
f 2886/951/2115 2887/940/2095 2888/951/2116
f 2889/952/2117 2888/951/2116 2887/940/2095
f 2888/951/2116 2889/952/2117 2890/951/2118
f 2891/953/2119 2890/951/2118 2889/952/2117
f 2890/951/2118 2891/953/2119 2892/950/2110
f 2893/950/2120 2892/950/2110 2891/953/2119
f 2894/954/2047 2895/909/2049 2896/955/2121
f 2897/908/2053 2896/955/2121 2895/909/2049
f 2898/904/2122 2899/902/2048 2900/913/2057
f 2901/956/2123 2900/913/2057 2899/902/2048
f 2900/913/2057 2901/956/2123 2902/914/2124
f 2903/956/2125 2902/914/2124 2901/956/2123
f 2902/914/2124 2903/956/2125 2904/957/2126
f 2905/956/2127 2904/957/2126 2903/956/2125
f 2904/957/2126 2905/956/2127 2906/958/2128
f 2907/959/2129 2906/958/2128 2905/956/2127
f 2906/958/2128 2907/959/2129 2908/960/2130
f 2909/959/2131 2908/960/2130 2907/959/2129
f 2908/960/2130 2909/959/2131 2910/961/2132
f 2911/962/2133 2910/961/2132 2909/959/2131
f 2910/961/2132 2911/962/2133 2912/963/2134
f 2913/959/2131 2914/956/2135 2915/962/2133
f 2916/956/2127 2915/962/2133 2914/956/2135
f 2915/962/2133 2916/956/2127 2917/964/2136
f 2918/902/2048 2917/964/2136 2916/956/2127
f 2917/964/2136 2918/902/2048 2919/964/2137
f 2920/965/2138 2919/964/2137 2918/902/2048
f 2919/964/2137 2920/965/2138 2921/964/2139
f 2922/966/2140 2921/964/2139 2920/965/2138
f 2921/964/2139 2922/966/2140 2923/962/2141
f 2924/967/2142 2923/962/2141 2922/966/2140
f 2923/962/2141 2924/967/2142 2925/963/2143
f 2926/968/2144 2925/963/2143 2924/967/2142
f 2927/969/2145 2928/970/2146 2929/971/2055
f 2930/970/2147 2929/971/2055 2928/970/2146
f 2929/971/2055 2930/970/2147 2931/912/2058
f 2932/972/2148 2931/912/2058 2930/970/2147
f 2931/912/2058 2932/972/2148 2933/916/2060
f 2934/972/2149 2933/916/2060 2932/972/2148
f 2933/916/2060 2934/972/2149 2935/917/2150
f 2936/973/2151 2935/917/2150 2934/972/2149
f 2937/974/2047 2938/902/2152 2939/975/2153
f 2940/902/2121 2939/975/2153 2938/902/2152
f 2939/975/2153 2940/902/2121 2941/976/2154
f 2942/913/2053 2941/976/2154 2940/902/2121
f 2941/976/2154 2942/913/2053 2943/976/2155
f 2944/977/2156 2943/976/2155 2942/913/2053
f 2943/976/2155 2944/977/2156 2945/978/2157
f 2946/979/2128 2945/978/2157 2944/977/2156
f 2945/978/2157 2946/979/2128 2947/978/2158
f 2948/973/2159 2947/978/2158 2946/979/2128
f 2947/978/2158 2948/973/2159 2949/978/2160
f 2950/972/2161 2949/978/2160 2948/973/2159
f 2949/978/2160 2950/972/2161 2951/978/2162
f 2952/980/2163 2951/978/2162 2950/972/2161
f 2951/978/2162 2952/980/2163 2953/976/2154
f 2954/980/2164 2953/976/2154 2952/980/2163
f 2953/976/2154 2954/980/2164 2955/975/2165
f 2956/980/2166 2955/975/2165 2954/980/2164
f 2955/975/2165 2956/980/2166 2957/981/2142
f 2958/980/2167 2957/981/2142 2956/980/2166
f 2957/981/2142 2958/980/2167 2959/969/2144
f 2960/980/2168 2959/969/2144 2958/980/2167
f 2959/969/2144 2960/980/2168 2961/970/2147
f 2962/972/2149 2961/970/2147 2960/980/2168
f 2963/979/2128 2964/977/2156 2965/982/2126
f 2966/913/2053 2965/982/2126 2964/977/2156
f 2965/982/2126 2966/913/2053 2967/914/2169
f 2968/968/2144 2969/983/2055 2970/963/2143
f 2971/912/2052 2970/963/2143 2969/983/2055
f 2970/963/2143 2971/912/2052 2972/963/2170
f 2973/916/2051 2972/963/2170 2971/912/2052
f 2972/963/2170 2973/916/2051 2974/961/2132
f 2975/917/2150 2974/961/2132 2973/916/2051
f 2974/961/2132 2975/917/2150 2976/960/2159
f 2977/929/2171 2978/984/2172 2979/930/2173
f 2980/985/2174 2979/930/2173 2978/984/2172
f 2979/930/2173 2980/985/2174 2981/935/2175
f 2982/936/2176 2981/935/2175 2980/985/2174
f 2981/935/2175 2982/936/2176 2983/935/2177
f 2984/986/2178 2983/935/2177 2982/936/2176
f 2983/935/2177 2984/986/2178 2985/937/2179
f 2986/987/2180 2985/937/2179 2984/986/2178
f 2985/937/2179 2986/987/2180 2987/938/2181
f 2988/988/2182 2987/938/2181 2986/987/2180
f 2987/938/2181 2988/988/2182 2989/940/2183
f 2990/988/2184 2989/940/2183 2988/988/2182
f 2989/940/2183 2990/988/2184 2991/952/2185
f 2992/989/2186 2991/952/2185 2990/988/2184
f 2991/952/2185 2992/989/2186 2993/990/2187
f 2994/991/2188 2993/990/2187 2992/989/2186
f 2993/990/2187 2994/991/2188 2995/992/2189
f 2996/991/2190 2995/992/2189 2994/991/2188
f 2995/992/2189 2996/991/2190 2997/993/2172
f 2998/991/2191 2997/993/2172 2996/991/2190
f 2997/993/2172 2998/991/2191 2999/994/2192
f 3000/991/2193 2999/994/2192 2998/991/2191
f 2999/994/2192 3000/991/2193 3001/995/2194
f 3002/991/2195 3001/995/2194 3000/991/2193
f 3001/995/2194 3002/991/2195 3003/996/2196
f 3004/989/2186 3003/996/2196 3002/991/2195
f 3003/996/2196 3004/989/2186 3005/997/2197
f 3006/988/2184 3005/997/2197 3004/989/2186
f 3005/997/2197 3006/988/2184 3007/998/2198
f 3008/987/2180 3007/998/2198 3006/988/2184
f 3007/998/2198 3008/987/2180 3009/999/2199
f 3010/986/2200 3009/999/2199 3008/987/2180
f 3009/999/2199 3010/986/2200 3011/1000/2201
f 3012/936/2176 3011/1000/2201 3010/986/2200
f 3011/1000/2201 3012/936/2176 3013/1000/2202
f 3014/985/2174 3013/1000/2202 3012/936/2176
f 3013/1000/2202 3014/985/2174 3015/1001/2203
f 3016/984/2172 3015/1001/2203 3014/985/2174
f 3015/1001/2203 3016/984/2172 3017/1002/2204
f 3018/1003/2205 3019/1004/2206 3020/1005/2207
f 3021/1006/2208 3020/1005/2207 3019/1004/2206
f 3022/1007/2209 3023/1008/2210 3024/1005/2211
f 3025/1003/2205 3024/1005/2211 3023/1008/2210
f 3026/1008/2212 3027/1009/2213 3028/1003/2214
f 3029/1004/2215 3028/1003/2214 3027/1009/2213
f 3030/1009/2216 3031/1010/2217 3032/1004/2206
f 3033/1006/2218 3032/1004/2206 3031/1010/2217
f 3034/1007/2219 3035/1010/2220 3036/1008/2210
f 3037/1009/2216 3036/1008/2210 3035/1010/2220
f 3038/1011/2120 3039/953/2119 3040/1012/2072
f 3041/990/2221 3040/1012/2072 3039/953/2119
f 3040/1012/2072 3041/990/2221 3042/992/2074
f 3043/990/2222 3042/992/2074 3041/990/2221
f 3042/992/2074 3043/990/2222 3044/993/2223
f 3045/991/2224 3044/993/2223 3043/990/2222
f 3044/993/2223 3045/991/2224 3046/993/2225
f 3047/995/2226 3046/993/2225 3045/991/2224
f 3046/993/2225 3047/995/2226 3048/994/2227
f 3049/995/2228 3048/994/2227 3047/995/2226
f 3048/994/2227 3049/995/2228 3050/1013/2229
f 3051/995/2230 3050/1013/2229 3049/995/2228
f 3050/1013/2229 3051/995/2230 3052/1014/2231
f 3053/995/2232 3052/1014/2231 3051/995/2230
f 3052/1014/2231 3053/995/2232 3054/1015/2233
f 3055/996/2234 3054/1015/2233 3053/995/2232
f 3054/1015/2233 3055/996/2234 3056/1016/2235
f 3057/997/2236 3056/1016/2235 3055/996/2234
f 3056/1016/2235 3057/997/2236 3058/1017/2237
f 3059/998/2238 3058/1017/2237 3057/997/2236
f 3058/1017/2237 3059/998/2238 3060/1018/2239
f 3061/999/2240 3060/1018/2239 3059/998/2238
f 3060/1018/2239 3061/999/2240 3062/1019/2241
f 3063/1000/2242 3062/1019/2241 3061/999/2240
f 3062/1019/2241 3063/1000/2242 3064/1019/2243
f 3065/1001/2244 3064/1019/2243 3063/1000/2242
f 3064/1019/2243 3065/1001/2244 3066/1020/2245
f 3067/1002/2227 3066/1020/2245 3065/1001/2244
f 3066/1020/2245 3067/1002/2227 3068/1021/2229
f 3069/953/2246 3070/952/2247 3071/990/2248
f 3072/952/2249 3071/990/2248 3070/952/2247
f 3071/990/2248 3072/952/2249 3073/991/2224
f 3074/989/2250 3073/991/2224 3072/952/2249
f 3073/991/2224 3074/989/2250 3075/995/2232
f 3076/989/2251 3075/995/2232 3074/989/2250
f 3075/995/2232 3076/989/2251 3077/996/2234
f 3078/988/2252 3077/996/2234 3076/989/2251
f 3077/996/2234 3078/988/2252 3079/997/2253
f 3080/987/2254 3079/997/2253 3078/988/2252
f 3079/997/2253 3080/987/2254 3081/998/2255
f 3082/986/2256 3081/998/2255 3080/987/2254
f 3081/998/2255 3082/986/2256 3083/999/2240
f 3084/936/2257 3083/999/2240 3082/986/2256
f 3083/999/2240 3084/936/2257 3085/1000/2242
f 3086/936/2090 3085/1000/2242 3084/936/2257
f 3085/1000/2242 3086/936/2090 3087/1001/2244
f 3088/985/2258 3087/1001/2244 3086/936/2090
f 3087/1001/2244 3088/985/2258 3089/1002/2259
f 3090/985/2260 3089/1002/2259 3088/985/2258
f 3089/1002/2259 3090/985/2260 3091/984/2223
f 3092/985/2261 3091/984/2223 3090/985/2260
f 3091/984/2223 3092/985/2261 3093/929/2262
f 3094/985/2263 3093/929/2262 3092/985/2261
f 3093/929/2262 3094/985/2263 3095/930/2076
f 3096/936/2264 3095/930/2076 3094/985/2263
f 3097/936/2090 3098/986/2265 3099/937/2266
f 3100/986/2256 3099/937/2266 3098/986/2265
f 3099/937/2266 3100/986/2256 3101/938/2093
f 3102/987/2254 3101/938/2093 3100/986/2256
f 3101/938/2093 3102/987/2254 3103/940/2095
f 3104/988/2252 3103/940/2095 3102/987/2254
f 3103/940/2095 3104/988/2252 3105/940/2267
f 3106/989/2251 3105/940/2267 3104/988/2252
f 3105/940/2267 3106/989/2251 3107/952/2117
f 3108/920/2064 3109/919/2268 3110/1022/2103
f 3111/1023/2269 3110/1022/2103 3109/919/2268
f 3110/1022/2103 3111/1023/2269 3112/1022/2270
f 3113/1024/2271 3112/1022/2270 3111/1023/2269
f 3112/1022/2270 3113/1024/2271 3114/1022/2272
f 3115/1025/2273 3114/1022/2272 3113/1024/2271
f 3114/1022/2272 3115/1025/2273 3116/1026/2274
f 3117/1025/2275 3116/1026/2274 3115/1025/2273
f 3116/1026/2274 3117/1025/2275 3118/1027/2079
f 3119/1028/2276 3118/1027/2079 3117/1025/2275
f 3118/1027/2079 3119/1028/2276 3120/1029/2277
f 3121/1030/2278 3120/1029/2277 3119/1028/2276
f 3122/1031/2064 3123/1032/2279 3124/1033/2268
f 3125/1032/2280 3124/1033/2268 3123/1032/2279
f 3124/1033/2268 3125/1032/2280 3126/1034/2281
f 3127/1035/2282 3126/1034/2281 3125/1032/2280
f 3126/1034/2281 3127/1035/2282 3128/1036/2283
f 3129/1035/2284 3128/1036/2283 3127/1035/2282
f 3128/1036/2283 3129/1035/2284 3130/1037/2285
f 3131/1038/2286 3130/1037/2285 3129/1035/2284
f 3130/1037/2285 3131/1038/2286 3132/1039/2287
f 3133/1030/2120 3132/1039/2287 3131/1038/2286
f 3132/1039/2287 3133/1030/2120 3134/1029/2288
f 3135/1040/2289 3136/1041/2290 3137/1042/2291
f 3138/1041/2292 3137/1042/2291 3136/1041/2290
f 3137/1042/2291 3138/1041/2292 3139/1043/2293
f 3140/1041/2294 3139/1043/2293 3138/1041/2292
f 3139/1043/2293 3140/1041/2294 3141/1044/2295
f 3142/1045/2296 3141/1044/2295 3140/1041/2294
f 3143/1046/2296 3144/1041/2297 3145/1047/2298
f 3146/1041/2299 3145/1047/2298 3144/1041/2297
f 3145/1047/2298 3146/1041/2299 3147/1048/2300
f 3148/1041/2301 3147/1048/2300 3146/1041/2299
f 3147/1048/2300 3148/1041/2301 3149/1049/2302
f 3150/1050/2289 3149/1049/2302 3148/1041/2301
f 3151/1040/2303 3152/1042/2304 3153/1041/2305
f 3154/1043/2306 3153/1041/2305 3152/1042/2304
f 3153/1041/2305 3154/1043/2306 3155/1041/2307
f 3156/1044/2308 3155/1041/2307 3154/1043/2306
f 3155/1041/2307 3156/1044/2308 3157/1045/2309
f 3158/1046/2309 3159/1047/2310 3160/1041/2305
f 3161/1048/2311 3160/1041/2305 3159/1047/2310
f 3160/1041/2305 3161/1048/2311 3162/1041/2312
f 3163/1049/2313 3162/1041/2312 3161/1048/2311
f 3162/1041/2312 3163/1049/2313 3164/1050/2303
f 3165/1051/2314 3166/1052/2315 3167/1053/2316
f 3168/1052/2317 3167/1053/2316 3166/1052/2315
f 3167/1053/2316 3168/1052/2317 3169/1054/2318
f 3170/1055/2319 3169/1054/2318 3168/1052/2317
f 3169/1054/2318 3170/1055/2319 3171/1056/2320
f 3172/1057/2321 3171/1056/2320 3170/1055/2319
f 3171/1056/2320 3172/1057/2321 3173/1056/2322
f 3174/1058/2323 3173/1056/2322 3172/1057/2321
f 3173/1056/2322 3174/1058/2323 3175/1059/2324
f 3176/1060/2325 3175/1059/2324 3174/1058/2323
f 3175/1059/2324 3176/1060/2325 3177/1061/2326
f 3178/1062/2327 3177/1061/2326 3176/1060/2325
f 3177/1061/2326 3178/1062/2327 3179/1061/2328
f 3180/1058/2329 3179/1061/2328 3178/1062/2327
f 3179/1061/2328 3180/1058/2329 3181/1059/2330
f 3182/1057/2331 3181/1059/2330 3180/1058/2329
f 3181/1059/2330 3182/1057/2331 3183/1056/2332
f 3184/1055/2333 3183/1056/2332 3182/1057/2331
f 3183/1056/2332 3184/1055/2333 3185/1054/2334
f 3186/1052/2335 3185/1054/2334 3184/1055/2333
f 3185/1054/2334 3186/1052/2335 3187/1053/2336
f 3188/1063/2337 3187/1053/2336 3186/1052/2335
f 3187/1053/2336 3188/1063/2337 3189/1064/2338
f 3190/1051/2339 3189/1064/2338 3188/1063/2337
f 3189/1064/2338 3190/1051/2339 3191/1053/2340
o body1Shape_node291
v 0.004751 0.019040 -0.002748
v 0.006783 0.018852 0.000437
v 0.005339 0.014823 -0.003768
v 0.007056 0.015979 0.000644
v 0.005339 0.014823 -0.003768
v 0.007351 0.013406 0.001035
v 0.005076 0.010478 -0.003278
v 0.007351 0.013406 0.001035
v 0.006590 0.010363 0.001102
v 0.007351 0.013406 0.001035
v 0.004937 0.010326 0.004345
v 0.007351 0.013406 0.001035
v 0.005110 0.013598 0.004576
v 0.007351 0.013406 0.001035
v 0.005091 0.015837 0.004298
v 0.007056 0.015979 0.000644
v 0.005091 0.015837 0.004298
v 0.006783 0.018852 0.000437
v 0.005170 0.018671 0.004069
vn 0.3095 0.2235 -0.9243
vn 0.9917 0.1262 -0.0259
vn 0.6200 0.0515 -0.7829
vn 0.9924 0.1101 0.0543
vn 0.8725 -0.0547 0.4856
vn 0.9080 -0.0136 0.4188
vn 0.6561 -0.3579 -0.6644
vn 0.2934 -0.0756 0.9530
vn 0.9054 -0.4217 0.0500
vn 0.1914 -0.0457 0.9804
vn 0.4954 -0.3392 0.7997
vn 0.1635 -0.0160 0.9864
vn 0.3836 0.0332 0.9229
vn 0.9887 -0.0537 0.1401
vn 0.6678 0.1088 0.7363
vn 0.5099 0.0296 0.8597
vn 0.4290 0.0839 0.8994
vt 0.926632 2.868195
vt 0.558045 2.868195
vt 0.947141 2.487664
vt 0.523121 2.607452
vt 0.489888 2.388289
vt 0.923252 2.102178
vt 0.473707 2.102178
vt 0.083795 2.097501
vt 0.076289 2.404063
vt 0.079197 2.608464
vt 0.079567 2.868195
s 1
usemtl CRM_MI_081_par_01_node313
f 3192/1065/2341 3193/1066/2342 3194/1067/2343
f 3195/1068/2344 3194/1067/2343 3193/1066/2342
f 3194/1067/2343 3195/1068/2344 3196/1067/2345
f 3197/1069/2346 3196/1067/2345 3195/1068/2344
f 3196/1067/2345 3197/1069/2346 3198/1070/2347
f 3199/1069/2348 3198/1070/2347 3197/1069/2346
f 3198/1070/2347 3199/1069/2348 3200/1071/2349
f 3201/1069/2350 3200/1071/2349 3199/1069/2348
f 3200/1071/2349 3201/1069/2350 3202/1072/2351
f 3203/1069/2352 3202/1072/2351 3201/1069/2350
f 3202/1072/2351 3203/1069/2352 3204/1073/2353
f 3205/1069/2354 3204/1073/2353 3203/1069/2352
f 3204/1073/2353 3205/1069/2354 3206/1074/2355
f 3207/1068/2344 3206/1074/2355 3205/1069/2354
f 3206/1074/2355 3207/1068/2344 3208/1074/2356
f 3209/1066/2342 3208/1074/2356 3207/1068/2344
f 3208/1074/2356 3209/1066/2342 3210/1075/2357
o LhandShape_node89
v 0.023686 0.045383 -0.000523
v 0.024446 0.045474 0.000011
v 0.023734 0.045409 0.000924
v 0.024542 0.046834 0.001831
v 0.023364 0.046871 0.002173
v 0.024274 0.045942 0.001910
v 0.021432 0.048167 -0.000875
v 0.024638 0.046501 -0.001151
v 0.021242 0.047754 -0.001597
v 0.021432 0.048167 -0.000875
v 0.021242 0.047754 -0.001597
v 0.019265 0.048810 -0.000631
v 0.021242 0.047754 -0.001597
v 0.019041 0.048381 -0.001115
v 0.019265 0.048810 -0.000631
v 0.021354 0.048314 0.001145
v 0.019395 0.048996 0.000368
v 0.019242 0.048683 0.001171
v 0.018853 0.047877 0.001389
v 0.020397 0.047040 0.002249
v 0.019242 0.048683 0.001171
v 0.026149 0.043683 -0.001557
v 0.026596 0.044448 -0.001624
v 0.026938 0.044026 -0.001577
v 0.027899 0.043806 0.000185
v 0.028175 0.044678 0.000014
v 0.028656 0.044551 0.000167
v 0.027165 0.043746 -0.000796
v 0.027487 0.044639 -0.000873
v 0.027918 0.044338 -0.000788
v 0.024606 0.044742 -0.001548
v 0.023577 0.045466 -0.001787
v 0.025100 0.045419 -0.001893
v 0.025100 0.045419 -0.001893
v 0.023577 0.045466 -0.001787
v 0.023933 0.046141 -0.001892
v 0.023933 0.046141 -0.001892
v 0.024638 0.046501 -0.001151
v 0.025100 0.045419 -0.001893
v 0.024638 0.046501 -0.001151
v 0.025333 0.045654 -0.000971
v 0.025100 0.045419 -0.001893
v 0.024638 0.046501 -0.001151
v 0.024108 0.045371 -0.000830
v 0.025333 0.045654 -0.000971
v 0.024108 0.045371 -0.000830
v 0.024748 0.044934 -0.000754
v 0.025333 0.045654 -0.000971
v 0.023577 0.045466 -0.001787
v 0.024606 0.044742 -0.001548
v 0.024108 0.045371 -0.000830
v 0.024108 0.045371 -0.000830
v 0.024606 0.044742 -0.001548
v 0.024748 0.044934 -0.000754
v 0.024869 0.046872 0.000814
v 0.026113 0.046004 0.000855
v 0.024457 0.045707 0.000906
v 0.026113 0.046004 0.000855
v 0.025666 0.045178 0.000950
v 0.024457 0.045707 0.000906
v 0.024542 0.046834 0.001831
v 0.026055 0.046036 0.001805
v 0.024869 0.046872 0.000814
v 0.024869 0.046872 0.000814
v 0.026055 0.046036 0.001805
v 0.026113 0.046004 0.000855
v 0.026055 0.046036 0.001805
v 0.024542 0.046834 0.001831
v 0.025636 0.045240 0.001863
v 0.024274 0.045942 0.001910
v 0.025636 0.045240 0.001863
v 0.024542 0.046834 0.001831
v 0.024274 0.045942 0.001910
v 0.024457 0.045707 0.000906
v 0.025636 0.045240 0.001863
v 0.024457 0.045707 0.000906
v 0.025666 0.045178 0.000950
v 0.025636 0.045240 0.001863
v 0.024920 0.046754 -0.000182
v 0.026054 0.045896 -0.000096
v 0.024446 0.045474 0.000011
v 0.026054 0.045896 -0.000096
v 0.025597 0.044857 0.000095
v 0.024446 0.045474 0.000011
v 0.024869 0.046872 0.000814
v 0.026054 0.045909 0.000824
v 0.024920 0.046754 -0.000182
v 0.024920 0.046754 -0.000182
v 0.026054 0.045909 0.000824
v 0.026054 0.045896 -0.000096
v 0.024869 0.046872 0.000814
v 0.024457 0.045707 0.000906
v 0.026054 0.045909 0.000824
v 0.024457 0.045707 0.000906
v 0.025627 0.044957 0.000898
v 0.026054 0.045909 0.000824
v 0.024457 0.045707 0.000906
v 0.024446 0.045474 0.000011
v 0.025627 0.044957 0.000898
v 0.024446 0.045474 0.000011
v 0.025597 0.044857 0.000095
v 0.025627 0.044957 0.000898
v 0.024638 0.046501 -0.001151
v 0.025731 0.045609 -0.001031
v 0.024108 0.045371 -0.000830
v 0.025731 0.045609 -0.001031
v 0.025252 0.044696 -0.000835
v 0.024108 0.045371 -0.000830
v 0.024638 0.046501 -0.001151
v 0.024920 0.046754 -0.000182
v 0.025731 0.045609 -0.001031
v 0.024920 0.046754 -0.000182
v 0.025821 0.045806 -0.000111
v 0.025731 0.045609 -0.001031
v 0.024920 0.046754 -0.000182
v 0.024446 0.045474 0.000011
v 0.025821 0.045806 -0.000111
v 0.024446 0.045474 0.000011
v 0.025294 0.044789 -0.000046
v 0.025821 0.045806 -0.000111
v 0.024108 0.045371 -0.000830
v 0.025252 0.044696 -0.000835
v 0.024446 0.045474 0.000011
v 0.024446 0.045474 0.000011
v 0.025252 0.044696 -0.000835
v 0.025294 0.044789 -0.000046
v 0.020397 0.047040 0.002249
v 0.020282 0.046240 0.001281
v 0.022095 0.045525 0.002813
v 0.020282 0.046240 0.001281
v 0.022165 0.045127 0.002125
v 0.022095 0.045525 0.002813
v 0.023122 0.044424 0.002207
v 0.023832 0.045093 0.002185
v 0.024104 0.043838 0.002349
v 0.024104 0.043838 0.002349
v 0.023832 0.045093 0.002185
v 0.024500 0.044490 0.002383
v 0.022925 0.044570 0.002974
v 0.023782 0.044103 0.003241
v 0.023783 0.045369 0.002979
v 0.023783 0.045369 0.002979
v 0.023782 0.044103 0.003241
v 0.024320 0.044717 0.003118
v 0.024104 0.043838 0.002349
v 0.023782 0.044103 0.003241
v 0.023122 0.044424 0.002207
v 0.023782 0.044103 0.003241
v 0.022925 0.044570 0.002974
v 0.023122 0.044424 0.002207
v 0.025597 0.044857 0.000095
v 0.026054 0.045896 -0.000096
v 0.026930 0.044262 0.000048
v 0.027333 0.045177 0.000040
v 0.026930 0.044262 0.000048
v 0.026054 0.045896 -0.000096
v 0.026930 0.044262 0.000048
v 0.026935 0.044309 0.000950
v 0.025597 0.044857 0.000095
v 0.025597 0.044857 0.000095
v 0.026935 0.044309 0.000950
v 0.025627 0.044957 0.000898
v 0.025627 0.044957 0.000898
v 0.026935 0.044309 0.000950
v 0.026054 0.045909 0.000824
v 0.026935 0.044309 0.000950
v 0.027346 0.045219 0.000800
v 0.026054 0.045909 0.000824
v 0.027333 0.045177 0.000040
v 0.026054 0.045896 -0.000096
v 0.027346 0.045219 0.000800
v 0.026054 0.045896 -0.000096
v 0.026054 0.045909 0.000824
v 0.027346 0.045219 0.000800
v 0.026930 0.044262 0.000048
v 0.027899 0.043806 0.000185
v 0.026935 0.044309 0.000950
v 0.027899 0.043806 0.000185
v 0.027993 0.043914 0.000915
v 0.026935 0.044309 0.000950
v 0.027346 0.045219 0.000800
v 0.026935 0.044309 0.000950
v 0.028208 0.044836 0.000796
v 0.026935 0.044309 0.000950
v 0.027993 0.043914 0.000915
v 0.028208 0.044836 0.000796
v 0.027346 0.045219 0.000800
v 0.028208 0.044836 0.000796
v 0.027333 0.045177 0.000040
v 0.027333 0.045177 0.000040
v 0.028208 0.044836 0.000796
v 0.028175 0.044678 0.000014
v 0.027333 0.045177 0.000040
v 0.028175 0.044678 0.000014
v 0.026930 0.044262 0.000048
v 0.028175 0.044678 0.000014
v 0.027899 0.043806 0.000185
v 0.026930 0.044262 0.000048
v 0.025252 0.044696 -0.000835
v 0.025731 0.045609 -0.001031
v 0.026391 0.044077 -0.000826
v 0.026833 0.044949 -0.000920
v 0.026391 0.044077 -0.000826
v 0.025731 0.045609 -0.001031
v 0.025252 0.044696 -0.000835
v 0.026391 0.044077 -0.000826
v 0.025294 0.044789 -0.000046
v 0.026391 0.044077 -0.000826
v 0.026436 0.044167 -0.000016
v 0.025294 0.044789 -0.000046
v 0.025294 0.044789 -0.000046
v 0.026436 0.044167 -0.000016
v 0.025821 0.045806 -0.000111
v 0.026436 0.044167 -0.000016
v 0.026838 0.045000 -0.000085
v 0.025821 0.045806 -0.000111
v 0.025731 0.045609 -0.001031
v 0.025821 0.045806 -0.000111
v 0.026833 0.044949 -0.000920
v 0.026833 0.044949 -0.000920
v 0.025821 0.045806 -0.000111
v 0.026838 0.045000 -0.000085
v 0.027487 0.044639 -0.000873
v 0.027165 0.043746 -0.000796
v 0.026833 0.044949 -0.000920
v 0.027165 0.043746 -0.000796
v 0.026391 0.044077 -0.000826
v 0.026833 0.044949 -0.000920
v 0.026391 0.044077 -0.000826
v 0.027165 0.043746 -0.000796
v 0.026436 0.044167 -0.000016
v 0.027165 0.043746 -0.000796
v 0.027288 0.043941 -0.000009
v 0.026436 0.044167 -0.000016
v 0.026436 0.044167 -0.000016
v 0.027288 0.043941 -0.000009
v 0.026838 0.045000 -0.000085
v 0.027288 0.043941 -0.000009
v 0.027571 0.044821 -0.000204
v 0.026838 0.045000 -0.000085
v 0.026838 0.045000 -0.000085
v 0.027571 0.044821 -0.000204
v 0.026833 0.044949 -0.000920
v 0.026833 0.044949 -0.000920
v 0.027571 0.044821 -0.000204
v 0.027487 0.044639 -0.000873
v 0.024606 0.044742 -0.001548
v 0.025100 0.045419 -0.001893
v 0.025552 0.044148 -0.001628
v 0.026001 0.044812 -0.001727
v 0.025552 0.044148 -0.001628
v 0.025100 0.045419 -0.001893
v 0.024748 0.044934 -0.000754
v 0.024606 0.044742 -0.001548
v 0.025601 0.044248 -0.000812
v 0.024606 0.044742 -0.001548
v 0.025552 0.044148 -0.001628
v 0.025601 0.044248 -0.000812
v 0.025601 0.044248 -0.000812
v 0.026119 0.045008 -0.000946
v 0.024748 0.044934 -0.000754
v 0.024748 0.044934 -0.000754
v 0.026119 0.045008 -0.000946
v 0.025333 0.045654 -0.000971
v 0.025100 0.045419 -0.001893
v 0.025333 0.045654 -0.000971
v 0.026001 0.044812 -0.001727
v 0.026001 0.044812 -0.001727
v 0.025333 0.045654 -0.000971
v 0.026119 0.045008 -0.000946
v 0.026596 0.044448 -0.001624
v 0.026149 0.043683 -0.001557
v 0.026001 0.044812 -0.001727
v 0.026149 0.043683 -0.001557
v 0.025552 0.044148 -0.001628
v 0.026001 0.044812 -0.001727
v 0.025552 0.044148 -0.001628
v 0.026149 0.043683 -0.001557
v 0.025601 0.044248 -0.000812
v 0.026149 0.043683 -0.001557
v 0.026298 0.043751 -0.000815
v 0.025601 0.044248 -0.000812
v 0.026119 0.045008 -0.000946
v 0.025601 0.044248 -0.000812
v 0.026632 0.044482 -0.000912
v 0.025601 0.044248 -0.000812
v 0.026298 0.043751 -0.000815
v 0.026632 0.044482 -0.000912
v 0.026001 0.044812 -0.001727
v 0.026119 0.045008 -0.000946
v 0.026596 0.044448 -0.001624
v 0.026119 0.045008 -0.000946
v 0.026632 0.044482 -0.000912
v 0.026596 0.044448 -0.001624
v 0.028379 0.044755 0.001137
v 0.028343 0.044827 0.001811
v 0.027696 0.044236 0.001903
v 0.021354 0.048314 0.001145
v 0.021432 0.048167 -0.000875
v 0.019395 0.048996 0.000368
v 0.021432 0.048167 -0.000875
v 0.019265 0.048810 -0.000631
v 0.019395 0.048996 0.000368
v 0.023686 0.045383 -0.000523
v 0.023734 0.045409 0.000924
v 0.021924 0.046106 0.001035
v 0.020282 0.046240 0.001281
v 0.023686 0.045383 -0.000523
v 0.021924 0.046106 0.001035
v 0.018636 0.047345 -0.000857
v 0.020565 0.046181 -0.001163
v 0.018570 0.047068 -0.000020
v 0.018570 0.047068 -0.000020
v 0.020565 0.046181 -0.001163
v 0.020282 0.046240 0.001281
v 0.020565 0.046181 -0.001163
v 0.018636 0.047345 -0.000857
v 0.021242 0.047754 -0.001597
v 0.018636 0.047345 -0.000857
v 0.019041 0.048381 -0.001115
v 0.021242 0.047754 -0.001597
v 0.026632 0.044482 -0.000912
v 0.027005 0.044382 -0.001052
v 0.026596 0.044448 -0.001624
v 0.027005 0.044382 -0.001052
v 0.026938 0.044026 -0.001577
v 0.026596 0.044448 -0.001624
v 0.027571 0.044821 -0.000204
v 0.027924 0.044664 -0.000240
v 0.027487 0.044639 -0.000873
v 0.027924 0.044664 -0.000240
v 0.027918 0.044338 -0.000788
v 0.027487 0.044639 -0.000873
v 0.028175 0.044678 0.000014
v 0.028208 0.044836 0.000796
v 0.028656 0.044551 0.000167
v 0.028621 0.044610 0.000824
v 0.028656 0.044551 0.000167
v 0.028208 0.044836 0.000796
v 0.023783 0.045369 0.002979
v 0.024320 0.044717 0.003118
v 0.023832 0.045093 0.002185
v 0.023832 0.045093 0.002185
v 0.024320 0.044717 0.003118
v 0.024500 0.044490 0.002383
v 0.023188 0.045771 0.001786
v 0.021924 0.046106 0.001035
v 0.023734 0.045409 0.000924
v 0.027607 0.044127 0.001168
v 0.027914 0.044914 0.000994
v 0.028379 0.044755 0.001137
v 0.027914 0.044914 0.000994
v 0.027944 0.045084 0.001790
v 0.028379 0.044755 0.001137
v 0.028379 0.044755 0.001137
v 0.027944 0.045084 0.001790
v 0.028343 0.044827 0.001811
v 0.026113 0.046004 0.000855
v 0.027200 0.045302 0.000978
v 0.025666 0.045178 0.000950
v 0.027200 0.045302 0.000978
v 0.026788 0.044515 0.001096
v 0.025666 0.045178 0.000950
v 0.025666 0.045178 0.000950
v 0.026788 0.044515 0.001096
v 0.025636 0.045240 0.001863
v 0.026788 0.044515 0.001096
v 0.026801 0.044661 0.001943
v 0.025636 0.045240 0.001863
v 0.025636 0.045240 0.001863
v 0.026801 0.044661 0.001943
v 0.026055 0.046036 0.001805
v 0.026801 0.044661 0.001943
v 0.027189 0.045399 0.001754
v 0.026055 0.046036 0.001805
v 0.026055 0.046036 0.001805
v 0.027189 0.045399 0.001754
v 0.026113 0.046004 0.000855
v 0.026113 0.046004 0.000855
v 0.027189 0.045399 0.001754
v 0.027200 0.045302 0.000978
v 0.027200 0.045302 0.000978
v 0.027914 0.044914 0.000994
v 0.026788 0.044515 0.001096
v 0.027914 0.044914 0.000994
v 0.027607 0.044127 0.001168
v 0.026788 0.044515 0.001096
v 0.026788 0.044515 0.001096
v 0.027607 0.044127 0.001168
v 0.026801 0.044661 0.001943
v 0.027607 0.044127 0.001168
v 0.027696 0.044236 0.001903
v 0.026801 0.044661 0.001943
v 0.027696 0.044236 0.001903
v 0.027944 0.045084 0.001790
v 0.026801 0.044661 0.001943
v 0.026801 0.044661 0.001943
v 0.027944 0.045084 0.001790
v 0.027189 0.045399 0.001754
v 0.027189 0.045399 0.001754
v 0.027944 0.045084 0.001790
v 0.027200 0.045302 0.000978
v 0.027200 0.045302 0.000978
v 0.027944 0.045084 0.001790
v 0.027914 0.044914 0.000994
v 0.028656 0.044551 0.000167
v 0.028621 0.044610 0.000824
v 0.027993 0.043914 0.000915
v 0.027918 0.044338 -0.000788
v 0.027924 0.044664 -0.000240
v 0.027288 0.043941 -0.000009
v 0.026938 0.044026 -0.001577
v 0.027005 0.044382 -0.001052
v 0.026298 0.043751 -0.000815
v 0.024104 0.043838 0.002349
v 0.024500 0.044490 0.002383
v 0.024613 0.044314 0.003200
v 0.023011 0.046359 0.002601
v 0.022095 0.045525 0.002813
v 0.023783 0.045369 0.002979
v 0.022095 0.045525 0.002813
v 0.022925 0.044570 0.002974
v 0.023783 0.045369 0.002979
v 0.022095 0.045525 0.002813
v 0.022165 0.045127 0.002125
v 0.022925 0.044570 0.002974
v 0.022165 0.045127 0.002125
v 0.023122 0.044424 0.002207
v 0.022925 0.044570 0.002974
v 0.022165 0.045127 0.002125
v 0.023188 0.045771 0.001786
v 0.023122 0.044424 0.002207
v 0.023188 0.045771 0.001786
v 0.023832 0.045093 0.002185
v 0.023122 0.044424 0.002207
v 0.023783 0.045369 0.002979
v 0.023832 0.045093 0.002185
v 0.023011 0.046359 0.002601
v 0.023832 0.045093 0.002185
v 0.023188 0.045771 0.001786
v 0.023011 0.046359 0.002601
v 0.020282 0.046240 0.001281
v 0.021924 0.046106 0.001035
v 0.022165 0.045127 0.002125
v 0.021924 0.046106 0.001035
v 0.023188 0.045771 0.001786
v 0.022165 0.045127 0.002125
v 0.024104 0.043838 0.002349
v 0.024170 0.043751 0.003229
v 0.023782 0.044103 0.003241
v 0.024320 0.044717 0.003118
v 0.023782 0.044103 0.003241
v 0.024613 0.044314 0.003200
v 0.024613 0.044314 0.003200
v 0.023782 0.044103 0.003241
v 0.024170 0.043751 0.003229
v 0.024500 0.044490 0.002383
v 0.024320 0.044717 0.003118
v 0.024613 0.044314 0.003200
v 0.021242 0.047754 -0.001597
v 0.024638 0.046501 -0.001151
v 0.023933 0.046141 -0.001892
v 0.023686 0.045383 -0.000523
v 0.024108 0.045371 -0.000830
v 0.024446 0.045474 0.000011
v 0.023686 0.045383 -0.000523
v 0.023577 0.045466 -0.001787
v 0.024108 0.045371 -0.000830
v 0.024274 0.045942 0.001910
v 0.023734 0.045409 0.000924
v 0.024457 0.045707 0.000906
v 0.024542 0.046834 0.001831
v 0.021354 0.048314 0.001145
v 0.023364 0.046871 0.002173
v 0.020397 0.047040 0.002249
v 0.022095 0.045525 0.002813
v 0.023011 0.046359 0.002601
v 0.020282 0.046240 0.001281
v 0.020397 0.047040 0.002249
v 0.018623 0.047248 0.000848
v 0.020397 0.047040 0.002249
v 0.018853 0.047877 0.001389
v 0.018623 0.047248 0.000848
v 0.023011 0.046359 0.002601
v 0.023188 0.045771 0.001786
v 0.023364 0.046871 0.002173
v 0.026298 0.043751 -0.000815
v 0.027005 0.044382 -0.001052
v 0.026632 0.044482 -0.000912
v 0.027288 0.043941 -0.000009
v 0.027924 0.044664 -0.000240
v 0.027571 0.044821 -0.000204
v 0.027993 0.043914 0.000915
v 0.028621 0.044610 0.000824
v 0.028208 0.044836 0.000796
v 0.027696 0.044236 0.001903
v 0.028343 0.044827 0.001811
v 0.027944 0.045084 0.001790
v 0.023011 0.046359 0.002601
v 0.023364 0.046871 0.002173
v 0.021354 0.048314 0.001145
v 0.024446 0.045474 0.000011
v 0.024457 0.045707 0.000906
v 0.023734 0.045409 0.000924
v 0.020282 0.046240 0.001281
v 0.018623 0.047248 0.000848
v 0.018570 0.047068 -0.000020
v 0.024274 0.045942 0.001910
v 0.023188 0.045771 0.001786
v 0.023734 0.045409 0.000924
v 0.024274 0.045942 0.001910
v 0.023364 0.046871 0.002173
v 0.023188 0.045771 0.001786
v 0.019242 0.048683 0.001171
v 0.020397 0.047040 0.002249
v 0.021354 0.048314 0.001145
v 0.024104 0.043838 0.002349
v 0.024613 0.044314 0.003200
v 0.024170 0.043751 0.003229
v 0.028379 0.044755 0.001137
v 0.027696 0.044236 0.001903
v 0.027607 0.044127 0.001168
v 0.028656 0.044551 0.000167
v 0.027993 0.043914 0.000915
v 0.027899 0.043806 0.000185
v 0.027918 0.044338 -0.000788
v 0.027288 0.043941 -0.000009
v 0.027165 0.043746 -0.000796
v 0.026938 0.044026 -0.001577
v 0.026298 0.043751 -0.000815
v 0.026149 0.043683 -0.001557
v 0.021354 0.048314 0.001145
v 0.024920 0.046754 -0.000182
v 0.021432 0.048167 -0.000875
v 0.024920 0.046754 -0.000182
v 0.021354 0.048314 0.001145
v 0.024869 0.046872 0.000814
v 0.024920 0.046754 -0.000182
v 0.024638 0.046501 -0.001151
v 0.021432 0.048167 -0.000875
v 0.020565 0.046181 -0.001163
v 0.021242 0.047754 -0.001597
v 0.023577 0.045466 -0.001787
v 0.021242 0.047754 -0.001597
v 0.023933 0.046141 -0.001892
v 0.023577 0.045466 -0.001787
v 0.024869 0.046872 0.000814
v 0.021354 0.048314 0.001145
v 0.024542 0.046834 0.001831
v 0.020397 0.047040 0.002249
v 0.023011 0.046359 0.002601
v 0.021354 0.048314 0.001145
v 0.020565 0.046181 -0.001163
v 0.023577 0.045466 -0.001787
v 0.023686 0.045383 -0.000523
v 0.020565 0.046181 -0.001163
v 0.023686 0.045383 -0.000523
v 0.020282 0.046240 0.001281
vn 0.1084 -0.9940 0.0143
vn -0.2244 -0.9595 0.1702
vn 0.0432 -0.9781 0.2037
vn 0.2927 0.5331 0.7938
vn 0.3360 0.1897 0.9226
vn 0.0637 -0.6149 0.7860
vn 0.3314 0.8968 -0.2930
vn 0.4858 0.7193 -0.4966
vn 0.0077 0.3689 -0.9294
vn 0.1726 0.8583 -0.4833
vn -0.1082 0.3383 -0.9348
vn 0.2540 0.8776 0.4067
vn 0.2652 0.9633 0.0419
vn -0.0032 0.6754 0.7374
vn -0.4885 -0.0045 0.8726
vn -0.3498 0.0637 0.9347
vn -0.0031 0.6755 0.7374
vn -0.1726 -0.7244 -0.6675
vn 0.5040 0.6015 -0.6198
vn 0.7573 -0.4670 -0.4564
vn 0.0594 -0.8720 -0.4859
vn 0.2829 0.3550 -0.8911
vn 0.9145 0.0644 -0.3995
vn 0.0260 -0.7643 -0.6443
vn 0.3742 0.5547 -0.7432
vn 0.8543 -0.3197 -0.4098
vn -0.5515 -0.8135 -0.1845
vn -0.2733 -0.6608 -0.6990
vn 0.2534 0.1740 -0.9516
vn 0.2535 0.1740 -0.9516
vn 0.1418 0.3175 -0.9376
vn 0.4858 0.7194 -0.4965
vn 0.5438 0.6818 0.4892
vn -0.3731 -0.9091 0.1853
vn 0.5438 0.6819 0.4892
vn -0.3732 -0.9091 0.1854
vn -0.2234 -0.2695 0.9367
vn 0.5439 0.6818 0.4892
vn -0.5516 -0.8135 -0.1845
vn 0.4954 0.8678 0.0396
vn 0.3910 0.5381 -0.7467
vn -0.1248 -0.9725 0.1967
vn 0.3910 0.5382 -0.7467
vn -0.2332 -0.5855 -0.7764
vn -0.1247 -0.9725 0.1966
vn 0.3668 0.6260 0.6882
vn 0.4954 0.8677 0.0396
vn 0.3668 0.6260 0.6881
vn -0.3426 -0.6613 0.6673
vn -0.3426 -0.6614 0.6672
vn -0.1248 -0.9725 0.1966
vn -0.3426 -0.6614 0.6673
vn 0.5480 0.8202 -0.1642
vn 0.3149 0.4306 -0.8458
vn -0.3890 -0.8038 -0.4502
vn -0.2243 -0.9595 0.1702
vn 0.3649 0.5405 0.7581
vn 0.3650 0.5405 0.7581
vn 0.3150 0.4306 -0.8458
vn 0.4955 0.8677 0.0396
vn -0.3743 -0.6525 0.6589
vn 0.4857 0.7193 -0.4966
vn 0.3081 0.2895 -0.9062
vn -0.4891 -0.7781 -0.3940
vn -0.3732 -0.9091 0.1853
vn 0.4252 0.5339 0.7309
vn 0.3080 0.2896 -0.9063
vn -0.3989 -0.6572 0.6396
vn 0.4252 0.5339 0.7308
vn -0.3731 -0.9091 0.1854
vn -0.4892 -0.7781 -0.3940
vn -0.3988 -0.6572 0.6395
vn -0.4427 -0.8750 0.1961
vn -0.4622 -0.2458 0.8521
vn -0.4426 -0.8750 0.1961
vn -0.4295 -0.8323 -0.3503
vn -0.4622 -0.2458 0.8520
vn -0.3131 -0.7234 -0.6154
vn 0.6635 0.3709 -0.6497
vn 0.1918 -0.7736 -0.6039
vn 0.1917 -0.7736 -0.6039
vn 0.8692 0.2539 -0.4244
vn -0.5725 -0.5409 0.6163
vn -0.3839 -0.3873 0.8382
vn 0.2890 0.4649 0.8369
vn 0.2889 0.4649 0.8369
vn -0.3838 -0.3874 0.8382
vn 0.6125 0.6314 0.4756
vn 0.1917 -0.7736 -0.6040
vn -0.3839 -0.3874 0.8382
vn -0.3130 -0.7234 -0.6154
vn -0.5724 -0.5409 0.6163
vn 0.3150 0.4305 -0.8458
vn -0.1855 -0.4861 -0.8540
vn 0.3855 0.6893 -0.6134
vn -0.1856 -0.4861 -0.8540
vn -0.2504 -0.5689 0.7834
vn -0.3890 -0.8037 -0.4502
vn -0.2503 -0.5689 0.7834
vn 0.4019 0.7736 0.4900
vn 0.4020 0.7736 0.4899
vn 0.4020 0.7735 0.4900
vn 0.3599 -0.6254 0.6924
vn 0.3673 0.7881 0.4940
vn 0.3599 -0.6253 0.6924
vn 0.3674 0.7881 0.4940
vn 0.4020 0.7735 0.4899
vn 0.2829 0.3550 -0.8910
vn 0.3080 0.2895 -0.9063
vn -0.3321 -0.7180 -0.6118
vn 0.3601 0.6097 -0.7061
vn -0.3321 -0.7179 -0.6118
vn -0.3988 -0.6572 0.6396
vn -0.2416 -0.5638 0.7898
vn -0.3989 -0.6572 0.6395
vn -0.2416 -0.5637 0.7898
vn 0.2950 0.5581 0.7756
vn 0.4253 0.5339 0.7308
vn 0.3602 0.6097 -0.7061
vn 0.4253 0.5338 0.7309
vn 0.0260 -0.7643 -0.6444
vn -0.3320 -0.7180 -0.6118
vn 0.3446 -0.4327 0.8330
vn 0.3446 -0.4328 0.8330
vn 0.3869 0.8466 0.3654
vn 0.3602 0.6097 -0.7060
vn -0.5516 -0.8134 -0.1845
vn -0.3612 -0.6038 -0.7106
vn 0.4012 0.3910 -0.8284
vn -0.3611 -0.6039 -0.7106
vn -0.3960 -0.5609 0.7270
vn 0.5302 0.6359 0.5609
vn -0.2234 -0.2696 0.9367
vn 0.5301 0.6359 0.5609
vn 0.4011 0.3910 -0.8284
vn 0.5040 0.6016 -0.6197
vn -0.1725 -0.7244 -0.6675
vn -0.1725 -0.7243 -0.6675
vn 0.2670 -0.6554 0.7065
vn 0.3945 0.5090 0.7650
vn 0.3944 0.5091 0.7650
vn 0.3945 0.5090 0.7651
vn 0.9166 -0.0154 -0.3996
vn 0.7586 0.1436 0.6355
vn 0.3050 -0.6497 0.6963
vn 0.2539 0.8776 0.4067
vn 0.2651 0.9633 0.0419
vn 0.3314 0.8969 -0.2929
vn -0.1135 -0.9914 0.0655
vn -0.1514 -0.9747 -0.1645
vn -0.1514 -0.9747 -0.1644
vn -0.3825 -0.4080 -0.8290
vn -0.3862 -0.7983 -0.4622
vn -0.5100 -0.8590 -0.0442
vn -0.3862 -0.7982 -0.4623
vn -0.1081 0.3383 -0.9348
vn 0.3944 0.5090 0.7650
vn 0.8684 0.3622 0.3386
vn 0.5040 0.6016 -0.6198
vn 0.8684 0.3622 0.3387
vn 0.7573 -0.4670 -0.4565
vn 0.8162 0.5176 0.2567
vn 0.3741 0.5547 -0.7432
vn 0.7477 0.2079 0.6306
vn 0.6636 0.3709 -0.6497
vn 0.6636 0.3708 -0.6497
vn 0.6124 0.6314 0.4756
vn 0.8691 0.2540 -0.4244
vn 0.4596 -0.8565 -0.2350
vn -0.0117 -0.8928 -0.4503
vn 0.2682 0.3148 -0.9105
vn 0.3871 0.7910 0.4739
vn 0.9166 -0.0153 -0.3996
vn 0.3871 0.7909 0.4739
vn 0.7587 0.1436 0.6355
vn 0.3332 0.5127 -0.7913
vn 0.3333 0.5126 -0.7913
vn -0.3304 -0.7261 -0.6030
vn -0.2331 -0.5856 -0.7764
vn -0.2331 -0.5855 -0.7764
vn -0.2080 -0.4134 0.8865
vn 0.4205 0.7857 0.4537
vn 0.3911 0.5381 -0.7466
vn 0.3332 0.5126 -0.7913
vn -0.3305 -0.7261 -0.6030
vn -0.0116 -0.8928 -0.4503
vn -0.2079 -0.4134 0.8865
vn 0.8543 -0.3197 -0.4099
vn 0.8162 0.5176 0.2566
vn 0.8684 0.3621 0.3386
vn 0.2670 -0.6555 0.7064
vn 0.8691 0.2539 -0.4244
vn 0.8264 -0.1045 0.5533
vn 0.4855 0.5435 0.6848
vn -0.5725 -0.5408 0.6163
vn -0.4296 -0.8323 -0.3503
vn 0.4596 -0.8565 -0.2351
vn 0.4595 -0.8565 -0.2351
vn -0.4296 -0.8323 -0.3502
vn 0.0946 -0.8392 0.5355
vn 0.8264 -0.1046 0.5533
vn 0.8264 -0.1047 0.5533
vn 0.0945 -0.8392 0.5356
vn -0.2734 -0.6608 -0.6990
vn 0.0636 -0.6149 0.7861
vn 0.2927 0.5332 0.7938
vn -0.4621 -0.2458 0.8521
vn 0.4855 0.5435 0.6847
vn -0.3497 0.0637 0.9347
vn -0.5810 -0.6312 0.5137
vn -0.4885 -0.0044 0.8726
vn -0.5810 -0.6312 0.5138
vn 0.4855 0.5436 0.6847
vn 0.4595 -0.8565 -0.2350
vn 0.3360 0.1897 0.9225
vn 0.8684 0.3621 0.3387
vn 0.3447 -0.4327 0.8330
vn 0.3598 -0.6254 0.6924
vn 0.7587 0.1435 0.6355
vn 0.3049 -0.6497 0.6963
vn 0.9144 0.0644 -0.3996
vn 0.5480 0.8202 -0.1643
vn 0.3314 0.8969 -0.2930
vn -0.3861 -0.7983 -0.4622
vt 0.733772 1.609492
vt 0.729749 1.632724
vt 0.722473 1.609492
vt 0.763193 1.632724
vt 0.760598 1.608860
vt 0.771591 1.632072
vt 0.780955 1.586580
vt 0.784100 1.632724
vt 0.785863 1.586580
vt 0.785359 1.578590
vt 0.790898 1.578590
vt 0.766520 1.586580
vt 0.780361 1.578590
vt 0.767802 1.578590
vt 0.761032 1.578590
vt 0.759608 1.586580
vt 0.721663 1.664272
vt 0.728247 1.664272
vt 0.710875 1.659924
vt 0.761517 1.664272
vt 0.782177 1.664272
vt 0.761517 1.664272
vt 0.782177 1.664272
vt 0.782177 1.648757
vt 0.761517 1.648757
vt 0.782177 1.689973
vt 0.761517 1.689973
vt 0.782177 1.673819
vt 0.761517 1.673819
vt 0.713306 1.586580
vt 0.719490 1.586580
vt 0.711946 1.592679
vt 0.711053 1.597289
vt 0.721663 1.673819
vt 0.721663 1.689973
vt 0.728247 1.648757
vt 0.740820 1.664272
vt 0.740820 1.689973
vt 0.740820 1.673819
vt 0.740820 1.648757
vt 0.721663 1.648757
vt 0.740820 1.664272
vt 0.715079 1.648757
vt 0.720735 1.597316
vt 0.744749 1.578590
vt 0.738227 1.586580
vt 0.730169 1.578590
vt 0.742341 1.578590
vt 0.709965 1.634305
vt 0.709965 1.620548
vt 0.699285 1.634305
vt 0.702031 1.615966
vt 0.699285 1.634304
vt 0.714699 1.603105
vt 0.728247 1.664272
vt 0.736462 1.632724
vt 0.743094 1.632724
vt 0.715934 1.632724
vt 0.722658 1.632724
vt 0.756096 1.589802
vt 0.758802 1.596177
vt 0.720917 1.578590
vt 0.714134 1.578590
vt 0.773649 1.632066
vt 0.773637 1.631057
vt 0.777080 1.632724
vt 0.769629 1.632724
s 1
usemtl PromotedAttr_node306
f 3211/1076/2358 3212/1077/2359 3213/1078/2360
f 3214/1079/2361 3215/1080/2362 3216/1081/2363
f 3217/1082/2364 3218/1083/2365 3219/1084/2366
f 3220/1082/2364 3221/1084/2366 3222/1085/2367
f 3223/1084/2366 3224/1086/2368 3225/1085/2367
f 3226/1087/2369 3227/1088/2370 3228/1089/2371
f 3229/1090/2372 3230/1091/2373 3231/1089/2374
f 3232/1092/2375 3233/1093/2376 3234/1094/2377
f 3235/1092/2378 3236/1093/2379 3237/1094/2380
f 3238/1092/2381 3239/1093/2382 3240/1094/2383
f 3241/1095/2384 3242/1096/2385 3243/1097/2386
f 3244/1097/2387 3245/1096/2385 3246/1098/2388
f 3247/1098/2388 3248/1099/2365 3249/1097/2387
f 3250/1099/2389 3251/1100/2390 3252/1097/2387
f 3253/1099/2389 3254/1099/2391 3255/1100/2392
f 3256/1099/2393 3257/1100/2394 3258/1100/2395
f 3259/1101/2385 3260/1102/2396 3261/1103/2391
f 3262/1103/2391 3263/1102/2384 3264/1104/2394
f 3265/1098/2397 3266/1097/2398 3267/1098/2399
f 3268/1097/2400 3269/1095/2401 3270/1098/2402
f 3271/1099/2361 3272/1100/2403 3273/1098/2397
f 3274/1098/2404 3275/1100/2403 3276/1097/2400
f 3277/1100/2405 3278/1099/2361 3279/1100/2406
f 3280/1099/2363 3281/1100/2407 3282/1099/2361
f 3283/1103/2363 3284/1101/2408 3285/1104/2409
f 3286/1101/2408 3287/1102/2401 3288/1104/2409
f 3289/1098/2410 3290/1097/2411 3291/1098/2359
f 3292/1097/2411 3293/1095/2412 3294/1098/2413
f 3295/1099/2397 3296/1100/2414 3297/1098/2410
f 3298/1098/2410 3299/1100/2415 3300/1097/2416
f 3301/1099/2417 3302/1099/2402 3303/1100/2414
f 3304/1099/2408 3305/1100/2418 3306/1100/2414
f 3307/1103/2408 3308/1101/2359 3309/1104/2418
f 3310/1101/2359 3311/1102/2412 3312/1104/2418
f 3313/1098/2419 3314/1095/2420 3315/1098/2391
f 3316/1095/2420 3317/1095/2421 3318/1098/2422
f 3319/1098/2365 3320/1099/2410 3321/1095/2420
f 3322/1099/2410 3323/1100/2423 3324/1095/2424
f 3325/1099/2410 3326/1099/2359 3327/1100/2423
f 3328/1099/2359 3329/1100/2425 3330/1100/2426
f 3331/1101/2427 3332/1102/2421 3333/1103/2359
f 3334/1103/2413 3335/1102/2428 3336/1104/2429
f 3337/1105/2373 3338/1106/2430 3339/1107/2431
f 3340/1106/2432 3341/1108/2433 3342/1107/2434
f 3343/1104/2435 3344/1102/2436 3345/1109/2437
f 3346/1109/2438 3347/1102/2436 3348/1110/2439
f 3349/1100/2440 3350/1111/2441 3351/1095/2442
f 3352/1095/2443 3353/1111/2444 3354/1093/2445
f 3355/1109/2446 3356/1111/2447 3357/1104/2448
f 3358/1111/2444 3359/1104/2449 3360/1104/2435
f 3361/1095/2412 3362/1097/2450 3363/1112/2451
f 3364/1112/2452 3365/1112/2451 3366/1097/2416
f 3367/1113/2453 3368/1114/2454 3369/1102/2412
f 3370/1102/2455 3371/1114/2454 3372/1104/2418
f 3373/1100/2418 3374/1115/2456 3375/1100/2414
f 3376/1115/2454 3377/1115/2457 3378/1100/2414
f 3379/1112/2452 3380/1097/2416 3381/1115/2458
f 3382/1097/2450 3383/1100/2415 3384/1115/2459
f 3385/1113/2453 3386/1110/2378 3387/1114/2454
f 3388/1110/2378 3389/1109/2460 3390/1114/2454
f 3391/1115/2459 3392/1115/2456 3393/1111/2461
f 3394/1115/2456 3395/1116/2462 3396/1111/2463
f 3397/1115/2464 3398/1111/2461 3399/1112/2452
f 3400/1112/2452 3401/1111/2461 3402/1093/2465
f 3403/1112/2452 3404/1093/2379 3405/1112/2451
f 3406/1093/2465 3407/1092/2378 3408/1112/2453
f 3409/1095/2421 3410/1095/2466 3411/1112/2467
f 3412/1112/2468 3413/1112/2469 3414/1095/2466
f 3415/1102/2428 3416/1113/2469 3417/1104/2470
f 3418/1113/2469 3419/1114/2471 3420/1104/2472
f 3421/1100/2472 3422/1115/2473 3423/1100/2423
f 3424/1115/2473 3425/1115/2474 3426/1100/2475
f 3427/1095/2466 3428/1100/2423 3429/1112/2476
f 3430/1112/2476 3431/1100/2477 3432/1115/2474
f 3433/1093/2382 3434/1092/2381 3435/1112/2476
f 3436/1092/2478 3437/1112/2479 3438/1112/2468
f 3439/1113/2467 3440/1110/2381 3441/1114/2473
f 3442/1110/2478 3443/1109/2480 3444/1114/2473
f 3445/1115/2471 3446/1116/2481 3447/1115/2474
f 3448/1116/2481 3449/1111/2482 3450/1115/2474
f 3451/1115/2474 3452/1111/2482 3453/1112/2483
f 3454/1112/2476 3455/1111/2482 3456/1093/2382
f 3457/1095/2484 3458/1097/2387 3459/1117/2485
f 3460/1112/2486 3461/1117/2487 3462/1097/2387
f 3463/1104/2394 3464/1102/2396 3465/1114/2488
f 3466/1102/2484 3467/1113/2485 3468/1114/2488
f 3469/1115/2488 3470/1115/2489 3471/1100/2490
f 3472/1100/2394 3473/1115/2491 3474/1100/2390
f 3475/1097/2387 3476/1100/2395 3477/1112/2492
f 3478/1112/2492 3479/1100/2395 3480/1115/2491
f 3481/1093/2493 3482/1092/2494 3483/1112/2492
f 3484/1092/2495 3485/1117/2487 3486/1112/2492
f 3487/1113/2487 3488/1110/2494 3489/1114/2488
f 3490/1110/2494 3491/1109/2496 3492/1114/2488
f 3493/1115/2489 3494/1115/2488 3495/1111/2497
f 3496/1115/2488 3497/1116/2496 3498/1111/2498
f 3499/1112/2492 3500/1115/2491 3501/1093/2493
f 3502/1115/2491 3503/1111/2499 3504/1093/2376
f 3505/1094/2500 3506/1118/2501 3507/1109/2502
f 3508/1087/2503 3509/1082/2364 3510/1088/2504
f 3511/1082/2505 3512/1085/2367 3513/1088/2370
f 3514/1076/2506 3515/1078/2360 3516/1119/2507
f 3517/1106/2432 3518/1076/2506 3519/1119/2508
f 3520/1120/2509 3521/1121/2510 3522/1122/2511
f 3523/1122/2511 3524/1121/2510 3525/1106/2432
f 3526/1121/2512 3527/1123/2509 3528/1084/2366
f 3529/1123/2509 3530/1086/2513 3531/1084/2366
f 3532/1124/2514 3533/1125/2515 3534/1126/2516
f 3535/1125/2517 3536/1127/2518 3537/1126/2516
f 3538/1124/2482 3539/1125/2519 3540/1126/2520
f 3541/1125/2519 3542/1127/2383 3543/1126/2520
f 3544/1128/2465 3545/1124/2461 3546/1127/2380
f 3547/1125/2521 3548/1127/2380 3549/1124/2463
f 3550/1095/2443 3551/1093/2445 3552/1095/2522
f 3553/1095/2523 3554/1093/2524 3555/1092/2525
f 3556/1129/2526 3557/1119/2507 3558/1078/2360
f 3559/1092/2527 3560/1130/2528 3561/1094/2500
f 3562/1128/2528 3563/1124/2529 3564/1127/2500
f 3565/1127/2530 3566/1124/2531 3567/1125/2532
f 3568/1097/2400 3569/1117/2533 3570/1095/2401
f 3571/1117/2534 3572/1112/2535 3573/1095/2536
f 3574/1102/2537 3575/1113/2535 3576/1104/2409
f 3577/1113/2535 3578/1114/2538 3579/1104/2407
f 3580/1100/2409 3581/1115/2538 3582/1100/2403
f 3583/1115/2538 3584/1115/2539 3585/1100/2403
f 3586/1100/2405 3587/1115/2539 3588/1097/2540
f 3589/1097/2400 3590/1115/2539 3591/1117/2533
f 3592/1117/2541 3593/1130/2528 3594/1112/2542
f 3595/1130/2528 3596/1092/2543 3597/1112/2535
f 3598/1113/2535 3599/1110/2543 3600/1114/2544
f 3601/1110/2543 3602/1109/2502 3603/1114/2544
f 3604/1116/2502 3605/1111/2531 3606/1115/2544
f 3607/1115/2544 3608/1111/2531 3609/1115/2539
f 3610/1115/2539 3611/1111/2531 3612/1117/2534
f 3613/1117/2534 3614/1111/2529 3615/1130/2528
f 3616/1094/2380 3617/1118/2521 3618/1109/2460
f 3619/1094/2545 3620/1118/2546 3621/1109/2481
f 3622/1094/2518 3623/1118/2547 3624/1109/2548
f 3625/1109/2438 3626/1092/2549 3627/1094/2550
f 3628/1098/2551 3629/1099/2434 3630/1095/2442
f 3631/1099/2434 3632/1100/2552 3633/1095/2442
f 3634/1103/2434 3635/1103/2433 3636/1104/2449
f 3637/1103/2553 3638/1104/2448 3639/1104/2449
f 3640/1103/2553 3641/1101/2554 3642/1104/2435
f 3643/1101/2554 3644/1102/2523 3645/1104/2435
f 3646/1095/2442 3647/1095/2522 3648/1098/2551
f 3649/1095/2522 3650/1096/2555 3651/1098/2551
f 3652/1106/2432 3653/1119/2508 3654/1108/2553
f 3655/1119/2508 3656/1129/2554 3657/1108/2556
f 3658/1109/2437 3659/1118/2557 3660/1111/2441
f 3661/1126/2524 3662/1124/2441 3663/1127/2558
f 3664/1127/2559 3665/1124/2447 3666/1125/2560
f 3667/1092/2525 3668/1093/2524 3669/1094/2558
f 3670/1084/2366 3671/1083/2389 3672/1081/2388
f 3673/1076/2506 3674/1131/2391 3675/1077/2359
f 3676/1076/2506 3677/1132/2561 3678/1131/2391
f 3679/1133/2562 3680/1078/2360 3681/1134/2402
f 3682/1079/2563 3683/1087/2369 3684/1080/2362
f 3685/1091/2373 3686/1135/2564 3687/1136/2565
f 3688/1106/2432 3689/1105/2566 3690/1137/2567
f 3691/1105/2373 3692/1138/2568 3693/1137/2569
f 3694/1139/2570 3695/1140/2571 3696/1080/2572
f 3697/1116/2496 3698/1118/2573 3699/1111/2498
f 3700/1116/2574 3701/1118/2519 3702/1111/2482
f 3703/1116/2575 3704/1118/2521 3705/1111/2463
f 3706/1116/2502 3707/1118/2576 3708/1111/2531
f 3709/1136/2570 3710/1080/2362 3711/1087/2503
f 3712/1077/2413 3713/1134/2408 3714/1078/2360
f 3715/1106/2432 3716/1137/2569 3717/1122/2511
f 3718/1081/2363 3719/1129/2526 3720/1078/2360
f 3721/1081/2562 3722/1080/2572 3723/1129/2526
f 3724/1089/2371 3725/1091/2373 3726/1087/2503
f 3727/1109/2437 3728/1094/2558 3729/1118/2560
f 3730/1094/2500 3731/1109/2577 3732/1110/2527
f 3733/1094/2578 3734/1109/2462 3735/1110/2378
f 3736/1094/2545 3737/1109/2574 3738/1110/2381
f 3739/1094/2518 3740/1109/2496 3741/1110/2375
f 3742/1087/2503 3743/1141/2410 3744/1082/2364
f 3745/1141/2579 3746/1087/2503 3747/1142/2404
f 3748/1141/2410 3749/1083/2365 3750/1082/2580
f 3751/1121/2581 3752/1084/2366 3753/1132/2561
f 3754/1084/2366 3755/1081/2388 3756/1132/2385
f 3757/1142/2397 3758/1087/2369 3759/1079/2361
f 3760/1091/2566 3761/1136/2565 3762/1087/2503
f 3763/1121/2512 3764/1132/2385 3765/1076/2506
f 3766/1121/2510 3767/1076/2506 3768/1106/2432
o RhandShape_node81
v -0.022636 0.045958 -0.000218
v -0.022622 0.045982 0.000940
v -0.023770 0.046312 0.000312
v -0.021165 0.048174 -0.000776
v -0.021001 0.047805 -0.001454
v -0.023726 0.047374 -0.000775
v -0.021165 0.048174 -0.000776
v -0.019372 0.048497 -0.000633
v -0.021001 0.047805 -0.001454
v -0.021001 0.047805 -0.001454
v -0.019372 0.048497 -0.000633
v -0.019148 0.048067 -0.001120
v -0.021093 0.048298 0.001065
v -0.019352 0.048368 0.001172
v -0.019502 0.048681 0.000365
v -0.020226 0.047124 0.002062
v -0.019352 0.048368 0.001172
v -0.021093 0.048298 0.001065
v -0.023896 0.046308 -0.001169
v -0.024504 0.046747 -0.001604
v -0.022585 0.046020 -0.001288
v -0.024504 0.046747 -0.001604
v -0.023129 0.047278 -0.001413
v -0.022585 0.046020 -0.001288
v -0.023129 0.047278 -0.001413
v -0.024504 0.046747 -0.001604
v -0.023726 0.047374 -0.000775
v -0.023726 0.047374 -0.000775
v -0.024504 0.046747 -0.001604
v -0.024801 0.046924 -0.000833
v -0.023726 0.047374 -0.000775
v -0.024801 0.046924 -0.000833
v -0.023659 0.046007 -0.000489
v -0.023659 0.046007 -0.000489
v -0.024801 0.046924 -0.000833
v -0.024215 0.046314 -0.000569
v -0.022585 0.046020 -0.001288
v -0.023659 0.046007 -0.000489
v -0.023896 0.046308 -0.001169
v -0.023659 0.046007 -0.000489
v -0.024215 0.046314 -0.000569
v -0.023896 0.046308 -0.001169
v -0.023770 0.047378 0.000992
v -0.023451 0.046098 0.001084
v -0.025284 0.046074 0.001326
v -0.025284 0.046074 0.001326
v -0.023451 0.046098 0.001084
v -0.024318 0.045928 0.001164
v -0.023645 0.047161 0.001984
v -0.023770 0.047378 0.000992
v -0.025071 0.046356 0.002209
v -0.023770 0.047378 0.000992
v -0.025284 0.046074 0.001326
v -0.025071 0.046356 0.002209
v -0.025071 0.046356 0.002209
v -0.024154 0.046075 0.002062
v -0.023645 0.047161 0.001984
v -0.023211 0.046535 0.002071
v -0.023645 0.047161 0.001984
v -0.024154 0.046075 0.002062
v -0.023211 0.046535 0.002071
v -0.024154 0.046075 0.002062
v -0.023451 0.046098 0.001084
v -0.023451 0.046098 0.001084
v -0.024154 0.046075 0.002062
v -0.024318 0.045928 0.001164
v -0.023994 0.047527 0.000131
v -0.023770 0.046312 0.000312
v -0.025626 0.046500 0.000510
v -0.025626 0.046500 0.000510
v -0.023770 0.046312 0.000312
v -0.024729 0.046077 0.000481
v -0.023770 0.047378 0.000992
v -0.023994 0.047527 0.000131
v -0.025295 0.046606 0.001535
v -0.023994 0.047527 0.000131
v -0.025626 0.046500 0.000510
v -0.025295 0.046606 0.001535
v -0.023770 0.047378 0.000992
v -0.025295 0.046606 0.001535
v -0.023451 0.046098 0.001084
v -0.023451 0.046098 0.001084
v -0.025295 0.046606 0.001535
v -0.024528 0.046066 0.001391
v -0.023451 0.046098 0.001084
v -0.024528 0.046066 0.001391
v -0.023770 0.046312 0.000312
v -0.023770 0.046312 0.000312
v -0.024528 0.046066 0.001391
v -0.024729 0.046077 0.000481
v -0.023726 0.047374 -0.000775
v -0.023659 0.046007 -0.000489
v -0.025308 0.046027 -0.000463
v -0.025308 0.046027 -0.000463
v -0.023659 0.046007 -0.000489
v -0.024425 0.045883 -0.000287
v -0.023726 0.047374 -0.000775
v -0.025308 0.046027 -0.000463
v -0.023994 0.047527 0.000131
v -0.023994 0.047527 0.000131
v -0.025308 0.046027 -0.000463
v -0.025452 0.046263 0.000575
v -0.023994 0.047527 0.000131
v -0.025452 0.046263 0.000575
v -0.023770 0.046312 0.000312
v -0.023770 0.046312 0.000312
v -0.025452 0.046263 0.000575
v -0.024362 0.046089 0.000571
v -0.023659 0.046007 -0.000489
v -0.023770 0.046312 0.000312
v -0.024425 0.045883 -0.000287
v -0.023770 0.046312 0.000312
v -0.024362 0.046089 0.000571
v -0.024425 0.045883 -0.000287
v -0.020226 0.047124 0.002062
v -0.021606 0.045909 0.002516
v -0.020134 0.046381 0.001178
v -0.020134 0.046381 0.001178
v -0.021606 0.045909 0.002516
v -0.021732 0.045498 0.001902
v -0.022947 0.045334 0.002470
v -0.023450 0.046287 0.002457
v -0.023439 0.045311 0.002784
v -0.023450 0.046287 0.002457
v -0.023852 0.045971 0.002675
v -0.023439 0.045311 0.002784
v -0.023187 0.045249 0.001682
v -0.023820 0.045063 0.001993
v -0.023640 0.046040 0.001675
v -0.023820 0.045063 0.001993
v -0.024146 0.045689 0.002027
v -0.023640 0.046040 0.001675
v -0.024729 0.046077 0.000481
v -0.024842 0.045389 0.000607
v -0.025626 0.046500 0.000510
v -0.025580 0.045477 0.000864
v -0.025626 0.046500 0.000510
v -0.024842 0.045389 0.000607
v -0.024842 0.045389 0.000607
v -0.024729 0.046077 0.000481
v -0.024503 0.045367 0.001487
v -0.024729 0.046077 0.000481
v -0.024528 0.046066 0.001391
v -0.024503 0.045367 0.001487
v -0.024528 0.046066 0.001391
v -0.025295 0.046606 0.001535
v -0.024503 0.045367 0.001487
v -0.024503 0.045367 0.001487
v -0.025295 0.046606 0.001535
v -0.025361 0.045555 0.001586
v -0.025580 0.045477 0.000864
v -0.025361 0.045555 0.001586
v -0.025626 0.046500 0.000510
v -0.025626 0.046500 0.000510
v -0.025361 0.045555 0.001586
v -0.025295 0.046606 0.001535
v -0.024842 0.045389 0.000607
v -0.024503 0.045367 0.001487
v -0.024722 0.044821 0.000845
v -0.024722 0.044821 0.000845
v -0.024503 0.045367 0.001487
v -0.024561 0.044849 0.001466
v -0.025361 0.045555 0.001586
v -0.025262 0.045066 0.001657
v -0.024503 0.045367 0.001487
v -0.024503 0.045367 0.001487
v -0.025262 0.045066 0.001657
v -0.024561 0.044849 0.001466
v -0.025361 0.045555 0.001586
v -0.025580 0.045477 0.000864
v -0.025262 0.045066 0.001657
v -0.025580 0.045477 0.000864
v -0.025450 0.044995 0.000884
v -0.025262 0.045066 0.001657
v -0.025580 0.045477 0.000864
v -0.024842 0.045389 0.000607
v -0.025450 0.044995 0.000884
v -0.025450 0.044995 0.000884
v -0.024842 0.045389 0.000607
v -0.024722 0.044821 0.000845
v -0.024425 0.045883 -0.000287
v -0.024302 0.045360 -0.000158
v -0.025308 0.046027 -0.000463
v -0.025217 0.045251 -0.000116
v -0.025308 0.046027 -0.000463
v -0.024302 0.045360 -0.000158
v -0.024425 0.045883 -0.000287
v -0.024362 0.046089 0.000571
v -0.024302 0.045360 -0.000158
v -0.024302 0.045360 -0.000158
v -0.024362 0.046089 0.000571
v -0.024319 0.045564 0.000677
v -0.024362 0.046089 0.000571
v -0.025452 0.046263 0.000575
v -0.024319 0.045564 0.000677
v -0.024319 0.045564 0.000677
v -0.025452 0.046263 0.000575
v -0.025176 0.045485 0.000726
v -0.025308 0.046027 -0.000463
v -0.025217 0.045251 -0.000116
v -0.025452 0.046263 0.000575
v -0.025217 0.045251 -0.000116
v -0.025176 0.045485 0.000726
v -0.025452 0.046263 0.000575
v -0.025071 0.044781 0.000130
v -0.025217 0.045251 -0.000116
v -0.024280 0.044737 0.000055
v -0.024280 0.044737 0.000055
v -0.025217 0.045251 -0.000116
v -0.024302 0.045360 -0.000158
v -0.024302 0.045360 -0.000158
v -0.024319 0.045564 0.000677
v -0.024280 0.044737 0.000055
v -0.024280 0.044737 0.000055
v -0.024319 0.045564 0.000677
v -0.024367 0.044875 0.000824
v -0.024319 0.045564 0.000677
v -0.025176 0.045485 0.000726
v -0.024367 0.044875 0.000824
v -0.024367 0.044875 0.000824
v -0.025176 0.045485 0.000726
v -0.025159 0.044916 0.000754
v -0.025176 0.045485 0.000726
v -0.025217 0.045251 -0.000116
v -0.025159 0.044916 0.000754
v -0.025217 0.045251 -0.000116
v -0.025071 0.044781 0.000130
v -0.025159 0.044916 0.000754
v -0.023896 0.046308 -0.001169
v -0.024266 0.045942 -0.001348
v -0.024504 0.046747 -0.001604
v -0.024935 0.046258 -0.001500
v -0.024504 0.046747 -0.001604
v -0.024266 0.045942 -0.001348
v -0.024215 0.046314 -0.000569
v -0.024386 0.046055 -0.000592
v -0.023896 0.046308 -0.001169
v -0.023896 0.046308 -0.001169
v -0.024386 0.046055 -0.000592
v -0.024266 0.045942 -0.001348
v -0.024386 0.046055 -0.000592
v -0.024215 0.046314 -0.000569
v -0.025152 0.046423 -0.000778
v -0.024215 0.046314 -0.000569
v -0.024801 0.046924 -0.000833
v -0.025152 0.046423 -0.000778
v -0.024504 0.046747 -0.001604
v -0.024935 0.046258 -0.001500
v -0.024801 0.046924 -0.000833
v -0.024935 0.046258 -0.001500
v -0.025152 0.046423 -0.000778
v -0.024801 0.046924 -0.000833
v -0.025282 0.045784 -0.001343
v -0.024935 0.046258 -0.001500
v -0.024551 0.045401 -0.001224
v -0.024551 0.045401 -0.001224
v -0.024935 0.046258 -0.001500
v -0.024266 0.045942 -0.001348
v -0.024266 0.045942 -0.001348
v -0.024386 0.046055 -0.000592
v -0.024551 0.045401 -0.001224
v -0.024551 0.045401 -0.001224
v -0.024386 0.046055 -0.000592
v -0.024693 0.045502 -0.000536
v -0.025152 0.046423 -0.000778
v -0.025320 0.045897 -0.000677
v -0.024386 0.046055 -0.000592
v -0.024386 0.046055 -0.000592
v -0.025320 0.045897 -0.000677
v -0.024693 0.045502 -0.000536
v -0.024935 0.046258 -0.001500
v -0.025282 0.045784 -0.001343
v -0.025152 0.046423 -0.000778
v -0.025152 0.046423 -0.000778
v -0.025282 0.045784 -0.001343
v -0.025320 0.045897 -0.000677
v -0.021093 0.048298 0.001065
v -0.019502 0.048681 0.000365
v -0.021165 0.048174 -0.000776
v -0.021165 0.048174 -0.000776
v -0.019502 0.048681 0.000365
v -0.019372 0.048497 -0.000633
v -0.022636 0.045958 -0.000218
v -0.021563 0.046511 0.000957
v -0.022622 0.045982 0.000940
v -0.022636 0.045958 -0.000218
v -0.020134 0.046381 0.001178
v -0.021563 0.046511 0.000957
v -0.018739 0.047030 -0.000861
v -0.018678 0.046749 -0.000022
v -0.020391 0.046331 -0.001114
v -0.020391 0.046331 -0.001114
v -0.021001 0.047805 -0.001454
v -0.018739 0.047030 -0.000861
v -0.021001 0.047805 -0.001454
v -0.019148 0.048067 -0.001120
v -0.018739 0.047030 -0.000861
v -0.025320 0.045897 -0.000677
v -0.025282 0.045784 -0.001343
v -0.025555 0.045603 -0.000758
v -0.025555 0.045603 -0.000758
v -0.025282 0.045784 -0.001343
v -0.025317 0.045268 -0.001204
v -0.025159 0.044916 0.000754
v -0.025071 0.044781 0.000130
v -0.025019 0.044568 0.000789
v -0.025019 0.044568 0.000789
v -0.025071 0.044781 0.000130
v -0.024836 0.044399 0.000295
v -0.025450 0.044995 0.000884
v -0.025397 0.044441 0.001102
v -0.025262 0.045066 0.001657
v -0.025132 0.044582 0.001680
v -0.025262 0.045066 0.001657
v -0.025397 0.044441 0.001102
v -0.023910 0.045145 0.002762
v -0.024146 0.045689 0.002027
v -0.023820 0.045063 0.001993
v -0.022961 0.046230 0.001609
v -0.022622 0.045982 0.000940
v -0.021563 0.046511 0.000957
v -0.024401 0.044719 0.001339
v -0.024201 0.044339 0.001504
v -0.024369 0.044769 0.002108
v -0.024201 0.044339 0.001504
v -0.024112 0.044424 0.002072
v -0.024369 0.044769 0.002108
v -0.025284 0.046074 0.001326
v -0.024318 0.045928 0.001164
v -0.024725 0.045097 0.001384
v -0.024725 0.045097 0.001384
v -0.024318 0.045928 0.001164
v -0.023856 0.045282 0.001217
v -0.024318 0.045928 0.001164
v -0.024154 0.046075 0.002062
v -0.023856 0.045282 0.001217
v -0.023856 0.045282 0.001217
v -0.024154 0.046075 0.002062
v -0.023745 0.045331 0.002021
v -0.024154 0.046075 0.002062
v -0.025071 0.046356 0.002209
v -0.023745 0.045331 0.002021
v -0.023745 0.045331 0.002021
v -0.025071 0.046356 0.002209
v -0.024624 0.045205 0.002104
v -0.025071 0.046356 0.002209
v -0.025284 0.046074 0.001326
v -0.024624 0.045205 0.002104
v -0.025284 0.046074 0.001326
v -0.024725 0.045097 0.001384
v -0.024624 0.045205 0.002104
v -0.024725 0.045097 0.001384
v -0.023856 0.045282 0.001217
v -0.024401 0.044719 0.001339
v -0.024401 0.044719 0.001339
v -0.023856 0.045282 0.001217
v -0.023720 0.044703 0.001353
v -0.023856 0.045282 0.001217
v -0.023745 0.045331 0.002021
v -0.023720 0.044703 0.001353
v -0.023720 0.044703 0.001353
v -0.023745 0.045331 0.002021
v -0.023675 0.044696 0.001978
v -0.023675 0.044696 0.001978
v -0.023745 0.045331 0.002021
v -0.024369 0.044769 0.002108
v -0.023745 0.045331 0.002021
v -0.024624 0.045205 0.002104
v -0.024369 0.044769 0.002108
v -0.024624 0.045205 0.002104
v -0.024725 0.045097 0.001384
v -0.024369 0.044769 0.002108
v -0.024725 0.045097 0.001384
v -0.024401 0.044719 0.001339
v -0.024369 0.044769 0.002108
v -0.022292 0.046991 0.002361
v -0.023450 0.046287 0.002457
v -0.021606 0.045909 0.002516
v -0.023450 0.046287 0.002457
v -0.022947 0.045334 0.002470
v -0.021606 0.045909 0.002516
v -0.021606 0.045909 0.002516
v -0.022947 0.045334 0.002470
v -0.021732 0.045498 0.001902
v -0.021732 0.045498 0.001902
v -0.022947 0.045334 0.002470
v -0.023187 0.045249 0.001682
v -0.021732 0.045498 0.001902
v -0.023187 0.045249 0.001682
v -0.022961 0.046230 0.001609
v -0.022961 0.046230 0.001609
v -0.023187 0.045249 0.001682
v -0.023640 0.046040 0.001675
v -0.023450 0.046287 0.002457
v -0.022292 0.046991 0.002361
v -0.023640 0.046040 0.001675
v -0.023640 0.046040 0.001675
v -0.022292 0.046991 0.002361
v -0.022961 0.046230 0.001609
v -0.020134 0.046381 0.001178
v -0.021732 0.045498 0.001902
v -0.021563 0.046511 0.000957
v -0.021563 0.046511 0.000957
v -0.021732 0.045498 0.001902
v -0.022961 0.046230 0.001609
v -0.023187 0.045249 0.001682
v -0.022947 0.045334 0.002470
v -0.023820 0.045063 0.001993
v -0.022947 0.045334 0.002470
v -0.023439 0.045311 0.002784
v -0.023820 0.045063 0.001993
v -0.023852 0.045971 0.002675
v -0.024054 0.045787 0.002843
v -0.023439 0.045311 0.002784
v -0.024054 0.045787 0.002843
v -0.023910 0.045145 0.002762
v -0.023439 0.045311 0.002784
v -0.024146 0.045689 0.002027
v -0.024054 0.045787 0.002843
v -0.023852 0.045971 0.002675
v -0.022292 0.046991 0.002361
v -0.021093 0.048298 0.001065
v -0.022602 0.047251 0.001956
v -0.023770 0.047378 0.000992
v -0.023645 0.047161 0.001984
v -0.021093 0.048298 0.001065
v -0.023994 0.047527 0.000131
v -0.021165 0.048174 -0.000776
v -0.023726 0.047374 -0.000775
v -0.022636 0.045958 -0.000218
v -0.023770 0.046312 0.000312
v -0.023659 0.046007 -0.000489
v -0.022636 0.045958 -0.000218
v -0.023659 0.046007 -0.000489
v -0.022585 0.046020 -0.001288
v -0.023645 0.047161 0.001984
v -0.023211 0.046535 0.002071
v -0.022602 0.047251 0.001956
v -0.023211 0.046535 0.002071
v -0.023451 0.046098 0.001084
v -0.022622 0.045982 0.000940
v -0.020134 0.046381 0.001178
v -0.018730 0.046928 0.000849
v -0.020226 0.047124 0.002062
v -0.020226 0.047124 0.002062
v -0.018730 0.046928 0.000849
v -0.018959 0.047561 0.001393
v -0.023640 0.046040 0.001675
v -0.024146 0.045689 0.002027
v -0.023450 0.046287 0.002457
v -0.023852 0.045971 0.002675
v -0.023450 0.046287 0.002457
v -0.024146 0.045689 0.002027
v -0.024201 0.044339 0.001504
v -0.023720 0.044703 0.001353
v -0.023675 0.044696 0.001978
v -0.025397 0.044441 0.001102
v -0.024722 0.044821 0.000845
v -0.024561 0.044849 0.001466
v -0.024836 0.044399 0.000295
v -0.024280 0.044737 0.000055
v -0.024367 0.044875 0.000824
v -0.025317 0.045268 -0.001204
v -0.024551 0.045401 -0.001224
v -0.024693 0.045502 -0.000536
v -0.024551 0.045401 -0.001224
v -0.025317 0.045268 -0.001204
v -0.025282 0.045784 -0.001343
v -0.024693 0.045502 -0.000536
v -0.025320 0.045897 -0.000677
v -0.025555 0.045603 -0.000758
v -0.024280 0.044737 0.000055
v -0.024836 0.044399 0.000295
v -0.025071 0.044781 0.000130
v -0.024367 0.044875 0.000824
v -0.025159 0.044916 0.000754
v -0.025019 0.044568 0.000789
v -0.024722 0.044821 0.000845
v -0.025397 0.044441 0.001102
v -0.025450 0.044995 0.000884
v -0.023720 0.044703 0.001353
v -0.024201 0.044339 0.001504
v -0.024401 0.044719 0.001339
v -0.024561 0.044849 0.001466
v -0.025262 0.045066 0.001657
v -0.025132 0.044582 0.001680
v -0.023675 0.044696 0.001978
v -0.024369 0.044769 0.002108
v -0.024112 0.044424 0.002072
v -0.023770 0.046312 0.000312
v -0.022622 0.045982 0.000940
v -0.023451 0.046098 0.001084
v -0.018678 0.046749 -0.000022
v -0.020134 0.046381 0.001178
v -0.020391 0.046331 -0.001114
v -0.020134 0.046381 0.001178
v -0.018678 0.046749 -0.000022
v -0.018730 0.046928 0.000849
v -0.022961 0.046230 0.001609
v -0.023211 0.046535 0.002071
v -0.022622 0.045982 0.000940
v -0.022602 0.047251 0.001956
v -0.022961 0.046230 0.001609
v -0.022292 0.046991 0.002361
v -0.022602 0.047251 0.001956
v -0.023211 0.046535 0.002071
v -0.022961 0.046230 0.001609
v -0.020391 0.046331 -0.001114
v -0.020134 0.046381 0.001178
v -0.022636 0.045958 -0.000218
v -0.020226 0.047124 0.002062
v -0.022292 0.046991 0.002361
v -0.021606 0.045909 0.002516
v -0.018959 0.047561 0.001393
v -0.019352 0.048368 0.001172
v -0.020226 0.047124 0.002062
v -0.023820 0.045063 0.001993
v -0.023439 0.045311 0.002784
v -0.023910 0.045145 0.002762
v -0.023910 0.045145 0.002762
v -0.024054 0.045787 0.002843
v -0.024146 0.045689 0.002027
v -0.024201 0.044339 0.001504
v -0.023675 0.044696 0.001978
v -0.024112 0.044424 0.002072
v -0.025397 0.044441 0.001102
v -0.024561 0.044849 0.001466
v -0.025132 0.044582 0.001680
v -0.024836 0.044399 0.000295
v -0.024367 0.044875 0.000824
v -0.025019 0.044568 0.000789
v -0.025317 0.045268 -0.001204
v -0.024693 0.045502 -0.000536
v -0.025555 0.045603 -0.000758
v -0.021093 0.048298 0.001065
v -0.023645 0.047161 0.001984
v -0.022602 0.047251 0.001956
v -0.021093 0.048298 0.001065
v -0.023994 0.047527 0.000131
v -0.023770 0.047378 0.000992
v -0.021165 0.048174 -0.000776
v -0.023994 0.047527 0.000131
v -0.021093 0.048298 0.001065
v -0.021001 0.047805 -0.001454
v -0.023129 0.047278 -0.001413
v -0.023726 0.047374 -0.000775
v -0.020226 0.047124 0.002062
v -0.021093 0.048298 0.001065
v -0.022292 0.046991 0.002361
v -0.021001 0.047805 -0.001454
v -0.020391 0.046331 -0.001114
v -0.023129 0.047278 -0.001413
v -0.020391 0.046331 -0.001114
v -0.022585 0.046020 -0.001288
v -0.023129 0.047278 -0.001413
v -0.020391 0.046331 -0.001114
v -0.022636 0.045958 -0.000218
v -0.022585 0.046020 -0.001288
vn 0.0219 -0.9925 0.1206
vn -0.1251 -0.9898 0.0688
vn 0.0417 -0.9986 0.0330
vn -0.2241 0.9378 -0.2650
vn -0.0270 0.4976 -0.8670
vn -0.3717 0.8551 -0.3614
vn -0.2241 0.9378 -0.2651
vn -0.0892 0.8820 -0.4628
vn -0.0270 0.4977 -0.8670
vn -0.0270 0.4977 -0.8669
vn -0.0892 0.8819 -0.4628
vn 0.1205 0.3384 -0.9333
vn -0.1687 0.8861 0.4317
vn 0.0669 0.6898 0.7209
vn -0.1637 0.9857 0.0402
vn 0.3622 0.0432 0.9311
vn 0.0668 0.6898 0.7209
vn 0.2307 -0.9254 -0.3007
vn -0.1787 0.2262 -0.9575
vn -0.0228 -0.7935 -0.6081
vn -0.1787 0.2263 -0.9575
vn -0.0607 0.3688 -0.9275
vn -0.0229 -0.7935 -0.6081
vn -0.3717 0.8551 -0.3613
vn -0.5155 0.7426 0.4275
vn -0.3717 0.8552 -0.3613
vn -0.5155 0.7426 0.4276
vn -0.1211 -0.9901 0.0706
vn 0.0245 -0.1958 0.9803
vn 0.2306 -0.9254 -0.3008
vn -0.4053 0.8968 0.1773
vn 0.1447 -0.9867 0.0747
vn -0.7516 -0.0408 -0.6584
vn -0.7516 -0.0409 -0.6584
vn 0.1447 -0.9866 0.0748
vn 0.1714 -0.1780 -0.9690
vn -0.1380 0.5366 0.8325
vn -0.3895 0.3071 0.8683
vn -0.3895 0.3072 0.8683
vn 0.6405 -0.1676 0.7495
vn -0.1379 0.5367 0.8324
vn 0.0154 -0.5813 0.8135
vn 0.1448 -0.9866 0.0747
vn 0.6404 -0.1676 0.7495
vn -0.4539 0.8900 -0.0438
vn 0.0418 -0.9986 0.0330
vn -0.7039 0.0307 -0.7097
vn -0.7038 0.0307 -0.7097
vn 0.0418 -0.9986 0.0329
vn 0.5301 -0.4333 -0.7289
vn -0.4540 0.8899 -0.0438
vn -0.1755 0.4444 0.8785
vn -0.1755 0.4443 0.8785
vn 0.6192 -0.6050 0.5005
vn 0.1448 -0.9866 0.0748
vn 0.6191 -0.6050 0.5006
vn 0.0417 -0.9986 0.0329
vn 0.5301 -0.4332 -0.7289
vn -0.4683 -0.0873 -0.8793
vn -0.4682 -0.0873 -0.8793
vn 0.5308 -0.7802 -0.3309
vn -0.4683 -0.0874 -0.8792
vn -0.5176 0.3238 0.7920
vn -0.5176 0.3239 0.7920
vn 0.8098 0.0692 0.5826
vn 0.5308 -0.7803 -0.3308
vn 0.5308 -0.7802 -0.3308
vn 0.3331 -0.3505 0.8753
vn 0.3370 -0.9153 0.2205
vn 0.2438 -0.9049 -0.3488
vn 0.3171 -0.7589 0.5688
vn -0.2194 0.6561 0.7221
vn 0.3725 -0.2421 0.8959
vn -0.2194 0.6561 0.7220
vn -0.2410 0.7650 0.5972
vn 0.0435 -0.6393 -0.7678
vn -0.2270 -0.9079 -0.3525
vn -0.4995 0.4151 -0.7604
vn -0.2269 -0.9079 -0.3526
vn -0.9290 0.3071 -0.2064
vn -0.4996 0.4151 -0.7604
vn 0.1937 -0.2553 -0.9472
vn -0.9423 -0.2098 -0.2610
vn 0.1938 -0.2553 -0.9472
vn 0.8607 0.0052 0.5091
vn 0.6192 -0.6050 0.5006
vn 0.8607 0.0051 0.5091
vn -0.6696 0.0508 0.7410
vn -0.9423 -0.2097 -0.2610
vn -0.6696 0.0509 0.7410
vn 0.5648 -0.4667 -0.6805
vn 0.7020 -0.5341 0.4712
vn -0.5901 -0.0720 0.8041
vn 0.7020 -0.5340 0.4712
vn -0.5901 -0.0719 0.8041
vn -0.7061 -0.3222 -0.6306
vn 0.1937 -0.2554 -0.9472
vn -0.7061 -0.3223 -0.6306
vn 0.5649 -0.4668 -0.6805
vn 0.5308 -0.7803 -0.3309
vn 0.7220 -0.1418 -0.6772
vn -0.7612 -0.3909 -0.5174
vn 0.7220 -0.1417 -0.6772
vn 0.7022 0.1553 0.6948
vn -0.5277 0.0325 0.8488
vn -0.7613 -0.3909 -0.5174
vn -0.7015 -0.5296 -0.4770
vn -0.7613 -0.3908 -0.5174
vn 0.5983 -0.5271 -0.6035
vn 0.7022 0.1554 0.6948
vn 0.4141 -0.3105 0.8556
vn 0.4142 -0.3105 0.8556
vn -0.8314 -0.1688 0.5294
vn -0.7014 -0.5296 -0.4770
vn 0.5978 -0.4923 -0.6327
vn -0.4701 0.1496 -0.8698
vn 0.5979 -0.4922 -0.6327
vn 0.0244 -0.1958 0.9803
vn 0.5246 -0.3352 0.7826
vn 0.2307 -0.9254 -0.3008
vn 0.2306 -0.9254 -0.3007
vn 0.5245 -0.3352 0.7826
vn -0.7448 0.4328 0.5078
vn -0.7448 0.4329 0.5078
vn -0.7448 0.4329 0.5079
vn -0.7435 0.1696 -0.6469
vn -0.4701 0.1497 -0.8698
vn 0.4999 -0.6628 -0.5574
vn 0.5000 -0.6628 -0.5574
vn 0.1196 -0.5950 0.7948
vn -0.5997 0.3423 0.7233
vn 0.1197 -0.5949 0.7948
vn -0.7435 0.1697 -0.6469
vn -0.5997 0.3424 0.7233
vn -0.1688 0.8861 0.4317
vn -0.2240 0.9378 -0.2651
vn 0.1313 -0.9853 -0.1090
vn 0.3062 -0.4351 -0.8467
vn 0.3591 -0.9325 -0.0394
vn 0.2337 -0.7646 -0.6007
vn 0.2338 -0.7645 -0.6007
vn 0.3063 -0.4350 -0.8467
vn 0.1204 0.3384 -0.9333
vn 0.3062 -0.4350 -0.8467
vn -0.7434 0.1697 -0.6469
vn -0.9160 -0.1317 0.3790
vn -0.3847 -0.8741 -0.2966
vn -0.5708 -0.6608 0.4874
vn -0.7015 -0.5296 -0.4769
vn 0.0031 -0.9900 -0.1407
vn -0.4131 -0.9039 -0.1107
vn -0.0816 -0.5704 0.8173
vn -0.5820 -0.6690 0.4622
vn -0.4134 -0.5073 -0.7561
vn -0.1252 -0.9897 0.0688
vn -0.4853 -0.4721 -0.7359
vn -0.1669 -0.9646 -0.2041
vn -0.5657 -0.4298 0.7037
vn -0.0278 -0.7509 0.6598
vn -0.6825 -0.4629 -0.5656
vn 0.5472 0.1837 -0.8166
vn 0.1714 -0.1781 -0.9690
vn 0.6405 -0.1675 0.7495
vn 0.6745 0.1588 0.7210
vn 0.6745 0.1587 0.7210
vn -0.6214 -0.3468 0.7026
vn -0.6213 -0.3468 0.7026
vn 0.7273 -0.3149 -0.6098
vn 0.7273 -0.3149 -0.6097
vn 0.7139 -0.4436 0.5419
vn -0.5657 -0.4299 0.7037
vn -0.3094 0.6953 0.6488
vn -0.2194 0.6562 0.7220
vn 0.3332 -0.3504 0.8753
vn 0.3331 -0.3504 0.8753
vn 0.2437 -0.9050 -0.3488
vn 0.2439 -0.9049 -0.3488
vn 0.0435 -0.6392 -0.7678
vn -0.4134 -0.5074 -0.7561
vn 0.0435 -0.6393 -0.7677
vn -0.4996 0.4151 -0.7603
vn -0.3093 0.6953 0.6488
vn 0.3172 -0.7588 0.5688
vn 0.3726 -0.2421 0.8959
vn -0.2409 0.7650 0.5972
vn -0.5173 0.3035 0.8002
vn -0.5821 -0.6690 0.4622
vn -0.9290 0.3071 -0.2063
vn -0.0863 0.3179 0.9442
vn -0.1379 0.5367 0.8325
vn -0.1212 -0.9901 0.0706
vn -0.1380 0.5367 0.8324
vn 0.0154 -0.5813 0.8136
vn 0.4671 -0.7000 0.5402
vn 0.3621 0.0432 0.9311
vn 0.4728 -0.0219 0.8809
vn -0.4996 0.4150 -0.7604
vn -0.2193 0.6562 0.7220
vn 0.7139 -0.4436 0.5418
vn 0.5648 -0.4668 -0.6805
vn 0.0031 -0.9901 -0.1407
vn 0.5982 -0.5271 -0.6035
vn -0.3847 -0.8741 -0.2967
vn -0.3848 -0.8740 -0.2966
vn 0.0031 -0.9901 -0.1406
vn 0.4141 -0.3106 0.8556
vn -0.5708 -0.6607 0.4874
vn 0.5649 -0.4667 -0.6805
vn -0.4131 -0.9039 -0.1106
vn -0.7060 -0.3223 -0.6306
vn -0.0277 -0.7510 0.6598
vn 0.3592 -0.9324 -0.0394
vn 0.0153 -0.5813 0.8135
vn -0.1251 -0.9897 0.0689
vn -0.4134 -0.5074 -0.7560
vn -0.0863 0.3178 0.9442
vn 0.2338 -0.7646 -0.6007
vn 0.0218 -0.9925 0.1206
vn -0.3093 0.6953 0.6487
vn 0.4728 -0.0220 0.8809
vn -0.5173 0.3034 0.8002
vn -0.9160 -0.1317 0.3789
vn -0.1379 0.5366 0.8325
vn -0.0271 0.4976 -0.8670
vn -0.0607 0.3689 -0.9275
vn -0.0228 -0.7936 -0.6081
vt 0.733772 1.609492
vt 0.722473 1.609492
vt 0.729749 1.632724
vt 0.780955 1.586580
vt 0.785863 1.586580
vt 0.784100 1.632724
vt 0.785359 1.578590
vt 0.790898 1.578590
vt 0.766520 1.586580
vt 0.767802 1.578590
vt 0.780361 1.578590
vt 0.759608 1.586580
vt 0.761517 1.664272
vt 0.782177 1.664272
vt 0.782177 1.664272
vt 0.782177 1.648757
vt 0.761517 1.648757
vt 0.782177 1.689973
vt 0.782177 1.673819
vt 0.761517 1.689973
vt 0.761517 1.673819
vt 0.761517 1.664272
vt 0.713306 1.586580
vt 0.711946 1.592679
vt 0.719490 1.586580
vt 0.711053 1.597289
vt 0.728247 1.648757
vt 0.728247 1.664272
vt 0.721663 1.673819
vt 0.721663 1.689973
vt 0.740820 1.664272
vt 0.740820 1.689973
vt 0.740820 1.673819
vt 0.740820 1.648757
vt 0.721663 1.648757
vt 0.728247 1.664272
vt 0.721663 1.664272
vt 0.740820 1.664272
vt 0.721663 1.664272
vt 0.720735 1.597316
vt 0.739641 1.578590
vt 0.730169 1.578590
vt 0.738227 1.586580
vt 0.744749 1.578590
vt 0.709965 1.634305
vt 0.699285 1.634305
vt 0.709965 1.620548
vt 0.702031 1.615966
vt 0.710875 1.652167
vt 0.714699 1.603105
vt 0.699285 1.634304
vt 0.709965 1.634304
vt 0.699285 1.620548
vt 0.707371 1.615966
vt 0.715079 1.664272
vt 0.758802 1.596177
vt 0.760598 1.608860
vt 0.769629 1.632724
vt 0.763193 1.632724
vt 0.777080 1.632724
vt 0.736462 1.632724
vt 0.743094 1.632724
vt 0.773617 1.632087
vt 0.715934 1.632724
vt 0.722658 1.632724
vt 0.720917 1.578590
vt 0.714134 1.578590
vt 0.710875 1.659924
vt 0.715079 1.648757
vt 0.773604 1.631079
vt 0.756096 1.589802
vt 0.761032 1.578590
vt 0.791841 1.632724
s 1
usemtl PromotedAttr_node306
f 3769/1143/2582 3770/1144/2583 3771/1145/2584
f 3772/1146/2585 3773/1147/2586 3774/1148/2587
f 3775/1146/2588 3776/1149/2589 3777/1147/2590
f 3778/1147/2591 3779/1149/2592 3780/1150/2593
f 3781/1151/2594 3782/1152/2595 3783/1153/2596
f 3784/1154/2597 3785/1152/2598 3786/1151/2594
f 3787/1155/2599 3788/1155/2600 3789/1156/2601
f 3790/1155/2602 3791/1157/2603 3792/1156/2604
f 3793/1157/2603 3794/1155/2602 3795/1158/2605
f 3796/1158/2605 3797/1155/2600 3798/1159/2606
f 3799/1158/2607 3800/1159/2608 3801/1158/2609
f 3802/1158/2609 3803/1159/2608 3804/1159/2610
f 3805/1160/2601 3806/1161/2609 3807/1162/2599
f 3808/1161/2609 3809/1163/2610 3810/1162/2611
f 3811/1157/2612 3812/1156/2613 3813/1164/2614
f 3814/1164/2615 3815/1156/2616 3816/1164/2617
f 3817/1158/2618 3818/1157/2612 3819/1159/2619
f 3820/1157/2612 3821/1164/2615 3822/1159/2620
f 3823/1159/2619 3824/1159/2621 3825/1158/2622
f 3826/1158/2623 3827/1158/2622 3828/1159/2621
f 3829/1161/2623 3830/1163/2621 3831/1160/2624
f 3832/1160/2624 3833/1163/2625 3834/1162/2617
f 3835/1157/2626 3836/1157/2627 3837/1155/2628
f 3838/1155/2629 3839/1157/2630 3840/1155/2631
f 3841/1158/2612 3842/1157/2632 3843/1159/2633
f 3844/1157/2632 3845/1155/2629 3846/1159/2634
f 3847/1158/2612 3848/1159/2634 3849/1158/2624
f 3850/1158/2624 3851/1159/2634 3852/1159/2635
f 3853/1161/2636 3854/1163/2637 3855/1160/2638
f 3856/1160/2638 3857/1163/2635 3858/1162/2639
f 3859/1156/2605 3860/1156/2609 3861/1164/2640
f 3862/1164/2641 3863/1156/2609 3864/1155/2642
f 3865/1156/2587 3866/1164/2643 3867/1158/2632
f 3868/1158/2632 3869/1164/2643 3870/1159/2644
f 3871/1158/2626 3872/1159/2644 3873/1158/2584
f 3874/1158/2638 3875/1159/2645 3876/1159/2646
f 3877/1160/2609 3878/1161/2638 3879/1162/2647
f 3880/1161/2638 3881/1163/2646 3882/1162/2648
f 3883/1165/2597 3884/1166/2649 3885/1167/2650
f 3886/1167/2650 3887/1166/2649 3888/1168/2651
f 3889/1159/2652 3890/1155/2653 3891/1169/2654
f 3892/1155/2655 3893/1170/2656 3894/1169/2654
f 3895/1163/2657 3896/1171/2658 3897/1162/2659
f 3898/1171/2660 3899/1172/2661 3900/1162/2662
f 3901/1155/2639 3902/1173/2663 3903/1155/2629
f 3904/1173/2664 3905/1155/2628 3906/1173/2665
f 3907/1174/2665 3908/1162/2639 3909/1175/2666
f 3910/1162/2639 3911/1163/2667 3912/1175/2668
f 3913/1159/2635 3914/1159/2633 3915/1176/2666
f 3916/1176/2668 3917/1159/2633 3918/1176/2669
f 3919/1173/2670 3920/1176/2671 3921/1155/2629
f 3922/1155/2629 3923/1176/2669 3924/1159/2633
f 3925/1174/2665 3926/1175/2668 3927/1172/2672
f 3928/1172/2672 3929/1175/2668 3930/1171/2673
f 3931/1176/2669 3932/1169/2674 3933/1176/2668
f 3934/1176/2668 3935/1169/2674 3936/1177/2675
f 3937/1176/2671 3938/1173/2664 3939/1169/2676
f 3940/1173/2670 3941/1178/2677 3942/1169/2674
f 3943/1173/2664 3944/1173/2678 3945/1178/2679
f 3946/1178/2677 3947/1173/2665 3948/1179/2680
f 3949/1155/2681 3950/1173/2682 3951/1164/2640
f 3952/1173/2683 3953/1164/2643 3954/1173/2682
f 3955/1162/2642 3956/1163/2646 3957/1174/2684
f 3958/1174/2684 3959/1163/2646 3960/1175/2685
f 3961/1159/2646 3962/1159/2644 3963/1176/2685
f 3964/1176/2685 3965/1159/2644 3966/1176/2686
f 3967/1164/2640 3968/1173/2687 3969/1159/2644
f 3970/1173/2683 3971/1176/2686 3972/1159/2644
f 3973/1170/2688 3974/1173/2689 3975/1179/2690
f 3976/1179/2690 3977/1173/2683 3978/1173/2684
f 3979/1174/2684 3980/1175/2691 3981/1172/2690
f 3982/1172/2690 3983/1175/2685 3984/1171/2692
f 3985/1176/2691 3986/1176/2686 3987/1177/2693
f 3988/1177/2692 3989/1176/2686 3990/1169/2694
f 3991/1176/2686 3992/1173/2689 3993/1169/2694
f 3994/1173/2683 3995/1170/2695 3996/1169/2694
f 3997/1155/2599 3998/1180/2696 3999/1155/2600
f 4000/1180/2697 4001/1155/2602 4002/1180/2698
f 4003/1163/2699 4004/1175/2700 4005/1162/2701
f 4006/1162/2702 4007/1175/2703 4008/1174/2698
f 4009/1176/2703 4010/1159/2610 4011/1176/2704
f 4012/1159/2610 4013/1159/2606 4014/1176/2705
f 4015/1155/2600 4016/1180/2697 4017/1159/2606
f 4018/1180/2697 4019/1176/2706 4020/1159/2606
f 4021/1178/2707 4022/1180/2708 4023/1181/2709
f 4024/1181/2709 4025/1180/2708 4026/1180/2698
f 4027/1174/2698 4028/1175/2700 4029/1172/2709
f 4030/1172/2710 4031/1175/2703 4032/1171/2711
f 4033/1176/2705 4034/1169/2712 4035/1176/2703
f 4036/1176/2703 4037/1169/2712 4038/1177/2713
f 4039/1180/2708 4040/1178/2707 4041/1176/2705
f 4042/1176/2705 4043/1178/2714 4044/1169/2715
f 4045/1151/2716 4046/1153/2596 4047/1146/2588
f 4048/1146/2717 4049/1153/2596 4050/1149/2589
f 4051/1143/2582 4052/1182/2718 4053/1144/2583
f 4054/1143/2582 4055/1167/2650 4056/1182/2718
f 4057/1183/2719 4058/1184/2720 4059/1185/2721
f 4060/1185/2722 4061/1147/2590 4062/1183/2723
f 4063/1147/2591 4064/1186/2724 4065/1183/2725
f 4066/1187/2712 4067/1188/2726 4068/1189/2727
f 4069/1189/2727 4070/1188/2707 4071/1190/2728
f 4072/1187/2694 4073/1188/2695 4074/1189/2729
f 4075/1189/2729 4076/1188/2730 4077/1190/2731
f 4078/1188/2679 4079/1190/2732 4080/1187/2674
f 4081/1189/2733 4082/1187/2674 4083/1190/2732
f 4084/1191/2734 4085/1172/2661 4086/1171/2658
f 4087/1192/2735 4088/1144/2736 4089/1182/2718
f 4090/1193/2737 4091/1190/2738 4092/1194/2739
f 4093/1190/2738 4094/1189/2740 4095/1194/2739
f 4096/1164/2614 4097/1164/2617 4098/1173/2741
f 4099/1173/2741 4100/1164/2617 4101/1173/2742
f 4102/1162/2743 4103/1163/2744 4104/1174/2742
f 4105/1174/2742 4106/1163/2744 4107/1175/2745
f 4108/1159/2621 4109/1159/2620 4110/1176/2746
f 4111/1176/2745 4112/1159/2619 4113/1176/2747
f 4114/1159/2619 4115/1164/2614 4116/1176/2748
f 4117/1164/2615 4118/1173/2741 4119/1176/2748
f 4120/1173/2741 4121/1173/2742 4122/1178/2737
f 4123/1178/2737 4124/1173/2742 4125/1179/2749
f 4126/1174/2742 4127/1175/2746 4128/1172/2750
f 4129/1172/2749 4130/1175/2745 4131/1171/2751
f 4132/1177/2751 4133/1176/2746 4134/1169/2739
f 4135/1176/2746 4136/1176/2748 4137/1169/2752
f 4138/1176/2747 4139/1173/2741 4140/1169/2739
f 4141/1173/2741 4142/1178/2737 4143/1169/2739
f 4144/1156/2753 4145/1155/2754 4146/1158/2649
f 4147/1155/2655 4148/1159/2652 4149/1158/2755
f 4150/1161/2756 4151/1163/2652 4152/1161/2757
f 4153/1161/2651 4154/1163/2652 4155/1163/2657
f 4156/1161/2758 4157/1163/2759 4158/1160/2760
f 4159/1160/2760 4160/1163/2761 4161/1162/2662
f 4162/1155/2655 4163/1156/2753 4164/1164/2659
f 4165/1164/2762 4166/1156/2763 4167/1157/2760
f 4168/1167/2650 4169/1168/2651 4170/1182/2718
f 4171/1182/2718 4172/1168/2651 4173/1192/2760
f 4174/1163/2759 4175/1159/2764 4176/1171/2658
f 4177/1159/2652 4178/1169/2765 4179/1171/2658
f 4180/1188/2766 4181/1195/2767 4182/1187/2654
f 4183/1195/2767 4184/1196/2768 4185/1187/2765
f 4186/1179/2769 4187/1197/2767 4188/1170/2656
f 4189/1198/2763 4190/1151/2594 4191/1199/2770
f 4192/1200/2612 4193/1201/2771 4194/1151/2594
f 4195/1202/2632 4196/1146/2717 4197/1148/2605
f 4198/1143/2582 4199/1145/2638 4200/1203/2609
f 4201/1143/2582 4202/1203/2772 4203/1204/2601
f 4204/1205/2773 4205/1206/2774 4206/1199/2770
f 4207/1206/2623 4208/1207/2636 4209/1144/2583
f 4210/1167/2650 4211/1208/2775 4212/1165/2776
f 4213/1165/2776 4214/1208/2775 4215/1209/2777
f 4216/1164/2778 4217/1179/2661 4218/1155/2779
f 4219/1170/2656 4220/1155/2655 4221/1179/2661
f 4222/1210/2738 4223/1172/2749 4224/1177/2780
f 4225/1210/2732 4226/1172/2781 4227/1177/2675
f 4228/1210/2782 4229/1172/2783 4230/1177/2692
f 4231/1210/2784 4232/1172/2709 4233/1177/2713
f 4234/1181/2709 4235/1210/2785 4236/1178/2726
f 4237/1177/2713 4238/1169/2712 4239/1211/2727
f 4240/1179/2690 4241/1210/2786 4242/1170/2688
f 4243/1177/2787 4244/1169/2694 4245/1211/2788
f 4246/1179/2789 4247/1210/2790 4248/1178/2791
f 4249/1179/2749 4250/1210/2738 4251/1178/2737
f 4252/1177/2675 4253/1169/2674 4254/1211/2733
f 4255/1177/2780 4256/1169/2752 4257/1211/2792
f 4258/1145/2584 4259/1144/2583 4260/1207/2636
f 4261/1184/2793 4262/1167/2650 4263/1185/2721
f 4264/1167/2650 4265/1184/2720 4266/1208/2775
f 4267/1212/2760 4268/1206/2794 4269/1144/2795
f 4270/1199/2770 4271/1212/2796 4272/1198/2753
f 4273/1199/2797 4274/1206/2623 4275/1212/2735
f 4276/1185/2798 4277/1167/2650 4278/1143/2799
f 4279/1154/2597 4280/1198/2800 4281/1213/2756
f 4282/1214/2801 4283/1152/2598 4284/1154/2597
f 4285/1171/2658 4286/1169/2765 4287/1191/2768
f 4288/1191/2734 4289/1197/2802 4290/1172/2769
f 4291/1210/2738 4292/1177/2780 4293/1211/2792
f 4294/1210/2732 4295/1177/2675 4296/1211/2733
f 4297/1210/2786 4298/1177/2692 4299/1211/2729
f 4300/1210/2785 4301/1177/2713 4302/1211/2803
f 4303/1151/2716 4304/1201/2804 4305/1199/2770
f 4306/1151/2594 4307/1202/2626 4308/1200/2612
f 4309/1146/2588 4310/1202/2626 4311/1151/2594
f 4312/1147/2591 4313/1215/2603 4314/1148/2587
f 4315/1154/2597 4316/1151/2594 4317/1198/2753
f 4318/1147/2805 4319/1185/2721 4320/1215/2603
f 4321/1185/2798 4322/1205/2601 4323/1215/2806
f 4324/1185/2798 4325/1143/2582 4326/1205/2807
