version 1
nodes
0 "TransN" -1
1 "RotN" 0
2 "HipN" 1
3 "Bust1N" 2
4 "HeadN" 3
5 "null19" 4
6 "null20" 4
7 "LShoulderN" 3
8 "RShoulderN" 3
end
skeleton
time 0
0 0.000000 0.000000 0.000000 1.570796 -0.000000 0.000000
1 0.000000 4.180380 -0.000000 -0.000000 -0.000000 0.000000
2 0.000000 0.000000 -0.000000 1.570800 0.000000 1.570800
3 5.150830 -0.000000 -0.000000 0.000000 0.000000 -0.000000
4 5.780150 0.004984 -0.000000 0.000000 0.000000 -0.000000
5 3.660220 -0.354516 3.071300 -3.141590 -1.080800 3.050310
6 3.660220 -0.354516 -3.071300 -3.141590 1.080800 3.050310
7 2.422360 0.089715 6.128750 -0.000000 -1.570793 0.000000
8 2.422360 0.089713 -6.128750 0.000000 1.570793 0.000000
end
triangles
kabigon_body.png
8 -12.142380 -0.309596 12.256930 -0.054017 0.068823 -0.996165 0.882825 0.406235
8 -12.950420 -0.146129 12.312040 -0.054017 0.068823 -0.996165 0.902348 0.453138
8 -12.264980 0.131888 12.294080 -0.054017 0.068823 -0.996165 0.902348 0.406235
kabigon_body.png
8 -12.264980 0.131888 12.294080 -0.227211 0.609260 0.759722 0.902348 0.406235
8 -12.950420 -0.146129 12.312040 -0.227211 0.609260 0.759722 0.902348 0.453138
8 -11.903990 -0.134984 12.616060 -0.227211 0.609260 0.759722 0.921871 0.406235
kabigon_body.png
8 -11.903990 -0.134984 12.616060 -0.137817 -0.851698 0.505586 0.921871 0.406235
8 -12.950420 -0.146129 12.312040 -0.137817 -0.851698 0.505586 0.902348 0.453138
8 -12.142380 -0.309596 12.256930 -0.137817 -0.851698 0.505586 0.937495 0.406235
kabigon_body.png
8 -12.040830 0.752320 12.246400 -0.086012 -0.168732 -0.981902 0.882825 0.406235
8 -12.551660 1.243340 12.206770 -0.086012 -0.168732 -0.981902 0.902348 0.453138
8 -11.770240 1.136839 12.156620 -0.086012 -0.168732 -0.981902 0.902348 0.406235
kabigon_body.png
8 -11.770240 1.136839 12.156620 0.148952 0.888917 0.433175 0.902348 0.406235
8 -12.551660 1.243340 12.206770 0.148952 0.888917 0.433175 0.902348 0.453138
8 -11.822250 0.969038 12.518850 0.148952 0.888917 0.433175 0.921871 0.406235
kabigon_body.png
8 -11.822250 0.969038 12.518850 -0.488774 -0.448079 0.748549 0.921871 0.406235
8 -12.551660 1.243340 12.206770 -0.488774 -0.448079 0.748549 0.902348 0.453138
8 -12.040830 0.752320 12.246400 -0.488774 -0.448079 0.748549 0.937495 0.406235
kabigon_body.png
8 -11.849500 -0.819192 12.064360 0.027079 -0.947050 0.319943 0.937495 0.406235
8 -11.720090 -0.674920 12.480460 0.027079 -0.947050 0.319943 0.921871 0.406235
8 -12.795630 -0.814239 12.159100 0.027079 -0.947050 0.319943 0.902348 0.453138
kabigon_body.png
8 -11.720090 -0.674920 12.480460 -0.307318 0.487822 0.817059 0.921871 0.406235
8 -12.087890 -0.419193 12.189440 -0.307318 0.487822 0.817059 0.902348 0.406235
8 -12.795630 -0.814239 12.159100 -0.307318 0.487822 0.817059 0.902348 0.453138
kabigon_body.png
8 -12.795630 -0.814239 12.159100 -0.095333 0.244894 -0.964851 0.902348 0.453138
8 -12.087890 -0.419193 12.189440 -0.095333 0.244894 -0.964851 0.902348 0.406235
8 -11.849500 -0.819192 12.064360 -0.095333 0.244894 -0.964851 0.882825 0.406235
kabigon_body.png
8 -11.713280 -0.602475 11.796870 -0.213210 0.177668 0.960716 0.843749 0.406235
8 -12.313890 -1.142411 11.763430 -0.213210 0.177668 0.960716 0.890622 0.453138
8 -11.509560 -1.014238 11.918230 -0.213210 0.177668 0.960716 0.859373 0.406235
kabigon_body.png
8 -11.509560 -1.014238 11.918230 0.194897 -0.955474 -0.221549 0.859373 0.406235
8 -12.313890 -1.142411 11.763430 0.194897 -0.955474 -0.221549 0.890622 0.453138
8 -11.521950 -0.916406 11.485410 0.194897 -0.955474 -0.221549 0.890622 0.406235
kabigon_body.png
8 -11.521950 -0.916406 11.485410 -0.410583 0.503793 -0.760010 0.890622 0.406235
8 -12.313890 -1.142411 11.763430 -0.410583 0.503793 -0.760010 0.890622 0.453138
8 -11.713280 -0.602475 11.796870 -0.410583 0.503793 -0.760010 0.906246 0.406235
kabigon_body.png
8 -12.238970 0.197523 12.293460 -0.245306 -0.560972 0.790655 0.937495 0.406235
8 -11.873030 0.466872 12.598100 -0.245306 -0.560972 0.790655 0.921871 0.406235
8 -12.933710 0.608667 12.369620 -0.245306 -0.560972 0.790655 0.902348 0.453138
kabigon_body.png
8 -11.873030 0.466872 12.598100 -0.010216 0.827691 0.561091 0.921871 0.406235
8 -12.089750 0.687924 12.268070 -0.010216 0.827691 0.561091 0.902348 0.406235
8 -12.933710 0.608667 12.369620 -0.010216 0.827691 0.561091 0.902348 0.453138
kabigon_body.png
8 -12.933710 0.608667 12.369620 -0.118016 -0.015496 -0.992891 0.902348 0.453138
8 -12.089750 0.687924 12.268070 -0.118016 -0.015496 -0.992891 0.902348 0.406235
8 -12.238970 0.197523 12.293460 -0.118016 -0.015496 -0.992891 0.882825 0.406235
kabigon_body.png
7 12.142380 -0.309596 12.256930 0.054018 0.068823 -0.996165 0.882825 0.406235
7 12.264980 0.131888 12.294080 0.054018 0.068823 -0.996165 0.902348 0.406235
7 12.950420 -0.146129 12.312040 0.054018 0.068823 -0.996165 0.902348 0.453138
kabigon_body.png
7 12.264980 0.131888 12.294080 0.227211 0.609260 0.759722 0.902348 0.406235
7 11.903990 -0.134984 12.616060 0.227211 0.609260 0.759722 0.921871 0.406235
7 12.950420 -0.146129 12.312040 0.227211 0.609260 0.759722 0.902348 0.453138
kabigon_body.png
7 12.950420 -0.146129 12.312040 0.137817 -0.851698 0.505586 0.902348 0.453138
7 11.903990 -0.134984 12.616060 0.137817 -0.851698 0.505586 0.921871 0.406235
7 12.142380 -0.309596 12.256930 0.137817 -0.851698 0.505586 0.937495 0.406235
kabigon_body.png
7 12.040830 0.752320 12.246400 0.086013 -0.168732 -0.981902 0.882825 0.406235
7 11.770240 1.136839 12.156620 0.086013 -0.168732 -0.981902 0.902348 0.406235
7 12.551660 1.243340 12.206770 0.086013 -0.168732 -0.981902 0.902348 0.453138
kabigon_body.png
7 11.770240 1.136839 12.156620 -0.148952 0.888917 0.433174 0.902348 0.406235
7 11.822250 0.969038 12.518850 -0.148952 0.888917 0.433174 0.921871 0.406235
7 12.551660 1.243340 12.206770 -0.148952 0.888917 0.433174 0.902348 0.453138
kabigon_body.png
7 12.551660 1.243340 12.206770 0.488775 -0.448078 0.748549 0.902348 0.453138
7 11.822250 0.969038 12.518850 0.488775 -0.448078 0.748549 0.921871 0.406235
7 12.040830 0.752320 12.246400 0.488775 -0.448078 0.748549 0.937495 0.406235
kabigon_body.png
7 11.849500 -0.819192 12.064360 -0.027079 -0.947050 0.319943 0.937495 0.406235
7 12.795630 -0.814239 12.159100 -0.027079 -0.947050 0.319943 0.902348 0.453138
7 11.720090 -0.674920 12.480460 -0.027079 -0.947050 0.319943 0.921871 0.406235
kabigon_body.png
7 11.720090 -0.674920 12.480460 0.307318 0.487822 0.817059 0.921871 0.406235
7 12.795630 -0.814239 12.159100 0.307318 0.487822 0.817059 0.902348 0.453138
7 12.087890 -0.419193 12.189440 0.307318 0.487822 0.817059 0.902348 0.406235
kabigon_body.png
7 12.087890 -0.419193 12.189440 0.095333 0.244894 -0.964851 0.902348 0.406235
7 12.795630 -0.814239 12.159100 0.095333 0.244894 -0.964851 0.902348 0.453138
7 11.849500 -0.819192 12.064360 0.095333 0.244894 -0.964851 0.882825 0.406235
kabigon_body.png
7 11.713280 -0.602475 11.796870 0.213210 0.177668 0.960716 0.843749 0.406235
7 11.509560 -1.014238 11.918230 0.213210 0.177668 0.960716 0.859373 0.406235
7 12.313890 -1.142411 11.763430 0.213210 0.177668 0.960716 0.890622 0.453138
kabigon_body.png
7 11.509560 -1.014238 11.918230 -0.194897 -0.955474 -0.221549 0.859373 0.406235
7 11.521950 -0.916406 11.485410 -0.194897 -0.955474 -0.221549 0.890622 0.406235
7 12.313890 -1.142411 11.763430 -0.194897 -0.955474 -0.221549 0.890622 0.453138
kabigon_body.png
7 12.313890 -1.142411 11.763430 0.410583 0.503792 -0.760010 0.890622 0.453138
7 11.521950 -0.916406 11.485410 0.410583 0.503792 -0.760010 0.890622 0.406235
7 11.713280 -0.602475 11.796870 0.410583 0.503792 -0.760010 0.906246 0.406235
kabigon_body.png
7 12.238970 0.197523 12.293460 0.245306 -0.560973 0.790655 0.937495 0.406235
7 12.933710 0.608667 12.369620 0.245306 -0.560973 0.790655 0.902348 0.453138
7 11.873030 0.466872 12.598100 0.245306 -0.560973 0.790655 0.921871 0.406235
kabigon_body.png
7 11.873030 0.466872 12.598100 0.010216 0.827691 0.561091 0.921871 0.406235
7 12.933710 0.608667 12.369620 0.010216 0.827691 0.561091 0.902348 0.453138
7 12.089750 0.687924 12.268070 0.010216 0.827691 0.561091 0.902348 0.406235
kabigon_body.png
7 12.089750 0.687924 12.268070 0.118015 -0.015496 -0.992891 0.902348 0.406235
7 12.933710 0.608667 12.369620 0.118015 -0.015496 -0.992891 0.902348 0.453138
7 12.238970 0.197523 12.293460 0.118015 -0.015496 -0.992891 0.882825 0.406235
kabigon_body.png
2 -4.998746 -2.900920 0.992567 0.000001 -0.506441 0.862274 0.660154 0.406235
2 -4.998746 -3.546119 0.613621 -0.000347 -0.631618 0.775280 0.667982 0.449210
2 -4.599367 -2.835905 0.764084 0.732616 -0.430113 0.527519 0.671880 0.406235
kabigon_body.png
2 -4.599367 -2.835905 0.764084 0.732616 -0.430113 0.527519 0.671880 0.406235
2 -4.998746 -3.546119 0.613621 -0.000347 -0.631618 0.775280 0.667982 0.449210
2 -4.665620 -3.441475 0.274922 0.780217 -0.447607 0.436931 0.683606 0.449210
kabigon_body.png
2 -4.998746 -3.546119 0.613621 -0.000347 -0.631618 0.775280 0.667982 0.449210
2 -4.999365 -3.933734 0.224148 -0.000745 -0.708794 0.705415 0.703129 0.464834
2 -4.665620 -3.441475 0.274922 0.780217 -0.447607 0.436931 0.683606 0.449210
kabigon_body.png
2 -4.599367 -2.835905 0.764084 0.732616 -0.430113 0.527519 0.671880 0.406235
2 -4.665620 -3.441475 0.274922 0.780217 -0.447607 0.436931 0.683606 0.449210
2 -4.479862 -2.835905 0.319504 0.921011 -0.300745 0.247571 0.683606 0.406235
kabigon_body.png
2 -4.665620 -3.441475 0.274922 -0.000000 0.088020 -0.996119 0.683606 0.449210
2 -4.999365 -3.933734 0.224148 -0.000000 0.102600 -0.994723 0.703129 0.464834
2 -5.331253 -3.441475 0.274922 0.000000 0.083155 -0.996537 0.722652 0.449210
kabigon_body.png
2 -4.665620 -3.441475 0.274922 -0.000000 0.088020 -0.996119 0.683606 0.449210
2 -5.331253 -3.441475 0.274922 0.000000 0.083155 -0.996537 0.722652 0.449210
2 -4.479862 -2.835905 0.319504 0.000000 0.073421 -0.997301 0.683606 0.406235
kabigon_body.png
2 -4.479862 -2.835905 0.319504 0.000000 0.073421 -0.997301 0.683606 0.406235
2 -5.331253 -3.441475 0.274922 0.000000 0.083155 -0.996537 0.722652 0.449210
2 -5.517011 -2.835905 0.319504 0.000000 0.073421 -0.997301 0.722652 0.406235
kabigon_body.png
2 -5.517011 -2.835905 0.319504 -0.921329 -0.300755 0.246372 0.722652 0.406235
2 -5.331253 -3.441475 0.274922 -0.780859 -0.447030 0.436376 0.722652 0.449210
2 -5.398126 -2.835905 0.764084 -0.733002 -0.430217 0.526897 0.734835 0.406235
kabigon_body.png
2 -5.331253 -3.441475 0.274922 -0.780859 -0.447030 0.436376 0.722652 0.449210
2 -4.999365 -3.933734 0.224148 -0.000745 -0.708794 0.705415 0.703129 0.464834
2 -4.998746 -3.546119 0.613621 -0.000347 -0.631618 0.775280 0.738276 0.449210
kabigon_body.png
2 -5.331253 -3.441475 0.274922 -0.780859 -0.447030 0.436376 0.722652 0.449210
2 -4.998746 -3.546119 0.613621 -0.000347 -0.631618 0.775280 0.738276 0.449210
2 -5.398126 -2.835905 0.764084 -0.733002 -0.430217 0.526897 0.734835 0.406235
kabigon_body.png
2 -5.398126 -2.835905 0.764084 -0.733002 -0.430217 0.526897 0.734835 0.406235
2 -4.998746 -3.546119 0.613621 -0.000347 -0.631618 0.775280 0.738276 0.449210
2 -4.998746 -2.900920 0.992567 0.000001 -0.506441 0.862274 0.747200 0.406235
kabigon_body.png
2 -6.449516 -2.434048 0.952938 -0.251710 -0.365648 0.896071 0.660154 0.406235
2 -6.816078 -2.964697 0.633435 -0.352741 -0.511302 0.783673 0.667982 0.449210
2 -6.121343 -2.660673 0.784518 0.313919 -0.767731 0.558609 0.671880 0.406235
kabigon_body.png
2 -6.121343 -2.660673 0.784518 0.313919 -0.767731 0.558609 0.671880 0.406235
2 -6.816078 -2.964697 0.633435 -0.352741 -0.511302 0.783673 0.667982 0.449210
2 -6.482952 -3.067483 0.295355 0.372860 -0.825724 0.423267 0.683606 0.449210
kabigon_body.png
2 -6.816078 -2.964697 0.633435 -0.352741 -0.511302 0.783673 0.667982 0.449210
2 -7.037130 -3.283581 0.243962 -0.402738 -0.582825 0.705774 0.703129 0.464834
2 -6.482952 -3.067483 0.295355 0.372860 -0.825724 0.423267 0.683606 0.449210
kabigon_body.png
2 -6.121343 -2.660673 0.784518 0.313919 -0.767731 0.558609 0.671880 0.406235
2 -6.482952 -3.067483 0.295355 0.372860 -0.825724 0.423267 0.683606 0.449210
2 -6.020415 -2.722592 0.321361 0.573383 -0.786320 0.230071 0.683606 0.406235
kabigon_body.png
2 -6.482952 -3.067483 0.295355 0.043009 0.062226 -0.997135 0.683606 0.449210
2 -7.037130 -3.283581 0.243962 0.058969 0.085316 -0.994607 0.703129 0.464834
2 -7.030319 -2.689156 0.295355 0.037930 0.062433 -0.997328 0.722652 0.449210
kabigon_body.png
2 -6.482952 -3.067483 0.295355 0.043009 0.062226 -0.997135 0.683606 0.449210
2 -7.030319 -2.689156 0.295355 0.037930 0.062433 -0.997328 0.722652 0.449210
2 -6.020415 -2.722592 0.321361 0.027395 0.050968 -0.998324 0.683606 0.406235
kabigon_body.png
2 -6.020415 -2.722592 0.321361 0.027395 0.050968 -0.998324 0.683606 0.406235
2 -7.030319 -2.689156 0.295355 0.037930 0.062433 -0.997328 0.722652 0.449210
2 -6.869328 -2.121356 0.335603 0.027771 0.062842 -0.997637 0.722652 0.406235
kabigon_body.png
2 -6.869328 -2.121356 0.335603 -0.939035 0.249479 0.236589 0.722652 0.406235
2 -7.030319 -2.689156 0.295355 -0.903493 0.053457 0.425256 0.722652 0.449210
2 -6.778926 -2.206804 0.784518 -0.828127 0.018019 0.560250 0.734835 0.406235
kabigon_body.png
2 -7.030319 -2.689156 0.295355 -0.903493 0.053457 0.425256 0.722652 0.449210
2 -7.037130 -3.283581 0.243962 -0.402738 -0.582825 0.705774 0.703129 0.464834
2 -6.816078 -2.964697 0.633435 -0.352741 -0.511302 0.783673 0.738276 0.449210
kabigon_body.png
2 -7.030319 -2.689156 0.295355 -0.903493 0.053457 0.425256 0.722652 0.449210
2 -6.816078 -2.964697 0.633435 -0.352741 -0.511302 0.783673 0.738276 0.449210
2 -6.778926 -2.206804 0.784518 -0.828127 0.018019 0.560250 0.734835 0.406235
kabigon_body.png
2 -6.778926 -2.206804 0.784518 -0.828127 0.018019 0.560250 0.734835 0.406235
2 -6.816078 -2.964697 0.633435 -0.352741 -0.511302 0.783673 0.738276 0.449210
2 -6.449516 -2.434048 0.952938 -0.251710 -0.365648 0.896071 0.747200 0.406235
kabigon_body.png
2 -3.547358 -2.412996 0.952938 0.256654 -0.350987 0.900520 0.660154 0.406235
2 -3.875530 -2.660673 0.784518 -0.310938 -0.763582 0.565916 0.671880 0.406235
2 -3.180795 -2.964697 0.633435 0.354758 -0.505321 0.786637 0.667982 0.449210
kabigon_body.png
2 -3.180795 -2.964697 0.633435 0.354758 -0.505321 0.786637 0.667982 0.449210
2 -3.875530 -2.660673 0.784518 -0.310938 -0.763582 0.565916 0.671880 0.406235
2 -3.513921 -3.067483 0.295355 -0.372860 -0.825724 0.423267 0.683606 0.449210
kabigon_body.png
2 -3.875530 -2.660673 0.784518 -0.310938 -0.763582 0.565916 0.671880 0.406235
2 -3.976458 -2.722592 0.321361 -0.573384 -0.786320 0.230071 0.683606 0.406235
2 -3.513921 -3.067483 0.295355 -0.372860 -0.825724 0.423267 0.683606 0.449210
kabigon_body.png
2 -3.180795 -2.964697 0.633435 0.354758 -0.505321 0.786637 0.667982 0.449210
2 -3.513921 -3.067483 0.295355 -0.372860 -0.825724 0.423267 0.683606 0.449210
2 -2.959743 -3.283581 0.243962 0.402738 -0.582825 0.705774 0.703129 0.464834
kabigon_body.png
2 -3.513921 -3.067483 0.295355 -0.043009 0.062226 -0.997135 0.683606 0.449210
2 -3.976458 -2.722592 0.321361 -0.027395 0.050968 -0.998324 0.683606 0.406235
2 -2.966554 -2.689156 0.295355 -0.037930 0.062433 -0.997328 0.722652 0.449210
kabigon_body.png
2 -3.513921 -3.067483 0.295355 -0.043009 0.062226 -0.997135 0.683606 0.449210
2 -2.966554 -2.689156 0.295355 -0.037930 0.062433 -0.997328 0.722652 0.449210
2 -2.959743 -3.283581 0.243962 -0.058969 0.085316 -0.994607 0.703129 0.464834
kabigon_body.png
2 -2.959743 -3.283581 0.243962 0.402738 -0.582825 0.705774 0.703129 0.464834
2 -2.966554 -2.689156 0.295355 0.904688 0.054630 0.422557 0.722652 0.449210
2 -3.180795 -2.964697 0.633435 0.354758 -0.505321 0.786637 0.738276 0.449210
kabigon_body.png
2 -3.976458 -2.722592 0.321361 -0.027395 0.050968 -0.998324 0.683606 0.406235
2 -3.127544 -2.121356 0.335603 -0.027771 0.062842 -0.997637 0.722652 0.406235
2 -2.966554 -2.689156 0.295355 -0.037930 0.062433 -0.997328 0.722652 0.449210
kabigon_body.png
2 -2.966554 -2.689156 0.295355 0.904688 0.054630 0.422557 0.722652 0.449210
2 -3.218566 -2.185133 0.784518 0.829411 0.020674 0.558256 0.734835 0.406235
2 -3.180795 -2.964697 0.633435 0.354758 -0.505321 0.786637 0.738276 0.449210
kabigon_body.png
2 -2.966554 -2.689156 0.295355 0.904688 0.054630 0.422557 0.722652 0.449210
2 -3.127544 -2.121356 0.335603 0.941176 0.250802 0.226464 0.722652 0.406235
2 -3.218566 -2.185133 0.784518 0.829411 0.020674 0.558256 0.734835 0.406235
kabigon_body.png
2 -3.218566 -2.185133 0.784518 0.829411 0.020674 0.558256 0.734835 0.406235
2 -3.547358 -2.412996 0.952938 0.256654 -0.350987 0.900520 0.747200 0.406235
2 -3.180795 -2.964697 0.633435 0.354758 -0.505321 0.786637 0.738276 0.449210
kabigon_body.png
2 4.998746 -2.900920 0.992567 -0.000001 -0.506442 0.862274 0.660154 0.406235
2 4.599367 -2.835905 0.764084 -0.732616 -0.430114 0.527519 0.671880 0.406235
2 4.998746 -3.546119 0.613621 0.000347 -0.631618 0.775280 0.667982 0.449210
kabigon_body.png
2 4.998746 -3.546119 0.613621 0.000347 -0.631618 0.775280 0.667982 0.449210
2 4.599367 -2.835905 0.764084 -0.732616 -0.430114 0.527519 0.671880 0.406235
2 4.665620 -3.441475 0.274922 -0.780217 -0.447607 0.436931 0.683606 0.449210
kabigon_body.png
2 4.599367 -2.835905 0.764084 -0.732616 -0.430114 0.527519 0.671880 0.406235
2 4.479862 -2.835905 0.319504 -0.921011 -0.300745 0.247571 0.683606 0.406235
2 4.665620 -3.441475 0.274922 -0.780217 -0.447607 0.436931 0.683606 0.449210
kabigon_body.png
2 4.998746 -3.546119 0.613621 0.000347 -0.631618 0.775280 0.667982 0.449210
2 4.665620 -3.441475 0.274922 -0.780217 -0.447607 0.436931 0.683606 0.449210
2 4.999365 -3.933734 0.224148 0.000745 -0.708794 0.705415 0.703129 0.464834
kabigon_body.png
2 4.665620 -3.441475 0.274922 0.000000 0.088020 -0.996119 0.683606 0.449210
2 4.479862 -2.835905 0.319504 -0.000000 0.073421 -0.997301 0.683606 0.406235
2 5.331253 -3.441475 0.274922 -0.000000 0.083155 -0.996537 0.722652 0.449210
kabigon_body.png
2 4.665620 -3.441475 0.274922 0.000000 0.088020 -0.996119 0.683606 0.449210
2 5.331253 -3.441475 0.274922 -0.000000 0.083155 -0.996537 0.722652 0.449210
2 4.999365 -3.933734 0.224148 0.000000 0.102600 -0.994723 0.703129 0.464834
kabigon_body.png
2 4.999365 -3.933734 0.224148 0.000745 -0.708794 0.705415 0.703129 0.464834
2 5.331253 -3.441475 0.274922 0.780859 -0.447030 0.436376 0.722652 0.449210
2 4.998746 -3.546119 0.613621 0.000347 -0.631618 0.775280 0.738276 0.449210
kabigon_body.png
2 4.479862 -2.835905 0.319504 -0.000000 0.073421 -0.997301 0.683606 0.406235
2 5.517011 -2.835905 0.319504 -0.000000 0.073421 -0.997301 0.722652 0.406235
2 5.331253 -3.441475 0.274922 -0.000000 0.083155 -0.996537 0.722652 0.449210
kabigon_body.png
2 5.331253 -3.441475 0.274922 0.780859 -0.447030 0.436376 0.722652 0.449210
2 5.398126 -2.835905 0.764084 0.733002 -0.430217 0.526897 0.734835 0.406235
2 4.998746 -3.546119 0.613621 0.000347 -0.631618 0.775280 0.738276 0.449210
kabigon_body.png
2 5.331253 -3.441475 0.274922 0.780859 -0.447030 0.436376 0.722652 0.449210
2 5.517011 -2.835905 0.319504 0.921329 -0.300755 0.246372 0.722652 0.406235
2 5.398126 -2.835905 0.764084 0.733002 -0.430217 0.526897 0.734835 0.406235
kabigon_body.png
2 5.398126 -2.835905 0.764084 0.733002 -0.430217 0.526897 0.734835 0.406235
2 4.998746 -2.900920 0.992567 -0.000001 -0.506442 0.862274 0.747200 0.406235
2 4.998746 -3.546119 0.613621 0.000347 -0.631618 0.775280 0.738276 0.449210
kabigon_body.png
2 6.449516 -2.434048 0.952938 0.251710 -0.365648 0.896071 0.660154 0.406235
2 6.121343 -2.660673 0.784518 -0.313919 -0.767731 0.558609 0.671880 0.406235
2 6.816078 -2.964697 0.633435 0.352741 -0.511302 0.783673 0.667982 0.449210
kabigon_body.png
2 6.816078 -2.964697 0.633435 0.352741 -0.511302 0.783673 0.667982 0.449210
2 6.121343 -2.660673 0.784518 -0.313919 -0.767731 0.558609 0.671880 0.406235
2 6.482952 -3.067483 0.295355 -0.372860 -0.825724 0.423267 0.683606 0.449210
kabigon_body.png
2 6.121343 -2.660673 0.784518 -0.313919 -0.767731 0.558609 0.671880 0.406235
2 6.020415 -2.722592 0.321361 -0.573384 -0.786320 0.230071 0.683606 0.406235
2 6.482952 -3.067483 0.295355 -0.372860 -0.825724 0.423267 0.683606 0.449210
kabigon_body.png
2 6.816078 -2.964697 0.633435 0.352741 -0.511302 0.783673 0.667982 0.449210
2 6.482952 -3.067483 0.295355 -0.372860 -0.825724 0.423267 0.683606 0.449210
2 7.037130 -3.283581 0.243962 0.402738 -0.582825 0.705774 0.703129 0.464834
kabigon_body.png
2 6.482952 -3.067483 0.295355 -0.043009 0.062226 -0.997135 0.683606 0.449210
2 6.020415 -2.722592 0.321361 -0.027395 0.050968 -0.998324 0.683606 0.406235
2 7.030319 -2.689156 0.295355 -0.037930 0.062433 -0.997328 0.722652 0.449210
kabigon_body.png
2 6.482952 -3.067483 0.295355 -0.043009 0.062226 -0.997135 0.683606 0.449210
2 7.030319 -2.689156 0.295355 -0.037930 0.062433 -0.997328 0.722652 0.449210
2 7.037130 -3.283581 0.243962 -0.058969 0.085316 -0.994607 0.703129 0.464834
kabigon_body.png
2 7.037130 -3.283581 0.243962 0.402738 -0.582825 0.705774 0.703129 0.464834
2 7.030319 -2.689156 0.295355 0.903493 0.053457 0.425256 0.722652 0.449210
2 6.816078 -2.964697 0.633435 0.352741 -0.511302 0.783673 0.738276 0.449210
kabigon_body.png
2 6.020415 -2.722592 0.321361 -0.027395 0.050968 -0.998324 0.683606 0.406235
2 6.869328 -2.121356 0.335603 -0.027771 0.062842 -0.997637 0.722652 0.406235
2 7.030319 -2.689156 0.295355 -0.037930 0.062433 -0.997328 0.722652 0.449210
kabigon_body.png
2 7.030319 -2.689156 0.295355 0.903493 0.053457 0.425256 0.722652 0.449210
2 6.778926 -2.206804 0.784518 0.828128 0.018020 0.560250 0.734835 0.406235
2 6.816078 -2.964697 0.633435 0.352741 -0.511302 0.783673 0.738276 0.449210
kabigon_body.png
2 7.030319 -2.689156 0.295355 0.903493 0.053457 0.425256 0.722652 0.449210
2 6.869328 -2.121356 0.335603 0.939035 0.249479 0.236589 0.722652 0.406235
2 6.778926 -2.206804 0.784518 0.828128 0.018020 0.560250 0.734835 0.406235
kabigon_body.png
2 6.778926 -2.206804 0.784518 0.828128 0.018020 0.560250 0.734835 0.406235
2 6.449516 -2.434048 0.952938 0.251710 -0.365648 0.896071 0.747200 0.406235
2 6.816078 -2.964697 0.633435 0.352741 -0.511302 0.783673 0.738276 0.449210
kabigon_body.png
2 3.547358 -2.412996 0.952938 -0.256654 -0.350987 0.900520 0.660154 0.406235
2 3.180795 -2.964697 0.633435 -0.354758 -0.505321 0.786637 0.667982 0.449210
2 3.875530 -2.660673 0.784518 0.310938 -0.763582 0.565916 0.671880 0.406235
kabigon_body.png
2 3.875530 -2.660673 0.784518 0.310938 -0.763582 0.565916 0.671880 0.406235
2 3.180795 -2.964697 0.633435 -0.354758 -0.505321 0.786637 0.667982 0.449210
2 3.513921 -3.067483 0.295355 0.372860 -0.825724 0.423267 0.683606 0.449210
kabigon_body.png
2 3.180795 -2.964697 0.633435 -0.354758 -0.505321 0.786637 0.667982 0.449210
2 2.959743 -3.283581 0.243962 -0.402738 -0.582825 0.705774 0.703129 0.464834
2 3.513921 -3.067483 0.295355 0.372860 -0.825724 0.423267 0.683606 0.449210
kabigon_body.png
2 3.875530 -2.660673 0.784518 0.310938 -0.763582 0.565916 0.671880 0.406235
2 3.513921 -3.067483 0.295355 0.372860 -0.825724 0.423267 0.683606 0.449210
2 3.976458 -2.722592 0.321361 0.573384 -0.786320 0.230071 0.683606 0.406235
kabigon_body.png
2 3.513921 -3.067483 0.295355 0.043009 0.062226 -0.997135 0.683606 0.449210
2 2.959743 -3.283581 0.243962 0.058969 0.085316 -0.994607 0.703129 0.464834
2 2.966554 -2.689156 0.295355 0.037930 0.062433 -0.997328 0.722652 0.449210
kabigon_body.png
2 3.513921 -3.067483 0.295355 0.043009 0.062226 -0.997135 0.683606 0.449210
2 2.966554 -2.689156 0.295355 0.037930 0.062433 -0.997328 0.722652 0.449210
2 3.976458 -2.722592 0.321361 0.027395 0.050968 -0.998324 0.683606 0.406235
kabigon_body.png
2 3.976458 -2.722592 0.321361 0.027395 0.050968 -0.998324 0.683606 0.406235
2 2.966554 -2.689156 0.295355 0.037930 0.062433 -0.997328 0.722652 0.449210
2 3.127544 -2.121356 0.335603 0.027771 0.062842 -0.997637 0.722652 0.406235
kabigon_body.png
2 3.127544 -2.121356 0.335603 -0.941176 0.250802 0.226464 0.722652 0.406235
2 2.966554 -2.689156 0.295355 -0.904688 0.054630 0.422557 0.722652 0.449210
2 3.218566 -2.185133 0.784518 -0.829411 0.020675 0.558256 0.734835 0.406235
kabigon_body.png
2 2.966554 -2.689156 0.295355 -0.904688 0.054630 0.422557 0.722652 0.449210
2 2.959743 -3.283581 0.243962 -0.402738 -0.582825 0.705774 0.703129 0.464834
2 3.180795 -2.964697 0.633435 -0.354758 -0.505321 0.786637 0.738276 0.449210
kabigon_body.png
2 2.966554 -2.689156 0.295355 -0.904688 0.054630 0.422557 0.722652 0.449210
2 3.180795 -2.964697 0.633435 -0.354758 -0.505321 0.786637 0.738276 0.449210
2 3.218566 -2.185133 0.784518 -0.829411 0.020675 0.558256 0.734835 0.406235
kabigon_body.png
2 3.218566 -2.185133 0.784518 -0.829411 0.020675 0.558256 0.734835 0.406235
2 3.180795 -2.964697 0.633435 -0.354758 -0.505321 0.786637 0.738276 0.449210
2 3.547358 -2.412996 0.952938 -0.256654 -0.350987 0.900520 0.747200 0.406235
kabigon_body.png
4 -2.330643 -3.044573 17.191900 -0.388203 -0.820756 0.419117 0.937495 0.156244
4 -2.410519 -3.416089 16.068060 -0.461868 -0.873634 0.153108 0.937495 0.046873
4 0.000000 -3.657573 17.299641 0.000000 -0.900155 0.435569 0.546885 0.156244
kabigon_body.png
4 -2.410519 -3.416089 16.068060 -0.461868 -0.873634 0.153108 0.937495 0.046873
4 0.000000 -4.091009 16.103359 -0.000000 -0.994442 0.105286 0.546885 0.046873
4 0.000000 -3.657573 17.299641 0.000000 -0.900155 0.435569 0.546885 0.156244
kabigon_body.png
4 0.000000 -4.091009 16.103359 -0.000000 -0.994442 0.105286 0.546885 0.046873
4 2.410519 -3.416089 16.068060 0.461868 -0.873634 0.153108 0.937495 0.046873
4 0.000000 -3.657573 17.299641 0.000000 -0.900155 0.435569 0.546885 0.156244
kabigon_body.png
4 0.000000 -3.657573 17.299641 0.000000 -0.900155 0.435569 0.546885 0.156244
4 2.410519 -3.416089 16.068060 0.461868 -0.873634 0.153108 0.937495 0.046873
4 2.330643 -3.044573 17.191900 0.388203 -0.820756 0.419116 0.937495 0.156244
kabigon_body.png
4 -2.999372 -2.045814 18.100250 -0.513505 -0.581094 0.631381 0.491575 0.144275
4 -2.330643 -3.044573 17.191900 -0.388203 -0.820756 0.419117 0.402702 0.047147
4 -1.492255 -2.687917 18.288490 -0.235631 -0.701385 0.672709 0.260072 0.144275
kabigon_body.png
4 -2.330643 -3.044573 17.191900 -0.388203 -0.820756 0.419117 0.402702 0.047147
4 0.000000 -3.657573 17.299641 0.000000 -0.900155 0.435569 0.020345 0.047147
4 -1.492255 -2.687917 18.288490 -0.235631 -0.701385 0.672709 0.260072 0.144275
kabigon_body.png
4 -1.492255 -2.687917 18.288490 -0.235631 -0.701385 0.672709 0.260072 0.144275
4 0.000000 -3.657573 17.299641 0.000000 -0.900155 0.435569 0.020345 0.047147
4 0.000000 -2.905873 18.364031 0.000000 -0.714046 0.700098 0.020345 0.144275
kabigon_body.png
4 0.000000 -2.905873 18.364031 0.000000 -0.714046 0.700098 0.020345 0.144275
4 0.000000 -3.657573 17.299641 0.000000 -0.900155 0.435569 0.020345 0.047147
4 1.492255 -2.687917 18.288490 0.235632 -0.701385 0.672709 0.260072 0.144275
kabigon_body.png
4 0.000000 -3.657573 17.299641 0.000000 -0.900155 0.435569 0.020345 0.047147
4 2.330643 -3.044573 17.191900 0.388203 -0.820756 0.419116 0.402702 0.047147
4 1.492255 -2.687917 18.288490 0.235632 -0.701385 0.672709 0.260072 0.144275
kabigon_body.png
4 1.492255 -2.687917 18.288490 0.235632 -0.701385 0.672709 0.260072 0.144275
4 2.330643 -3.044573 17.191900 0.388203 -0.820756 0.419116 0.402702 0.047147
4 2.999372 -2.045814 18.100250 0.513504 -0.581094 0.631381 0.491575 0.144275
kabigon_body.png
3 0.000000 -3.554168 13.460020 0.000000 -0.870431 0.492291 0.022660 0.183107
4 0.000000 -4.042092 14.503360 0.000000 -0.958817 -0.284026 0.022660 0.223798
3 -1.819189 -3.141786 13.545470 -0.340018 -0.909832 0.237893 0.118873 0.183412
kabigon_body.png
3 0.000000 -3.554168 13.460020 0.000000 -0.870431 0.492291 0.022660 0.183107
3 1.819189 -3.141786 13.545470 0.340018 -0.909832 0.237893 0.118873 0.183412
4 0.000000 -4.042092 14.503360 0.000000 -0.958817 -0.284026 0.022660 0.223798
kabigon_body.png
4 0.000000 -4.042092 14.503360 0.000000 -0.958817 -0.284026 0.022660 0.223798
4 -2.204328 -3.475531 14.608620 -0.423815 -0.882638 -0.203303 0.169432 0.220356
3 -1.819189 -3.141786 13.545470 -0.340018 -0.909832 0.237893 0.118873 0.183412
kabigon_body.png
3 -1.819189 -3.141786 13.545470 -0.340018 -0.909832 0.237893 0.118873 0.183412
4 -2.204328 -3.475531 14.608620 -0.423815 -0.882638 -0.203303 0.169432 0.220356
3 -3.203086 -2.316401 13.718840 -0.601421 -0.714155 0.358157 0.246975 0.182833
kabigon_body.png
4 0.000000 -4.042092 14.503360 0.000000 -0.958817 -0.284026 0.022660 0.223798
3 1.819189 -3.141786 13.545470 0.340018 -0.909832 0.237893 0.118873 0.183412
4 2.204328 -3.475531 14.608620 0.423815 -0.882637 -0.203303 0.169432 0.220356
kabigon_body.png
3 1.819189 -3.141786 13.545470 0.340018 -0.909832 0.237893 0.118873 0.183412
3 3.203086 -2.316401 13.718840 0.601421 -0.714155 0.358157 0.246975 0.182833
4 2.204328 -3.475531 14.608620 0.423815 -0.882637 -0.203303 0.169432 0.220356
kabigon_body.png
4 0.000000 -4.042092 14.503360 0.000000 -0.958817 -0.284026 0.022660 0.223798
4 0.000000 -4.091009 16.103359 -0.000000 -0.994442 0.105286 0.022660 0.258671
4 -2.204328 -3.475531 14.608620 -0.423815 -0.882638 -0.203303 0.169432 0.220356
kabigon_body.png
4 0.000000 -4.042092 14.503360 0.000000 -0.958817 -0.284026 0.022660 0.223798
4 2.204328 -3.475531 14.608620 0.423815 -0.882637 -0.203303 0.169432 0.220356
4 0.000000 -4.091009 16.103359 -0.000000 -0.994442 0.105286 0.022660 0.258671
kabigon_body.png
4 0.000000 -4.091009 16.103359 -0.000000 -0.994442 0.105286 0.022660 0.258671
4 -2.410519 -3.416089 16.068060 -0.461868 -0.873634 0.153108 0.170681 0.258671
4 -2.204328 -3.475531 14.608620 -0.423815 -0.882638 -0.203303 0.169432 0.220356
kabigon_body.png
4 -2.204328 -3.475531 14.608620 -0.423815 -0.882638 -0.203303 0.169432 0.220356
4 -3.671815 -2.382035 14.770230 -0.752997 -0.629569 -0.191412 0.270519 0.218681
3 -3.203086 -2.316401 13.718840 -0.601421 -0.714155 0.358157 0.246975 0.182833
kabigon_body.png
4 -2.204328 -3.475531 14.608620 -0.423815 -0.882638 -0.203303 0.169432 0.220356
4 -2.410519 -3.416089 16.068060 -0.461868 -0.873634 0.153108 0.170681 0.258671
4 -3.671815 -2.382035 14.770230 -0.752997 -0.629569 -0.191412 0.270519 0.218681
kabigon_body.png
3 -3.203086 -2.316401 13.718840 -0.601421 -0.714155 0.358157 0.246975 0.182833
4 -3.671815 -2.382035 14.770230 -0.752997 -0.629569 -0.191412 0.270519 0.218681
3 -4.073672 -0.972133 13.941750 -0.910864 -0.372715 0.177230 0.317666 0.182681
kabigon_body.png
4 0.000000 -4.091009 16.103359 -0.000000 -0.994442 0.105286 0.022660 0.258671
4 2.204328 -3.475531 14.608620 0.423815 -0.882637 -0.203303 0.169432 0.220356
4 2.410519 -3.416089 16.068060 0.461868 -0.873634 0.153108 0.170681 0.258671
kabigon_body.png
4 2.204328 -3.475531 14.608620 0.423815 -0.882637 -0.203303 0.169432 0.220356
3 3.203086 -2.316401 13.718840 0.601421 -0.714155 0.358157 0.246975 0.182833
4 3.671815 -2.382035 14.770230 0.752997 -0.629569 -0.191412 0.270519 0.218681
kabigon_body.png
4 2.204328 -3.475531 14.608620 0.423815 -0.882637 -0.203303 0.169432 0.220356
4 3.671815 -2.382035 14.770230 0.752997 -0.629569 -0.191412 0.270519 0.218681
4 2.410519 -3.416089 16.068060 0.461868 -0.873634 0.153108 0.170681 0.258671
kabigon_body.png
3 3.203086 -2.316401 13.718840 0.601421 -0.714155 0.358157 0.246975 0.182833
3 4.073672 -0.972133 13.941750 0.910864 -0.372715 0.177230 0.317666 0.182681
4 3.671815 -2.382035 14.770230 0.752997 -0.629569 -0.191412 0.270519 0.218681
kabigon_body.png
4 -3.671815 -2.382035 14.770230 -0.752997 -0.629569 -0.191412 0.270519 0.218681
4 -2.410519 -3.416089 16.068060 -0.461868 -0.873634 0.153108 0.170681 0.258671
4 -3.805561 -2.322592 15.998710 -0.801411 -0.594464 0.065978 0.276610 0.257483
kabigon_body.png
4 -3.671815 -2.382035 14.770230 -0.752997 -0.629569 -0.191412 0.270519 0.218681
4 -4.485435 -0.902783 15.224100 -0.969396 -0.191443 -0.153690 0.347575 0.232386
3 -4.073672 -0.972133 13.941750 -0.910864 -0.372715 0.177230 0.317666 0.182681
kabigon_body.png
4 -3.671815 -2.382035 14.770230 -0.752997 -0.629569 -0.191412 0.270519 0.218681
4 -3.805561 -2.322592 15.998710 -0.801411 -0.594464 0.065978 0.276610 0.257483
4 -4.485435 -0.902783 15.224100 -0.969396 -0.191443 -0.153690 0.347575 0.232386
kabigon_body.png
3 -4.073672 -0.972133 13.941750 -0.910864 -0.372715 0.177230 0.317666 0.182681
4 -4.485435 -0.902783 15.224100 -0.969396 -0.191443 -0.153690 0.347575 0.232386
3 -4.023517 0.928790 14.084170 -0.891694 0.376499 0.251257 0.407666 0.182681
kabigon_body.png
4 3.671815 -2.382035 14.770230 0.752997 -0.629569 -0.191412 0.270519 0.218681
4 3.805561 -2.322592 15.998710 0.801411 -0.594464 0.065978 0.276610 0.257483
4 2.410519 -3.416089 16.068060 0.461868 -0.873634 0.153108 0.170681 0.258671
kabigon_body.png
4 3.671815 -2.382035 14.770230 0.752997 -0.629569 -0.191412 0.270519 0.218681
3 4.073672 -0.972133 13.941750 0.910864 -0.372715 0.177230 0.317666 0.182681
4 4.485435 -0.902783 15.224100 0.969396 -0.191443 -0.153690 0.347575 0.232386
kabigon_body.png
4 3.671815 -2.382035 14.770230 0.752997 -0.629569 -0.191412 0.270519 0.218681
4 4.485435 -0.902783 15.224100 0.969396 -0.191443 -0.153690 0.347575 0.232386
4 3.805561 -2.322592 15.998710 0.801411 -0.594464 0.065978 0.276610 0.257483
kabigon_body.png
3 4.073672 -0.972133 13.941750 0.910864 -0.372715 0.177230 0.317666 0.182681
3 4.023517 0.928790 14.084170 0.891694 0.376499 0.251257 0.407666 0.182681
4 4.485435 -0.902783 15.224100 0.969396 -0.191443 -0.153690 0.347575 0.232386
kabigon_body.png
4 -3.805561 -2.322592 15.998710 -0.801411 -0.594464 0.065978 0.276610 0.257483
4 -2.410519 -3.416089 16.068060 -0.461868 -0.873634 0.153108 0.170681 0.258671
4 -3.587605 -2.254482 17.086020 -0.698789 -0.627994 0.342516 0.274082 0.291778
kabigon_body.png
4 -2.410519 -3.416089 16.068060 -0.461868 -0.873634 0.153108 0.170681 0.258671
4 -2.330643 -3.044573 17.191900 -0.388203 -0.820756 0.419117 0.170681 0.292874
4 -3.587605 -2.254482 17.086020 -0.698789 -0.627994 0.342516 0.274082 0.291778
kabigon_body.png
4 -2.330643 -3.044573 17.191900 -0.388203 -0.820756 0.419117 0.170681 0.292874
4 -2.999372 -2.045814 18.100250 -0.513505 -0.581094 0.631381 0.241950 0.335788
4 -3.587605 -2.254482 17.086020 -0.698789 -0.627994 0.342516 0.274082 0.291778
kabigon_body.png
4 -3.805561 -2.322592 15.998710 -0.801411 -0.594464 0.065978 0.276610 0.257483
4 -4.490388 -0.717025 16.671160 -0.961133 -0.211527 0.177425 0.356559 0.290224
4 -4.485435 -0.902783 15.224100 -0.969396 -0.191443 -0.153690 0.347575 0.232386
kabigon_body.png
4 -3.805561 -2.322592 15.998710 -0.801411 -0.594464 0.065978 0.276610 0.257483
4 -3.587605 -2.254482 17.086020 -0.698789 -0.627994 0.342516 0.274082 0.291778
4 -4.490388 -0.717025 16.671160 -0.961133 -0.211527 0.177425 0.356559 0.290224
kabigon_body.png
4 -3.587605 -2.254482 17.086020 -0.698789 -0.627994 0.342516 0.274082 0.291778
4 -2.999372 -2.045814 18.100250 -0.513505 -0.581094 0.631381 0.241950 0.335788
4 -3.739307 -1.269965 17.816660 -0.769009 -0.399053 0.499383 0.302894 0.332438
kabigon_body.png
4 -3.587605 -2.254482 17.086020 -0.698789 -0.627994 0.342516 0.274082 0.291778
4 -3.739307 -1.269965 17.816660 -0.769009 -0.399053 0.499383 0.302894 0.332438
4 -4.490388 -0.717025 16.671160 -0.961133 -0.211527 0.177425 0.356559 0.290224
kabigon_body.png
4 -4.485435 -0.902783 15.224100 -0.969396 -0.191443 -0.153690 0.347575 0.232386
4 -4.374599 0.975230 15.290350 -0.960011 0.256396 -0.112427 0.407666 0.235676
3 -4.023517 0.928790 14.084170 -0.891694 0.376499 0.251257 0.407666 0.182681
kabigon_body.png
4 -4.485435 -0.902783 15.224100 -0.969396 -0.191443 -0.153690 0.347575 0.232386
4 -4.490388 -0.717025 16.671160 -0.961133 -0.211527 0.177425 0.356559 0.290224
4 -4.374599 0.975230 15.290350 -0.960011 0.256396 -0.112427 0.407666 0.235676
kabigon_body.png
4 3.805561 -2.322592 15.998710 0.801411 -0.594464 0.065978 0.276610 0.257483
4 3.587605 -2.254482 17.086020 0.698790 -0.627994 0.342516 0.274082 0.291778
4 2.410519 -3.416089 16.068060 0.461868 -0.873634 0.153108 0.170681 0.258671
kabigon_body.png
4 2.410519 -3.416089 16.068060 0.461868 -0.873634 0.153108 0.170681 0.258671
4 3.587605 -2.254482 17.086020 0.698790 -0.627994 0.342516 0.274082 0.291778
4 2.330643 -3.044573 17.191900 0.388203 -0.820756 0.419116 0.170681 0.292874
kabigon_body.png
4 2.330643 -3.044573 17.191900 0.388203 -0.820756 0.419116 0.170681 0.292874
4 3.587605 -2.254482 17.086020 0.698790 -0.627994 0.342516 0.274082 0.291778
4 2.999372 -2.045814 18.100250 0.513504 -0.581094 0.631381 0.241950 0.335788
kabigon_body.png
4 3.805561 -2.322592 15.998710 0.801411 -0.594464 0.065978 0.276610 0.257483
4 4.485435 -0.902783 15.224100 0.969396 -0.191443 -0.153690 0.347575 0.232386
4 4.490388 -0.717025 16.671160 0.961133 -0.211527 0.177425 0.356559 0.290224
kabigon_body.png
4 3.805561 -2.322592 15.998710 0.801411 -0.594464 0.065978 0.276610 0.257483
4 4.490388 -0.717025 16.671160 0.961133 -0.211527 0.177425 0.356559 0.290224
4 3.587605 -2.254482 17.086020 0.698790 -0.627994 0.342516 0.274082 0.291778
kabigon_body.png
4 3.587605 -2.254482 17.086020 0.698790 -0.627994 0.342516 0.274082 0.291778
4 3.739307 -1.269965 17.816660 0.769009 -0.399053 0.499383 0.302894 0.332438
4 2.999372 -2.045814 18.100250 0.513504 -0.581094 0.631381 0.241950 0.335788
kabigon_body.png
4 3.587605 -2.254482 17.086020 0.698790 -0.627994 0.342516 0.274082 0.291778
4 4.490388 -0.717025 16.671160 0.961133 -0.211527 0.177425 0.356559 0.290224
4 3.739307 -1.269965 17.816660 0.769009 -0.399053 0.499383 0.302894 0.332438
kabigon_body.png
4 4.485435 -0.902783 15.224100 0.969396 -0.191443 -0.153690 0.347575 0.232386
3 4.023517 0.928790 14.084170 0.891694 0.376499 0.251257 0.407666 0.182681
4 4.374599 0.975230 15.290350 0.960011 0.256396 -0.112427 0.407666 0.235676
kabigon_body.png
4 4.485435 -0.902783 15.224100 0.969396 -0.191443 -0.153690 0.347575 0.232386
4 4.374599 0.975230 15.290350 0.960011 0.256396 -0.112427 0.407666 0.235676
4 4.490388 -0.717025 16.671160 0.961133 -0.211527 0.177425 0.356559 0.290224
kabigon_body.png
4 -3.739307 -1.269965 17.816660 -0.769009 -0.399053 0.499383 0.302894 0.332438
4 -2.999372 -2.045814 18.100250 -0.513505 -0.581094 0.631381 0.241950 0.335788
4 -3.279247 -0.928789 18.556601 -0.536340 -0.526739 0.659458 0.290529 0.364874
kabigon_body.png
4 -3.739307 -1.269965 17.816660 -0.769009 -0.399053 0.499383 0.302894 0.332438
4 -4.205560 -0.077399 17.879820 -0.938982 -0.228589 0.257020 0.357717 0.337402
4 -4.490388 -0.717025 16.671160 -0.961133 -0.211527 0.177425 0.356559 0.290224
kabigon_body.png
4 -3.739307 -1.269965 17.816660 -0.769009 -0.399053 0.499383 0.302894 0.332438
4 -3.279247 -0.928789 18.556601 -0.536340 -0.526739 0.659458 0.290529 0.364874
4 -4.205560 -0.077399 17.879820 -0.938982 -0.228589 0.257020 0.357717 0.337402
kabigon_body.png
4 -4.490388 -0.717025 16.671160 -0.961133 -0.211527 0.177425 0.356559 0.290224
4 -4.368408 0.969038 16.720690 -0.941010 0.318213 0.115070 0.407666 0.293361
4 -4.374599 0.975230 15.290350 -0.960011 0.256396 -0.112427 0.407666 0.235676
kabigon_body.png
4 -4.490388 -0.717025 16.671160 -0.961133 -0.211527 0.177425 0.356559 0.290224
4 -4.205560 -0.077399 17.879820 -0.938982 -0.228589 0.257020 0.357717 0.337402
4 -4.368408 0.969038 16.720690 -0.941010 0.318213 0.115070 0.407666 0.293361
kabigon_body.png
4 -4.374599 0.975230 15.290350 -0.960011 0.256396 -0.112427 0.407666 0.235676
4 -3.430949 2.459435 15.145460 -0.728464 0.666960 -0.156538 0.460174 0.226661
3 -4.023517 0.928790 14.084170 -0.891694 0.376499 0.251257 0.407666 0.182681
kabigon_body.png
4 -4.374599 0.975230 15.290350 -0.960011 0.256396 -0.112427 0.407666 0.235676
4 -4.368408 0.969038 16.720690 -0.941010 0.318213 0.115070 0.407666 0.293361
4 -3.430949 2.459435 15.145460 -0.728464 0.666960 -0.156538 0.460174 0.226661
kabigon_body.png
3 -4.023517 0.928790 14.084170 -0.881431 0.315158 -0.351788 0.407666 0.182681
4 -3.430949 2.459435 15.145460 -0.728464 0.666960 -0.156538 0.460174 0.226661
3 -2.367175 2.760983 14.140510 -0.524275 0.851345 0.018627 0.480915 0.182620
kabigon_body.png
4 3.739307 -1.269965 17.816660 0.769009 -0.399053 0.499383 0.302894 0.332438
4 3.279247 -0.928789 18.556601 0.536340 -0.526739 0.659458 0.290529 0.364874
4 2.999372 -2.045814 18.100250 0.513504 -0.581094 0.631381 0.241950 0.335788
kabigon_body.png
4 3.739307 -1.269965 17.816660 0.769009 -0.399053 0.499383 0.302894 0.332438
4 4.490388 -0.717025 16.671160 0.961133 -0.211527 0.177425 0.356559 0.290224
4 4.205560 -0.077399 17.879820 0.938982 -0.228589 0.257020 0.357717 0.337402
kabigon_body.png
4 3.739307 -1.269965 17.816660 0.769009 -0.399053 0.499383 0.302894 0.332438
4 4.205560 -0.077399 17.879820 0.938982 -0.228589 0.257020 0.357717 0.337402
4 3.279247 -0.928789 18.556601 0.536340 -0.526739 0.659458 0.290529 0.364874
kabigon_body.png
4 4.490388 -0.717025 16.671160 0.961133 -0.211527 0.177425 0.356559 0.290224
4 4.374599 0.975230 15.290350 0.960011 0.256396 -0.112427 0.407666 0.235676
4 4.368408 0.969038 16.720690 0.941010 0.318214 0.115070 0.407666 0.293361
kabigon_body.png
4 4.490388 -0.717025 16.671160 0.961133 -0.211527 0.177425 0.356559 0.290224
4 4.368408 0.969038 16.720690 0.941010 0.318214 0.115070 0.407666 0.293361
4 4.205560 -0.077399 17.879820 0.938982 -0.228589 0.257020 0.357717 0.337402
kabigon_body.png
4 4.374599 0.975230 15.290350 0.960011 0.256396 -0.112427 0.407666 0.235676
3 4.023517 0.928790 14.084170 0.891694 0.376499 0.251257 0.407666 0.182681
4 3.430949 2.459435 15.145460 0.728464 0.666960 -0.156538 0.460174 0.226661
kabigon_body.png
4 4.374599 0.975230 15.290350 0.960011 0.256396 -0.112427 0.407666 0.235676
4 3.430949 2.459435 15.145460 0.728464 0.666960 -0.156538 0.460174 0.226661
4 4.368408 0.969038 16.720690 0.941010 0.318214 0.115070 0.407666 0.293361
kabigon_body.png
3 4.023517 0.928790 14.084170 0.881431 0.315158 -0.351788 0.407666 0.182681
3 2.367175 2.760983 14.140510 0.524275 0.851345 0.018627 0.480915 0.182620
4 3.430949 2.459435 15.145460 0.728464 0.666960 -0.156538 0.460174 0.226661
kabigon_body.png
4 -4.368408 0.969038 16.720690 -0.941010 0.318213 0.115070 0.407666 0.293361
4 -4.205560 -0.077399 17.879820 -0.938982 -0.228589 0.257020 0.357717 0.337402
4 -4.127542 0.912072 17.842051 -0.883664 0.447192 0.138406 0.390702 0.338377
kabigon_body.png
4 -4.368408 0.969038 16.720690 -0.941010 0.318213 0.115070 0.407666 0.293361
4 -3.507729 2.205566 17.064960 -0.725005 0.657991 0.203510 0.456793 0.304082
4 -3.430949 2.459435 15.145460 -0.728464 0.666960 -0.156538 0.460174 0.226661
kabigon_body.png
4 -4.368408 0.969038 16.720690 -0.941010 0.318213 0.115070 0.407666 0.293361
4 -4.127542 0.912072 17.842051 -0.883664 0.447192 0.138406 0.390702 0.338377
4 -3.507729 2.205566 17.064960 -0.725005 0.657991 0.203510 0.456793 0.304082
kabigon_body.png
4 4.368408 0.969038 16.720690 0.941010 0.318214 0.115070 0.407666 0.293361
4 4.127542 0.912072 17.842051 0.883664 0.447192 0.138406 0.390702 0.338377
4 4.205560 -0.077399 17.879820 0.938982 -0.228589 0.257020 0.357717 0.337402
kabigon_body.png
4 4.368408 0.969038 16.720690 0.941010 0.318214 0.115070 0.407666 0.293361
4 3.430949 2.459435 15.145460 0.728464 0.666960 -0.156538 0.460174 0.226661
4 3.507729 2.205566 17.064960 0.725005 0.657991 0.203510 0.456793 0.304082
kabigon_body.png
4 4.368408 0.969038 16.720690 0.941010 0.318214 0.115070 0.407666 0.293361
4 3.507729 2.205566 17.064960 0.725005 0.657991 0.203510 0.456793 0.304082
4 4.127542 0.912072 17.842051 0.883664 0.447192 0.138406 0.390702 0.338377
kabigon_body.png
4 -3.430949 2.459435 15.145460 -0.728464 0.666960 -0.156538 0.460174 0.226661
4 -2.061913 3.435904 15.020390 -0.402181 0.864740 -0.300791 0.519352 0.219564
3 -2.367175 2.760983 14.140510 -0.540777 0.813906 0.212408 0.480915 0.182620
kabigon_body.png
3 -2.367175 2.760983 14.140510 -0.524275 0.851345 0.018627 0.480915 0.182620
4 -2.061913 3.435904 15.020390 -0.402181 0.864740 -0.300791 0.519352 0.219564
3 0.000000 3.598752 14.164660 -0.000000 0.985980 0.166866 0.570002 0.182681
kabigon_body.png
4 -3.430949 2.459435 15.145460 -0.728464 0.666960 -0.156538 0.460174 0.226661
4 -3.507729 2.205566 17.064960 -0.725005 0.657991 0.203510 0.456793 0.304082
4 -2.013616 3.546738 16.229050 -0.444129 0.893374 0.068068 0.531900 0.263148
kabigon_body.png
4 -3.430949 2.459435 15.145460 -0.728464 0.666960 -0.156538 0.460174 0.226661
4 -2.013616 3.546738 16.229050 -0.444129 0.893374 0.068068 0.531900 0.263148
4 -2.061913 3.435904 15.020390 -0.402181 0.864740 -0.300791 0.519352 0.219564
kabigon_body.png
4 -2.061913 3.435904 15.020390 -0.402181 0.864740 -0.300791 0.519352 0.219564
4 0.000000 4.021040 15.009860 -0.000000 0.983336 -0.181800 0.570459 0.221635
3 0.000000 3.598752 14.164660 -0.000000 0.985980 0.166866 0.570002 0.182681
kabigon_body.png
4 -2.061913 3.435904 15.020390 -0.402181 0.864740 -0.300791 0.519352 0.219564
4 -2.013616 3.546738 16.229050 -0.444129 0.893374 0.068068 0.531900 0.263148
4 0.000000 4.021040 15.009860 -0.000000 0.983336 -0.181800 0.570459 0.221635
kabigon_body.png
3 0.000000 3.598752 14.164660 -0.000000 0.985980 0.166866 0.570002 0.182681
4 2.061913 3.435904 15.020390 0.402182 0.864740 -0.300791 0.519352 0.219564
3 2.367175 2.760983 14.140510 0.524275 0.851345 0.018627 0.480915 0.182620
kabigon_body.png
3 2.367175 2.760983 14.140510 0.540777 0.813906 0.212409 0.480915 0.182620
4 2.061913 3.435904 15.020390 0.402182 0.864740 -0.300791 0.519352 0.219564
4 3.430949 2.459435 15.145460 0.728464 0.666960 -0.156538 0.460174 0.226661
kabigon_body.png
3 0.000000 3.598752 14.164660 -0.000000 0.985980 0.166866 0.570002 0.182681
4 0.000000 4.021040 15.009860 -0.000000 0.983336 -0.181800 0.570459 0.221635
4 2.061913 3.435904 15.020390 0.402182 0.864740 -0.300791 0.519352 0.219564
kabigon_body.png
4 2.061913 3.435904 15.020390 0.402182 0.864740 -0.300791 0.519352 0.219564
4 2.013616 3.546738 16.229050 0.444129 0.893374 0.068068 0.531900 0.263148
4 3.430949 2.459435 15.145460 0.728464 0.666960 -0.156538 0.460174 0.226661
kabigon_body.png
4 3.430949 2.459435 15.145460 0.728464 0.666960 -0.156538 0.460174 0.226661
4 2.013616 3.546738 16.229050 0.444129 0.893374 0.068068 0.531900 0.263148
4 3.507729 2.205566 17.064960 0.725005 0.657991 0.203510 0.456793 0.304082
kabigon_body.png
4 2.061913 3.435904 15.020390 0.402182 0.864740 -0.300791 0.519352 0.219564
4 0.000000 4.021040 15.009860 -0.000000 0.983336 -0.181800 0.570459 0.221635
4 2.013616 3.546738 16.229050 0.444129 0.893374 0.068068 0.531900 0.263148
kabigon_body.png
4 0.000000 4.021040 15.009860 -0.000000 0.983336 -0.181800 0.570459 0.221635
4 -2.013616 3.546738 16.229050 -0.444129 0.893374 0.068068 0.531900 0.263148
4 0.000000 4.032805 16.584471 0.000000 0.975502 0.219991 0.578256 0.287575
kabigon_body.png
4 0.000000 4.021040 15.009860 -0.000000 0.983336 -0.181800 0.570459 0.221635
4 0.000000 4.032805 16.584471 0.000000 0.975502 0.219991 0.578256 0.287575
4 2.013616 3.546738 16.229050 0.444129 0.893374 0.068068 0.531900 0.263148
kabigon_body.png
4 2.013616 3.546738 16.229050 0.444129 0.893374 0.068068 0.531900 0.263148
4 2.090396 3.143645 17.590660 0.370314 0.802290 0.468186 0.503484 0.337889
4 3.507729 2.205566 17.064960 0.725005 0.657991 0.203510 0.456793 0.304082
kabigon_body.png
4 2.013616 3.546738 16.229050 0.444129 0.893374 0.068068 0.531900 0.263148
4 0.000000 4.032805 16.584471 0.000000 0.975502 0.219991 0.578256 0.287575
4 2.090396 3.143645 17.590660 0.370314 0.802290 0.468186 0.503484 0.337889
kabigon_body.png
4 3.507729 2.205566 17.064960 0.725005 0.657991 0.203510 0.456793 0.304082
4 3.533735 1.573370 18.173941 0.479566 0.766768 0.426712 0.417108 0.352143
4 4.127542 0.912072 17.842051 0.883664 0.447192 0.138406 0.390702 0.338377
kabigon_body.png
4 3.507729 2.205566 17.064960 0.725005 0.657991 0.203510 0.456793 0.304082
4 2.090396 3.143645 17.590660 0.370314 0.802290 0.468186 0.503484 0.337889
4 3.533735 1.573370 18.173941 0.479566 0.766768 0.426712 0.417108 0.352143
kabigon_body.png
4 -2.013616 3.546738 16.229050 -0.444129 0.893374 0.068068 0.531900 0.263148
4 -3.507729 2.205566 17.064960 -0.725005 0.657991 0.203510 0.456793 0.304082
4 -2.090396 3.143645 17.590660 -0.370314 0.802290 0.468186 0.503484 0.337889
kabigon_body.png
4 -2.013616 3.546738 16.229050 -0.444129 0.893374 0.068068 0.531900 0.263148
4 -2.090396 3.143645 17.590660 -0.370314 0.802290 0.468186 0.503484 0.337889
4 0.000000 4.032805 16.584471 0.000000 0.975502 0.219991 0.578256 0.287575
kabigon_body.png
4 0.000000 4.032805 16.584471 0.000000 0.975502 0.219991 0.578256 0.287575
4 0.000000 3.542404 17.749790 0.000000 0.836434 0.548067 0.543961 0.374986
4 2.090396 3.143645 17.590660 0.370314 0.802290 0.468186 0.503484 0.337889
kabigon_body.png
4 0.000000 4.032805 16.584471 0.000000 0.975502 0.219991 0.578256 0.287575
4 -2.090396 3.143645 17.590660 -0.370314 0.802290 0.468186 0.503484 0.337889
4 0.000000 3.542404 17.749790 0.000000 0.836434 0.548067 0.543961 0.374986
kabigon_body.png
4 0.000000 3.542404 17.749790 0.000000 0.836434 0.548067 0.543961 0.374986
4 0.000000 2.516402 18.826571 -0.000000 0.587784 0.809018 0.485667 0.415128
4 2.090396 3.143645 17.590660 0.370314 0.802290 0.468186 0.503484 0.337889
kabigon_body.png
4 0.000000 3.542404 17.749790 0.000000 0.836434 0.548067 0.543961 0.374986
4 -2.090396 3.143645 17.590660 -0.370314 0.802290 0.468186 0.503484 0.337889
4 0.000000 2.516402 18.826571 -0.000000 0.587784 0.809018 0.485667 0.415128
kabigon_body.png
4 2.090396 3.143645 17.590660 0.370314 0.802290 0.468186 0.503484 0.337889
4 2.078012 2.308352 18.517590 0.314553 0.594779 0.739793 0.457128 0.387260
4 3.533735 1.573370 18.173941 0.479566 0.766768 0.426712 0.417108 0.352143
kabigon_body.png
4 2.090396 3.143645 17.590660 0.370314 0.802290 0.468186 0.503484 0.337889
4 0.000000 2.516402 18.826571 -0.000000 0.587784 0.809018 0.485667 0.415128
4 2.078012 2.308352 18.517590 0.314553 0.594779 0.739793 0.457128 0.387260
kabigon_body.png
4 2.078012 2.308352 18.517590 0.314553 0.594779 0.739793 0.457128 0.387260
4 2.045195 1.274300 19.125019 -0.010613 0.505208 0.862933 0.375321 0.413788
4 3.533735 1.573370 18.173941 0.479566 0.766768 0.426712 0.417108 0.352143
kabigon_body.png
4 2.078012 2.308352 18.517590 0.314553 0.594779 0.739793 0.457128 0.387260
4 0.000000 2.516402 18.826571 -0.000000 0.587784 0.809018 0.485667 0.415128
4 2.045195 1.274300 19.125019 -0.010613 0.505208 0.862933 0.375321 0.413788
kabigon_body.png
4 -3.507729 2.205566 17.064960 -0.725005 0.657991 0.203510 0.456793 0.304082
4 -4.127542 0.912072 17.842051 -0.883664 0.447192 0.138406 0.390702 0.338377
4 -3.533735 1.573370 18.173941 -0.479567 0.766768 0.426712 0.417108 0.352143
kabigon_body.png
4 -3.507729 2.205566 17.064960 -0.725005 0.657991 0.203510 0.456793 0.304082
4 -3.533735 1.573370 18.173941 -0.479567 0.766768 0.426712 0.417108 0.352143
4 -2.090396 3.143645 17.590660 -0.370314 0.802290 0.468186 0.503484 0.337889
kabigon_body.png
4 -2.090396 3.143645 17.590660 -0.370314 0.802290 0.468186 0.503484 0.337889
4 -2.078012 2.308352 18.517590 -0.314553 0.594779 0.739793 0.457128 0.387260
4 0.000000 2.516402 18.826571 -0.000000 0.587784 0.809018 0.485667 0.415128
kabigon_body.png
4 -2.090396 3.143645 17.590660 -0.370314 0.802290 0.468186 0.503484 0.337889
4 -3.533735 1.573370 18.173941 -0.479567 0.766768 0.426712 0.417108 0.352143
4 -2.078012 2.308352 18.517590 -0.314553 0.594779 0.739793 0.457128 0.387260
kabigon_body.png
4 -2.078012 2.308352 18.517590 -0.314553 0.594779 0.739793 0.457128 0.387260
4 -2.045195 1.274300 19.125019 0.010614 0.505208 0.862933 0.375321 0.413788
4 0.000000 2.516402 18.826571 -0.000000 0.587784 0.809018 0.485667 0.415128
kabigon_body.png
4 -2.078012 2.308352 18.517590 -0.314553 0.594779 0.739793 0.457128 0.387260
4 -3.533735 1.573370 18.173941 -0.479567 0.766768 0.426712 0.417108 0.352143
4 -2.045195 1.274300 19.125019 0.010614 0.505208 0.862933 0.375321 0.413788
kabigon_body.png
4 0.000000 2.516402 18.826571 -0.000000 0.587784 0.809018 0.485667 0.415128
4 0.000000 0.829719 19.431520 -0.000000 0.162981 0.986629 0.321930 0.457920
4 2.045195 1.274300 19.125019 -0.010613 0.505208 0.862933 0.375321 0.413788
kabigon_body.png
4 0.000000 2.516402 18.826571 -0.000000 0.587784 0.809018 0.485667 0.415128
4 -2.045195 1.274300 19.125019 0.010614 0.505208 0.862933 0.375321 0.413788
4 0.000000 0.829719 19.431520 -0.000000 0.162981 0.986629 0.321930 0.457920
kabigon_body.png
4 4.127542 0.912072 17.842051 0.883664 0.447192 0.138406 0.390702 0.338377
5 4.143021 0.835911 18.913250 0.956457 0.290289 0.030376 0.369077 0.358905
4 4.205560 -0.077399 17.879820 0.938982 -0.228589 0.257020 0.357717 0.337402
kabigon_body.png
4 4.127542 0.912072 17.842051 0.883664 0.447192 0.138406 0.390702 0.338377
4 3.533735 1.573370 18.173941 0.479566 0.766768 0.426712 0.417108 0.352143
5 3.742403 1.261297 19.073009 0.501642 0.849839 0.161644 0.380864 0.366001
kabigon_body.png
4 4.127542 0.912072 17.842051 0.883664 0.447192 0.138406 0.390702 0.338377
5 3.742403 1.261297 19.073009 0.501642 0.849839 0.161644 0.380864 0.366001
5 4.143021 0.835911 18.913250 0.956457 0.290289 0.030376 0.369077 0.358905
kabigon_body.png
4 3.533735 1.573370 18.173941 0.479566 0.766768 0.426712 0.417108 0.352143
4 2.045195 1.274300 19.125019 -0.010613 0.505208 0.862933 0.375321 0.413788
5 2.865007 1.120121 19.624090 -0.184279 0.789779 0.585056 0.354336 0.410864
kabigon_body.png
4 3.533735 1.573370 18.173941 0.479566 0.766768 0.426712 0.417108 0.352143
5 2.865007 1.120121 19.624090 -0.184279 0.789779 0.585056 0.354336 0.410864
5 3.742403 1.261297 19.073009 0.501642 0.849839 0.161644 0.380864 0.366001
kabigon_body.png
4 -3.533735 1.573370 18.173941 -0.479567 0.766768 0.426712 0.417108 0.352143
4 -4.127542 0.912072 17.842051 -0.883664 0.447192 0.138406 0.390702 0.338377
6 -3.742403 1.261297 19.073009 -0.501642 0.849839 0.161644 0.380864 0.366001
kabigon_body.png
4 -3.533735 1.573370 18.173941 -0.479567 0.766768 0.426712 0.417108 0.352143
6 -2.865007 1.120121 19.624090 0.184279 0.789779 0.585056 0.354336 0.410864
4 -2.045195 1.274300 19.125019 0.010614 0.505208 0.862933 0.375321 0.413788
kabigon_body.png
4 -3.533735 1.573370 18.173941 -0.479567 0.766768 0.426712 0.417108 0.352143
6 -3.742403 1.261297 19.073009 -0.501642 0.849839 0.161644 0.380864 0.366001
6 -2.865007 1.120121 19.624090 0.184279 0.789779 0.585056 0.354336 0.410864
kabigon_body.png
5 4.143021 0.835911 18.913250 0.956457 0.290289 0.030376 0.369077 0.358905
5 4.117015 0.224768 18.953501 0.919640 -0.364926 0.145232 0.347422 0.358326
4 4.205560 -0.077399 17.879820 0.938982 -0.228589 0.257020 0.357717 0.337402
kabigon_body.png
5 4.143021 0.835911 18.913250 0.956457 0.290289 0.030376 0.369077 0.358905
5 3.742403 1.261297 19.073009 0.501642 0.849839 0.161644 0.380864 0.366001
5 4.157882 0.760370 19.985081 0.913389 0.291716 0.283939 0.352509 0.379433
kabigon_body.png
5 4.143021 0.835911 18.913250 0.956457 0.290289 0.030376 0.369077 0.358905
5 4.157882 0.760370 19.985081 0.913389 0.291716 0.283939 0.352509 0.379433
5 4.117015 0.224768 18.953501 0.919640 -0.364926 0.145232 0.347422 0.358326
kabigon_body.png
5 3.742403 1.261297 19.073009 0.501642 0.849839 0.161644 0.380864 0.366001
5 2.865007 1.120121 19.624090 -0.184279 0.789779 0.585056 0.354336 0.410864
5 3.743022 1.034052 19.959690 0.143877 0.836486 0.528763 0.350163 0.397402
kabigon_body.png
5 3.742403 1.261297 19.073009 0.501642 0.849839 0.161644 0.380864 0.366001
5 3.743022 1.034052 19.959690 0.143877 0.836486 0.528763 0.350163 0.397402
5 4.157882 0.760370 19.985081 0.913389 0.291716 0.283939 0.352509 0.379433
kabigon_body.png
4 2.045195 1.274300 19.125019 -0.010613 0.505208 0.862933 0.375321 0.413788
4 0.000000 0.829719 19.431520 -0.000000 0.162981 0.986629 0.321930 0.457920
4 1.422287 0.150464 19.366501 -0.124910 -0.057436 0.990504 0.267290 0.430935
kabigon_body.png
4 2.045195 1.274300 19.125019 -0.010613 0.505208 0.862933 0.375321 0.413788
5 2.525069 0.382043 19.827801 -0.397632 0.085014 0.913598 0.291899 0.416194
5 2.865007 1.120121 19.624090 -0.184279 0.789779 0.585056 0.354336 0.410864
kabigon_body.png
4 2.045195 1.274300 19.125019 -0.010613 0.505208 0.862933 0.375321 0.413788
4 1.422287 0.150464 19.366501 -0.124910 -0.057436 0.990504 0.267290 0.430935
5 2.525069 0.382043 19.827801 -0.397632 0.085014 0.913598 0.291899 0.416194
kabigon_body.png
5 2.865007 1.120121 19.624090 -0.184279 0.789779 0.585056 0.354336 0.410864
5 3.627852 0.613621 20.289101 -0.183614 0.045135 0.981962 0.316509 0.401484
5 3.743022 1.034052 19.959690 0.143877 0.836486 0.528763 0.350163 0.397402
kabigon_body.png
5 2.865007 1.120121 19.624090 -0.184279 0.789779 0.585056 0.354336 0.410864
5 2.525069 0.382043 19.827801 -0.397632 0.085014 0.913598 0.291899 0.416194
5 3.627852 0.613621 20.289101 -0.183614 0.045135 0.981962 0.316509 0.401484
kabigon_body.png
5 2.525069 0.382043 19.827801 -0.397632 0.085014 0.913598 0.291899 0.416194
4 1.422287 0.150464 19.366501 -0.124910 -0.057436 0.990504 0.267290 0.430935
5 2.865007 -0.078637 19.706440 -0.119974 -0.577710 0.807377 0.270031 0.404103
kabigon_body.png
5 2.525069 0.382043 19.827801 -0.397632 0.085014 0.913598 0.291899 0.416194
5 2.865007 -0.078637 19.706440 -0.119974 -0.577710 0.807377 0.270031 0.404103
5 3.627852 0.613621 20.289101 -0.183614 0.045135 0.981962 0.316509 0.401484
kabigon_body.png
5 3.743022 1.034052 19.959690 0.143877 0.836486 0.528763 0.350163 0.397402
5 3.967790 0.712692 20.262480 0.451712 0.200744 0.869286 0.338925 0.392103
5 4.157882 0.760370 19.985081 0.913389 0.291716 0.283939 0.352509 0.379433
kabigon_body.png
5 3.743022 1.034052 19.959690 0.143877 0.836486 0.528763 0.350163 0.397402
5 3.627852 0.613621 20.289101 -0.183614 0.045135 0.981962 0.316509 0.401484
5 3.967790 0.712692 20.262480 0.451712 0.200744 0.869286 0.338925 0.392103
kabigon_body.png
5 3.967790 0.712692 20.262480 0.451712 0.200744 0.869286 0.338925 0.392103
5 3.898440 0.295975 20.070530 0.502784 -0.620323 0.602003 0.321808 0.385402
5 4.157882 0.760370 19.985081 0.913389 0.291716 0.283939 0.352509 0.379433
kabigon_body.png
5 3.627852 0.613621 20.289101 -0.183614 0.045135 0.981962 0.316509 0.401484
5 2.865007 -0.078637 19.706440 -0.119974 -0.577710 0.807377 0.270031 0.404103
5 3.898440 0.295975 20.070530 0.502784 -0.620323 0.602003 0.321808 0.385402
kabigon_body.png
5 3.627852 0.613621 20.289101 -0.183614 0.045135 0.981962 0.316509 0.401484
5 3.898440 0.295975 20.070530 0.502784 -0.620323 0.602003 0.321808 0.385402
5 3.967790 0.712692 20.262480 0.451712 0.200744 0.869286 0.338925 0.392103
kabigon_body.png
5 4.157882 0.760370 19.985081 0.913389 0.291716 0.283939 0.352509 0.379433
5 3.898440 0.295975 20.070530 0.502784 -0.620323 0.602003 0.321808 0.385402
5 4.117015 0.224768 18.953501 0.919640 -0.364926 0.145232 0.347422 0.358326
kabigon_body.png
5 4.117015 0.224768 18.953501 0.919640 -0.364926 0.145232 0.347422 0.358326
5 3.589463 -0.315788 19.313869 0.465721 -0.761012 0.451624 0.306184 0.375138
4 4.205560 -0.077399 17.879820 0.938982 -0.228589 0.257020 0.357717 0.337402
kabigon_body.png
5 3.898440 0.295975 20.070530 0.502784 -0.620323 0.602003 0.321808 0.385402
5 2.865007 -0.078637 19.706440 -0.119974 -0.577710 0.807377 0.270031 0.404103
5 3.589463 -0.315788 19.313869 0.465721 -0.761012 0.451624 0.306184 0.375138
kabigon_body.png
5 3.898440 0.295975 20.070530 0.502784 -0.620323 0.602003 0.321808 0.385402
5 3.589463 -0.315788 19.313869 0.465721 -0.761012 0.451624 0.306184 0.375138
5 4.117015 0.224768 18.953501 0.919640 -0.364926 0.145232 0.347422 0.358326
kabigon_body.png
5 2.865007 -0.078637 19.706440 -0.119974 -0.577710 0.807377 0.270031 0.404103
4 1.422287 0.150464 19.366501 -0.124910 -0.057436 0.990504 0.267290 0.430935
4 1.966557 -0.611762 19.232759 0.092773 -0.473398 0.875949 0.220904 0.414763
kabigon_body.png
5 2.865007 -0.078637 19.706440 -0.119974 -0.577710 0.807377 0.270031 0.404103
4 1.966557 -0.611762 19.232759 0.092773 -0.473398 0.875949 0.220904 0.414763
5 3.589463 -0.315788 19.313869 0.465721 -0.761012 0.451624 0.306184 0.375138
kabigon_body.png
5 3.589463 -0.315788 19.313869 0.465721 -0.761012 0.451624 0.306184 0.375138
4 3.279247 -0.928789 18.556601 0.536340 -0.526739 0.659458 0.290529 0.364874
4 4.205560 -0.077399 17.879820 0.938982 -0.228589 0.257020 0.357717 0.337402
kabigon_body.png
5 3.589463 -0.315788 19.313869 0.465721 -0.761012 0.451624 0.306184 0.375138
4 1.966557 -0.611762 19.232759 0.092773 -0.473398 0.875949 0.220904 0.414763
4 3.279247 -0.928789 18.556601 0.536340 -0.526739 0.659458 0.290529 0.364874
kabigon_body.png
4 1.422287 0.150464 19.366501 -0.124910 -0.057436 0.990504 0.267290 0.430935
4 0.000000 0.829719 19.431520 -0.000000 0.162981 0.986629 0.321930 0.457920
4 0.000000 -0.699688 19.429041 -0.000000 -0.187981 0.982173 0.064356 0.424875
kabigon_body.png
4 1.422287 0.150464 19.366501 -0.124910 -0.057436 0.990504 0.267290 0.430935
4 0.000000 -0.699688 19.429041 -0.000000 -0.187981 0.982173 0.064356 0.424875
4 1.966557 -0.611762 19.232759 0.092773 -0.473398 0.875949 0.220904 0.414763
kabigon_body.png
4 1.966557 -0.611762 19.232759 0.092773 -0.473398 0.875949 0.220904 0.414763
4 1.663772 -1.797518 18.869289 0.243172 -0.430721 0.869107 0.149787 0.367890
4 3.279247 -0.928789 18.556601 0.536340 -0.526739 0.659458 0.290529 0.364874
kabigon_body.png
4 1.966557 -0.611762 19.232759 0.092773 -0.473398 0.875949 0.220904 0.414763
4 0.000000 -0.699688 19.429041 -0.000000 -0.187981 0.982173 0.064356 0.424875
4 1.663772 -1.797518 18.869289 0.243172 -0.430721 0.869107 0.149787 0.367890
kabigon_body.png
4 3.279247 -0.928789 18.556601 0.536340 -0.526739 0.659458 0.290529 0.364874
4 1.663772 -1.797518 18.869289 0.243172 -0.430721 0.869107 0.149787 0.367890
4 2.999372 -2.045814 18.100250 0.513504 -0.581094 0.631381 0.241950 0.335788
kabigon_body.png
4 2.999372 -2.045814 18.100250 0.513504 -0.581094 0.631381 0.241950 0.335788
4 1.663772 -1.797518 18.869289 0.243172 -0.430721 0.869107 0.149787 0.367890
4 1.492255 -2.687917 18.288490 0.235632 -0.701385 0.672709 0.121828 0.335788
kabigon_body.png
4 1.663772 -1.797518 18.869289 0.243172 -0.430721 0.869107 0.149787 0.367890
4 0.000000 -0.699688 19.429041 -0.000000 -0.187981 0.982173 0.064356 0.424875
4 0.000000 -2.124452 18.939880 0.000000 -0.499052 0.866572 0.022660 0.367950
kabigon_body.png
4 1.663772 -1.797518 18.869289 0.243172 -0.430721 0.869107 0.149787 0.367890
4 0.000000 -2.124452 18.939880 0.000000 -0.499052 0.866572 0.022660 0.367950
4 1.492255 -2.687917 18.288490 0.235632 -0.701385 0.672709 0.121828 0.335788
kabigon_body.png
4 1.492255 -2.687917 18.288490 0.235632 -0.701385 0.672709 0.121828 0.335788
4 0.000000 -2.124452 18.939880 0.000000 -0.499052 0.866572 0.022660 0.367950
4 0.000000 -2.905873 18.364031 0.000000 -0.714046 0.700098 0.022660 0.335788
kabigon_body.png
4 0.000000 -2.905873 18.364031 0.000000 -0.714046 0.700098 0.022660 0.335788
4 0.000000 -2.124452 18.939880 0.000000 -0.499052 0.866572 0.022660 0.367950
4 -1.492255 -2.687917 18.288490 -0.235631 -0.701385 0.672709 0.121828 0.335788
kabigon_body.png
4 0.000000 -2.124452 18.939880 0.000000 -0.499052 0.866572 0.022660 0.367950
4 0.000000 -0.699688 19.429041 -0.000000 -0.187981 0.982173 0.064356 0.424875
4 -1.663772 -1.797518 18.869289 -0.243172 -0.430721 0.869107 0.149787 0.367890
kabigon_body.png
4 0.000000 -2.124452 18.939880 0.000000 -0.499052 0.866572 0.022660 0.367950
4 -1.663772 -1.797518 18.869289 -0.243172 -0.430721 0.869107 0.149787 0.367890
4 -1.492255 -2.687917 18.288490 -0.235631 -0.701385 0.672709 0.121828 0.335788
kabigon_body.png
4 -1.492255 -2.687917 18.288490 -0.235631 -0.701385 0.672709 0.121828 0.335788
4 -1.663772 -1.797518 18.869289 -0.243172 -0.430721 0.869107 0.149787 0.367890
4 -2.999372 -2.045814 18.100250 -0.513505 -0.581094 0.631381 0.241950 0.335788
kabigon_body.png
4 -2.999372 -2.045814 18.100250 -0.513505 -0.581094 0.631381 0.241950 0.335788
4 -1.663772 -1.797518 18.869289 -0.243172 -0.430721 0.869107 0.149787 0.367890
4 -3.279247 -0.928789 18.556601 -0.536340 -0.526739 0.659458 0.290529 0.364874
kabigon_body.png
4 -1.663772 -1.797518 18.869289 -0.243172 -0.430721 0.869107 0.149787 0.367890
4 0.000000 -0.699688 19.429041 -0.000000 -0.187981 0.982173 0.064356 0.424875
4 -1.966557 -0.611762 19.232759 -0.092773 -0.473398 0.875949 0.220904 0.414763
kabigon_body.png
4 -1.663772 -1.797518 18.869289 -0.243172 -0.430721 0.869107 0.149787 0.367890
4 -1.966557 -0.611762 19.232759 -0.092773 -0.473398 0.875949 0.220904 0.414763
4 -3.279247 -0.928789 18.556601 -0.536340 -0.526739 0.659458 0.290529 0.364874
kabigon_body.png
4 0.000000 -0.699688 19.429041 -0.000000 -0.187981 0.982173 0.064356 0.424875
4 0.000000 0.829719 19.431520 -0.000000 0.162981 0.986629 0.321930 0.457920
4 -1.422287 0.150464 19.366501 0.124909 -0.057436 0.990504 0.267290 0.430935
kabigon_body.png
4 0.000000 -0.699688 19.429041 -0.000000 -0.187981 0.982173 0.064356 0.424875
4 -1.422287 0.150464 19.366501 0.124909 -0.057436 0.990504 0.267290 0.430935
4 -1.966557 -0.611762 19.232759 -0.092773 -0.473398 0.875949 0.220904 0.414763
kabigon_body.png
4 0.000000 0.829719 19.431520 -0.000000 0.162981 0.986629 0.321930 0.457920
4 -2.045195 1.274300 19.125019 0.010614 0.505208 0.862933 0.375321 0.413788
4 -1.422287 0.150464 19.366501 0.124909 -0.057436 0.990504 0.267290 0.430935
kabigon_body.png
4 -1.966557 -0.611762 19.232759 -0.092773 -0.473398 0.875949 0.220904 0.414763
6 -3.589463 -0.315788 19.313869 -0.465721 -0.761012 0.451624 0.306184 0.375138
4 -3.279247 -0.928789 18.556601 -0.536340 -0.526739 0.659458 0.290529 0.364874
kabigon_body.png
4 -3.279247 -0.928789 18.556601 -0.536340 -0.526739 0.659458 0.290529 0.364874
6 -3.589463 -0.315788 19.313869 -0.465721 -0.761012 0.451624 0.306184 0.375138
4 -4.205560 -0.077399 17.879820 -0.938982 -0.228589 0.257020 0.357717 0.337402
kabigon_body.png
4 -1.966557 -0.611762 19.232759 -0.092773 -0.473398 0.875949 0.220904 0.414763
4 -1.422287 0.150464 19.366501 0.124909 -0.057436 0.990504 0.267290 0.430935
6 -2.865007 -0.078637 19.706440 0.119974 -0.577710 0.807377 0.270031 0.404103
kabigon_body.png
4 -1.966557 -0.611762 19.232759 -0.092773 -0.473398 0.875949 0.220904 0.414763
6 -2.865007 -0.078637 19.706440 0.119974 -0.577710 0.807377 0.270031 0.404103
6 -3.589463 -0.315788 19.313869 -0.465721 -0.761012 0.451624 0.306184 0.375138
kabigon_body.png
4 -1.422287 0.150464 19.366501 0.124909 -0.057436 0.990504 0.267290 0.430935
4 -2.045195 1.274300 19.125019 0.010614 0.505208 0.862933 0.375321 0.413788
6 -2.525069 0.382043 19.827801 0.397632 0.085014 0.913598 0.291899 0.416194
kabigon_body.png
4 -1.422287 0.150464 19.366501 0.124909 -0.057436 0.990504 0.267290 0.430935
6 -2.525069 0.382043 19.827801 0.397632 0.085014 0.913598 0.291899 0.416194
6 -2.865007 -0.078637 19.706440 0.119974 -0.577710 0.807377 0.270031 0.404103
kabigon_body.png
4 -2.045195 1.274300 19.125019 0.010614 0.505208 0.862933 0.375321 0.413788
6 -2.865007 1.120121 19.624090 0.184279 0.789779 0.585056 0.354336 0.410864
6 -2.525069 0.382043 19.827801 0.397632 0.085014 0.913598 0.291899 0.416194
kabigon_body.png
6 -2.525069 0.382043 19.827801 0.397632 0.085014 0.913598 0.291899 0.416194
6 -3.627852 0.613621 20.289101 0.183614 0.045135 0.981962 0.316509 0.401484
6 -2.865007 -0.078637 19.706440 0.119974 -0.577710 0.807377 0.270031 0.404103
kabigon_body.png
6 -2.525069 0.382043 19.827801 0.397632 0.085014 0.913598 0.291899 0.416194
6 -2.865007 1.120121 19.624090 0.184279 0.789779 0.585056 0.354336 0.410864
6 -3.627852 0.613621 20.289101 0.183614 0.045135 0.981962 0.316509 0.401484
kabigon_body.png
6 -2.865007 -0.078637 19.706440 0.119974 -0.577710 0.807377 0.270031 0.404103
6 -3.898440 0.295975 20.070530 -0.502784 -0.620323 0.602003 0.321808 0.385402
6 -3.589463 -0.315788 19.313869 -0.465721 -0.761012 0.451624 0.306184 0.375138
kabigon_body.png
6 -2.865007 -0.078637 19.706440 0.119974 -0.577710 0.807377 0.270031 0.404103
6 -3.627852 0.613621 20.289101 0.183614 0.045135 0.981962 0.316509 0.401484
6 -3.898440 0.295975 20.070530 -0.502784 -0.620323 0.602003 0.321808 0.385402
kabigon_body.png
6 -3.589463 -0.315788 19.313869 -0.465721 -0.761012 0.451624 0.306184 0.375138
6 -4.117015 0.224768 18.953501 -0.919640 -0.364926 0.145232 0.347422 0.358326
4 -4.205560 -0.077399 17.879820 -0.938982 -0.228589 0.257020 0.357717 0.337402
kabigon_body.png
6 -3.589463 -0.315788 19.313869 -0.465721 -0.761012 0.451624 0.306184 0.375138
6 -3.898440 0.295975 20.070530 -0.502784 -0.620323 0.602003 0.321808 0.385402
6 -4.117015 0.224768 18.953501 -0.919640 -0.364926 0.145232 0.347422 0.358326
kabigon_body.png
6 -3.627852 0.613621 20.289101 0.183614 0.045135 0.981962 0.316509 0.401484
6 -2.865007 1.120121 19.624090 0.184279 0.789779 0.585056 0.354336 0.410864
6 -3.743022 1.034052 19.959690 -0.143877 0.836486 0.528763 0.350163 0.397402
kabigon_body.png
6 -2.865007 1.120121 19.624090 0.184279 0.789779 0.585056 0.354336 0.410864
6 -3.742403 1.261297 19.073009 -0.501642 0.849839 0.161644 0.380864 0.366001
6 -3.743022 1.034052 19.959690 -0.143877 0.836486 0.528763 0.350163 0.397402
kabigon_body.png
6 -3.627852 0.613621 20.289101 0.183614 0.045135 0.981962 0.316509 0.401484
6 -3.967790 0.712692 20.262480 -0.451713 0.200744 0.869285 0.338925 0.392103
6 -3.898440 0.295975 20.070530 -0.502784 -0.620323 0.602003 0.321808 0.385402
kabigon_body.png
6 -3.627852 0.613621 20.289101 0.183614 0.045135 0.981962 0.316509 0.401484
6 -3.743022 1.034052 19.959690 -0.143877 0.836486 0.528763 0.350163 0.397402
6 -3.967790 0.712692 20.262480 -0.451713 0.200744 0.869285 0.338925 0.392103
kabigon_body.png
6 -3.967790 0.712692 20.262480 -0.451713 0.200744 0.869285 0.338925 0.392103
6 -4.157882 0.760370 19.985081 -0.913390 0.291716 0.283939 0.352509 0.379433
6 -3.898440 0.295975 20.070530 -0.502784 -0.620323 0.602003 0.321808 0.385402
kabigon_body.png
6 -3.743022 1.034052 19.959690 -0.143877 0.836486 0.528763 0.350163 0.397402
6 -3.742403 1.261297 19.073009 -0.501642 0.849839 0.161644 0.380864 0.366001
6 -4.157882 0.760370 19.985081 -0.913390 0.291716 0.283939 0.352509 0.379433
kabigon_body.png
6 -3.743022 1.034052 19.959690 -0.143877 0.836486 0.528763 0.350163 0.397402
6 -4.157882 0.760370 19.985081 -0.913390 0.291716 0.283939 0.352509 0.379433
6 -3.967790 0.712692 20.262480 -0.451713 0.200744 0.869285 0.338925 0.392103
kabigon_body.png
6 -3.898440 0.295975 20.070530 -0.502784 -0.620323 0.602003 0.321808 0.385402
6 -4.157882 0.760370 19.985081 -0.913390 0.291716 0.283939 0.352509 0.379433
6 -4.117015 0.224768 18.953501 -0.919640 -0.364926 0.145232 0.347422 0.358326
kabigon_body.png
6 -4.117015 0.224768 18.953501 -0.919640 -0.364926 0.145232 0.347422 0.358326
6 -4.143021 0.835911 18.913250 -0.956457 0.290289 0.030376 0.369077 0.358905
4 -4.205560 -0.077399 17.879820 -0.938982 -0.228589 0.257020 0.357717 0.337402
kabigon_body.png
6 -4.157882 0.760370 19.985081 -0.913390 0.291716 0.283939 0.352509 0.379433
6 -3.742403 1.261297 19.073009 -0.501642 0.849839 0.161644 0.380864 0.366001
6 -4.143021 0.835911 18.913250 -0.956457 0.290289 0.030376 0.369077 0.358905
kabigon_body.png
6 -4.157882 0.760370 19.985081 -0.913390 0.291716 0.283939 0.352509 0.379433
6 -4.143021 0.835911 18.913250 -0.956457 0.290289 0.030376 0.369077 0.358905
6 -4.117015 0.224768 18.953501 -0.919640 -0.364926 0.145232 0.347422 0.358326
kabigon_body.png
6 -4.143021 0.835911 18.913250 -0.956457 0.290289 0.030376 0.369077 0.358905
4 -4.127542 0.912072 17.842051 -0.883664 0.447192 0.138406 0.390702 0.338377
4 -4.205560 -0.077399 17.879820 -0.938982 -0.228589 0.257020 0.357717 0.337402
kabigon_body.png
4 -4.127542 0.912072 17.842051 -0.883664 0.447192 0.138406 0.390702 0.338377
6 -4.143021 0.835911 18.913250 -0.956457 0.290289 0.030376 0.369077 0.358905
6 -3.742403 1.261297 19.073009 -0.501642 0.849839 0.161644 0.380864 0.366001
kabigon_body.png
2 -6.364686 -1.256343 1.844576 -0.567268 -0.243390 -0.786746 0.105594 0.982633
2 -6.924437 1.315785 2.069343 -0.721418 0.150121 -0.676032 0.114579 0.961830
2 -5.580788 0.695973 1.153557 -0.316734 0.047633 -0.947318 0.087746 0.967465
kabigon_body.png
2 -6.924437 1.315785 2.069343 -0.721418 0.150121 -0.676032 0.114579 0.961830
2 -5.677382 3.054480 2.092254 -0.435989 0.512814 -0.739551 0.094599 0.947637
2 -5.580788 0.695973 1.153557 -0.316734 0.047633 -0.947318 0.087746 0.967465
kabigon_body.png
2 -6.364686 -1.256343 1.844576 -0.567268 -0.243390 -0.786746 0.105594 0.982633
2 -5.580788 0.695973 1.153557 -0.316734 0.047633 -0.947318 0.087746 0.967465
2 -4.188222 -2.677391 1.579562 -0.233950 -0.384837 -0.892843 0.070295 0.994176
kabigon_body.png
2 -5.580788 0.695973 1.153557 -0.316734 0.047633 -0.947318 0.087746 0.967465
2 -5.677382 3.054480 2.092254 -0.435989 0.512814 -0.739551 0.094599 0.947637
2 -3.765933 0.666871 0.928171 -0.033004 0.091659 -0.995243 0.062650 0.967678
kabigon_body.png
2 -5.580788 0.695973 1.153557 -0.316734 0.047633 -0.947318 0.087746 0.967465
2 -3.765933 0.666871 0.928171 -0.033004 0.091659 -0.995243 0.062650 0.967678
2 -4.188222 -2.677391 1.579562 -0.233950 -0.384837 -0.892843 0.070295 0.994176
kabigon_body.png
2 -4.188222 -2.677391 1.579562 -0.233950 -0.384837 -0.892843 0.070295 0.994176
2 -3.765933 0.666871 0.928171 -0.033004 0.091659 -0.995243 0.062650 0.967678
2 -2.185752 -3.067483 1.530645 0.003228 -0.230137 -0.973153 0.038315 0.997069
kabigon_body.png
2 -5.677382 3.054480 2.092254 -0.435989 0.512814 -0.739551 0.094599 0.947637
2 -3.021662 3.920112 2.019808 -0.132234 0.553560 -0.822244 0.051655 0.940876
2 -3.765933 0.666871 0.928171 -0.033004 0.091659 -0.995243 0.062650 0.967678
kabigon_body.png
2 -3.765933 0.666871 0.928171 -0.033004 0.091659 -0.995243 0.062650 0.967678
2 -2.066247 0.623528 1.134362 0.090257 0.099006 -0.990985 0.036305 0.967891
2 -2.185752 -3.067483 1.530645 0.003228 -0.230137 -0.973153 0.038315 0.997069
kabigon_body.png
2 -3.765933 0.666871 0.928171 -0.033004 0.091659 -0.995243 0.062650 0.967678
2 -3.021662 3.920112 2.019808 -0.132234 0.553560 -0.822244 0.051655 0.940876
2 -2.066247 0.623528 1.134362 0.090257 0.099006 -0.990985 0.036305 0.967891
kabigon_body.png
2 -3.021662 3.920112 2.019808 -0.132234 0.553560 -0.822244 0.051655 0.940876
2 0.000000 4.155405 1.981418 -0.000000 0.475668 -0.879625 0.003503 0.939262
2 -2.066247 0.623528 1.134362 0.090257 0.099006 -0.990985 0.036305 0.967891
kabigon_body.png
2 -2.066247 0.623528 1.134362 0.090257 0.099006 -0.990985 0.036305 0.967891
2 0.000000 0.594425 1.381420 -0.000000 0.007524 -0.999972 0.003503 0.967983
2 -2.185752 -3.067483 1.530645 0.003228 -0.230137 -0.973153 0.038315 0.997069
kabigon_body.png
2 -2.066247 0.623528 1.134362 0.090257 0.099006 -0.990985 0.036305 0.967891
2 0.000000 4.155405 1.981418 -0.000000 0.475668 -0.879625 0.003503 0.939262
2 0.000000 0.594425 1.381420 -0.000000 0.007524 -0.999972 0.003503 0.967983
kabigon_body.png
2 -2.185752 -3.067483 1.530645 0.003228 -0.230137 -0.973153 0.038315 0.997069
2 0.000000 0.594425 1.381420 -0.000000 0.007524 -0.999972 0.003503 0.967983
2 0.000000 -3.167792 1.505259 0.000000 -0.343699 -0.939080 0.003503 0.997983
kabigon_body.png
2 0.000000 -3.167792 1.505259 0.000000 -0.343699 -0.939080 0.003503 0.997983
2 0.000000 0.594425 1.381420 -0.000000 0.007524 -0.999972 0.003503 0.967983
2 2.185752 -3.067483 1.530645 -0.003228 -0.230138 -0.973153 0.038315 0.997069
kabigon_body.png
2 0.000000 0.594425 1.381420 -0.000000 0.007524 -0.999972 0.003503 0.967983
2 0.000000 4.155405 1.981418 -0.000000 0.475668 -0.879625 0.003503 0.939262
2 2.066247 0.623528 1.134362 -0.090257 0.099006 -0.990985 0.036305 0.967891
kabigon_body.png
2 0.000000 0.594425 1.381420 -0.000000 0.007524 -0.999972 0.003503 0.967983
2 2.066247 0.623528 1.134362 -0.090257 0.099006 -0.990985 0.036305 0.967891
2 2.185752 -3.067483 1.530645 -0.003228 -0.230138 -0.973153 0.038315 0.997069
kabigon_body.png
2 0.000000 4.155405 1.981418 -0.000000 0.475668 -0.879625 0.003503 0.939262
2 3.021662 3.920112 2.019808 0.132234 0.553560 -0.822244 0.051655 0.940876
2 2.066247 0.623528 1.134362 -0.090257 0.099006 -0.990985 0.036305 0.967891
kabigon_body.png
2 2.066247 0.623528 1.134362 -0.090257 0.099006 -0.990985 0.036305 0.967891
2 3.765933 0.666871 0.928171 0.033004 0.091659 -0.995243 0.062650 0.967678
2 2.185752 -3.067483 1.530645 -0.003228 -0.230138 -0.973153 0.038315 0.997069
kabigon_body.png
2 2.066247 0.623528 1.134362 -0.090257 0.099006 -0.990985 0.036305 0.967891
2 3.021662 3.920112 2.019808 0.132234 0.553560 -0.822244 0.051655 0.940876
2 3.765933 0.666871 0.928171 0.033004 0.091659 -0.995243 0.062650 0.967678
kabigon_body.png
2 3.021662 3.920112 2.019808 0.132234 0.553560 -0.822244 0.051655 0.940876
2 5.677382 3.054480 2.092254 0.435989 0.512814 -0.739551 0.094599 0.947637
2 3.765933 0.666871 0.928171 0.033004 0.091659 -0.995243 0.062650 0.967678
kabigon_body.png
2 2.185752 -3.067483 1.530645 -0.003228 -0.230138 -0.973153 0.038315 0.997069
2 3.765933 0.666871 0.928171 0.033004 0.091659 -0.995243 0.062650 0.967678
2 4.188222 -2.677391 1.579562 0.233950 -0.384837 -0.892843 0.070295 0.994176
kabigon_body.png
2 3.765933 0.666871 0.928171 0.033004 0.091659 -0.995243 0.062650 0.967678
2 5.677382 3.054480 2.092254 0.435989 0.512814 -0.739551 0.094599 0.947637
2 5.580788 0.695973 1.153557 0.316734 0.047633 -0.947318 0.087746 0.967465
kabigon_body.png
2 3.765933 0.666871 0.928171 0.033004 0.091659 -0.995243 0.062650 0.967678
2 5.580788 0.695973 1.153557 0.316734 0.047633 -0.947318 0.087746 0.967465
2 4.188222 -2.677391 1.579562 0.233950 -0.384837 -0.892843 0.070295 0.994176
kabigon_body.png
2 4.188222 -2.677391 1.579562 0.233950 -0.384837 -0.892843 0.070295 0.994176
2 5.580788 0.695973 1.153557 0.316734 0.047633 -0.947318 0.087746 0.967465
2 6.364686 -1.256343 1.844576 0.567268 -0.243390 -0.786746 0.105594 0.982633
kabigon_body.png
2 6.364686 -1.256343 1.844576 0.567268 -0.243390 -0.786746 0.105594 0.982633
2 5.580788 0.695973 1.153557 0.316734 0.047633 -0.947318 0.087746 0.967465
2 6.924437 1.315785 2.069343 0.721418 0.150121 -0.676032 0.114579 0.961830
kabigon_body.png
2 6.924437 1.315785 2.069343 0.721418 0.150121 -0.676032 0.114579 0.961830
2 5.580788 0.695973 1.153557 0.316734 0.047633 -0.947318 0.087746 0.967465
2 5.677382 3.054480 2.092254 0.435989 0.512814 -0.739551 0.094599 0.947637
kabigon_body.png
2 -2.185752 -3.067483 1.530645 0.003228 -0.230137 -0.973153 0.179391 0.472661
2 0.000000 -3.167792 1.505259 0.000000 -0.343699 -0.939080 0.013340 0.472661
2 -2.344884 -4.395652 2.232191 -0.139206 -0.604598 -0.784272 0.174336 0.510002
kabigon_body.png
2 -2.185752 -3.067483 1.530645 0.003228 -0.230137 -0.973153 0.179391 0.472661
2 -2.344884 -4.395652 2.232191 -0.139206 -0.604598 -0.784272 0.174336 0.510002
2 -4.188222 -2.677391 1.579562 -0.233950 -0.384837 -0.892843 0.334082 0.472661
kabigon_body.png
2 -2.344884 -4.395652 2.232191 -0.139206 -0.604598 -0.784272 0.174336 0.510002
2 0.000000 -3.167792 1.505259 0.000000 -0.343699 -0.939080 0.013340 0.472661
2 0.000000 -5.304008 2.765936 0.000000 -0.720205 -0.693761 0.013340 0.527545
kabigon_body.png
2 -2.344884 -4.395652 2.232191 -0.139206 -0.604598 -0.784272 0.174336 0.510002
2 -4.601843 -4.270575 2.956028 -0.400435 -0.719128 -0.567896 0.315504 0.534946
2 -4.188222 -2.677391 1.579562 -0.233950 -0.384837 -0.892843 0.334082 0.472661
kabigon_body.png
2 -2.344884 -4.395652 2.232191 -0.139206 -0.604598 -0.784272 0.174336 0.510002
2 0.000000 -5.304008 2.765936 0.000000 -0.720205 -0.693761 0.013340 0.527545
2 -2.457577 -5.287290 3.399989 -0.235417 -0.798990 -0.553348 0.153107 0.540428
kabigon_body.png
2 -2.344884 -4.395652 2.232191 -0.139206 -0.604598 -0.784272 0.174336 0.510002
2 -2.457577 -5.287290 3.399989 -0.235417 -0.798990 -0.553348 0.153107 0.540428
2 -4.601843 -4.270575 2.956028 -0.400435 -0.719128 -0.567896 0.315504 0.534946
kabigon_body.png
2 -4.601843 -4.270575 2.956028 -0.400435 -0.719128 -0.567896 0.315504 0.534946
2 -6.387596 -2.582035 2.601230 -0.593689 -0.526447 -0.608594 0.481463 0.513748
2 -4.188222 -2.677391 1.579562 -0.233950 -0.384837 -0.892843 0.334082 0.472661
kabigon_body.png
2 -4.188222 -2.677391 1.579562 -0.233950 -0.384837 -0.892843 0.334082 0.472661
2 -6.387596 -2.582035 2.601230 -0.593689 -0.526447 -0.608594 0.481463 0.513748
2 -6.364686 -1.256343 1.844576 -0.567268 -0.243390 -0.786746 0.558276 0.472661
kabigon_body.png
2 -4.601843 -4.270575 2.956028 -0.400435 -0.719128 -0.567896 0.315504 0.534946
2 -2.457577 -5.287290 3.399989 -0.235417 -0.798990 -0.553348 0.153107 0.540428
2 -4.742400 -5.086671 4.788220 -0.494897 -0.815594 -0.299806 0.288031 0.580296
kabigon_body.png
2 -4.601843 -4.270575 2.956028 -0.400435 -0.719128 -0.567896 0.315504 0.534946
2 -6.721342 -3.583271 4.724443 -0.721354 -0.641969 -0.259854 0.453748 0.585900
2 -6.387596 -2.582035 2.601230 -0.593689 -0.526447 -0.608594 0.481463 0.513748
kabigon_body.png
2 -4.601843 -4.270575 2.956028 -0.400435 -0.719128 -0.567896 0.315504 0.534946
2 -4.742400 -5.086671 4.788220 -0.494897 -0.815594 -0.299806 0.288031 0.580296
2 -6.721342 -3.583271 4.724443 -0.721354 -0.641969 -0.259854 0.453748 0.585900
kabigon_body.png
2 -6.387596 -2.582035 2.601230 -0.593689 -0.526447 -0.608594 0.481463 0.513748
2 -7.667469 -1.162845 3.391940 -0.871908 -0.243160 -0.425030 0.621657 0.537778
2 -6.364686 -1.256343 1.844576 -0.567268 -0.243390 -0.786746 0.558276 0.472661
kabigon_body.png
2 -6.387596 -2.582035 2.601230 -0.593689 -0.526447 -0.608594 0.481463 0.513748
2 -6.721342 -3.583271 4.724443 -0.721354 -0.641969 -0.259854 0.453748 0.585900
2 -7.667469 -1.162845 3.391940 -0.871908 -0.243160 -0.425030 0.621657 0.537778
kabigon_body.png
2 -6.364686 -1.256343 1.844576 -0.567268 -0.243390 -0.786746 0.558276 0.472661
2 -7.667469 -1.162845 3.391940 -0.871908 -0.243160 -0.425030 0.621657 0.537778
2 -6.924437 1.315785 2.069343 -0.721418 0.150121 -0.676032 0.672063 0.472661
kabigon_body.png
2 -2.457577 -5.287290 3.399989 -0.235417 -0.798990 -0.553348 0.153107 0.540428
2 0.000000 -5.304008 2.765936 0.000000 -0.720205 -0.693761 0.013340 0.527545
2 0.000000 -6.401218 4.380791 0.000000 -0.876571 -0.481273 0.013340 0.575971
kabigon_body.png
2 -2.457577 -5.287290 3.399989 -0.235417 -0.798990 -0.553348 0.153107 0.540428
2 -2.536215 -6.045183 4.482958 -0.258899 -0.885021 -0.386923 0.145249 0.578895
2 -4.742400 -5.086671 4.788220 -0.494897 -0.815594 -0.299806 0.288031 0.580296
kabigon_body.png
2 -2.457577 -5.287290 3.399989 -0.235417 -0.798990 -0.553348 0.153107 0.540428
2 0.000000 -6.401218 4.380791 0.000000 -0.876571 -0.481273 0.013340 0.575971
2 -2.536215 -6.045183 4.482958 -0.258899 -0.885021 -0.386923 0.145249 0.578895
kabigon_body.png
2 -6.721342 -3.583271 4.724443 -0.721354 -0.641969 -0.259854 0.453748 0.585900
2 -8.081090 -1.544268 5.801840 -0.957976 -0.277613 -0.072203 0.616266 0.622418
2 -7.667469 -1.162845 3.391940 -0.871908 -0.243160 -0.425030 0.621657 0.537778
kabigon_body.png
2 -7.667469 -1.162845 3.391940 -0.871908 -0.243160 -0.425030 0.621657 0.537778
2 -7.778304 1.479872 3.735592 -0.906348 0.301449 -0.296078 0.672977 0.543961
2 -6.924437 1.315785 2.069343 -0.721418 0.150121 -0.676032 0.672063 0.472661
kabigon_body.png
2 -7.667469 -1.162845 3.391940 -0.871908 -0.243160 -0.425030 0.621657 0.537778
2 -8.081090 -1.544268 5.801840 -0.957976 -0.277613 -0.072203 0.616266 0.622418
2 -7.778304 1.479872 3.735592 -0.906348 0.301449 -0.296078 0.672977 0.543961
kabigon_body.png
2 -6.924437 1.315785 2.069343 -0.721418 0.150121 -0.676032 0.672063 0.472661
2 -7.778304 1.479872 3.735592 -0.906348 0.301449 -0.296078 0.672977 0.543961
2 -5.677382 3.054480 2.092254 -0.435989 0.512814 -0.739551 0.726794 0.472661
kabigon_body.png
2 -6.721342 -3.583271 4.724443 -0.721354 -0.641969 -0.259854 0.453748 0.585900
2 -4.742400 -5.086671 4.788220 -0.494897 -0.815594 -0.299806 0.288031 0.580296
3 -6.278618 -4.357881 7.596262 -0.733599 -0.678516 0.038059 0.388357 0.658662
kabigon_body.png
2 -6.721342 -3.583271 4.724443 -0.721354 -0.641969 -0.259854 0.453748 0.585900
3 -6.278618 -4.357881 7.596262 -0.733599 -0.678516 0.038059 0.388357 0.658662
2 -8.081090 -1.544268 5.801840 -0.957976 -0.277613 -0.072203 0.616266 0.622418
kabigon_body.png
2 0.000000 -5.304008 2.765936 0.000000 -0.720205 -0.693761 0.013340 0.527545
2 0.000000 -3.167792 1.505259 0.000000 -0.343699 -0.939080 0.013340 0.472661
2 2.344884 -4.395652 2.232191 0.139206 -0.604598 -0.784272 0.174336 0.510002
kabigon_body.png
2 0.000000 -3.167792 1.505259 0.000000 -0.343699 -0.939080 0.013340 0.472661
2 2.185752 -3.067483 1.530645 -0.003228 -0.230138 -0.973153 0.179391 0.472661
2 2.344884 -4.395652 2.232191 0.139206 -0.604598 -0.784272 0.174336 0.510002
kabigon_body.png
2 2.185752 -3.067483 1.530645 -0.003228 -0.230138 -0.973153 0.179391 0.472661
2 4.188222 -2.677391 1.579562 0.233950 -0.384837 -0.892843 0.334082 0.472661
2 2.344884 -4.395652 2.232191 0.139206 -0.604598 -0.784272 0.174336 0.510002
kabigon_body.png
2 0.000000 -5.304008 2.765936 0.000000 -0.720205 -0.693761 0.013340 0.527545
2 2.457577 -5.287290 3.399989 0.235417 -0.798990 -0.553348 0.153107 0.540428
2 0.000000 -6.401218 4.380791 0.000000 -0.876571 -0.481273 0.013340 0.575971
kabigon_body.png
2 0.000000 -5.304008 2.765936 0.000000 -0.720205 -0.693761 0.013340 0.527545
2 2.344884 -4.395652 2.232191 0.139206 -0.604598 -0.784272 0.174336 0.510002
2 2.457577 -5.287290 3.399989 0.235417 -0.798990 -0.553348 0.153107 0.540428
kabigon_body.png
2 2.344884 -4.395652 2.232191 0.139206 -0.604598 -0.784272 0.174336 0.510002
2 4.188222 -2.677391 1.579562 0.233950 -0.384837 -0.892843 0.334082 0.472661
2 4.601843 -4.270575 2.956028 0.400435 -0.719128 -0.567896 0.315504 0.534946
kabigon_body.png
2 2.344884 -4.395652 2.232191 0.139206 -0.604598 -0.784272 0.174336 0.510002
2 4.601843 -4.270575 2.956028 0.400435 -0.719128 -0.567896 0.315504 0.534946
2 2.457577 -5.287290 3.399989 0.235417 -0.798990 -0.553348 0.153107 0.540428
kabigon_body.png
2 -2.536215 -6.045183 4.482958 -0.258899 -0.885021 -0.386923 0.145249 0.578895
2 0.000000 -6.401218 4.380791 0.000000 -0.876571 -0.481273 0.013340 0.575971
2 0.000000 -7.084808 6.676140 0.000000 -0.988072 -0.153991 0.013340 0.636550
kabigon_body.png
2 0.000000 -6.401218 4.380791 0.000000 -0.876571 -0.481273 0.013340 0.575971
2 2.457577 -5.287290 3.399989 0.235417 -0.798990 -0.553348 0.153107 0.540428
2 2.536215 -6.045183 4.482958 0.258899 -0.885021 -0.386923 0.145249 0.578895
kabigon_body.png
2 0.000000 -6.401218 4.380791 0.000000 -0.876571 -0.481273 0.013340 0.575971
2 2.536215 -6.045183 4.482958 0.258899 -0.885021 -0.386923 0.145249 0.578895
2 0.000000 -7.084808 6.676140 0.000000 -0.988072 -0.153991 0.013340 0.636550
kabigon_body.png
2 2.457577 -5.287290 3.399989 0.235417 -0.798990 -0.553348 0.153107 0.540428
2 4.601843 -4.270575 2.956028 0.400435 -0.719128 -0.567896 0.315504 0.534946
2 4.742400 -5.086671 4.788220 0.494897 -0.815594 -0.299806 0.288031 0.580296
kabigon_body.png
2 2.457577 -5.287290 3.399989 0.235417 -0.798990 -0.553348 0.153107 0.540428
2 4.742400 -5.086671 4.788220 0.494897 -0.815594 -0.299806 0.288031 0.580296
2 2.536215 -6.045183 4.482958 0.258899 -0.885021 -0.386923 0.145249 0.578895
kabigon_body.png
2 2.536215 -6.045183 4.482958 0.258899 -0.885021 -0.386923 0.145249 0.578895
2 2.587608 -6.657565 6.842084 0.303870 -0.950197 -0.069198 0.162275 0.644743
2 0.000000 -7.084808 6.676140 0.000000 -0.988072 -0.153991 0.013340 0.636550
kabigon_body.png
2 2.536215 -6.045183 4.482958 0.258899 -0.885021 -0.386923 0.145249 0.578895
2 4.742400 -5.086671 4.788220 0.494897 -0.815594 -0.299806 0.288031 0.580296
2 2.587608 -6.657565 6.842084 0.303870 -0.950197 -0.069198 0.162275 0.644743
kabigon_body.png
2 -2.536215 -6.045183 4.482958 -0.258899 -0.885021 -0.386923 0.145249 0.578895
2 -2.587608 -6.657565 6.842084 -0.303870 -0.950197 -0.069198 0.162275 0.644743
2 -4.742400 -5.086671 4.788220 -0.494897 -0.815594 -0.299806 0.288031 0.580296
kabigon_body.png
2 -2.536215 -6.045183 4.482958 -0.258899 -0.885021 -0.386923 0.145249 0.578895
2 0.000000 -7.084808 6.676140 0.000000 -0.988072 -0.153991 0.013340 0.636550
2 -2.587608 -6.657565 6.842084 -0.303870 -0.950197 -0.069198 0.162275 0.644743
kabigon_body.png
2 0.000000 -7.084808 6.676140 0.000000 -0.988072 -0.153991 0.013340 0.636550
2 2.587608 -6.657565 6.842084 0.303870 -0.950197 -0.069198 0.162275 0.644743
3 0.000000 -6.839606 9.554150 0.000000 -0.974158 0.225867 0.013340 0.711840
kabigon_body.png
2 0.000000 -7.084808 6.676140 0.000000 -0.988072 -0.153991 0.013340 0.636550
3 0.000000 -6.839606 9.554150 0.000000 -0.974158 0.225867 0.013340 0.711840
2 -2.587608 -6.657565 6.842084 -0.303870 -0.950197 -0.069198 0.162275 0.644743
kabigon_body.png
2 -4.742400 -5.086671 4.788220 -0.494897 -0.815594 -0.299806 0.288031 0.580296
2 -4.862524 -5.567785 7.185736 -0.536407 -0.843796 0.016639 0.289463 0.646479
3 -6.278618 -4.357881 7.596262 -0.733599 -0.678516 0.038059 0.388357 0.658662
kabigon_body.png
2 -4.742400 -5.086671 4.788220 -0.494897 -0.815594 -0.299806 0.288031 0.580296
2 -2.587608 -6.657565 6.842084 -0.303870 -0.950197 -0.069198 0.162275 0.644743
2 -4.862524 -5.567785 7.185736 -0.536407 -0.843796 0.016639 0.289463 0.646479
kabigon_body.png
2 -2.587608 -6.657565 6.842084 -0.303870 -0.950197 -0.069198 0.162275 0.644743
3 0.000000 -6.839606 9.554150 0.000000 -0.974158 0.225867 0.013340 0.711840
3 -2.495968 -6.402457 9.569011 -0.310061 -0.896486 0.316503 0.169158 0.722439
kabigon_body.png
2 -2.587608 -6.657565 6.842084 -0.303870 -0.950197 -0.069198 0.162275 0.644743
3 -2.495968 -6.402457 9.569011 -0.310061 -0.896486 0.316503 0.169158 0.722439
2 -4.862524 -5.567785 7.185736 -0.536407 -0.843796 0.016639 0.289463 0.646479
kabigon_body.png
2 -4.862524 -5.567785 7.185736 -0.536407 -0.843796 0.016639 0.289463 0.646479
3 -4.575218 -5.201221 9.725666 -0.515178 -0.783012 0.348544 0.288701 0.733982
3 -6.278618 -4.357881 7.596262 -0.733599 -0.678516 0.038059 0.388357 0.658662
kabigon_body.png
2 -4.862524 -5.567785 7.185736 -0.536407 -0.843796 0.016639 0.289463 0.646479
3 -2.495968 -6.402457 9.569011 -0.310061 -0.896486 0.316503 0.169158 0.722439
3 -4.575218 -5.201221 9.725666 -0.515178 -0.783012 0.348544 0.288701 0.733982
kabigon_body.png
2 -8.081090 -1.544268 5.801840 -0.957976 -0.277613 -0.072203 0.616266 0.622418
3 -8.184495 1.186374 6.476141 -0.971726 0.234930 0.023585 0.678916 0.647180
2 -7.778304 1.479872 3.735592 -0.906348 0.301449 -0.296078 0.672977 0.543961
kabigon_body.png
2 -8.081090 -1.544268 5.801840 -0.957976 -0.277613 -0.072203 0.616266 0.622418
3 -6.278618 -4.357881 7.596262 -0.733599 -0.678516 0.038059 0.388357 0.658662
3 -7.857561 -1.668725 8.215454 -0.942879 -0.302858 0.138767 0.583464 0.705413
kabigon_body.png
2 -8.081090 -1.544268 5.801840 -0.957976 -0.277613 -0.072203 0.616266 0.622418
3 -7.857561 -1.668725 8.215454 -0.942879 -0.302858 0.138767 0.583464 0.705413
3 -8.184495 1.186374 6.476141 -0.971726 0.234930 0.023585 0.678916 0.647180
kabigon_body.png
3 -6.278618 -4.357881 7.596262 -0.733599 -0.678516 0.038059 0.388357 0.658662
3 -4.575218 -5.201221 9.725666 -0.515178 -0.783012 0.348544 0.288701 0.733982
3 -6.128774 -3.891010 9.967771 -0.693036 -0.620989 0.366160 0.388143 0.750277
kabigon_body.png
3 -6.278618 -4.357881 7.596262 -0.733599 -0.678516 0.038059 0.388357 0.658662
3 -6.128774 -3.891010 9.967771 -0.693036 -0.620989 0.366160 0.388143 0.750277
3 -7.857561 -1.668725 8.215454 -0.942879 -0.302858 0.138767 0.583464 0.705413
kabigon_body.png
2 4.601843 -4.270575 2.956028 0.400435 -0.719128 -0.567896 0.315504 0.534946
2 4.188222 -2.677391 1.579562 0.233950 -0.384837 -0.892843 0.334082 0.472661
2 6.387596 -2.582035 2.601230 0.593689 -0.526447 -0.608594 0.481463 0.513748
kabigon_body.png
2 4.188222 -2.677391 1.579562 0.233950 -0.384837 -0.892843 0.334082 0.472661
2 6.364686 -1.256343 1.844576 0.567268 -0.243390 -0.786746 0.558276 0.472661
2 6.387596 -2.582035 2.601230 0.593689 -0.526447 -0.608594 0.481463 0.513748
kabigon_body.png
2 4.601843 -4.270575 2.956028 0.400435 -0.719128 -0.567896 0.315504 0.534946
2 6.721342 -3.583271 4.724443 0.721354 -0.641969 -0.259854 0.453748 0.585900
2 4.742400 -5.086671 4.788220 0.494897 -0.815594 -0.299806 0.288031 0.580296
kabigon_body.png
2 4.601843 -4.270575 2.956028 0.400435 -0.719128 -0.567896 0.315504 0.534946
2 6.387596 -2.582035 2.601230 0.593689 -0.526447 -0.608594 0.481463 0.513748
2 6.721342 -3.583271 4.724443 0.721354 -0.641969 -0.259854 0.453748 0.585900
kabigon_body.png
2 6.387596 -2.582035 2.601230 0.593689 -0.526447 -0.608594 0.481463 0.513748
2 6.364686 -1.256343 1.844576 0.567268 -0.243390 -0.786746 0.558276 0.472661
2 7.667469 -1.162845 3.391940 0.871908 -0.243160 -0.425030 0.621657 0.537778
kabigon_body.png
2 6.387596 -2.582035 2.601230 0.593689 -0.526447 -0.608594 0.481463 0.513748
2 7.667469 -1.162845 3.391940 0.871908 -0.243160 -0.425030 0.621657 0.537778
2 6.721342 -3.583271 4.724443 0.721354 -0.641969 -0.259854 0.453748 0.585900
kabigon_body.png
2 6.364686 -1.256343 1.844576 0.567268 -0.243390 -0.786746 0.558276 0.472661
2 6.924437 1.315785 2.069343 0.721418 0.150121 -0.676032 0.672063 0.472661
2 7.667469 -1.162845 3.391940 0.871908 -0.243160 -0.425030 0.621657 0.537778
kabigon_body.png
2 2.587608 -6.657565 6.842084 0.303870 -0.950197 -0.069198 0.162275 0.644743
3 2.495968 -6.402457 9.569011 0.310061 -0.896486 0.316503 0.169158 0.722439
3 0.000000 -6.839606 9.554150 0.000000 -0.974158 0.225867 0.013340 0.711840
kabigon_body.png
3 0.000000 -6.839606 9.554150 0.000000 -0.974158 0.225867 0.013340 0.711840
3 0.000000 -5.482955 12.029680 0.000000 -0.792834 0.609438 0.013340 0.784145
3 -2.495968 -6.402457 9.569011 -0.310061 -0.896486 0.316503 0.169158 0.722439
kabigon_body.png
3 0.000000 -6.839606 9.554150 0.000000 -0.974158 0.225867 0.013340 0.711840
3 2.495968 -6.402457 9.569011 0.310061 -0.896486 0.316503 0.169158 0.722439
3 0.000000 -5.482955 12.029680 0.000000 -0.792834 0.609438 0.013340 0.784145
kabigon_body.png
3 -2.495968 -6.402457 9.569011 -0.310061 -0.896486 0.316503 0.169158 0.722439
3 -2.055102 -5.009892 12.090370 -0.255169 -0.706499 0.660112 0.159747 0.793038
3 -4.575218 -5.201221 9.725666 -0.515178 -0.783012 0.348544 0.288701 0.733982
kabigon_body.png
3 -2.495968 -6.402457 9.569011 -0.310061 -0.896486 0.316503 0.169158 0.722439
3 0.000000 -5.482955 12.029680 0.000000 -0.792834 0.609438 0.013340 0.784145
3 -2.055102 -5.009892 12.090370 -0.255169 -0.706499 0.660112 0.159747 0.793038
kabigon_body.png
3 -4.575218 -5.201221 9.725666 -0.515178 -0.783012 0.348544 0.288701 0.733982
3 -3.744880 -3.978935 12.240210 -0.396679 -0.651072 0.647110 0.256569 0.814571
3 -6.128774 -3.891010 9.967771 -0.693036 -0.620989 0.366160 0.388143 0.750277
kabigon_body.png
3 -4.575218 -5.201221 9.725666 -0.515178 -0.783012 0.348544 0.288701 0.733982
3 -2.055102 -5.009892 12.090370 -0.255169 -0.706499 0.660112 0.159747 0.793038
3 -3.744880 -3.978935 12.240210 -0.396679 -0.651072 0.647110 0.256569 0.814571
kabigon_body.png
2 2.587608 -6.657565 6.842084 0.303870 -0.950197 -0.069198 0.162275 0.644743
2 4.742400 -5.086671 4.788220 0.494897 -0.815594 -0.299806 0.288031 0.580296
2 4.862524 -5.567785 7.185736 0.536407 -0.843796 0.016639 0.289463 0.646479
kabigon_body.png
2 2.587608 -6.657565 6.842084 0.303870 -0.950197 -0.069198 0.162275 0.644743
2 4.862524 -5.567785 7.185736 0.536407 -0.843796 0.016639 0.289463 0.646479
3 2.495968 -6.402457 9.569011 0.310061 -0.896486 0.316503 0.169158 0.722439
kabigon_body.png
2 4.742400 -5.086671 4.788220 0.494897 -0.815594 -0.299806 0.288031 0.580296
2 6.721342 -3.583271 4.724443 0.721354 -0.641969 -0.259854 0.453748 0.585900
3 6.278618 -4.357881 7.596262 0.733599 -0.678516 0.038059 0.388357 0.658662
kabigon_body.png
2 4.742400 -5.086671 4.788220 0.494897 -0.815594 -0.299806 0.288031 0.580296
3 6.278618 -4.357881 7.596262 0.733599 -0.678516 0.038059 0.388357 0.658662
2 4.862524 -5.567785 7.185736 0.536407 -0.843796 0.016639 0.289463 0.646479
kabigon_body.png
2 4.862524 -5.567785 7.185736 0.536407 -0.843796 0.016639 0.289463 0.646479
3 4.575218 -5.201221 9.725666 0.515179 -0.783012 0.348544 0.288701 0.733982
3 2.495968 -6.402457 9.569011 0.310061 -0.896486 0.316503 0.169158 0.722439
kabigon_body.png
2 4.862524 -5.567785 7.185736 0.536407 -0.843796 0.016639 0.289463 0.646479
3 6.278618 -4.357881 7.596262 0.733599 -0.678516 0.038059 0.388357 0.658662
3 4.575218 -5.201221 9.725666 0.515179 -0.783012 0.348544 0.288701 0.733982
kabigon_body.png
3 2.495968 -6.402457 9.569011 0.310061 -0.896486 0.316503 0.169158 0.722439
3 2.055102 -5.009892 12.090370 0.255169 -0.706499 0.660112 0.159747 0.793038
3 0.000000 -5.482955 12.029680 0.000000 -0.792834 0.609438 0.013340 0.784145
kabigon_body.png
3 2.495968 -6.402457 9.569011 0.310061 -0.896486 0.316503 0.169158 0.722439
3 4.575218 -5.201221 9.725666 0.515179 -0.783012 0.348544 0.288701 0.733982
3 2.055102 -5.009892 12.090370 0.255169 -0.706499 0.660112 0.159747 0.793038
kabigon_body.png
3 0.000000 -5.482955 12.029680 0.000000 -0.792834 0.609438 0.013340 0.784145
3 0.000000 -3.554168 13.460020 0.000000 -0.870431 0.492291 0.013340 0.848957
3 -2.055102 -5.009892 12.090370 -0.255169 -0.706499 0.660112 0.159747 0.793038
kabigon_body.png
3 0.000000 -5.482955 12.029680 0.000000 -0.792834 0.609438 0.013340 0.784145
3 2.055102 -5.009892 12.090370 0.255169 -0.706499 0.660112 0.159747 0.793038
3 0.000000 -3.554168 13.460020 0.000000 -0.870431 0.492291 0.013340 0.848957
kabigon_body.png
3 0.000000 -3.554168 13.460020 0.000000 -0.870431 0.492291 0.013340 0.848957
3 -1.819189 -3.141786 13.545470 -0.340018 -0.909832 0.237893 0.111625 0.857546
3 -2.055102 -5.009892 12.090370 -0.255169 -0.706499 0.660112 0.159747 0.793038
kabigon_body.png
3 -2.055102 -5.009892 12.090370 -0.255169 -0.706499 0.660112 0.159747 0.793038
3 -1.819189 -3.141786 13.545470 -0.340018 -0.909832 0.237893 0.111625 0.857546
3 -3.744880 -3.978935 12.240210 -0.396679 -0.651072 0.647110 0.256569 0.814571
kabigon_body.png
3 -1.819189 -3.141786 13.545470 -0.340018 -0.909832 0.237893 0.111625 0.857546
3 -3.203086 -2.316401 13.718840 -0.601421 -0.714155 0.358157 0.217767 0.880480
3 -3.744880 -3.978935 12.240210 -0.396679 -0.651072 0.647110 0.256569 0.814571
kabigon_body.png
3 -3.744880 -3.978935 12.240210 -0.396679 -0.651072 0.647110 0.256569 0.814571
3 -4.703391 -3.099681 12.426590 -0.494042 -0.565478 0.660422 0.305331 0.833546
3 -6.128774 -3.891010 9.967771 -0.693036 -0.620989 0.366160 0.388143 0.750277
kabigon_body.png
3 -3.744880 -3.978935 12.240210 -0.396679 -0.651072 0.647110 0.256569 0.814571
3 -3.203086 -2.316401 13.718840 -0.601421 -0.714155 0.358157 0.217767 0.880480
3 -4.703391 -3.099681 12.426590 -0.494042 -0.565478 0.660422 0.305331 0.833546
kabigon_body.png
3 0.000000 -3.554168 13.460020 0.000000 -0.870431 0.492291 0.013340 0.848957
3 2.055102 -5.009892 12.090370 0.255169 -0.706499 0.660112 0.159747 0.793038
3 1.819189 -3.141786 13.545470 0.340018 -0.909832 0.237893 0.111625 0.857546
kabigon_body.png
3 2.055102 -5.009892 12.090370 0.255169 -0.706499 0.660112 0.159747 0.793038
3 4.575218 -5.201221 9.725666 0.515179 -0.783012 0.348544 0.288701 0.733982
3 3.744880 -3.978935 12.240210 0.396679 -0.651072 0.647110 0.256569 0.814571
kabigon_body.png
3 2.055102 -5.009892 12.090370 0.255169 -0.706499 0.660112 0.159747 0.793038
3 3.744880 -3.978935 12.240210 0.396679 -0.651072 0.647110 0.256569 0.814571
3 1.819189 -3.141786 13.545470 0.340018 -0.909832 0.237893 0.111625 0.857546
kabigon_body.png
3 1.819189 -3.141786 13.545470 0.340018 -0.909832 0.237893 0.111625 0.857546
3 3.744880 -3.978935 12.240210 0.396679 -0.651072 0.647110 0.256569 0.814571
3 3.203086 -2.316401 13.718840 0.601421 -0.714155 0.358157 0.217767 0.880480
kabigon_body.png
3 4.575218 -5.201221 9.725666 0.515179 -0.783012 0.348544 0.288701 0.733982
3 6.278618 -4.357881 7.596262 0.733599 -0.678516 0.038059 0.388357 0.658662
3 6.128774 -3.891010 9.967771 0.693036 -0.620989 0.366160 0.388143 0.750277
kabigon_body.png
3 4.575218 -5.201221 9.725666 0.515179 -0.783012 0.348544 0.288701 0.733982
3 6.128774 -3.891010 9.967771 0.693036 -0.620989 0.366160 0.388143 0.750277
3 3.744880 -3.978935 12.240210 0.396679 -0.651072 0.647110 0.256569 0.814571
kabigon_body.png
3 3.744880 -3.978935 12.240210 0.396679 -0.651072 0.647110 0.256569 0.814571
3 4.703391 -3.099681 12.426590 0.494042 -0.565478 0.660422 0.305331 0.833546
3 3.203086 -2.316401 13.718840 0.601421 -0.714155 0.358157 0.217767 0.880480
kabigon_body.png
3 3.744880 -3.978935 12.240210 0.396679 -0.651072 0.647110 0.256569 0.814571
3 6.128774 -3.891010 9.967771 0.693036 -0.620989 0.366160 0.388143 0.750277
3 4.703391 -3.099681 12.426590 0.494042 -0.565478 0.660422 0.305331 0.833546
kabigon_body.png
2 6.721342 -3.583271 4.724443 0.721354 -0.641969 -0.259854 0.453748 0.585900
2 7.667469 -1.162845 3.391940 0.871908 -0.243160 -0.425030 0.621657 0.537778
2 8.081090 -1.544268 5.801840 0.957976 -0.277613 -0.072203 0.616266 0.622418
kabigon_body.png
2 6.721342 -3.583271 4.724443 0.721354 -0.641969 -0.259854 0.453748 0.585900
2 8.081090 -1.544268 5.801840 0.957976 -0.277613 -0.072203 0.616266 0.622418
3 6.278618 -4.357881 7.596262 0.733599 -0.678516 0.038059 0.388357 0.658662
kabigon_body.png
3 6.278618 -4.357881 7.596262 0.733599 -0.678516 0.038059 0.388357 0.658662
3 7.857561 -1.668725 8.215454 0.942879 -0.302858 0.138767 0.583464 0.705413
3 6.128774 -3.891010 9.967771 0.693036 -0.620989 0.366160 0.388143 0.750277
kabigon_body.png
3 6.278618 -4.357881 7.596262 0.733599 -0.678516 0.038059 0.388357 0.658662
2 8.081090 -1.544268 5.801840 0.957976 -0.277613 -0.072203 0.616266 0.622418
3 7.857561 -1.668725 8.215454 0.942879 -0.302858 0.138767 0.583464 0.705413
kabigon_body.png
2 7.667469 -1.162845 3.391940 0.871908 -0.243160 -0.425030 0.621657 0.537778
2 6.924437 1.315785 2.069343 0.721418 0.150121 -0.676032 0.672063 0.472661
2 7.778304 1.479872 3.735592 0.906348 0.301449 -0.296078 0.672977 0.543961
kabigon_body.png
2 7.667469 -1.162845 3.391940 0.871908 -0.243160 -0.425030 0.621657 0.537778
2 7.778304 1.479872 3.735592 0.906348 0.301449 -0.296078 0.672977 0.543961
2 8.081090 -1.544268 5.801840 0.957976 -0.277613 -0.072203 0.616266 0.622418
kabigon_body.png
2 8.081090 -1.544268 5.801840 0.957976 -0.277613 -0.072203 0.616266 0.622418
3 8.184495 1.186374 6.476141 0.971726 0.234930 0.023585 0.678916 0.647180
3 7.857561 -1.668725 8.215454 0.942879 -0.302858 0.138767 0.583464 0.705413
kabigon_body.png
2 8.081090 -1.544268 5.801840 0.957976 -0.277613 -0.072203 0.616266 0.622418
2 7.778304 1.479872 3.735592 0.906348 0.301449 -0.296078 0.672977 0.543961
3 8.184495 1.186374 6.476141 0.971726 0.234930 0.023585 0.678916 0.647180
kabigon_body.png
2 6.924437 1.315785 2.069343 0.721418 0.150121 -0.676032 0.672063 0.472661
2 5.677382 3.054480 2.092254 0.435989 0.512814 -0.739551 0.726794 0.472661
2 7.778304 1.479872 3.735592 0.906348 0.301449 -0.296078 0.672977 0.543961
kabigon_body.png
3 -4.703391 -3.099681 12.426590 -0.494042 -0.565478 0.660422 0.305331 0.833546
8 -6.305243 -2.268724 11.674270 -0.433079 -0.795667 0.423505 0.426550 0.824622
3 -6.128774 -3.891010 9.967771 -0.693036 -0.620989 0.366160 0.388143 0.750277
kabigon_body.png
3 -4.703391 -3.099681 12.426590 -0.494042 -0.565478 0.660422 0.305331 0.833546
3 -3.203086 -2.316401 13.718840 -0.601421 -0.714155 0.358157 0.217767 0.880480
3 -5.149829 -1.592565 13.097170 -0.305274 -0.500133 0.810355 0.387473 0.882521
kabigon_body.png
3 -4.703391 -3.099681 12.426590 -0.494042 -0.565478 0.660422 0.305331 0.833546
3 -5.149829 -1.592565 13.097170 -0.305274 -0.500133 0.810355 0.387473 0.882521
8 -6.305243 -2.268724 11.674270 -0.433079 -0.795667 0.423505 0.426550 0.824622
kabigon_body.png
3 -3.203086 -2.316401 13.718840 -0.601421 -0.714155 0.358157 0.217767 0.880480
3 -4.073672 -0.972133 13.941750 -0.856877 -0.347315 0.380965 0.349250 0.917576
3 -5.149829 -1.592565 13.097170 -0.305274 -0.500133 0.810355 0.387473 0.882521
kabigon_body.png
3 4.703391 -3.099681 12.426590 0.494042 -0.565478 0.660422 0.305331 0.833546
3 5.149829 -1.592565 13.097170 0.305274 -0.500133 0.810355 0.387473 0.882521
3 3.203086 -2.316401 13.718840 0.601421 -0.714155 0.358157 0.217767 0.880480
kabigon_body.png
3 3.203086 -2.316401 13.718840 0.601421 -0.714155 0.358157 0.217767 0.880480
3 5.149829 -1.592565 13.097170 0.305274 -0.500133 0.810355 0.387473 0.882521
3 4.073672 -0.972133 13.941750 0.856877 -0.347315 0.380965 0.349250 0.917576
kabigon_body.png
3 4.703391 -3.099681 12.426590 0.494042 -0.565478 0.660422 0.305331 0.833546
3 6.128774 -3.891010 9.967771 0.693036 -0.620989 0.366160 0.388143 0.750277
7 6.305243 -2.268724 11.674270 0.433079 -0.795667 0.423505 0.426550 0.824622
kabigon_body.png
3 4.703391 -3.099681 12.426590 0.494042 -0.565478 0.660422 0.305331 0.833546
7 6.305243 -2.268724 11.674270 0.433079 -0.795667 0.423505 0.426550 0.824622
3 5.149829 -1.592565 13.097170 0.305274 -0.500133 0.810355 0.387473 0.882521
kabigon_body.png
3 6.128774 -3.891010 9.967771 0.693036 -0.620989 0.366160 0.388143 0.750277
3 7.857561 -1.668725 8.215454 0.942879 -0.302858 0.138767 0.583464 0.705413
3 7.540534 -1.343030 10.037120 0.702629 -0.687338 -0.184064 0.569758 0.751403
kabigon_body.png
3 6.128774 -3.891010 9.967771 0.693036 -0.620989 0.366160 0.388143 0.750277
3 7.540534 -1.343030 10.037120 0.702629 -0.687338 -0.184064 0.569758 0.751403
7 6.305243 -2.268724 11.674270 0.433079 -0.795667 0.423505 0.426550 0.824622
kabigon_body.png
3 7.857561 -1.668725 8.215454 0.942879 -0.302858 0.138767 0.583464 0.705413
3 8.184495 1.186374 6.476141 0.971726 0.234930 0.023585 0.678916 0.647180
3 7.869945 0.308358 9.474894 0.864239 0.109667 -0.490982 0.662165 0.731820
kabigon_body.png
3 7.857561 -1.668725 8.215454 0.942879 -0.302858 0.138767 0.583464 0.705413
3 7.869945 0.308358 9.474894 0.919734 0.017423 -0.392155 0.662165 0.731820
3 7.540534 -1.343030 10.037120 0.702629 -0.687338 -0.184064 0.569758 0.751403
kabigon_body.png
2 7.778304 1.479872 3.735592 0.906348 0.301449 -0.296078 0.672977 0.543961
2 5.677382 3.054480 2.092254 0.435989 0.512814 -0.739551 0.726794 0.472661
2 6.253850 3.857573 3.744261 0.542579 0.728078 -0.418941 0.718266 0.544692
kabigon_body.png
2 5.677382 3.054480 2.092254 0.435989 0.512814 -0.739551 0.726794 0.472661
2 3.021662 3.920112 2.019808 0.132234 0.553560 -0.822244 0.788439 0.472661
2 6.253850 3.857573 3.744261 0.542579 0.728078 -0.418941 0.718266 0.544692
kabigon_body.png
2 7.778304 1.479872 3.735592 0.906348 0.301449 -0.296078 0.672977 0.543961
2 6.494098 4.186984 5.598744 0.745280 0.658114 -0.106977 0.719606 0.604966
3 8.184495 1.186374 6.476141 0.971726 0.234930 0.023585 0.678916 0.647180
kabigon_body.png
2 7.778304 1.479872 3.735592 0.906348 0.301449 -0.296078 0.672977 0.543961
2 6.253850 3.857573 3.744261 0.542579 0.728078 -0.418941 0.718266 0.544692
2 6.494098 4.186984 5.598744 0.745280 0.658114 -0.106977 0.719606 0.604966
kabigon_body.png
7 6.305243 -2.268724 11.674270 0.433079 -0.795667 0.423505 0.426550 0.824622
7 7.208646 -1.229098 13.263740 0.054342 -0.631489 0.773478 0.443666 0.891505
3 5.149829 -1.592565 13.097170 0.305274 -0.500133 0.810355 0.387473 0.882521
kabigon_body.png
7 6.305243 -2.268724 11.674270 0.433079 -0.795667 0.423505 0.426550 0.824622
3 7.540534 -1.343030 10.037120 0.702629 -0.687338 -0.184064 0.569758 0.751403
7 7.902143 -2.061913 11.903990 0.145479 -0.985111 0.091612 0.465017 0.837779
kabigon_body.png
7 6.305243 -2.268724 11.674270 0.433079 -0.795667 0.423505 0.426550 0.824622
7 7.902143 -2.061913 11.903990 0.145479 -0.985111 0.091612 0.465017 0.837779
7 7.208646 -1.229098 13.263740 0.054342 -0.631489 0.773478 0.443666 0.891505
kabigon_body.png
3 7.540534 -1.343030 10.037120 0.702629 -0.687338 -0.184064 0.569758 0.751403
3 7.869945 0.308358 9.474894 0.864239 0.109667 -0.490982 0.662165 0.731820
7 8.647652 -1.265012 10.399350 0.266016 -0.688049 -0.675148 0.570276 0.796876
kabigon_body.png
3 7.540534 -1.343030 10.037120 0.702629 -0.687338 -0.184064 0.569758 0.751403
7 8.647652 -1.265012 10.399350 0.266016 -0.688049 -0.675148 0.570276 0.796876
7 7.902143 -2.061913 11.903990 0.145479 -0.985111 0.091612 0.465017 0.837779
kabigon_body.png
3 8.184495 1.186374 6.476141 0.971726 0.234930 0.023585 0.678916 0.647180
3 7.301526 2.617329 9.100901 0.877701 0.444336 0.179462 0.714611 0.724571
3 7.869945 0.308358 9.474894 0.906268 0.195595 -0.374727 0.662165 0.731820
kabigon_body.png
3 8.184495 1.186374 6.476141 0.971726 0.234930 0.023585 0.678916 0.647180
2 6.494098 4.186984 5.598744 0.745280 0.658114 -0.106977 0.719606 0.604966
3 6.436512 4.282340 7.744248 0.702861 0.706320 0.084253 0.737576 0.673251
kabigon_body.png
3 8.184495 1.186374 6.476141 0.971726 0.234930 0.023585 0.678916 0.647180
3 6.436512 4.282340 7.744248 0.702861 0.706320 0.084253 0.737576 0.673251
3 7.301526 2.617329 9.100901 0.877701 0.444336 0.179462 0.714611 0.724571
kabigon_body.png
2 6.494098 4.186984 5.598744 0.745280 0.658114 -0.106977 0.719606 0.604966
2 6.253850 3.857573 3.744261 0.542579 0.728078 -0.418941 0.718266 0.544692
2 3.383890 6.080477 5.599983 0.376530 0.911666 -0.164594 0.799312 0.601159
kabigon_body.png
2 6.494098 4.186984 5.598744 0.745280 0.658114 -0.106977 0.719606 0.604966
2 3.383890 6.080477 5.599983 0.376530 0.911666 -0.164594 0.799312 0.601159
3 6.436512 4.282340 7.744248 0.702861 0.706320 0.084253 0.737576 0.673251
kabigon_body.png
2 6.253850 3.857573 3.744261 0.542579 0.728078 -0.418941 0.718266 0.544692
2 3.021662 3.920112 2.019808 0.132234 0.553560 -0.822244 0.788439 0.472661
2 3.143024 5.311439 3.576460 0.226915 0.809335 -0.541743 0.793678 0.539545
kabigon_body.png
2 6.253850 3.857573 3.744261 0.542579 0.728078 -0.418941 0.718266 0.544692
2 3.143024 5.311439 3.576460 0.226915 0.809335 -0.541743 0.793678 0.539545
2 3.383890 6.080477 5.599983 0.376530 0.911666 -0.164594 0.799312 0.601159
kabigon_body.png
2 3.021662 3.920112 2.019808 0.132234 0.553560 -0.822244 0.788439 0.472661
2 0.000000 4.155405 1.981418 -0.000000 0.475668 -0.879625 0.855871 0.472661
2 3.143024 5.311439 3.576460 0.226915 0.809335 -0.541743 0.793678 0.539545
kabigon_body.png
3 5.149829 -1.592565 13.097170 0.305274 -0.500133 0.810355 0.387473 0.882521
3 4.609273 0.019195 13.900270 0.255556 -0.071146 0.964173 0.492184 0.937495
3 4.073672 -0.972133 13.941750 0.856877 -0.347315 0.380965 0.349250 0.917576
kabigon_body.png
3 4.073672 -0.972133 13.941750 0.381670 -0.241723 0.892131 0.349250 0.917576
3 4.609273 0.019195 13.900270 0.255556 -0.071146 0.964173 0.492184 0.937495
3 4.023517 0.928790 14.084170 0.357654 0.167561 0.918698 0.601982 0.965485
kabigon_body.png
3 5.149829 -1.592565 13.097170 0.305274 -0.500133 0.810355 0.387473 0.882521
7 7.208646 -1.229098 13.263740 0.054342 -0.631489 0.773478 0.443666 0.891505
3 5.837753 0.009288 13.883550 0.012259 -0.079711 0.996743 0.508753 0.924368
kabigon_body.png
3 5.149829 -1.592565 13.097170 0.305274 -0.500133 0.810355 0.387473 0.882521
3 5.837753 0.009288 13.883550 0.012259 -0.079711 0.996743 0.508753 0.924368
3 4.609273 0.019195 13.900270 0.255556 -0.071146 0.964173 0.492184 0.937495
kabigon_body.png
3 4.609273 0.019195 13.900270 0.255556 -0.071146 0.964173 0.492184 0.937495
3 5.082337 1.468726 13.445160 0.274349 0.449154 0.850290 0.652540 0.917059
3 4.023517 0.928790 14.084170 0.805843 0.247833 0.537770 0.601982 0.965485
kabigon_body.png
3 4.609273 0.019195 13.900270 0.255556 -0.071146 0.964173 0.492184 0.937495
3 5.837753 0.009288 13.883550 0.012259 -0.079711 0.996743 0.508753 0.924368
3 5.082337 1.468726 13.445160 0.274349 0.449154 0.850290 0.652540 0.917059
kabigon_body.png
7 7.902143 -2.061913 11.903990 0.145479 -0.985111 0.091612 0.465017 0.837779
7 8.647652 -1.265012 10.399350 0.266016 -0.688049 -0.675148 0.570276 0.796876
7 9.753531 -1.729406 12.107080 0.226663 -0.968909 0.099196 0.499616 0.850541
kabigon_body.png
7 7.902143 -2.061913 11.903990 0.145479 -0.985111 0.091612 0.465017 0.837779
7 9.409259 -1.027241 13.235870 0.143563 -0.610354 0.779010 0.479819 0.893485
7 7.208646 -1.229098 13.263740 0.054342 -0.631489 0.773478 0.443666 0.891505
kabigon_body.png
7 7.902143 -2.061913 11.903990 0.145479 -0.985111 0.091612 0.465017 0.837779
7 9.753531 -1.729406 12.107080 0.226663 -0.968909 0.099196 0.499616 0.850541
7 9.409259 -1.027241 13.235870 0.143563 -0.610354 0.779010 0.479819 0.893485
kabigon_body.png
3 7.301526 2.617329 9.100901 0.877701 0.444336 0.179462 0.714611 0.724571
3 7.398739 1.806806 10.346100 0.602919 0.788783 -0.119621 0.694997 0.761302
3 7.869945 0.308358 9.474894 0.864239 0.109667 -0.490982 0.662165 0.731820
kabigon_body.png
3 7.301526 2.617329 9.100901 0.877701 0.444336 0.179462 0.714611 0.724571
3 6.436512 4.282340 7.744248 0.702861 0.706320 0.084253 0.737576 0.673251
3 5.832180 3.868099 10.371480 0.601807 0.702671 0.379583 0.768429 0.756672
kabigon_body.png
3 7.301526 2.617329 9.100901 0.877701 0.444336 0.179462 0.714611 0.724571
3 5.832180 3.868099 10.371480 0.601807 0.702671 0.379583 0.768429 0.756672
3 7.398739 1.806806 10.346100 0.602919 0.788783 -0.119621 0.694997 0.761302
kabigon_body.png
3 6.436512 4.282340 7.744248 0.702861 0.706320 0.084253 0.737576 0.673251
2 3.383890 6.080477 5.599983 0.376530 0.911666 -0.164594 0.799312 0.601159
3 3.386367 6.190693 8.024124 0.386501 0.906897 0.167793 0.803881 0.677423
kabigon_body.png
3 6.436512 4.282340 7.744248 0.702861 0.706320 0.084253 0.737576 0.673251
3 3.386367 6.190693 8.024124 0.386501 0.906897 0.167793 0.803881 0.677423
3 5.832180 3.868099 10.371480 0.601807 0.702671 0.379583 0.768429 0.756672
kabigon_body.png
2 3.143024 5.311439 3.576460 0.226915 0.809335 -0.541743 0.793678 0.539545
2 0.000000 4.155405 1.981418 -0.000000 0.475668 -0.879625 0.855871 0.472661
2 0.000000 5.894719 3.524447 0.000000 0.811005 -0.585039 0.861566 0.539941
kabigon_body.png
2 3.143024 5.311439 3.576460 0.226915 0.809335 -0.541743 0.793678 0.539545
2 0.000000 6.777688 5.593791 0.000000 0.959128 -0.282973 0.865678 0.601799
2 3.383890 6.080477 5.599983 0.376530 0.911666 -0.164594 0.799312 0.601159
kabigon_body.png
2 3.143024 5.311439 3.576460 0.226915 0.809335 -0.541743 0.793678 0.539545
2 0.000000 5.894719 3.524447 0.000000 0.811005 -0.585039 0.861566 0.539941
2 0.000000 6.777688 5.593791 0.000000 0.959128 -0.282973 0.865678 0.601799
kabigon_body.png
2 0.000000 5.894719 3.524447 0.000000 0.811005 -0.585039 0.861566 0.539941
2 0.000000 4.155405 1.981418 -0.000000 0.475668 -0.879625 0.855871 0.472661
2 -3.143024 5.311439 3.576460 -0.226915 0.809335 -0.541743 0.793678 0.539545
kabigon_body.png
2 0.000000 5.894719 3.524447 0.000000 0.811005 -0.585039 0.861566 0.539941
2 -3.143024 5.311439 3.576460 -0.226915 0.809335 -0.541743 0.793678 0.539545
2 0.000000 6.777688 5.593791 0.000000 0.959128 -0.282973 0.865678 0.601799
kabigon_body.png
2 0.000000 4.155405 1.981418 -0.000000 0.475668 -0.879625 0.855871 0.472661
2 -3.021662 3.920112 2.019808 -0.132234 0.553560 -0.822244 0.788439 0.472661
2 -3.143024 5.311439 3.576460 -0.226915 0.809335 -0.541743 0.793678 0.539545
kabigon_body.png
2 3.383890 6.080477 5.599983 0.376530 0.911666 -0.164594 0.799312 0.601159
3 0.000000 6.963446 8.216074 0.000000 0.998840 0.048154 0.855871 0.682236
3 3.386367 6.190693 8.024124 0.386501 0.906897 0.167793 0.803881 0.677423
kabigon_body.png
2 3.383890 6.080477 5.599983 0.376530 0.911666 -0.164594 0.799312 0.601159
2 0.000000 6.777688 5.593791 0.000000 0.959128 -0.282973 0.865678 0.601799
3 0.000000 6.963446 8.216074 0.000000 0.998840 0.048154 0.855871 0.682236
kabigon_body.png
2 0.000000 6.777688 5.593791 0.000000 0.959128 -0.282973 0.865678 0.601799
2 -3.143024 5.311439 3.576460 -0.226915 0.809335 -0.541743 0.793678 0.539545
2 -3.383890 6.080477 5.599983 -0.376530 0.911666 -0.164594 0.799312 0.601159
kabigon_body.png
2 0.000000 6.777688 5.593791 0.000000 0.959128 -0.282973 0.865678 0.601799
2 -3.383890 6.080477 5.599983 -0.376530 0.911666 -0.164594 0.799312 0.601159
3 0.000000 6.963446 8.216074 0.000000 0.998840 0.048154 0.855871 0.682236
kabigon_body.png
2 -3.143024 5.311439 3.576460 -0.226915 0.809335 -0.541743 0.793678 0.539545
2 -3.021662 3.920112 2.019808 -0.132234 0.553560 -0.822244 0.788439 0.472661
2 -6.253850 3.857573 3.744261 -0.542579 0.728078 -0.418941 0.718266 0.544692
kabigon_body.png
2 -3.143024 5.311439 3.576460 -0.226915 0.809335 -0.541743 0.793678 0.539545
2 -6.253850 3.857573 3.744261 -0.542579 0.728078 -0.418941 0.718266 0.544692
2 -3.383890 6.080477 5.599983 -0.376530 0.911666 -0.164594 0.799312 0.601159
kabigon_body.png
2 -3.021662 3.920112 2.019808 -0.132234 0.553560 -0.822244 0.788439 0.472661
2 -5.677382 3.054480 2.092254 -0.435989 0.512814 -0.739551 0.726794 0.472661
2 -6.253850 3.857573 3.744261 -0.542579 0.728078 -0.418941 0.718266 0.544692
kabigon_body.png
2 -5.677382 3.054480 2.092254 -0.435989 0.512814 -0.739551 0.726794 0.472661
2 -7.778304 1.479872 3.735592 -0.906348 0.301449 -0.296078 0.672977 0.543961
2 -6.253850 3.857573 3.744261 -0.542579 0.728078 -0.418941 0.718266 0.544692
kabigon_body.png
2 -6.253850 3.857573 3.744261 -0.542579 0.728078 -0.418941 0.718266 0.544692
2 -6.494098 4.186984 5.598744 -0.745280 0.658114 -0.106977 0.719606 0.604966
2 -3.383890 6.080477 5.599983 -0.376530 0.911666 -0.164594 0.799312 0.601159
kabigon_body.png
2 -6.253850 3.857573 3.744261 -0.542579 0.728078 -0.418941 0.718266 0.544692
2 -7.778304 1.479872 3.735592 -0.906348 0.301449 -0.296078 0.672977 0.543961
2 -6.494098 4.186984 5.598744 -0.745280 0.658114 -0.106977 0.719606 0.604966
kabigon_body.png
2 -7.778304 1.479872 3.735592 -0.906348 0.301449 -0.296078 0.672977 0.543961
3 -8.184495 1.186374 6.476141 -0.971726 0.234930 0.023585 0.678916 0.647180
2 -6.494098 4.186984 5.598744 -0.745280 0.658114 -0.106977 0.719606 0.604966
kabigon_body.png
2 -6.494098 4.186984 5.598744 -0.745280 0.658114 -0.106977 0.719606 0.604966
3 -6.436512 4.282340 7.744248 -0.702861 0.706320 0.084253 0.737576 0.673251
2 -3.383890 6.080477 5.599983 -0.376530 0.911666 -0.164594 0.799312 0.601159
kabigon_body.png
2 -6.494098 4.186984 5.598744 -0.745280 0.658114 -0.106977 0.719606 0.604966
3 -8.184495 1.186374 6.476141 -0.971726 0.234930 0.023585 0.678916 0.647180
3 -6.436512 4.282340 7.744248 -0.702861 0.706320 0.084253 0.737576 0.673251
kabigon_body.png
2 -3.383890 6.080477 5.599983 -0.376530 0.911666 -0.164594 0.799312 0.601159
3 -3.386367 6.190693 8.024124 -0.386501 0.906897 0.167793 0.803881 0.677423
3 0.000000 6.963446 8.216074 0.000000 0.998840 0.048154 0.855871 0.682236
kabigon_body.png
2 -3.383890 6.080477 5.599983 -0.376530 0.911666 -0.164594 0.799312 0.601159
3 -6.436512 4.282340 7.744248 -0.702861 0.706320 0.084253 0.737576 0.673251
3 -3.386367 6.190693 8.024124 -0.386501 0.906897 0.167793 0.803881 0.677423
kabigon_body.png
3 0.000000 6.963446 8.216074 0.000000 0.998840 0.048154 0.855871 0.682236
3 0.000000 6.328773 10.572720 -0.000000 0.937310 0.348498 0.855871 0.756185
3 3.386367 6.190693 8.024124 0.386501 0.906897 0.167793 0.803881 0.677423
kabigon_body.png
3 0.000000 6.963446 8.216074 0.000000 0.998840 0.048154 0.855871 0.682236
3 -3.386367 6.190693 8.024124 -0.386501 0.906897 0.167793 0.803881 0.677423
3 0.000000 6.328773 10.572720 -0.000000 0.937310 0.348498 0.855871 0.756185
kabigon_body.png
3 3.386367 6.190693 8.024124 0.386501 0.906897 0.167793 0.803881 0.677423
3 3.146120 5.504628 10.464360 0.345859 0.850459 0.396361 0.807018 0.756185
3 5.832180 3.868099 10.371480 0.601807 0.702671 0.379583 0.768429 0.756672
kabigon_body.png
3 3.386367 6.190693 8.024124 0.386501 0.906897 0.167793 0.803881 0.677423
3 0.000000 6.328773 10.572720 -0.000000 0.937310 0.348498 0.855871 0.756185
3 3.146120 5.504628 10.464360 0.345859 0.850459 0.396361 0.807018 0.756185
kabigon_body.png
3 5.837753 0.009288 13.883550 0.012259 -0.079711 0.996743 0.508753 0.924368
7 7.208646 -1.229098 13.263740 0.054342 -0.631489 0.773478 0.443666 0.891505
7 7.066851 -0.001238 13.866210 0.046404 -0.078638 0.995823 0.517585 0.917729
kabigon_body.png
7 7.208646 -1.229098 13.263740 0.054342 -0.631489 0.773478 0.443666 0.891505
7 9.409259 -1.027241 13.235870 0.143563 -0.610354 0.779010 0.479819 0.893485
7 9.264368 0.023530 13.692840 0.130606 -0.057475 0.989767 0.525961 0.911911
kabigon_body.png
7 7.208646 -1.229098 13.263740 0.054342 -0.631489 0.773478 0.443666 0.891505
7 9.264368 0.023530 13.692840 0.130606 -0.057475 0.989767 0.525961 0.911911
7 7.066851 -0.001238 13.866210 0.046404 -0.078638 0.995823 0.517585 0.917729
kabigon_body.png
7 7.066851 -0.001238 13.866210 0.046404 -0.078638 0.995823 0.517585 0.917729
7 7.188213 1.315166 13.461880 0.054628 0.524535 0.849634 0.626895 0.912186
3 5.837753 0.009288 13.883550 0.012259 -0.079711 0.996743 0.508753 0.924368
kabigon_body.png
7 7.066851 -0.001238 13.866210 0.046404 -0.078638 0.995823 0.517585 0.917729
7 9.264368 0.023530 13.692840 0.130606 -0.057475 0.989767 0.525961 0.911911
7 7.188213 1.315166 13.461880 0.054628 0.524535 0.849634 0.626895 0.912186
kabigon_body.png
3 5.837753 0.009288 13.883550 0.012259 -0.079711 0.996743 0.508753 0.924368
7 7.188213 1.315166 13.461880 0.054628 0.524535 0.849634 0.626895 0.912186
3 5.082337 1.468726 13.445160 0.274349 0.449154 0.850290 0.652540 0.917059
kabigon_body.png
3 -6.436512 4.282340 7.744248 -0.702861 0.706320 0.084253 0.737576 0.673251
3 -8.184495 1.186374 6.476141 -0.971726 0.234930 0.023585 0.678916 0.647180
3 -7.301526 2.617329 9.100901 -0.877701 0.444336 0.179462 0.714611 0.724571
kabigon_body.png
3 -6.436512 4.282340 7.744248 -0.702861 0.706320 0.084253 0.737576 0.673251
3 -5.832180 3.868099 10.371480 -0.601807 0.702671 0.379583 0.768429 0.756672
3 -3.386367 6.190693 8.024124 -0.386501 0.906897 0.167793 0.803881 0.677423
kabigon_body.png
3 -6.436512 4.282340 7.744248 -0.702861 0.706320 0.084253 0.737576 0.673251
3 -7.301526 2.617329 9.100901 -0.877701 0.444336 0.179462 0.714611 0.724571
3 -5.832180 3.868099 10.371480 -0.601807 0.702671 0.379583 0.768429 0.756672
kabigon_body.png
3 -3.386367 6.190693 8.024124 -0.386501 0.906897 0.167793 0.803881 0.677423
3 -3.146120 5.504628 10.464360 -0.345859 0.850459 0.396361 0.807018 0.756185
3 0.000000 6.328773 10.572720 -0.000000 0.937310 0.348498 0.855871 0.756185
kabigon_body.png
3 -3.386367 6.190693 8.024124 -0.386501 0.906897 0.167793 0.803881 0.677423
3 -5.832180 3.868099 10.371480 -0.601807 0.702671 0.379583 0.768429 0.756672
3 -3.146120 5.504628 10.464360 -0.345859 0.850459 0.396361 0.807018 0.756185
kabigon_body.png
3 0.000000 6.328773 10.572720 -0.000000 0.937310 0.348498 0.855871 0.756185
3 0.000000 5.108963 12.771480 0.000000 0.819255 0.573430 0.858886 0.866957
3 3.146120 5.504628 10.464360 0.345859 0.850459 0.396361 0.807018 0.756185
kabigon_body.png
3 0.000000 6.328773 10.572720 -0.000000 0.937310 0.348498 0.855871 0.756185
3 -3.146120 5.504628 10.464360 -0.345859 0.850459 0.396361 0.807018 0.756185
3 0.000000 5.108963 12.771480 0.000000 0.819255 0.573430 0.858886 0.866957
kabigon_body.png
3 -3.146120 5.504628 10.464360 -0.345859 0.850459 0.396361 0.807018 0.756185
3 -5.832180 3.868099 10.371480 -0.601807 0.702671 0.379583 0.768429 0.756672
3 -2.811137 4.462525 12.541140 -0.369900 0.689759 0.622419 0.815180 0.857454
kabigon_body.png
3 -3.146120 5.504628 10.464360 -0.345859 0.850459 0.396361 0.807018 0.756185
3 -2.811137 4.462525 12.541140 -0.369900 0.689759 0.622419 0.815180 0.857454
3 0.000000 5.108963 12.771480 0.000000 0.819255 0.573430 0.858886 0.866957
kabigon_body.png
3 3.146120 5.504628 10.464360 0.345859 0.850459 0.396361 0.807018 0.756185
3 2.811137 4.462525 12.541140 0.369900 0.689759 0.622419 0.814053 0.858094
3 5.832180 3.868099 10.371480 0.601807 0.702671 0.379583 0.768429 0.756672
kabigon_body.png
3 3.146120 5.504628 10.464360 0.345859 0.850459 0.396361 0.807018 0.756185
3 0.000000 5.108963 12.771480 0.000000 0.819255 0.573430 0.858886 0.866957
3 2.811137 4.462525 12.541140 0.369900 0.689759 0.622419 0.814053 0.858094
kabigon_body.png
3 0.000000 5.108963 12.771480 0.000000 0.819255 0.573430 0.858886 0.866957
3 -2.811137 4.462525 12.541140 -0.369900 0.689759 0.622419 0.815180 0.857454
3 0.000000 3.598752 14.164660 -0.000000 0.985980 0.166866 0.855871 0.965485
kabigon_body.png
3 0.000000 5.108963 12.771480 0.000000 0.819255 0.573430 0.858886 0.866957
3 0.000000 3.598752 14.164660 -0.000000 0.985980 0.166866 0.855871 0.965485
3 2.811137 4.462525 12.541140 0.369900 0.689759 0.622419 0.814053 0.858094
kabigon_body.png
3 0.000000 3.598752 14.164660 -0.000000 0.985980 0.166866 0.855871 0.965485
3 -2.811137 4.462525 12.541140 -0.369900 0.689759 0.622419 0.815180 0.857454
3 -2.367175 2.760983 14.140510 -0.540777 0.813906 0.212408 0.750002 0.965303
kabigon_body.png
3 0.000000 3.598752 14.164660 -0.000000 0.985980 0.166866 0.855871 0.965485
3 2.367175 2.760983 14.140510 0.540777 0.813906 0.212409 0.750002 0.965303
3 2.811137 4.462525 12.541140 0.369900 0.689759 0.622419 0.814053 0.858094
kabigon_body.png
7 9.264368 0.023530 13.692840 0.130606 -0.057475 0.989767 0.525961 0.911911
7 9.409259 -1.027241 13.235870 0.143563 -0.610354 0.779010 0.479819 0.893485
7 11.549190 0.065635 13.124420 0.506141 -0.034685 0.861753 0.535068 0.903049
kabigon_body.png
7 9.264368 0.023530 13.692840 0.130606 -0.057475 0.989767 0.525961 0.911911
7 9.369011 1.107736 13.344230 0.154464 0.521079 0.839415 0.601951 0.909505
7 7.188213 1.315166 13.461880 0.054628 0.524535 0.849634 0.626895 0.912186
kabigon_body.png
7 9.264368 0.023530 13.692840 0.130606 -0.057475 0.989767 0.525961 0.911911
7 11.549190 0.065635 13.124420 0.506141 -0.034685 0.861753 0.535068 0.903049
7 9.369011 1.107736 13.344230 0.154464 0.521079 0.839415 0.601951 0.909505
kabigon_body.png
3 -7.301526 2.617329 9.100901 -0.877701 0.444336 0.179462 0.714611 0.724571
3 -8.184495 1.186374 6.476141 -0.971726 0.234930 0.023585 0.678916 0.647180
3 -7.869945 0.308358 9.474894 -0.906268 0.195595 -0.374727 0.662165 0.731820
kabigon_body.png
3 -8.184495 1.186374 6.476141 -0.971726 0.234930 0.023585 0.678916 0.647180
3 -7.857561 -1.668725 8.215454 -0.942879 -0.302858 0.138767 0.583464 0.705413
3 -7.869945 0.308358 9.474894 -0.864239 0.109667 -0.490982 0.662165 0.731820
kabigon_body.png
3 -7.301526 2.617329 9.100901 -0.877701 0.444336 0.179462 0.714611 0.724571
3 -7.398739 1.806806 10.346100 -0.602919 0.788783 -0.119621 0.694997 0.761302
3 -5.832180 3.868099 10.371480 -0.601807 0.702671 0.379583 0.768429 0.756672
kabigon_body.png
3 -7.301526 2.617329 9.100901 -0.877701 0.444336 0.179462 0.714611 0.724571
3 -7.869945 0.308358 9.474894 -0.864239 0.109667 -0.490982 0.662165 0.731820
3 -7.398739 1.806806 10.346100 -0.602919 0.788783 -0.119621 0.694997 0.761302
kabigon_body.png
3 -2.811137 4.462525 12.541140 -0.369900 0.689759 0.622419 0.815180 0.857454
3 -3.764075 2.517639 13.647640 -0.437242 0.479528 0.760837 0.695302 0.935028
3 -2.367175 2.760983 14.140510 -0.540777 0.813906 0.212408 0.750002 0.965303
kabigon_body.png
3 -2.367175 2.760983 14.140510 -0.450554 0.672890 0.586703 0.750002 0.965303
3 -3.764075 2.517639 13.647640 -0.437242 0.479528 0.760837 0.695302 0.935028
3 -4.023517 0.928790 14.084170 -0.805843 0.247833 0.537770 0.601982 0.965485
kabigon_body.png
3 -2.811137 4.462525 12.541140 -0.369900 0.689759 0.622419 0.815180 0.857454
3 -5.832180 3.868099 10.371480 -0.601807 0.702671 0.379583 0.768429 0.756672
3 -4.813607 3.139309 12.188820 -0.471448 0.632184 0.614883 0.772510 0.847038
kabigon_body.png
3 -2.811137 4.462525 12.541140 -0.369900 0.689759 0.622419 0.815180 0.857454
3 -4.813607 3.139309 12.188820 -0.471448 0.632184 0.614883 0.772510 0.847038
3 -3.764075 2.517639 13.647640 -0.437242 0.479528 0.760837 0.695302 0.935028
kabigon_body.png
3 -3.764075 2.517639 13.647640 -0.437242 0.479528 0.760837 0.695302 0.935028
3 -5.082337 1.468726 13.445160 -0.274349 0.449154 0.850290 0.652540 0.917059
3 -4.023517 0.928790 14.084170 -0.805843 0.247833 0.537770 0.601982 0.965485
kabigon_body.png
3 -3.764075 2.517639 13.647640 -0.437242 0.479528 0.760837 0.695302 0.935028
3 -4.813607 3.139309 12.188820 -0.471448 0.632184 0.614883 0.772510 0.847038
3 -5.082337 1.468726 13.445160 -0.274349 0.449154 0.850290 0.652540 0.917059
kabigon_body.png
3 -4.813607 3.139309 12.188820 -0.471448 0.632184 0.614883 0.772510 0.847038
3 -5.832180 3.868099 10.371480 -0.601807 0.702671 0.379583 0.768429 0.756672
3 -6.188216 2.362841 12.170860 -0.310427 0.824133 0.473750 0.724510 0.855962
kabigon_body.png
3 -5.832180 3.868099 10.371480 -0.601807 0.702671 0.379583 0.768429 0.756672
3 -7.398739 1.806806 10.346100 -0.602919 0.788783 -0.119621 0.694997 0.761302
3 -6.188216 2.362841 12.170860 -0.310427 0.824133 0.473750 0.724510 0.855962
kabigon_body.png
3 -4.813607 3.139309 12.188820 -0.471448 0.632184 0.614883 0.772510 0.847038
3 -6.188216 2.362841 12.170860 -0.310427 0.824133 0.473750 0.724510 0.855962
3 -5.082337 1.468726 13.445160 -0.274349 0.449154 0.850290 0.652540 0.917059
kabigon_body.png
3 2.811137 4.462525 12.541140 0.369900 0.689759 0.622419 0.814053 0.858094
3 4.813607 3.139309 12.188820 0.471448 0.632184 0.614883 0.772327 0.847160
3 5.832180 3.868099 10.371480 0.601807 0.702671 0.379583 0.768429 0.756672
kabigon_body.png
3 4.813607 3.139309 12.188820 0.471448 0.632184 0.614883 0.772327 0.847160
3 5.082337 1.468726 13.445160 0.274349 0.449154 0.850290 0.652540 0.917059
3 6.188216 2.362841 12.170860 0.310427 0.824133 0.473750 0.724510 0.855962
kabigon_body.png
3 5.832180 3.868099 10.371480 0.601807 0.702671 0.379583 0.768429 0.756672
3 4.813607 3.139309 12.188820 0.471448 0.632184 0.614883 0.772327 0.847160
3 6.188216 2.362841 12.170860 0.310427 0.824133 0.473750 0.724510 0.855962
kabigon_body.png
7 7.188213 1.315166 13.461880 0.054628 0.524535 0.849634 0.626895 0.912186
7 7.861895 2.252005 12.247020 0.114818 0.969804 0.215168 0.664997 0.867779
3 6.188216 2.362841 12.170860 0.310427 0.824133 0.473750 0.724510 0.855962
kabigon_body.png
7 7.188213 1.315166 13.461880 0.054628 0.524535 0.849634 0.626895 0.912186
7 9.369011 1.107736 13.344230 0.154464 0.521079 0.839415 0.601951 0.909505
7 7.861895 2.252005 12.247020 0.114818 0.969804 0.215168 0.664997 0.867779
kabigon_body.png
7 7.188213 1.315166 13.461880 0.054628 0.524535 0.849634 0.626895 0.912186
3 6.188216 2.362841 12.170860 0.310427 0.824133 0.473750 0.724510 0.855962
3 5.082337 1.468726 13.445160 0.274349 0.449154 0.850290 0.652540 0.917059
kabigon_body.png
3 6.188216 2.362841 12.170860 0.310427 0.824133 0.473750 0.724510 0.855962
3 7.398739 1.806806 10.346100 0.602919 0.788783 -0.119621 0.694997 0.761302
3 5.832180 3.868099 10.371480 0.601807 0.702671 0.379583 0.768429 0.756672
kabigon_body.png
3 6.188216 2.362841 12.170860 0.310427 0.824133 0.473750 0.724510 0.855962
7 7.861895 2.252005 12.247020 0.114818 0.969804 0.215168 0.664997 0.867779
3 7.398739 1.806806 10.346100 0.602919 0.788783 -0.119621 0.694997 0.761302
kabigon_body.png
3 4.813607 3.139309 12.188820 0.471448 0.632184 0.614883 0.772327 0.847160
3 2.811137 4.462525 12.541140 0.369900 0.689759 0.622419 0.814053 0.858094
3 3.764075 2.517639 13.647640 0.437242 0.479528 0.760837 0.695302 0.935028
kabigon_body.png
3 2.811137 4.462525 12.541140 0.369900 0.689759 0.622419 0.814053 0.858094
3 2.367175 2.760983 14.140510 0.540777 0.813906 0.212409 0.750002 0.965303
3 3.764075 2.517639 13.647640 0.437242 0.479528 0.760837 0.695302 0.935028
kabigon_body.png
3 4.813607 3.139309 12.188820 0.471448 0.632184 0.614883 0.772327 0.847160
3 3.764075 2.517639 13.647640 0.437242 0.479528 0.760837 0.695302 0.935028
3 5.082337 1.468726 13.445160 0.274349 0.449154 0.850290 0.652540 0.917059
kabigon_body.png
3 5.082337 1.468726 13.445160 0.274349 0.449154 0.850290 0.652540 0.917059
3 3.764075 2.517639 13.647640 0.437242 0.479528 0.760837 0.695302 0.935028
3 4.023517 0.928790 14.084170 0.805843 0.247833 0.537770 0.601982 0.965485
kabigon_body.png
3 4.023517 0.928790 14.084170 0.805843 0.247833 0.537770 0.601982 0.965485
3 3.764075 2.517639 13.647640 0.437242 0.479528 0.760837 0.695302 0.935028
3 2.367175 2.760983 14.140510 0.450554 0.672890 0.586703 0.750002 0.965303
kabigon_body.png
3 -7.398739 1.806806 10.346100 -0.602919 0.788783 -0.119621 0.694997 0.761302
3 -7.869945 0.308358 9.474894 -0.789548 0.149780 -0.595130 0.662165 0.731820
8 -8.659416 1.669964 10.620400 -0.225865 0.784423 -0.577638 0.674286 0.811921
kabigon_body.png
3 -7.398739 1.806806 10.346100 -0.602919 0.788783 -0.119621 0.694997 0.761302
8 -7.861895 2.252005 12.247020 -0.114818 0.969804 0.215168 0.664997 0.867779
3 -6.188216 2.362841 12.170860 -0.310427 0.824133 0.473750 0.724510 0.855962
kabigon_body.png
3 -7.398739 1.806806 10.346100 -0.602919 0.788783 -0.119621 0.694997 0.761302
8 -8.659416 1.669964 10.620400 -0.225865 0.784423 -0.577638 0.674286 0.811921
8 -7.861895 2.252005 12.247020 -0.114818 0.969804 0.215168 0.664997 0.867779
kabigon_body.png
3 -6.188216 2.362841 12.170860 -0.310427 0.824133 0.473750 0.724510 0.855962
8 -7.188213 1.315166 13.461880 -0.054628 0.524535 0.849634 0.626895 0.912186
3 -5.082337 1.468726 13.445160 -0.274349 0.449154 0.850290 0.652540 0.917059
kabigon_body.png
3 -6.188216 2.362841 12.170860 -0.310427 0.824133 0.473750 0.724510 0.855962
8 -7.861895 2.252005 12.247020 -0.114818 0.969804 0.215168 0.664997 0.867779
8 -7.188213 1.315166 13.461880 -0.054628 0.524535 0.849634 0.626895 0.912186
kabigon_body.png
7 9.369011 1.107736 13.344230 0.154464 0.521079 0.839415 0.601951 0.909505
7 11.549190 0.065635 13.124420 0.506141 -0.034685 0.861753 0.535068 0.903049
7 11.449500 0.886685 12.982000 0.395179 0.536610 0.745576 0.570428 0.905394
kabigon_body.png
7 9.369011 1.107736 13.344230 0.154464 0.521079 0.839415 0.601951 0.909505
7 9.801827 1.957889 12.310800 0.214209 0.951130 0.222411 0.632012 0.876856
7 7.861895 2.252005 12.247020 0.114818 0.969804 0.215168 0.664997 0.867779
kabigon_body.png
7 9.369011 1.107736 13.344230 0.154464 0.521079 0.839415 0.601951 0.909505
7 11.449500 0.886685 12.982000 0.395179 0.536610 0.745576 0.570428 0.905394
7 9.801827 1.957889 12.310800 0.214209 0.951130 0.222411 0.632012 0.876856
kabigon_body.png
7 7.861895 2.252005 12.247020 0.114818 0.969804 0.215168 0.664997 0.867779
7 8.659416 1.669964 10.620400 0.225865 0.784423 -0.577638 0.674286 0.811921
3 7.398739 1.806806 10.346100 0.602919 0.788783 -0.119621 0.694997 0.761302
kabigon_body.png
7 7.861895 2.252005 12.247020 0.114818 0.969804 0.215168 0.664997 0.867779
7 9.801827 1.957889 12.310800 0.214209 0.951130 0.222411 0.632012 0.876856
7 8.659416 1.669964 10.620400 0.225865 0.784423 -0.577638 0.674286 0.811921
kabigon_body.png
3 7.398739 1.806806 10.346100 0.602919 0.788783 -0.119621 0.694997 0.761302
7 8.659416 1.669964 10.620400 0.225865 0.784423 -0.577638 0.674286 0.811921
3 7.869945 0.308358 9.474894 0.789549 0.149780 -0.595130 0.662165 0.731820
kabigon_body.png
3 -5.082337 1.468726 13.445160 -0.274349 0.449154 0.850290 0.652540 0.917059
3 -4.609273 0.019195 13.900270 -0.255556 -0.071146 0.964173 0.492184 0.937495
3 -4.023517 0.928790 14.084170 -0.805843 0.247833 0.537770 0.601982 0.965485
kabigon_body.png
3 -4.023517 0.928790 14.084170 -0.357654 0.167561 0.918698 0.601982 0.965485
3 -4.609273 0.019195 13.900270 -0.255556 -0.071146 0.964173 0.492184 0.937495
3 -4.073672 -0.972133 13.941750 -0.381670 -0.241723 0.892131 0.349250 0.917576
kabigon_body.png
3 -4.073672 -0.972133 13.941750 -0.856877 -0.347315 0.380965 0.349250 0.917576
3 -4.609273 0.019195 13.900270 -0.255556 -0.071146 0.964173 0.492184 0.937495
3 -5.149829 -1.592565 13.097170 -0.305274 -0.500133 0.810355 0.387473 0.882521
kabigon_body.png
3 -4.609273 0.019195 13.900270 -0.255556 -0.071146 0.964173 0.492184 0.937495
3 -5.082337 1.468726 13.445160 -0.274349 0.449154 0.850290 0.652540 0.917059
3 -5.837753 0.009288 13.883550 -0.012259 -0.079711 0.996743 0.508753 0.924368
kabigon_body.png
3 -5.082337 1.468726 13.445160 -0.274349 0.449154 0.850290 0.652540 0.917059
8 -7.188213 1.315166 13.461880 -0.054628 0.524535 0.849634 0.626895 0.912186
3 -5.837753 0.009288 13.883550 -0.012259 -0.079711 0.996743 0.508753 0.924368
kabigon_body.png
3 -4.609273 0.019195 13.900270 -0.255556 -0.071146 0.964173 0.492184 0.937495
3 -5.837753 0.009288 13.883550 -0.012259 -0.079711 0.996743 0.508753 0.924368
3 -5.149829 -1.592565 13.097170 -0.305274 -0.500133 0.810355 0.387473 0.882521
kabigon_body.png
8 -7.861895 2.252005 12.247020 -0.114818 0.969804 0.215168 0.664997 0.867779
8 -8.659416 1.669964 10.620400 -0.225865 0.784423 -0.577638 0.674286 0.811921
8 -9.801827 1.957889 12.310800 -0.214209 0.951130 0.222411 0.632012 0.876856
kabigon_body.png
8 -7.861895 2.252005 12.247020 -0.114818 0.969804 0.215168 0.664997 0.867779
8 -9.369011 1.107736 13.344230 -0.154464 0.521079 0.839415 0.601951 0.909505
8 -7.188213 1.315166 13.461880 -0.054628 0.524535 0.849634 0.626895 0.912186
kabigon_body.png
8 -7.861895 2.252005 12.247020 -0.114818 0.969804 0.215168 0.664997 0.867779
8 -9.801827 1.957889 12.310800 -0.214209 0.951130 0.222411 0.632012 0.876856
8 -9.369011 1.107736 13.344230 -0.154464 0.521079 0.839415 0.601951 0.909505
kabigon_body.png
7 11.449500 0.886685 12.982000 0.395179 0.536610 0.745576 0.570428 0.905394
7 11.549190 0.065635 13.124420 0.506141 -0.034685 0.861753 0.535068 0.903049
7 12.017920 1.009285 12.308320 0.845851 0.482879 0.226634 0.582063 0.886297
kabigon_body.png
7 11.449500 0.886685 12.982000 0.395179 0.536610 0.745576 0.570428 0.905394
7 11.416060 1.456342 12.335570 0.416450 0.896016 0.154026 0.608621 0.885932
7 9.801827 1.957889 12.310800 0.214209 0.951130 0.222411 0.632012 0.876856
kabigon_body.png
7 11.449500 0.886685 12.982000 0.395179 0.536610 0.745576 0.570428 0.905394
7 12.017920 1.009285 12.308320 0.845851 0.482879 0.226634 0.582063 0.886297
7 11.416060 1.456342 12.335570 0.416450 0.896016 0.154026 0.608621 0.885932
kabigon_body.png
7 9.801827 1.957889 12.310800 0.214209 0.951130 0.222411 0.632012 0.876856
7 10.260030 1.469345 10.984490 0.311893 0.752024 -0.580674 0.646449 0.838480
7 8.659416 1.669964 10.620400 0.225865 0.784423 -0.577638 0.674286 0.811921
kabigon_body.png
7 9.801827 1.957889 12.310800 0.214209 0.951130 0.222411 0.632012 0.876856
7 11.416060 1.456342 12.335570 0.416450 0.896016 0.154026 0.608621 0.885932
7 10.260030 1.469345 10.984490 0.311893 0.752024 -0.580674 0.646449 0.838480
kabigon_body.png
7 11.416060 1.456342 12.335570 0.416450 0.896016 0.154026 0.608621 0.885932
7 12.017920 1.009285 12.308320 0.845851 0.482879 0.226634 0.582063 0.886297
7 11.756000 1.173371 11.547950 0.626305 0.599292 -0.498589 0.604997 0.858673
kabigon_body.png
7 11.416060 1.456342 12.335570 0.416450 0.896016 0.154026 0.608621 0.885932
7 11.756000 1.173371 11.547950 0.626305 0.599292 -0.498589 0.604997 0.858673
7 10.260030 1.469345 10.984490 0.311893 0.752024 -0.580674 0.646449 0.838480
kabigon_body.png
7 8.659416 1.669964 10.620400 0.225865 0.784423 -0.577638 0.674286 0.811921
7 9.003068 0.253869 9.845171 0.330759 0.057803 -0.941943 0.639779 0.788683
3 7.869945 0.308358 9.474894 0.864239 0.109667 -0.490982 0.662165 0.731820
kabigon_body.png
7 8.659416 1.669964 10.620400 0.225865 0.784423 -0.577638 0.674286 0.811921
7 10.260030 1.469345 10.984490 0.311893 0.752024 -0.580674 0.646449 0.838480
7 9.003068 0.253869 9.845171 0.330759 0.057803 -0.941943 0.639779 0.788683
kabigon_body.png
7 10.260030 1.469345 10.984490 0.311893 0.752024 -0.580674 0.646449 0.838480
7 11.756000 1.173371 11.547950 0.626305 0.599292 -0.498589 0.604997 0.858673
7 10.429070 0.203715 10.406160 0.445693 0.026159 -0.894803 0.616753 0.817221
kabigon_body.png
7 10.260030 1.469345 10.984490 0.311893 0.752024 -0.580674 0.646449 0.838480
7 10.429070 0.203715 10.406160 0.445693 0.026159 -0.894803 0.616753 0.817221
7 9.003068 0.253869 9.845171 0.330759 0.057803 -0.941943 0.639779 0.788683
kabigon_body.png
7 11.756000 1.173371 11.547950 0.626305 0.599292 -0.498589 0.604997 0.858673
7 12.017920 1.009285 12.308320 0.845851 0.482879 0.226634 0.582063 0.886297
7 11.909560 0.143034 11.342380 0.821388 -0.005094 -0.570347 0.580875 0.846916
kabigon_body.png
7 11.756000 1.173371 11.547950 0.626305 0.599292 -0.498589 0.604997 0.858673
7 11.909560 0.143034 11.342380 0.821388 -0.005094 -0.570347 0.580875 0.846916
7 10.429070 0.203715 10.406160 0.445693 0.026159 -0.894803 0.616753 0.817221
kabigon_body.png
7 12.017920 1.009285 12.308320 0.845851 0.482879 0.226634 0.582063 0.886297
7 11.549190 0.065635 13.124420 0.506141 -0.034685 0.861753 0.535068 0.903049
7 12.385720 0.095356 12.256930 0.988294 -0.024627 0.150563 0.553951 0.881607
kabigon_body.png
7 12.017920 1.009285 12.308320 0.845851 0.482879 0.226634 0.582063 0.886297
7 12.385720 0.095356 12.256930 0.988294 -0.024627 0.150563 0.553951 0.881607
7 11.909560 0.143034 11.342380 0.821388 -0.005094 -0.570347 0.580875 0.846916
kabigon_body.png
7 12.385720 0.095356 12.256930 0.988294 -0.024627 0.150563 0.553951 0.881607
7 11.549190 0.065635 13.124420 0.506141 -0.034685 0.861753 0.535068 0.903049
7 11.967150 -0.851390 12.214200 0.828049 -0.542404 0.141893 0.534093 0.873201
kabigon_body.png
7 12.385720 0.095356 12.256930 0.988294 -0.024627 0.150563 0.553951 0.881607
7 11.967150 -0.851390 12.214200 0.828049 -0.542404 0.141893 0.534093 0.873201
7 11.909560 0.143034 11.342380 0.821388 -0.005094 -0.570347 0.580875 0.846916
kabigon_body.png
7 11.909560 0.143034 11.342380 0.821388 -0.005094 -0.570347 0.580875 0.846916
7 11.639590 -0.925694 11.453830 0.581690 -0.591068 -0.558816 0.549626 0.847495
7 10.429070 0.203715 10.406160 0.445693 0.026159 -0.894803 0.616753 0.817221
kabigon_body.png
7 11.909560 0.143034 11.342380 0.821388 -0.005094 -0.570347 0.580875 0.846916
7 11.967150 -0.851390 12.214200 0.828049 -0.542404 0.141893 0.534093 0.873201
7 11.639590 -0.925694 11.453830 0.581690 -0.591068 -0.558816 0.549626 0.847495
kabigon_body.png
7 10.429070 0.203715 10.406160 0.445693 0.026159 -0.894803 0.616753 0.817221
7 10.235260 -1.104641 10.882320 0.318154 -0.693142 -0.646786 0.561535 0.822338
7 9.003068 0.253869 9.845171 0.330759 0.057803 -0.941943 0.639779 0.788683
kabigon_body.png
7 10.429070 0.203715 10.406160 0.445693 0.026159 -0.894803 0.616753 0.817221
7 11.639590 -0.925694 11.453830 0.581690 -0.591068 -0.558816 0.549626 0.847495
7 10.235260 -1.104641 10.882320 0.318154 -0.693142 -0.646786 0.561535 0.822338
kabigon_body.png
7 11.639590 -0.925694 11.453830 0.581690 -0.591068 -0.558816 0.549626 0.847495
7 11.967150 -0.851390 12.214200 0.828049 -0.542404 0.141893 0.534093 0.873201
7 11.383870 -1.224764 12.219780 0.385750 -0.921685 0.041154 0.516489 0.860957
kabigon_body.png
7 11.639590 -0.925694 11.453830 0.581690 -0.591068 -0.558816 0.549626 0.847495
7 11.383870 -1.224764 12.219780 0.385750 -0.921685 0.041154 0.516489 0.860957
7 10.235260 -1.104641 10.882320 0.318154 -0.693142 -0.646786 0.561535 0.822338
kabigon_body.png
7 11.967150 -0.851390 12.214200 0.828049 -0.542404 0.141893 0.534093 0.873201
7 11.549190 0.065635 13.124420 0.506141 -0.034685 0.861753 0.535068 0.903049
7 11.458170 -0.762846 12.926280 0.404327 -0.624952 0.667798 0.515118 0.892876
kabigon_body.png
7 11.967150 -0.851390 12.214200 0.828049 -0.542404 0.141893 0.534093 0.873201
7 11.458170 -0.762846 12.926280 0.404327 -0.624952 0.667798 0.515118 0.892876
7 11.383870 -1.224764 12.219780 0.385750 -0.921685 0.041154 0.516489 0.860957
kabigon_body.png
7 11.383870 -1.224764 12.219780 0.385750 -0.921685 0.041154 0.516489 0.860957
7 9.753531 -1.729406 12.107080 0.226663 -0.968909 0.099196 0.499616 0.850541
7 10.235260 -1.104641 10.882320 0.318154 -0.693142 -0.646786 0.561535 0.822338
kabigon_body.png
7 11.383870 -1.224764 12.219780 0.385750 -0.921685 0.041154 0.516489 0.860957
7 11.458170 -0.762846 12.926280 0.404327 -0.624952 0.667798 0.515118 0.892876
7 9.753531 -1.729406 12.107080 0.226663 -0.968909 0.099196 0.499616 0.850541
kabigon_body.png
7 9.753531 -1.729406 12.107080 0.226663 -0.968909 0.099196 0.499616 0.850541
7 8.647652 -1.265012 10.399350 0.266016 -0.688049 -0.675148 0.570276 0.796876
7 10.235260 -1.104641 10.882320 0.318154 -0.693142 -0.646786 0.561535 0.822338
kabigon_body.png
7 8.647652 -1.265012 10.399350 0.266016 -0.688049 -0.675148 0.570276 0.796876
3 7.869945 0.308358 9.474894 0.799645 0.073397 -0.595970 0.662165 0.731820
7 9.003068 0.253869 9.845171 0.330759 0.057803 -0.941943 0.639779 0.788683
kabigon_body.png
7 9.003068 0.253869 9.845171 0.330759 0.057803 -0.941943 0.639779 0.788683
7 10.235260 -1.104641 10.882320 0.318154 -0.693142 -0.646786 0.561535 0.822338
7 8.647652 -1.265012 10.399350 0.266016 -0.688049 -0.675148 0.570276 0.796876
kabigon_body.png
7 9.753531 -1.729406 12.107080 0.226663 -0.968909 0.099196 0.499616 0.850541
7 11.458170 -0.762846 12.926280 0.404327 -0.624952 0.667798 0.515118 0.892876
7 9.409259 -1.027241 13.235870 0.143563 -0.610354 0.779010 0.479819 0.893485
kabigon_body.png
7 9.409259 -1.027241 13.235870 0.143563 -0.610354 0.779010 0.479819 0.893485
7 11.458170 -0.762846 12.926280 0.404327 -0.624952 0.667798 0.515118 0.892876
7 11.549190 0.065635 13.124420 0.506141 -0.034685 0.861753 0.535068 0.903049
kabigon_body.png
3 -5.837753 0.009288 13.883550 -0.012259 -0.079711 0.996743 0.508753 0.924368
8 -7.066851 -0.001238 13.866210 -0.046404 -0.078638 0.995823 0.517585 0.917729
8 -7.208646 -1.229098 13.263740 -0.054342 -0.631489 0.773478 0.443666 0.891505
kabigon_body.png
3 -5.837753 0.009288 13.883550 -0.012259 -0.079711 0.996743 0.508753 0.924368
8 -7.208646 -1.229098 13.263740 -0.054342 -0.631489 0.773478 0.443666 0.891505
3 -5.149829 -1.592565 13.097170 -0.305274 -0.500133 0.810355 0.387473 0.882521
kabigon_body.png
3 -5.837753 0.009288 13.883550 -0.012259 -0.079711 0.996743 0.508753 0.924368
8 -7.188213 1.315166 13.461880 -0.054628 0.524535 0.849634 0.626895 0.912186
8 -7.066851 -0.001238 13.866210 -0.046404 -0.078638 0.995823 0.517585 0.917729
kabigon_body.png
8 -7.066851 -0.001238 13.866210 -0.046404 -0.078638 0.995823 0.517585 0.917729
8 -9.264368 0.023530 13.692840 -0.130606 -0.057475 0.989767 0.525961 0.911911
8 -7.208646 -1.229098 13.263740 -0.054342 -0.631489 0.773478 0.443666 0.891505
kabigon_body.png
8 -7.188213 1.315166 13.461880 -0.054628 0.524535 0.849634 0.626895 0.912186
8 -9.369011 1.107736 13.344230 -0.154464 0.521079 0.839415 0.601951 0.909505
8 -9.264368 0.023530 13.692840 -0.130606 -0.057475 0.989767 0.525961 0.911911
kabigon_body.png
8 -7.188213 1.315166 13.461880 -0.054628 0.524535 0.849634 0.626895 0.912186
8 -9.264368 0.023530 13.692840 -0.130606 -0.057475 0.989767 0.525961 0.911911
8 -7.066851 -0.001238 13.866210 -0.046404 -0.078638 0.995823 0.517585 0.917729
kabigon_body.png
3 -5.149829 -1.592565 13.097170 -0.305274 -0.500133 0.810355 0.387473 0.882521
8 -7.208646 -1.229098 13.263740 -0.054342 -0.631489 0.773478 0.443666 0.891505
8 -6.305243 -2.268724 11.674270 -0.433079 -0.795667 0.423505 0.426550 0.824622
kabigon_body.png
8 -9.369011 1.107736 13.344230 -0.154464 0.521079 0.839415 0.601951 0.909505
8 -9.801827 1.957889 12.310800 -0.214209 0.951130 0.222411 0.632012 0.876856
8 -11.449500 0.886685 12.982000 -0.395179 0.536610 0.745576 0.570428 0.905394
kabigon_body.png
8 -9.369011 1.107736 13.344230 -0.154464 0.521079 0.839415 0.601951 0.909505
8 -11.549190 0.065635 13.124420 -0.506141 -0.034686 0.861753 0.535068 0.903049
8 -9.264368 0.023530 13.692840 -0.130606 -0.057475 0.989767 0.525961 0.911911
kabigon_body.png
8 -9.369011 1.107736 13.344230 -0.154464 0.521079 0.839415 0.601951 0.909505
8 -11.449500 0.886685 12.982000 -0.395179 0.536610 0.745576 0.570428 0.905394
8 -11.549190 0.065635 13.124420 -0.506141 -0.034686 0.861753 0.535068 0.903049
kabigon_body.png
8 -9.264368 0.023530 13.692840 -0.130606 -0.057475 0.989767 0.525961 0.911911
8 -9.409259 -1.027241 13.235870 -0.143563 -0.610354 0.779011 0.479819 0.893485
8 -7.208646 -1.229098 13.263740 -0.054342 -0.631489 0.773478 0.443666 0.891505
kabigon_body.png
8 -9.264368 0.023530 13.692840 -0.130606 -0.057475 0.989767 0.525961 0.911911
8 -11.549190 0.065635 13.124420 -0.506141 -0.034686 0.861753 0.535068 0.903049
8 -9.409259 -1.027241 13.235870 -0.143563 -0.610354 0.779011 0.479819 0.893485
kabigon_body.png
8 -7.208646 -1.229098 13.263740 -0.054342 -0.631489 0.773478 0.443666 0.891505
8 -7.902143 -2.061913 11.903990 -0.145479 -0.985111 0.091612 0.465017 0.837779
8 -6.305243 -2.268724 11.674270 -0.433079 -0.795667 0.423505 0.426550 0.824622
kabigon_body.png
8 -7.208646 -1.229098 13.263740 -0.054342 -0.631489 0.773478 0.443666 0.891505
8 -9.409259 -1.027241 13.235870 -0.143563 -0.610354 0.779011 0.479819 0.893485
8 -7.902143 -2.061913 11.903990 -0.145479 -0.985111 0.091612 0.465017 0.837779
kabigon_body.png
8 -11.449500 0.886685 12.982000 -0.395179 0.536610 0.745576 0.570428 0.905394
8 -9.801827 1.957889 12.310800 -0.214209 0.951130 0.222411 0.632012 0.876856
8 -11.416060 1.456342 12.335570 -0.416450 0.896016 0.154026 0.608621 0.885932
kabigon_body.png
8 -11.449500 0.886685 12.982000 -0.395179 0.536610 0.745576 0.570428 0.905394
8 -12.017920 1.009285 12.308320 -0.845851 0.482879 0.226634 0.582063 0.886297
8 -11.549190 0.065635 13.124420 -0.506141 -0.034686 0.861753 0.535068 0.903049
kabigon_body.png
8 -11.449500 0.886685 12.982000 -0.395179 0.536610 0.745576 0.570428 0.905394
8 -11.416060 1.456342 12.335570 -0.416450 0.896016 0.154026 0.608621 0.885932
8 -12.017920 1.009285 12.308320 -0.845851 0.482879 0.226634 0.582063 0.886297
kabigon_body.png
8 -9.409259 -1.027241 13.235870 -0.143563 -0.610354 0.779011 0.479819 0.893485
8 -9.753531 -1.729406 12.107080 -0.226664 -0.968909 0.099196 0.499616 0.850541
8 -7.902143 -2.061913 11.903990 -0.145479 -0.985111 0.091612 0.465017 0.837779
kabigon_body.png
8 -9.409259 -1.027241 13.235870 -0.143563 -0.610354 0.779011 0.479819 0.893485
8 -11.549190 0.065635 13.124420 -0.506141 -0.034686 0.861753 0.535068 0.903049
8 -11.458170 -0.762846 12.926280 -0.404327 -0.624952 0.667798 0.515118 0.892876
kabigon_body.png
8 -9.409259 -1.027241 13.235870 -0.143563 -0.610354 0.779011 0.479819 0.893485
8 -11.458170 -0.762846 12.926280 -0.404327 -0.624952 0.667798 0.515118 0.892876
8 -9.753531 -1.729406 12.107080 -0.226664 -0.968909 0.099196 0.499616 0.850541
kabigon_body.png
8 -11.416060 1.456342 12.335570 -0.416450 0.896016 0.154026 0.608621 0.885932
8 -9.801827 1.957889 12.310800 -0.214209 0.951130 0.222411 0.632012 0.876856
8 -10.260030 1.469345 10.984490 -0.311893 0.752024 -0.580674 0.646449 0.838480
kabigon_body.png
8 -9.801827 1.957889 12.310800 -0.214209 0.951130 0.222411 0.632012 0.876856
8 -8.659416 1.669964 10.620400 -0.225865 0.784423 -0.577638 0.674286 0.811921
8 -10.260030 1.469345 10.984490 -0.311893 0.752024 -0.580674 0.646449 0.838480
kabigon_body.png
8 -11.416060 1.456342 12.335570 -0.416450 0.896016 0.154026 0.608621 0.885932
8 -11.756000 1.173371 11.547950 -0.626305 0.599292 -0.498589 0.604997 0.858673
8 -12.017920 1.009285 12.308320 -0.845851 0.482879 0.226634 0.582063 0.886297
kabigon_body.png
8 -11.416060 1.456342 12.335570 -0.416450 0.896016 0.154026 0.608621 0.885932
8 -10.260030 1.469345 10.984490 -0.311893 0.752024 -0.580674 0.646449 0.838480
8 -11.756000 1.173371 11.547950 -0.626305 0.599292 -0.498589 0.604997 0.858673
kabigon_body.png
8 -7.902143 -2.061913 11.903990 -0.145479 -0.985111 0.091612 0.465017 0.837779
3 -7.540534 -1.343030 10.037120 -0.702629 -0.687338 -0.184064 0.569758 0.751403
8 -6.305243 -2.268724 11.674270 -0.433079 -0.795667 0.423505 0.426550 0.824622
kabigon_body.png
8 -6.305243 -2.268724 11.674270 -0.433079 -0.795667 0.423505 0.426550 0.824622
3 -7.540534 -1.343030 10.037120 -0.702629 -0.687338 -0.184064 0.569758 0.751403
3 -6.128774 -3.891010 9.967771 -0.693036 -0.620989 0.366160 0.388143 0.750277
kabigon_body.png
3 -6.128774 -3.891010 9.967771 -0.693036 -0.620989 0.366160 0.388143 0.750277
3 -7.540534 -1.343030 10.037120 -0.702629 -0.687338 -0.184064 0.569758 0.751403
3 -7.857561 -1.668725 8.215454 -0.942879 -0.302858 0.138767 0.583464 0.705413
kabigon_body.png
3 -7.857561 -1.668725 8.215454 -0.942879 -0.302858 0.138767 0.583464 0.705413
3 -7.540534 -1.343030 10.037120 -0.702629 -0.687338 -0.184064 0.569758 0.751403
3 -7.869945 0.308358 9.474894 -0.919734 0.017423 -0.392155 0.662165 0.731820
kabigon_body.png
3 -7.540534 -1.343030 10.037120 -0.702629 -0.687338 -0.184064 0.569758 0.751403
8 -7.902143 -2.061913 11.903990 -0.145479 -0.985111 0.091612 0.465017 0.837779
8 -8.647652 -1.265012 10.399350 -0.266016 -0.688049 -0.675148 0.570276 0.796876
kabigon_body.png
8 -7.902143 -2.061913 11.903990 -0.145479 -0.985111 0.091612 0.465017 0.837779
8 -9.753531 -1.729406 12.107080 -0.226664 -0.968909 0.099196 0.499616 0.850541
8 -8.647652 -1.265012 10.399350 -0.266016 -0.688049 -0.675148 0.570276 0.796876
kabigon_body.png
3 -7.540534 -1.343030 10.037120 -0.702629 -0.687338 -0.184064 0.569758 0.751403
8 -8.647652 -1.265012 10.399350 -0.266016 -0.688049 -0.675148 0.570276 0.796876
3 -7.869945 0.308358 9.474894 -0.864239 0.109667 -0.490982 0.662165 0.731820
kabigon_body.png
3 -7.869945 0.308358 9.474894 -0.864239 0.109667 -0.490982 0.662165 0.731820
8 -9.003068 0.253869 9.845171 -0.330759 0.057803 -0.941943 0.639779 0.788683
8 -8.659416 1.669964 10.620400 -0.225865 0.784423 -0.577638 0.674286 0.811921
kabigon_body.png
8 -8.659416 1.669964 10.620400 -0.225865 0.784423 -0.577638 0.674286 0.811921
8 -9.003068 0.253869 9.845171 -0.330759 0.057803 -0.941943 0.639779 0.788683
8 -10.260030 1.469345 10.984490 -0.311893 0.752024 -0.580674 0.646449 0.838480
kabigon_body.png
3 -7.869945 0.308358 9.474894 -0.799645 0.073397 -0.595970 0.662165 0.731820
8 -8.647652 -1.265012 10.399350 -0.266016 -0.688049 -0.675148 0.570276 0.796876
8 -9.003068 0.253869 9.845171 -0.330759 0.057803 -0.941943 0.639779 0.788683
kabigon_body.png
8 -8.647652 -1.265012 10.399350 -0.266016 -0.688049 -0.675148 0.570276 0.796876
8 -9.753531 -1.729406 12.107080 -0.226664 -0.968909 0.099196 0.499616 0.850541
8 -10.235260 -1.104641 10.882320 -0.318154 -0.693142 -0.646786 0.561535 0.822338
kabigon_body.png
8 -8.647652 -1.265012 10.399350 -0.266016 -0.688049 -0.675148 0.570276 0.796876
8 -10.235260 -1.104641 10.882320 -0.318154 -0.693142 -0.646786 0.561535 0.822338
8 -9.003068 0.253869 9.845171 -0.330759 0.057803 -0.941943 0.639779 0.788683
kabigon_body.png
8 -9.003068 0.253869 9.845171 -0.330759 0.057803 -0.941943 0.639779 0.788683
8 -10.429070 0.203715 10.406160 -0.445693 0.026159 -0.894803 0.616753 0.817221
8 -10.260030 1.469345 10.984490 -0.311893 0.752024 -0.580674 0.646449 0.838480
kabigon_body.png
8 -10.260030 1.469345 10.984490 -0.311893 0.752024 -0.580674 0.646449 0.838480
8 -10.429070 0.203715 10.406160 -0.445693 0.026159 -0.894803 0.616753 0.817221
8 -11.756000 1.173371 11.547950 -0.626305 0.599292 -0.498589 0.604997 0.858673
kabigon_body.png
8 -9.003068 0.253869 9.845171 -0.330759 0.057803 -0.941943 0.639779 0.788683
8 -10.235260 -1.104641 10.882320 -0.318154 -0.693142 -0.646786 0.561535 0.822338
8 -10.429070 0.203715 10.406160 -0.445693 0.026159 -0.894803 0.616753 0.817221
kabigon_body.png
8 -11.756000 1.173371 11.547950 -0.626305 0.599292 -0.498589 0.604997 0.858673
8 -11.909560 0.143034 11.342380 -0.821388 -0.005094 -0.570347 0.580875 0.846916
8 -12.017920 1.009285 12.308320 -0.845851 0.482879 0.226634 0.582063 0.886297
kabigon_body.png
8 -11.756000 1.173371 11.547950 -0.626305 0.599292 -0.498589 0.604997 0.858673
8 -10.429070 0.203715 10.406160 -0.445693 0.026159 -0.894803 0.616753 0.817221
8 -11.909560 0.143034 11.342380 -0.821388 -0.005094 -0.570347 0.580875 0.846916
kabigon_body.png
8 -10.429070 0.203715 10.406160 -0.445693 0.026159 -0.894803 0.616753 0.817221
8 -10.235260 -1.104641 10.882320 -0.318154 -0.693142 -0.646786 0.561535 0.822338
8 -11.639590 -0.925694 11.453830 -0.581690 -0.591068 -0.558816 0.549626 0.847495
kabigon_body.png
8 -10.429070 0.203715 10.406160 -0.445693 0.026159 -0.894803 0.616753 0.817221
8 -11.639590 -0.925694 11.453830 -0.581690 -0.591068 -0.558816 0.549626 0.847495
8 -11.909560 0.143034 11.342380 -0.821388 -0.005094 -0.570347 0.580875 0.846916
kabigon_body.png
8 -10.235260 -1.104641 10.882320 -0.318154 -0.693142 -0.646786 0.561535 0.822338
8 -9.753531 -1.729406 12.107080 -0.226664 -0.968909 0.099196 0.499616 0.850541
8 -11.383870 -1.224764 12.219780 -0.385750 -0.921685 0.041154 0.516489 0.860957
kabigon_body.png
8 -9.753531 -1.729406 12.107080 -0.226664 -0.968909 0.099196 0.499616 0.850541
8 -11.458170 -0.762846 12.926280 -0.404327 -0.624952 0.667798 0.515118 0.892876
8 -11.383870 -1.224764 12.219780 -0.385750 -0.921685 0.041154 0.516489 0.860957
kabigon_body.png
8 -10.235260 -1.104641 10.882320 -0.318154 -0.693142 -0.646786 0.561535 0.822338
8 -11.383870 -1.224764 12.219780 -0.385750 -0.921685 0.041154 0.516489 0.860957
8 -11.639590 -0.925694 11.453830 -0.581690 -0.591068 -0.558816 0.549626 0.847495
kabigon_body.png
8 -11.639590 -0.925694 11.453830 -0.581690 -0.591068 -0.558816 0.549626 0.847495
8 -11.967150 -0.851390 12.214200 -0.828049 -0.542404 0.141893 0.534093 0.873201
8 -11.909560 0.143034 11.342380 -0.821388 -0.005094 -0.570347 0.580875 0.846916
kabigon_body.png
8 -11.383870 -1.224764 12.219780 -0.385750 -0.921685 0.041154 0.516489 0.860957
8 -11.458170 -0.762846 12.926280 -0.404327 -0.624952 0.667798 0.515118 0.892876
8 -11.967150 -0.851390 12.214200 -0.828049 -0.542404 0.141893 0.534093 0.873201
kabigon_body.png
8 -11.458170 -0.762846 12.926280 -0.404327 -0.624952 0.667798 0.515118 0.892876
8 -11.549190 0.065635 13.124420 -0.506141 -0.034686 0.861753 0.535068 0.903049
8 -11.967150 -0.851390 12.214200 -0.828049 -0.542404 0.141893 0.534093 0.873201
kabigon_body.png
8 -11.383870 -1.224764 12.219780 -0.385750 -0.921685 0.041154 0.516489 0.860957
8 -11.967150 -0.851390 12.214200 -0.828049 -0.542404 0.141893 0.534093 0.873201
8 -11.639590 -0.925694 11.453830 -0.581690 -0.591068 -0.558816 0.549626 0.847495
kabigon_body.png
8 -11.967150 -0.851390 12.214200 -0.828049 -0.542404 0.141893 0.534093 0.873201
8 -12.385720 0.095356 12.256930 -0.988294 -0.024628 0.150563 0.553951 0.881607
8 -11.909560 0.143034 11.342380 -0.821388 -0.005094 -0.570347 0.580875 0.846916
kabigon_body.png
8 -12.385720 0.095356 12.256930 -0.988294 -0.024628 0.150563 0.553951 0.881607
8 -11.549190 0.065635 13.124420 -0.506141 -0.034686 0.861753 0.535068 0.903049
8 -12.017920 1.009285 12.308320 -0.845851 0.482879 0.226634 0.582063 0.886297
kabigon_body.png
8 -12.385720 0.095356 12.256930 -0.988294 -0.024628 0.150563 0.553951 0.881607
8 -11.967150 -0.851390 12.214200 -0.828049 -0.542404 0.141893 0.534093 0.873201
8 -11.549190 0.065635 13.124420 -0.506141 -0.034686 0.861753 0.535068 0.903049
kabigon_body.png
8 -12.385720 0.095356 12.256930 -0.988294 -0.024628 0.150563 0.553951 0.881607
8 -12.017920 1.009285 12.308320 -0.845851 0.482879 0.226634 0.582063 0.886297
8 -11.909560 0.143034 11.342380 -0.821388 -0.005094 -0.570347 0.580875 0.846916
kabigon_body.png
2 -7.471804 -1.058820 0.339318 -0.851918 -0.226034 -0.472382 0.972582 0.317666
2 -7.643320 -0.009288 0.352321 -0.715359 0.012347 -0.698648 0.984612 0.283889
2 -6.505862 -1.563463 0.016099 -0.241330 -0.144516 -0.959622 0.905912 0.331676
kabigon_body.png
2 -7.471804 -1.058820 0.339318 -0.851918 -0.226034 -0.472382 0.972582 0.317666
2 -6.505862 -1.563463 0.016099 -0.241330 -0.144516 -0.959622 0.905912 0.331676
2 -6.998740 -2.070582 0.338080 -0.719160 -0.595186 -0.358556 0.940846 0.348184
kabigon_body.png
2 -6.998740 -2.070582 0.338080 -0.719160 -0.595186 -0.358556 0.940846 0.348184
2 -6.505862 -1.563463 0.016099 -0.241330 -0.144516 -0.959622 0.905912 0.331676
2 -6.119486 -2.745502 0.321361 -0.325885 -0.775056 -0.541376 0.883891 0.368864
kabigon_body.png
2 -6.505862 -1.563463 0.016099 -0.241330 -0.144516 -0.959622 0.905912 0.331676
2 -7.643320 -0.009288 0.352321 -0.715359 0.012347 -0.698648 0.984612 0.283889
2 -6.632178 0.747985 0.011145 -0.194307 0.085096 -0.977243 0.915292 0.260072
kabigon_body.png
2 -7.643320 -0.009288 0.352321 -0.715359 0.012347 -0.698648 0.984612 0.283889
2 -7.421649 1.037768 0.341795 -0.837546 0.255163 -0.483125 0.971089 0.249960
2 -6.632178 0.747985 0.011145 -0.194307 0.085096 -0.977243 0.915292 0.260072
kabigon_body.png
2 -7.421649 1.037768 0.341795 -0.837546 0.255163 -0.483125 0.971089 0.249960
2 -6.923818 1.986991 0.315788 -0.692212 0.554933 -0.461403 0.937952 0.219503
2 -6.632178 0.747985 0.011145 -0.194307 0.085096 -0.977243 0.915292 0.260072
kabigon_body.png
2 -6.923818 1.986991 0.315788 -0.692212 0.554933 -0.461403 0.937952 0.219503
2 -6.055089 2.615472 0.294117 -0.338179 0.729869 -0.594076 0.881333 0.199524
2 -6.632178 0.747985 0.011145 -0.194307 0.085096 -0.977243 0.915292 0.260072
kabigon_body.png
2 -6.505862 -1.563463 0.016099 -0.241330 -0.144516 -0.959622 0.905912 0.331676
2 -4.999985 -2.071820 0.000000 -0.000013 -0.151836 -0.988406 0.812926 0.340691
2 -6.119486 -2.745502 0.321361 -0.325885 -0.775056 -0.541376 0.883891 0.368864
kabigon_body.png
2 -6.505862 -1.563463 0.016099 -0.241330 -0.144516 -0.959622 0.905912 0.331676
2 -6.632178 0.747985 0.011145 -0.194307 0.085096 -0.977243 0.915292 0.260072
2 -4.999985 -2.071820 0.000000 -0.000013 -0.151836 -0.988406 0.812926 0.340691
kabigon_body.png
2 -6.632178 0.747985 0.011145 -0.194307 0.085096 -0.977243 0.915292 0.260072
2 -6.055089 2.615472 0.294117 -0.338179 0.729869 -0.594076 0.881333 0.199524
2 -4.999985 1.957269 -0.000000 -0.000021 0.164872 -0.986315 0.812926 0.228244
kabigon_body.png
2 -6.632178 0.747985 0.011145 -0.194307 0.085096 -0.977243 0.915292 0.260072
2 -4.999985 1.957269 -0.000000 -0.000021 0.164872 -0.986315 0.812926 0.228244
2 -4.999985 -2.071820 0.000000 -0.000013 -0.151836 -0.988406 0.812926 0.340691
kabigon_body.png
2 -6.055089 2.615472 0.294117 -0.338179 0.729869 -0.594076 0.881333 0.199524
2 -4.999985 2.879867 0.286067 -0.000058 0.804159 -0.594414 0.812926 0.191117
2 -4.999985 1.957269 -0.000000 -0.000021 0.164872 -0.986315 0.812926 0.228244
kabigon_body.png
2 -4.999985 2.879867 0.286067 -0.000058 0.804159 -0.594414 0.812926 0.191117
2 -3.944260 2.615472 0.294117 0.338107 0.729899 -0.594080 0.744551 0.199524
2 -4.999985 1.957269 -0.000000 -0.000021 0.164872 -0.986315 0.812926 0.228244
kabigon_body.png
2 -4.999985 1.957269 -0.000000 -0.000021 0.164872 -0.986315 0.812926 0.228244
2 -3.367172 0.747985 0.011145 0.194295 0.085093 -0.977245 0.710561 0.260072
2 -4.999985 -2.071820 0.000000 -0.000013 -0.151836 -0.988406 0.812926 0.340691
kabigon_body.png
2 -4.999985 1.957269 -0.000000 -0.000021 0.164872 -0.986315 0.812926 0.228244
2 -3.944260 2.615472 0.294117 0.338107 0.729899 -0.594080 0.744551 0.199524
2 -3.367172 0.747985 0.011145 0.194295 0.085093 -0.977245 0.710561 0.260072
kabigon_body.png
2 -3.944260 2.615472 0.294117 0.338107 0.729899 -0.594080 0.744551 0.199524
2 -3.075532 1.986991 0.315788 0.692212 0.554933 -0.461402 0.687931 0.219503
2 -3.367172 0.747985 0.011145 0.194295 0.085093 -0.977245 0.710561 0.260072
kabigon_body.png
2 -3.075532 1.986991 0.315788 0.692212 0.554933 -0.461402 0.687931 0.219503
2 -2.577701 1.037768 0.341795 0.837545 0.255163 -0.483125 0.654794 0.249960
2 -3.367172 0.747985 0.011145 0.194295 0.085093 -0.977245 0.710561 0.260072
kabigon_body.png
2 -2.577701 1.037768 0.341795 0.837545 0.255163 -0.483125 0.654794 0.249960
2 -2.356030 -0.009288 0.352321 0.715359 0.012347 -0.698648 0.641241 0.283889
2 -3.367172 0.747985 0.011145 0.194295 0.085093 -0.977245 0.710561 0.260072
kabigon_body.png
2 -3.367172 0.747985 0.011145 0.194295 0.085093 -0.977245 0.710561 0.260072
2 -3.493488 -1.563463 0.016099 0.241321 -0.144514 -0.959625 0.719972 0.331676
2 -4.999985 -2.071820 0.000000 -0.000013 -0.151836 -0.988406 0.812926 0.340691
kabigon_body.png
2 -3.367172 0.747985 0.011145 0.194295 0.085093 -0.977245 0.710561 0.260072
2 -2.356030 -0.009288 0.352321 0.715359 0.012347 -0.698648 0.641241 0.283889
2 -3.493488 -1.563463 0.016099 0.241321 -0.144514 -0.959625 0.719972 0.331676
kabigon_body.png
2 -2.356030 -0.009288 0.352321 0.715359 0.012347 -0.698648 0.641241 0.283889
2 -2.527546 -1.058820 0.339318 0.851796 -0.225870 -0.472680 0.653301 0.317666
2 -3.493488 -1.563463 0.016099 0.241321 -0.144514 -0.959625 0.719972 0.331676
kabigon_body.png
2 -2.527546 -1.058820 0.339318 0.851796 -0.225870 -0.472680 0.653301 0.317666
2 -3.000610 -2.070582 0.338080 0.719056 -0.595241 -0.358673 0.685038 0.348184
2 -3.493488 -1.563463 0.016099 0.241321 -0.144514 -0.959625 0.719972 0.331676
kabigon_body.png
2 -3.493488 -1.563463 0.016099 0.241321 -0.144514 -0.959625 0.719972 0.331676
2 -3.879864 -2.745502 0.321361 0.325818 -0.775078 -0.541385 0.741992 0.368864
2 -4.999985 -2.071820 0.000000 -0.000013 -0.151836 -0.988406 0.812926 0.340691
kabigon_body.png
2 -3.493488 -1.563463 0.016099 0.241321 -0.144514 -0.959625 0.719972 0.331676
2 -3.000610 -2.070582 0.338080 0.719056 -0.595241 -0.358673 0.685038 0.348184
2 -3.879864 -2.745502 0.321361 0.325818 -0.775078 -0.541385 0.741992 0.368864
kabigon_body.png
2 -3.879864 -2.745502 0.321361 0.325818 -0.775078 -0.541385 0.741992 0.368864
2 -4.999985 -3.017947 0.315789 -0.000055 -0.833152 -0.553044 0.812926 0.377057
2 -4.999985 -2.071820 0.000000 -0.000013 -0.151836 -0.988406 0.812926 0.340691
kabigon_body.png
2 -4.999985 -2.071820 0.000000 -0.000013 -0.151836 -0.988406 0.812926 0.340691
2 -4.999985 -3.017947 0.315789 -0.000055 -0.833152 -0.553044 0.812926 0.377057
2 -6.119486 -2.745502 0.321361 -0.325885 -0.775056 -0.541376 0.883891 0.368864
kabigon_body.png
2 -4.999985 -3.017947 0.315789 -0.000055 -0.833152 -0.553044 0.092193 0.325737
2 -4.999985 -2.929403 1.229718 -0.000061 -0.924162 0.382002 0.092193 0.319128
2 -6.119486 -2.745502 0.321361 -0.325885 -0.775056 -0.541376 0.070538 0.323331
kabigon_body.png
2 -4.999985 -3.017947 0.315789 -0.000055 -0.833152 -0.553044 0.092193 0.325737
2 -3.879864 -2.745502 0.321361 0.325818 -0.775078 -0.541385 0.113818 0.323331
2 -4.999985 -2.929403 1.229718 -0.000061 -0.924162 0.382002 0.092193 0.319128
kabigon_body.png
2 -4.999985 -2.929403 1.229718 -0.000061 -0.924162 0.382002 0.092193 0.319128
2 -6.143015 -2.648289 1.203711 -0.410284 -0.768448 0.491075 0.075381 0.317209
2 -6.119486 -2.745502 0.321361 -0.325885 -0.775056 -0.541376 0.070538 0.323331
kabigon_body.png
2 -6.119486 -2.745502 0.321361 -0.325885 -0.775056 -0.541376 0.070538 0.323331
2 -6.143015 -2.648289 1.203711 -0.410284 -0.768448 0.491075 0.075381 0.317209
2 -6.998740 -2.070582 0.338080 -0.719160 -0.595186 -0.358556 0.053026 0.316996
kabigon_body.png
2 -4.999985 -2.929403 1.229718 -0.000061 -0.924162 0.382002 0.092193 0.319128
2 -3.879864 -2.745502 0.321361 0.325818 -0.775078 -0.541385 0.113818 0.323331
2 -3.856335 -2.648289 1.203711 0.409867 -0.768473 0.491384 0.108975 0.317209
kabigon_body.png
2 -3.879864 -2.745502 0.321361 0.325818 -0.775078 -0.541385 0.113818 0.323331
2 -3.000610 -2.070582 0.338080 0.719056 -0.595241 -0.358673 0.131361 0.316996
2 -3.856335 -2.648289 1.203711 0.409867 -0.768473 0.491384 0.108975 0.317209
kabigon_body.png
2 -4.999985 -2.929403 1.229718 -0.000061 -0.924162 0.382002 0.092193 0.319128
2 -4.999985 -1.592565 2.100303 -0.000015 -0.404288 0.914632 0.092193 0.308712
2 -6.143015 -2.648289 1.203711 -0.410284 -0.768448 0.491075 0.075381 0.317209
kabigon_body.png
2 -4.999985 -2.929403 1.229718 -0.000061 -0.924162 0.382002 0.092193 0.319128
2 -3.856335 -2.648289 1.203711 0.409867 -0.768473 0.491384 0.108975 0.317209
2 -4.999985 -1.592565 2.100303 -0.000015 -0.404288 0.914632 0.092193 0.308712
kabigon_body.png
2 -6.143015 -2.648289 1.203711 -0.410284 -0.768448 0.491075 0.075381 0.317209
2 -7.021031 -2.048910 1.129408 -0.701496 -0.582731 0.410277 0.062071 0.312732
2 -6.998740 -2.070582 0.338080 -0.719160 -0.595186 -0.358556 0.053026 0.316996
kabigon_body.png
2 -6.143015 -2.648289 1.203711 -0.410284 -0.768448 0.491075 0.075381 0.317209
2 -4.999985 -1.592565 2.100303 -0.000015 -0.404288 0.914632 0.092193 0.308712
2 -6.578308 -1.289160 1.858199 -0.400799 -0.289238 0.869311 0.071117 0.306397
kabigon_body.png
2 -6.143015 -2.648289 1.203711 -0.410284 -0.768448 0.491075 0.075381 0.317209
2 -6.578308 -1.289160 1.858199 -0.400799 -0.289238 0.869311 0.071117 0.306397
2 -7.021031 -2.048910 1.129408 -0.701496 -0.582731 0.410277 0.062071 0.312732
kabigon_body.png
2 -7.021031 -2.048910 1.129408 -0.701496 -0.582731 0.410277 0.062071 0.312732
2 -7.513289 -1.084826 1.090399 -0.880275 -0.285490 0.378962 0.053696 0.305818
2 -6.998740 -2.070582 0.338080 -0.719160 -0.595186 -0.358556 0.053026 0.316996
kabigon_body.png
2 -7.021031 -2.048910 1.129408 -0.701496 -0.582731 0.410277 0.062071 0.312732
2 -6.578308 -1.289160 1.858199 -0.400799 -0.289238 0.869311 0.071117 0.306397
2 -7.513289 -1.084826 1.090399 -0.880275 -0.285490 0.378962 0.053696 0.305818
kabigon_body.png
2 -6.998740 -2.070582 0.338080 -0.719160 -0.595186 -0.358556 0.053026 0.316996
2 -7.513289 -1.084826 1.090399 -0.880275 -0.285490 0.378962 0.053696 0.305818
2 -7.471804 -1.058820 0.339318 -0.851918 -0.226034 -0.472382 0.041635 0.307981
kabigon_body.png
2 -3.856335 -2.648289 1.203711 0.409867 -0.768473 0.491384 0.108975 0.317209
2 -3.000610 -2.070582 0.338080 0.719056 -0.595241 -0.358673 0.131361 0.316996
2 -2.978319 -2.048910 1.131885 0.701056 -0.582639 0.411159 0.122285 0.312701
kabigon_body.png
2 -3.856335 -2.648289 1.203711 0.409867 -0.768473 0.491384 0.108975 0.317209
2 -3.421661 -1.289160 1.858199 0.400202 -0.288931 0.869688 0.113239 0.306397
2 -4.999985 -1.592565 2.100303 -0.000015 -0.404288 0.914632 0.092193 0.308712
kabigon_body.png
2 -3.856335 -2.648289 1.203711 0.409867 -0.768473 0.491384 0.108975 0.317209
2 -2.978319 -2.048910 1.131885 0.701056 -0.582639 0.411159 0.122285 0.312701
2 -3.421661 -1.289160 1.858199 0.400202 -0.288931 0.869688 0.113239 0.306397
kabigon_body.png
2 -2.978319 -2.048910 1.131885 0.701056 -0.582639 0.411159 0.122285 0.312701
2 -3.000610 -2.070582 0.338080 0.719056 -0.595241 -0.358673 0.131361 0.316996
2 -2.485441 -1.084826 1.090399 0.880317 -0.285234 0.379055 0.130660 0.305818
kabigon_body.png
2 -2.978319 -2.048910 1.131885 0.701056 -0.582639 0.411159 0.122285 0.312701
2 -2.485441 -1.084826 1.090399 0.880317 -0.285234 0.379055 0.130660 0.305818
2 -3.421661 -1.289160 1.858199 0.400202 -0.288931 0.869688 0.113239 0.306397
kabigon_body.png
2 -3.000610 -2.070582 0.338080 0.719056 -0.595241 -0.358673 0.131361 0.316996
2 -2.527546 -1.058820 0.339318 0.851796 -0.225870 -0.472680 0.142721 0.307981
2 -2.485441 -1.084826 1.090399 0.880317 -0.285234 0.379055 0.130660 0.305818
kabigon_body.png
2 -4.999985 -1.592565 2.100303 -0.000015 -0.404288 0.914632 0.092193 0.308712
2 -4.999985 0.022291 2.352315 -0.000030 -0.014528 0.999894 0.092193 0.297443
2 -6.578308 -1.289160 1.858199 -0.400799 -0.289238 0.869311 0.071117 0.306397
kabigon_body.png
2 -4.999985 -1.592565 2.100303 -0.000015 -0.404288 0.914632 0.092193 0.308712
2 -3.421661 -1.289160 1.858199 0.400202 -0.288931 0.869688 0.113239 0.306397
2 -4.999985 0.022291 2.352315 -0.000030 -0.014528 0.999894 0.092193 0.297443
kabigon_body.png
2 -3.421661 -1.289160 1.858199 0.400202 -0.288931 0.869688 0.113239 0.306397
2 -2.485441 -1.084826 1.090399 0.880317 -0.285234 0.379055 0.130660 0.305818
2 -3.289154 -0.002477 1.969653 0.544509 0.010247 0.838692 0.115097 0.297443
kabigon_body.png
2 -3.421661 -1.289160 1.858199 0.400202 -0.288931 0.869688 0.113239 0.306397
2 -3.289154 -0.002477 1.969653 0.544509 0.010247 0.838692 0.115097 0.297443
2 -4.999985 0.022291 2.352315 -0.000030 -0.014528 0.999894 0.092193 0.297443
kabigon_body.png
2 -2.485441 -1.084826 1.090399 0.880317 -0.285234 0.379055 0.130660 0.305818
2 -2.527546 -1.058820 0.339318 0.851796 -0.225870 -0.472680 0.142721 0.307981
2 -2.326308 -0.002477 1.067489 0.973047 0.030327 0.228602 0.134254 0.297443
kabigon_body.png
2 -2.485441 -1.084826 1.090399 0.880317 -0.285234 0.379055 0.130660 0.305818
2 -2.326308 -0.002477 1.067489 0.973047 0.030327 0.228602 0.134254 0.297443
2 -3.289154 -0.002477 1.969653 0.544509 0.010247 0.838692 0.115097 0.297443
kabigon_body.png
2 -2.527546 -1.058820 0.339318 0.851796 -0.225870 -0.472680 0.142721 0.307981
2 -2.356030 -0.009288 0.352321 0.715359 0.012347 -0.698648 0.146437 0.297443
2 -2.326308 -0.002477 1.067489 0.973047 0.030327 0.228602 0.134254 0.297443
kabigon_body.png
2 -2.356030 -0.009288 0.352321 0.715359 0.012347 -0.698648 0.146437 0.297443
2 -2.577701 1.037768 0.341795 0.837545 0.255163 -0.483125 0.142569 0.286874
2 -2.326308 -0.002477 1.067489 0.973047 0.030327 0.228602 0.134254 0.297443
kabigon_body.png
2 -2.326308 -0.002477 1.067489 0.973047 0.030327 0.228602 0.134254 0.297443
2 -2.542407 1.084826 1.032195 0.855206 0.359816 0.373034 0.131117 0.288762
2 -3.289154 -0.002477 1.969653 0.544509 0.010247 0.838692 0.115097 0.297443
kabigon_body.png
2 -2.326308 -0.002477 1.067489 0.973047 0.030327 0.228602 0.134254 0.297443
2 -2.577701 1.037768 0.341795 0.837545 0.255163 -0.483125 0.142569 0.286874
2 -2.542407 1.084826 1.032195 0.855206 0.359816 0.373034 0.131117 0.288762
kabigon_body.png
2 -2.577701 1.037768 0.341795 0.837545 0.255163 -0.483125 0.142569 0.286874
2 -3.075532 1.986991 0.315788 0.692212 0.554933 -0.461402 0.131574 0.277554
2 -2.542407 1.084826 1.032195 0.855206 0.359816 0.373034 0.131117 0.288762
kabigon_body.png
2 -3.289154 -0.002477 1.969653 0.544509 0.010247 0.838692 0.115097 0.297443
2 -3.378937 1.196900 1.858199 0.432661 0.275786 0.858340 0.113879 0.289828
2 -4.999985 0.022291 2.352315 -0.000030 -0.014528 0.999894 0.092193 0.297443
kabigon_body.png
2 -3.289154 -0.002477 1.969653 0.544509 0.010247 0.838692 0.115097 0.297443
2 -2.542407 1.084826 1.032195 0.855206 0.359816 0.373034 0.131117 0.288762
2 -3.378937 1.196900 1.858199 0.432661 0.275786 0.858340 0.113879 0.289828
kabigon_body.png
2 -2.542407 1.084826 1.032195 0.855206 0.359816 0.373034 0.131117 0.288762
2 -3.075532 1.986991 0.315788 0.692212 0.554933 -0.461402 0.131574 0.277554
2 -3.501537 2.325070 1.152318 0.531175 0.708856 0.464086 0.115645 0.279351
kabigon_body.png
2 -2.542407 1.084826 1.032195 0.855206 0.359816 0.373034 0.131117 0.288762
2 -3.501537 2.325070 1.152318 0.531175 0.708856 0.464086 0.115645 0.279351
2 -3.378937 1.196900 1.858199 0.432661 0.275786 0.858340 0.113879 0.289828
kabigon_body.png
2 -3.378937 1.196900 1.858199 0.432661 0.275786 0.858340 0.113879 0.289828
2 -4.999985 1.360986 2.221046 -0.000047 0.401599 0.915816 0.092193 0.289585
2 -4.999985 0.022291 2.352315 -0.000030 -0.014528 0.999894 0.092193 0.297443
kabigon_body.png
2 -3.378937 1.196900 1.858199 0.432661 0.275786 0.858340 0.113879 0.289828
2 -3.501537 2.325070 1.152318 0.531175 0.708856 0.464086 0.115645 0.279351
2 -4.999985 1.360986 2.221046 -0.000047 0.401599 0.915816 0.092193 0.289585
kabigon_body.png
2 -3.075532 1.986991 0.315788 0.692212 0.554933 -0.461402 0.131574 0.277554
2 -3.944260 2.615472 0.294117 0.338107 0.729899 -0.594080 0.114244 0.270854
2 -3.501537 2.325070 1.152318 0.531175 0.708856 0.464086 0.115645 0.279351
kabigon_body.png
2 -3.501537 2.325070 1.152318 0.531175 0.708856 0.464086 0.115645 0.279351
2 -4.999985 2.862530 1.283587 -0.000069 0.927286 0.374353 0.092193 0.275788
2 -4.999985 1.360986 2.221046 -0.000047 0.401599 0.915816 0.092193 0.289585
kabigon_body.png
2 -3.501537 2.325070 1.152318 0.531175 0.708856 0.464086 0.115645 0.279351
2 -3.944260 2.615472 0.294117 0.338107 0.729899 -0.594080 0.114244 0.270854
2 -4.999985 2.862530 1.283587 -0.000069 0.927286 0.374353 0.092193 0.275788
kabigon_body.png
2 -3.944260 2.615472 0.294117 0.338107 0.729899 -0.594080 0.114244 0.270854
2 -4.999985 2.879867 0.286067 -0.000058 0.804159 -0.594414 0.092193 0.267930
2 -4.999985 2.862530 1.283587 -0.000069 0.927286 0.374353 0.092193 0.275788
kabigon_body.png
2 -4.999985 2.879867 0.286067 -0.000058 0.804159 -0.594414 0.092193 0.267930
2 -6.055089 2.615472 0.294117 -0.338179 0.729869 -0.594076 0.070112 0.270854
2 -4.999985 2.862530 1.283587 -0.000069 0.927286 0.374353 0.092193 0.275788
kabigon_body.png
2 -4.999985 2.862530 1.283587 -0.000069 0.927286 0.374353 0.092193 0.275788
2 -6.497813 2.325070 1.152318 -0.531226 0.708837 0.464058 0.068741 0.279382
2 -4.999985 1.360986 2.221046 -0.000047 0.401599 0.915816 0.092193 0.289585
kabigon_body.png
2 -4.999985 2.862530 1.283587 -0.000069 0.927286 0.374353 0.092193 0.275788
2 -6.055089 2.615472 0.294117 -0.338179 0.729869 -0.594076 0.070112 0.270854
2 -6.497813 2.325070 1.152318 -0.531226 0.708837 0.464058 0.068741 0.279382
kabigon_body.png
2 -6.055089 2.615472 0.294117 -0.338179 0.729869 -0.594076 0.070112 0.270854
2 -6.923818 1.986991 0.315788 -0.692212 0.554933 -0.461403 0.052782 0.277554
2 -6.497813 2.325070 1.152318 -0.531226 0.708837 0.464058 0.068741 0.279382
kabigon_body.png
2 -4.999985 1.360986 2.221046 -0.000047 0.401599 0.915816 0.092193 0.289585
2 -6.620413 1.196900 1.858199 -0.432707 0.275782 0.858318 0.070477 0.289828
2 -4.999985 0.022291 2.352315 -0.000030 -0.014528 0.999894 0.092193 0.297443
kabigon_body.png
2 -4.999985 1.360986 2.221046 -0.000047 0.401599 0.915816 0.092193 0.289585
2 -6.497813 2.325070 1.152318 -0.531226 0.708837 0.464058 0.068741 0.279382
2 -6.620413 1.196900 1.858199 -0.432707 0.275782 0.858318 0.070477 0.289828
kabigon_body.png
2 -6.497813 2.325070 1.152318 -0.531226 0.708837 0.464058 0.068741 0.279382
2 -6.923818 1.986991 0.315788 -0.692212 0.554933 -0.461403 0.052782 0.277554
2 -7.456943 1.084826 1.032195 -0.855206 0.359816 0.373034 0.053239 0.288762
kabigon_body.png
2 -6.497813 2.325070 1.152318 -0.531226 0.708837 0.464058 0.068741 0.279382
2 -7.456943 1.084826 1.032195 -0.855206 0.359816 0.373034 0.053239 0.288762
2 -6.620413 1.196900 1.858199 -0.432707 0.275782 0.858318 0.070477 0.289828
kabigon_body.png
2 -6.620413 1.196900 1.858199 -0.432707 0.275782 0.858318 0.070477 0.289828
2 -6.710196 -0.002477 1.969653 -0.544618 0.010248 0.838622 0.069290 0.297443
2 -4.999985 0.022291 2.352315 -0.000030 -0.014528 0.999894 0.092193 0.297443
kabigon_body.png
2 -6.578308 -1.289160 1.858199 -0.400799 -0.289238 0.869311 0.071117 0.306397
2 -6.710196 -0.002477 1.969653 -0.544618 0.010248 0.838622 0.069290 0.297443
2 -7.513289 -1.084826 1.090399 -0.880275 -0.285490 0.378962 0.053696 0.305818
kabigon_body.png
2 -6.578308 -1.289160 1.858199 -0.400799 -0.289238 0.869311 0.071117 0.306397
2 -4.999985 0.022291 2.352315 -0.000030 -0.014528 0.999894 0.092193 0.297443
2 -6.710196 -0.002477 1.969653 -0.544618 0.010248 0.838622 0.069290 0.297443
kabigon_body.png
2 -6.620413 1.196900 1.858199 -0.432707 0.275782 0.858318 0.070477 0.289828
2 -7.456943 1.084826 1.032195 -0.855206 0.359816 0.373034 0.053239 0.288762
2 -6.710196 -0.002477 1.969653 -0.544618 0.010248 0.838622 0.069290 0.297443
kabigon_body.png
2 -6.710196 -0.002477 1.969653 -0.544618 0.010248 0.838622 0.069290 0.297443
2 -7.673041 -0.002477 1.067489 -0.973020 0.030155 0.228741 0.050102 0.297443
2 -7.513289 -1.084826 1.090399 -0.880275 -0.285490 0.378962 0.053696 0.305818
kabigon_body.png
2 -7.513289 -1.084826 1.090399 -0.880275 -0.285490 0.378962 0.053696 0.305818
2 -7.673041 -0.002477 1.067489 -0.973020 0.030155 0.228741 0.050102 0.297443
2 -7.471804 -1.058820 0.339318 -0.851918 -0.226034 -0.472382 0.041635 0.307981
kabigon_body.png
2 -6.710196 -0.002477 1.969653 -0.544618 0.010248 0.838622 0.069290 0.297443
2 -7.456943 1.084826 1.032195 -0.855206 0.359816 0.373034 0.053239 0.288762
2 -7.673041 -0.002477 1.067489 -0.973020 0.030155 0.228741 0.050102 0.297443
kabigon_body.png
2 -7.456943 1.084826 1.032195 -0.855206 0.359816 0.373034 0.053239 0.288762
2 -6.923818 1.986991 0.315788 -0.692212 0.554933 -0.461403 0.052782 0.277554
2 -7.421649 1.037768 0.341795 -0.837546 0.255163 -0.483125 0.041787 0.286874
kabigon_body.png
2 -7.456943 1.084826 1.032195 -0.855206 0.359816 0.373034 0.053239 0.288762
2 -7.421649 1.037768 0.341795 -0.837546 0.255163 -0.483125 0.041787 0.286874
2 -7.673041 -0.002477 1.067489 -0.973020 0.030155 0.228741 0.050102 0.297443
kabigon_body.png
2 -7.673041 -0.002477 1.067489 -0.973020 0.030155 0.228741 0.050102 0.297443
2 -7.643320 -0.009288 0.352321 -0.715359 0.012347 -0.698648 0.037949 0.297443
2 -7.471804 -1.058820 0.339318 -0.851918 -0.226034 -0.472382 0.041635 0.307981
kabigon_body.png
2 -7.643320 -0.009288 0.352321 -0.715359 0.012347 -0.698648 0.037949 0.297443
2 -7.673041 -0.002477 1.067489 -0.973020 0.030155 0.228741 0.050102 0.297443
2 -7.421649 1.037768 0.341795 -0.837546 0.255163 -0.483125 0.041787 0.286874
kabigon_body.png
2 7.471804 -1.058820 0.339318 0.851918 -0.226034 -0.472382 0.972582 0.317666
2 6.505862 -1.563463 0.016099 0.241330 -0.144516 -0.959622 0.905912 0.331676
2 7.643320 -0.009288 0.352321 0.715359 0.012347 -0.698648 0.984612 0.283889
kabigon_body.png
2 7.471804 -1.058820 0.339318 0.851918 -0.226034 -0.472382 0.972582 0.317666
2 6.998740 -2.070582 0.338080 0.719160 -0.595186 -0.358556 0.940846 0.348184
2 6.505862 -1.563463 0.016099 0.241330 -0.144516 -0.959622 0.905912 0.331676
kabigon_body.png
2 6.998740 -2.070582 0.338080 0.719160 -0.595186 -0.358556 0.940846 0.348184
2 6.119486 -2.745502 0.321361 0.325885 -0.775056 -0.541376 0.883891 0.368864
2 6.505862 -1.563463 0.016099 0.241330 -0.144516 -0.959622 0.905912 0.331676
kabigon_body.png
2 6.505862 -1.563463 0.016099 0.241330 -0.144516 -0.959622 0.905912 0.331676
2 6.632178 0.747985 0.011145 0.194307 0.085096 -0.977243 0.915292 0.260072
2 7.643320 -0.009288 0.352321 0.715359 0.012347 -0.698648 0.984612 0.283889
kabigon_body.png
2 7.643320 -0.009288 0.352321 0.715359 0.012347 -0.698648 0.984612 0.283889
2 6.632178 0.747985 0.011145 0.194307 0.085096 -0.977243 0.915292 0.260072
2 7.421649 1.037768 0.341795 0.837545 0.255163 -0.483125 0.971089 0.249960
kabigon_body.png
2 7.421649 1.037768 0.341795 0.837545 0.255163 -0.483125 0.971089 0.249960
2 6.632178 0.747985 0.011145 0.194307 0.085096 -0.977243 0.915292 0.260072
2 6.923818 1.986991 0.315788 0.692212 0.554933 -0.461403 0.937952 0.219503
kabigon_body.png
2 6.923818 1.986991 0.315788 0.692212 0.554933 -0.461403 0.937952 0.219503
2 6.632178 0.747985 0.011145 0.194307 0.085096 -0.977243 0.915292 0.260072
2 6.055089 2.615472 0.294117 0.338179 0.729869 -0.594076 0.881333 0.199524
kabigon_body.png
2 6.505862 -1.563463 0.016099 0.241330 -0.144516 -0.959622 0.905912 0.331676
2 6.119486 -2.745502 0.321361 0.325885 -0.775056 -0.541376 0.883891 0.368864
2 4.999985 -2.071820 0.000000 0.000013 -0.151836 -0.988406 0.812926 0.340691
kabigon_body.png
2 6.505862 -1.563463 0.016099 0.241330 -0.144516 -0.959622 0.905912 0.331676
2 4.999985 -2.071820 0.000000 0.000013 -0.151836 -0.988406 0.812926 0.340691
2 6.632178 0.747985 0.011145 0.194307 0.085096 -0.977243 0.915292 0.260072
kabigon_body.png
2 6.632178 0.747985 0.011145 0.194307 0.085096 -0.977243 0.915292 0.260072
2 4.999985 1.957269 -0.000000 0.000021 0.164872 -0.986315 0.812926 0.228244
2 6.055089 2.615472 0.294117 0.338179 0.729869 -0.594076 0.881333 0.199524
kabigon_body.png
2 6.632178 0.747985 0.011145 0.194307 0.085096 -0.977243 0.915292 0.260072
2 4.999985 -2.071820 0.000000 0.000013 -0.151836 -0.988406 0.812926 0.340691
2 4.999985 1.957269 -0.000000 0.000021 0.164872 -0.986315 0.812926 0.228244
kabigon_body.png
2 6.055089 2.615472 0.294117 0.338179 0.729869 -0.594076 0.881333 0.199524
2 4.999985 1.957269 -0.000000 0.000021 0.164872 -0.986315 0.812926 0.228244
2 4.999985 2.879867 0.286067 0.000058 0.804159 -0.594414 0.812926 0.191117
kabigon_body.png
2 4.999985 2.879867 0.286067 0.000058 0.804159 -0.594414 0.812926 0.191117
2 4.999985 1.957269 -0.000000 0.000021 0.164872 -0.986315 0.812926 0.228244
2 3.944260 2.615472 0.294117 -0.338107 0.729899 -0.594080 0.744551 0.199524
kabigon_body.png
2 4.999985 1.957269 -0.000000 0.000021 0.164872 -0.986315 0.812926 0.228244
2 4.999985 -2.071820 0.000000 0.000013 -0.151836 -0.988406 0.812926 0.340691
2 3.367172 0.747985 0.011145 -0.194295 0.085093 -0.977245 0.710561 0.260072
kabigon_body.png
2 4.999985 1.957269 -0.000000 0.000021 0.164872 -0.986315 0.812926 0.228244
2 3.367172 0.747985 0.011145 -0.194295 0.085093 -0.977245 0.710561 0.260072
2 3.944260 2.615472 0.294117 -0.338107 0.729899 -0.594080 0.744551 0.199524
kabigon_body.png
2 3.944260 2.615472 0.294117 -0.338107 0.729899 -0.594080 0.744551 0.199524
2 3.367172 0.747985 0.011145 -0.194295 0.085093 -0.977245 0.710561 0.260072
2 3.075532 1.986991 0.315788 -0.692212 0.554933 -0.461402 0.687931 0.219503
kabigon_body.png
2 3.075532 1.986991 0.315788 -0.692212 0.554933 -0.461402 0.687931 0.219503
2 3.367172 0.747985 0.011145 -0.194295 0.085093 -0.977245 0.710561 0.260072
2 2.577701 1.037768 0.341795 -0.837545 0.255163 -0.483125 0.654794 0.249960
kabigon_body.png
2 2.577701 1.037768 0.341795 -0.837545 0.255163 -0.483125 0.654794 0.249960
2 3.367172 0.747985 0.011145 -0.194295 0.085093 -0.977245 0.710561 0.260072
2 2.356030 -0.009288 0.352321 -0.715359 0.012347 -0.698648 0.641241 0.283889
kabigon_body.png
2 3.367172 0.747985 0.011145 -0.194295 0.085093 -0.977245 0.710561 0.260072
2 4.999985 -2.071820 0.000000 0.000013 -0.151836 -0.988406 0.812926 0.340691
2 3.493488 -1.563463 0.016099 -0.241321 -0.144514 -0.959625 0.719972 0.331676
kabigon_body.png
2 3.367172 0.747985 0.011145 -0.194295 0.085093 -0.977245 0.710561 0.260072
2 3.493488 -1.563463 0.016099 -0.241321 -0.144514 -0.959625 0.719972 0.331676
2 2.356030 -0.009288 0.352321 -0.715359 0.012347 -0.698648 0.641241 0.283889
kabigon_body.png
2 2.356030 -0.009288 0.352321 -0.715359 0.012347 -0.698648 0.641241 0.283889
2 3.493488 -1.563463 0.016099 -0.241321 -0.144514 -0.959625 0.719972 0.331676
2 2.527546 -1.058820 0.339318 -0.851796 -0.225870 -0.472680 0.653301 0.317666
kabigon_body.png
2 2.527546 -1.058820 0.339318 -0.851796 -0.225870 -0.472680 0.653301 0.317666
2 3.493488 -1.563463 0.016099 -0.241321 -0.144514 -0.959625 0.719972 0.331676
2 3.000610 -2.070582 0.338080 -0.719056 -0.595241 -0.358673 0.685038 0.348184
kabigon_body.png
2 3.000610 -2.070582 0.338080 -0.719056 -0.595241 -0.358673 0.685038 0.348184
2 3.493488 -1.563463 0.016099 -0.241321 -0.144514 -0.959625 0.719972 0.331676
2 3.879864 -2.745502 0.321361 -0.325818 -0.775078 -0.541385 0.741992 0.368864
kabigon_body.png
2 3.493488 -1.563463 0.016099 -0.241321 -0.144514 -0.959625 0.719972 0.331676
2 4.999985 -2.071820 0.000000 0.000013 -0.151836 -0.988406 0.812926 0.340691
2 3.879864 -2.745502 0.321361 -0.325818 -0.775078 -0.541385 0.741992 0.368864
kabigon_body.png
2 3.879864 -2.745502 0.321361 -0.325818 -0.775078 -0.541385 0.741992 0.368864
2 4.999985 -2.071820 0.000000 0.000013 -0.151836 -0.988406 0.812926 0.340691
2 4.999985 -3.017947 0.315789 0.000054 -0.833152 -0.553044 0.812926 0.377057
kabigon_body.png
2 4.999985 -3.017947 0.315789 0.000054 -0.833152 -0.553044 0.812926 0.377057
2 4.999985 -2.071820 0.000000 0.000013 -0.151836 -0.988406 0.812926 0.340691
2 6.119486 -2.745502 0.321361 0.325885 -0.775056 -0.541376 0.883891 0.368864
kabigon_body.png
2 4.999985 -3.017947 0.315789 0.000054 -0.833152 -0.553044 0.092193 0.325737
2 6.119486 -2.745502 0.321361 0.325885 -0.775056 -0.541376 0.070538 0.323331
2 4.999985 -2.929403 1.229718 0.000061 -0.924162 0.382002 0.092193 0.319128
kabigon_body.png
2 4.999985 -3.017947 0.315789 0.000054 -0.833152 -0.553044 0.092193 0.325737
2 4.999985 -2.929403 1.229718 0.000061 -0.924162 0.382002 0.092193 0.319128
2 3.879864 -2.745502 0.321361 -0.325818 -0.775078 -0.541385 0.113818 0.323331
kabigon_body.png
2 3.879864 -2.745502 0.321361 -0.325818 -0.775078 -0.541385 0.113818 0.323331
2 4.999985 -2.929403 1.229718 0.000061 -0.924162 0.382002 0.092193 0.319128
2 3.856335 -2.648289 1.203711 -0.409867 -0.768473 0.491384 0.108975 0.317209
kabigon_body.png
2 3.879864 -2.745502 0.321361 -0.325818 -0.775078 -0.541385 0.113818 0.323331
2 3.856335 -2.648289 1.203711 -0.409867 -0.768473 0.491384 0.108975 0.317209
2 3.000610 -2.070582 0.338080 -0.719056 -0.595241 -0.358673 0.131361 0.316996
kabigon_body.png
2 4.999985 -2.929403 1.229718 0.000061 -0.924162 0.382002 0.092193 0.319128
2 6.119486 -2.745502 0.321361 0.325885 -0.775056 -0.541376 0.070538 0.323331
2 6.143015 -2.648289 1.203711 0.410284 -0.768448 0.491075 0.075381 0.317209
kabigon_body.png
2 6.119486 -2.745502 0.321361 0.325885 -0.775056 -0.541376 0.070538 0.323331
2 6.998740 -2.070582 0.338080 0.719160 -0.595186 -0.358556 0.053026 0.316996
2 6.143015 -2.648289 1.203711 0.410284 -0.768448 0.491075 0.075381 0.317209
kabigon_body.png
2 4.999985 -2.929403 1.229718 0.000061 -0.924162 0.382002 0.092193 0.319128
2 4.999985 -1.592565 2.100303 0.000015 -0.404288 0.914632 0.092193 0.308712
2 3.856335 -2.648289 1.203711 -0.409867 -0.768473 0.491384 0.108975 0.317209
kabigon_body.png
2 4.999985 -2.929403 1.229718 0.000061 -0.924162 0.382002 0.092193 0.319128
2 6.143015 -2.648289 1.203711 0.410284 -0.768448 0.491075 0.075381 0.317209
2 4.999985 -1.592565 2.100303 0.000015 -0.404288 0.914632 0.092193 0.308712
kabigon_body.png
2 3.856335 -2.648289 1.203711 -0.409867 -0.768473 0.491384 0.108975 0.317209
2 2.978319 -2.048910 1.131885 -0.701056 -0.582639 0.411159 0.122285 0.312701
2 3.000610 -2.070582 0.338080 -0.719056 -0.595241 -0.358673 0.131361 0.316996
kabigon_body.png
2 3.856335 -2.648289 1.203711 -0.409867 -0.768473 0.491384 0.108975 0.317209
2 4.999985 -1.592565 2.100303 0.000015 -0.404288 0.914632 0.092193 0.308712
2 3.421661 -1.289160 1.858199 -0.400202 -0.288931 0.869688 0.113239 0.306397
kabigon_body.png
2 3.856335 -2.648289 1.203711 -0.409867 -0.768473 0.491384 0.108975 0.317209
2 3.421661 -1.289160 1.858199 -0.400202 -0.288931 0.869688 0.113239 0.306397
2 2.978319 -2.048910 1.131885 -0.701056 -0.582639 0.411159 0.122285 0.312701
kabigon_body.png
2 2.978319 -2.048910 1.131885 -0.701056 -0.582639 0.411159 0.122285 0.312701
2 2.485441 -1.084826 1.090399 -0.880317 -0.285234 0.379055 0.130660 0.305818
2 3.000610 -2.070582 0.338080 -0.719056 -0.595241 -0.358673 0.131361 0.316996
kabigon_body.png
2 2.978319 -2.048910 1.131885 -0.701056 -0.582639 0.411159 0.122285 0.312701
2 3.421661 -1.289160 1.858199 -0.400202 -0.288931 0.869688 0.113239 0.306397
2 2.485441 -1.084826 1.090399 -0.880317 -0.285234 0.379055 0.130660 0.305818
kabigon_body.png
2 3.000610 -2.070582 0.338080 -0.719056 -0.595241 -0.358673 0.131361 0.316996
2 2.485441 -1.084826 1.090399 -0.880317 -0.285234 0.379055 0.130660 0.305818
2 2.527546 -1.058820 0.339318 -0.851796 -0.225870 -0.472680 0.142721 0.307981
kabigon_body.png
2 6.143015 -2.648289 1.203711 0.410284 -0.768448 0.491075 0.075381 0.317209
2 6.998740 -2.070582 0.338080 0.719160 -0.595186 -0.358556 0.053026 0.316996
2 7.021031 -2.048910 1.129408 0.701496 -0.582731 0.410277 0.062071 0.312732
kabigon_body.png
2 6.143015 -2.648289 1.203711 0.410284 -0.768448 0.491075 0.075381 0.317209
2 6.578308 -1.289160 1.858199 0.400800 -0.289238 0.869311 0.071117 0.306397
2 4.999985 -1.592565 2.100303 0.000015 -0.404288 0.914632 0.092193 0.308712
kabigon_body.png
2 6.143015 -2.648289 1.203711 0.410284 -0.768448 0.491075 0.075381 0.317209
2 7.021031 -2.048910 1.129408 0.701496 -0.582731 0.410277 0.062071 0.312732
2 6.578308 -1.289160 1.858199 0.400800 -0.289238 0.869311 0.071117 0.306397
kabigon_body.png
2 7.021031 -2.048910 1.129408 0.701496 -0.582731 0.410277 0.062071 0.312732
2 6.998740 -2.070582 0.338080 0.719160 -0.595186 -0.358556 0.053026 0.316996
2 7.513289 -1.084826 1.090399 0.880275 -0.285490 0.378962 0.053696 0.305818
kabigon_body.png
2 7.021031 -2.048910 1.129408 0.701496 -0.582731 0.410277 0.062071 0.312732
2 7.513289 -1.084826 1.090399 0.880275 -0.285490 0.378962 0.053696 0.305818
2 6.578308 -1.289160 1.858199 0.400800 -0.289238 0.869311 0.071117 0.306397
kabigon_body.png
2 6.998740 -2.070582 0.338080 0.719160 -0.595186 -0.358556 0.053026 0.316996
2 7.471804 -1.058820 0.339318 0.851918 -0.226034 -0.472382 0.041635 0.307981
2 7.513289 -1.084826 1.090399 0.880275 -0.285490 0.378962 0.053696 0.305818
kabigon_body.png
2 4.999985 -1.592565 2.100303 0.000015 -0.404288 0.914632 0.092193 0.308712
2 4.999985 0.022291 2.352315 0.000030 -0.014528 0.999894 0.092193 0.297443
2 3.421661 -1.289160 1.858199 -0.400202 -0.288931 0.869688 0.113239 0.306397
kabigon_body.png
2 4.999985 -1.592565 2.100303 0.000015 -0.404288 0.914632 0.092193 0.308712
2 6.578308 -1.289160 1.858199 0.400800 -0.289238 0.869311 0.071117 0.306397
2 4.999985 0.022291 2.352315 0.000030 -0.014528 0.999894 0.092193 0.297443
kabigon_body.png
2 6.578308 -1.289160 1.858199 0.400800 -0.289238 0.869311 0.071117 0.306397
2 7.513289 -1.084826 1.090399 0.880275 -0.285490 0.378962 0.053696 0.305818
2 6.710196 -0.002477 1.969653 0.544618 0.010248 0.838622 0.069290 0.297443
kabigon_body.png
2 6.578308 -1.289160 1.858199 0.400800 -0.289238 0.869311 0.071117 0.306397
2 6.710196 -0.002477 1.969653 0.544618 0.010248 0.838622 0.069290 0.297443
2 4.999985 0.022291 2.352315 0.000030 -0.014528 0.999894 0.092193 0.297443
kabigon_body.png
2 7.513289 -1.084826 1.090399 0.880275 -0.285490 0.378962 0.053696 0.305818
2 7.471804 -1.058820 0.339318 0.851918 -0.226034 -0.472382 0.041635 0.307981
2 7.673041 -0.002477 1.067489 0.973020 0.030155 0.228741 0.050102 0.297443
kabigon_body.png
2 7.513289 -1.084826 1.090399 0.880275 -0.285490 0.378962 0.053696 0.305818
2 7.673041 -0.002477 1.067489 0.973020 0.030155 0.228741 0.050102 0.297443
2 6.710196 -0.002477 1.969653 0.544618 0.010248 0.838622 0.069290 0.297443
kabigon_body.png
2 7.471804 -1.058820 0.339318 0.851918 -0.226034 -0.472382 0.041635 0.307981
2 7.643320 -0.009288 0.352321 0.715359 0.012347 -0.698648 0.037949 0.297443
2 7.673041 -0.002477 1.067489 0.973020 0.030155 0.228741 0.050102 0.297443
kabigon_body.png
2 7.643320 -0.009288 0.352321 0.715359 0.012347 -0.698648 0.037949 0.297443
2 7.421649 1.037768 0.341795 0.837545 0.255163 -0.483125 0.041787 0.286874
2 7.673041 -0.002477 1.067489 0.973020 0.030155 0.228741 0.050102 0.297443
kabigon_body.png
2 7.673041 -0.002477 1.067489 0.973020 0.030155 0.228741 0.050102 0.297443
2 7.456943 1.084826 1.032195 0.855206 0.359816 0.373034 0.053239 0.288762
2 6.710196 -0.002477 1.969653 0.544618 0.010248 0.838622 0.069290 0.297443
kabigon_body.png
2 7.673041 -0.002477 1.067489 0.973020 0.030155 0.228741 0.050102 0.297443
2 7.421649 1.037768 0.341795 0.837545 0.255163 -0.483125 0.041787 0.286874
2 7.456943 1.084826 1.032195 0.855206 0.359816 0.373034 0.053239 0.288762
kabigon_body.png
2 7.421649 1.037768 0.341795 0.837545 0.255163 -0.483125 0.041787 0.286874
2 6.923818 1.986991 0.315788 0.692212 0.554933 -0.461403 0.052782 0.277554
2 7.456943 1.084826 1.032195 0.855206 0.359816 0.373034 0.053239 0.288762
kabigon_body.png
2 6.710196 -0.002477 1.969653 0.544618 0.010248 0.838622 0.069290 0.297443
2 6.620413 1.196900 1.858199 0.432707 0.275782 0.858318 0.070477 0.289828
2 4.999985 0.022291 2.352315 0.000030 -0.014528 0.999894 0.092193 0.297443
kabigon_body.png
2 6.710196 -0.002477 1.969653 0.544618 0.010248 0.838622 0.069290 0.297443
2 7.456943 1.084826 1.032195 0.855206 0.359816 0.373034 0.053239 0.288762
2 6.620413 1.196900 1.858199 0.432707 0.275782 0.858318 0.070477 0.289828
kabigon_body.png
2 7.456943 1.084826 1.032195 0.855206 0.359816 0.373034 0.053239 0.288762
2 6.923818 1.986991 0.315788 0.692212 0.554933 -0.461403 0.052782 0.277554
2 6.497813 2.325070 1.152318 0.531226 0.708837 0.464058 0.068741 0.279382
kabigon_body.png
2 7.456943 1.084826 1.032195 0.855206 0.359816 0.373034 0.053239 0.288762
2 6.497813 2.325070 1.152318 0.531226 0.708837 0.464058 0.068741 0.279382
2 6.620413 1.196900 1.858199 0.432707 0.275782 0.858318 0.070477 0.289828
kabigon_body.png
2 6.620413 1.196900 1.858199 0.432707 0.275782 0.858318 0.070477 0.289828
2 4.999985 1.360986 2.221046 0.000047 0.401599 0.915816 0.092193 0.289585
2 4.999985 0.022291 2.352315 0.000030 -0.014528 0.999894 0.092193 0.297443
kabigon_body.png
2 6.620413 1.196900 1.858199 0.432707 0.275782 0.858318 0.070477 0.289828
2 6.497813 2.325070 1.152318 0.531226 0.708837 0.464058 0.068741 0.279382
2 4.999985 1.360986 2.221046 0.000047 0.401599 0.915816 0.092193 0.289585
kabigon_body.png
2 6.923818 1.986991 0.315788 0.692212 0.554933 -0.461403 0.052782 0.277554
2 6.055089 2.615472 0.294117 0.338179 0.729869 -0.594076 0.070112 0.270854
2 6.497813 2.325070 1.152318 0.531226 0.708837 0.464058 0.068741 0.279382
kabigon_body.png
2 6.497813 2.325070 1.152318 0.531226 0.708837 0.464058 0.068741 0.279382
2 4.999985 2.862530 1.283587 0.000069 0.927286 0.374353 0.092193 0.275788
2 4.999985 1.360986 2.221046 0.000047 0.401599 0.915816 0.092193 0.289585
kabigon_body.png
2 6.497813 2.325070 1.152318 0.531226 0.708837 0.464058 0.068741 0.279382
2 6.055089 2.615472 0.294117 0.338179 0.729869 -0.594076 0.070112 0.270854
2 4.999985 2.862530 1.283587 0.000069 0.927286 0.374353 0.092193 0.275788
kabigon_body.png
2 6.055089 2.615472 0.294117 0.338179 0.729869 -0.594076 0.070112 0.270854
2 4.999985 2.879867 0.286067 0.000058 0.804159 -0.594414 0.092193 0.267930
2 4.999985 2.862530 1.283587 0.000069 0.927286 0.374353 0.092193 0.275788
kabigon_body.png
2 4.999985 2.879867 0.286067 0.000058 0.804159 -0.594414 0.092193 0.267930
2 3.944260 2.615472 0.294117 -0.338107 0.729899 -0.594080 0.114244 0.270854
2 4.999985 2.862530 1.283587 0.000069 0.927286 0.374353 0.092193 0.275788
kabigon_body.png
2 4.999985 2.862530 1.283587 0.000069 0.927286 0.374353 0.092193 0.275788
2 3.501537 2.325070 1.152318 -0.531175 0.708856 0.464086 0.115645 0.279351
2 4.999985 1.360986 2.221046 0.000047 0.401599 0.915816 0.092193 0.289585
kabigon_body.png
2 4.999985 2.862530 1.283587 0.000069 0.927286 0.374353 0.092193 0.275788
2 3.944260 2.615472 0.294117 -0.338107 0.729899 -0.594080 0.114244 0.270854
2 3.501537 2.325070 1.152318 -0.531175 0.708856 0.464086 0.115645 0.279351
kabigon_body.png
2 3.944260 2.615472 0.294117 -0.338107 0.729899 -0.594080 0.114244 0.270854
2 3.075532 1.986991 0.315788 -0.692212 0.554933 -0.461402 0.131574 0.277554
2 3.501537 2.325070 1.152318 -0.531175 0.708856 0.464086 0.115645 0.279351
kabigon_body.png
2 4.999985 1.360986 2.221046 0.000047 0.401599 0.915816 0.092193 0.289585
2 3.378937 1.196900 1.858199 -0.432661 0.275786 0.858340 0.113879 0.289828
2 4.999985 0.022291 2.352315 0.000030 -0.014528 0.999894 0.092193 0.297443
kabigon_body.png
2 4.999985 1.360986 2.221046 0.000047 0.401599 0.915816 0.092193 0.289585
2 3.501537 2.325070 1.152318 -0.531175 0.708856 0.464086 0.115645 0.279351
2 3.378937 1.196900 1.858199 -0.432661 0.275786 0.858340 0.113879 0.289828
kabigon_body.png
2 3.501537 2.325070 1.152318 -0.531175 0.708856 0.464086 0.115645 0.279351
2 3.075532 1.986991 0.315788 -0.692212 0.554933 -0.461402 0.131574 0.277554
2 2.542407 1.084826 1.032195 -0.855206 0.359816 0.373034 0.131117 0.288762
kabigon_body.png
2 3.501537 2.325070 1.152318 -0.531175 0.708856 0.464086 0.115645 0.279351
2 2.542407 1.084826 1.032195 -0.855206 0.359816 0.373034 0.131117 0.288762
2 3.378937 1.196900 1.858199 -0.432661 0.275786 0.858340 0.113879 0.289828
kabigon_body.png
2 3.378937 1.196900 1.858199 -0.432661 0.275786 0.858340 0.113879 0.289828
2 3.289154 -0.002477 1.969653 -0.544509 0.010247 0.838692 0.115097 0.297443
2 4.999985 0.022291 2.352315 0.000030 -0.014528 0.999894 0.092193 0.297443
kabigon_body.png
2 3.421661 -1.289160 1.858199 -0.400202 -0.288931 0.869688 0.113239 0.306397
2 3.289154 -0.002477 1.969653 -0.544509 0.010247 0.838692 0.115097 0.297443
2 2.485441 -1.084826 1.090399 -0.880317 -0.285234 0.379055 0.130660 0.305818
kabigon_body.png
2 3.421661 -1.289160 1.858199 -0.400202 -0.288931 0.869688 0.113239 0.306397
2 4.999985 0.022291 2.352315 0.000030 -0.014528 0.999894 0.092193 0.297443
2 3.289154 -0.002477 1.969653 -0.544509 0.010247 0.838692 0.115097 0.297443
kabigon_body.png
2 3.378937 1.196900 1.858199 -0.432661 0.275786 0.858340 0.113879 0.289828
2 2.542407 1.084826 1.032195 -0.855206 0.359816 0.373034 0.131117 0.288762
2 3.289154 -0.002477 1.969653 -0.544509 0.010247 0.838692 0.115097 0.297443
kabigon_body.png
2 3.289154 -0.002477 1.969653 -0.544509 0.010247 0.838692 0.115097 0.297443
2 2.326308 -0.002477 1.067489 -0.973047 0.030327 0.228602 0.134254 0.297443
2 2.485441 -1.084826 1.090399 -0.880317 -0.285234 0.379055 0.130660 0.305818
kabigon_body.png
2 2.485441 -1.084826 1.090399 -0.880317 -0.285234 0.379055 0.130660 0.305818
2 2.326308 -0.002477 1.067489 -0.973047 0.030327 0.228602 0.134254 0.297443
2 2.527546 -1.058820 0.339318 -0.851796 -0.225870 -0.472680 0.142721 0.307981
kabigon_body.png
2 3.289154 -0.002477 1.969653 -0.544509 0.010247 0.838692 0.115097 0.297443
2 2.542407 1.084826 1.032195 -0.855206 0.359816 0.373034 0.131117 0.288762
2 2.326308 -0.002477 1.067489 -0.973047 0.030327 0.228602 0.134254 0.297443
kabigon_body.png
2 2.542407 1.084826 1.032195 -0.855206 0.359816 0.373034 0.131117 0.288762
2 3.075532 1.986991 0.315788 -0.692212 0.554933 -0.461402 0.131574 0.277554
2 2.577701 1.037768 0.341795 -0.837545 0.255163 -0.483125 0.142569 0.286874
kabigon_body.png
2 2.542407 1.084826 1.032195 -0.855206 0.359816 0.373034 0.131117 0.288762
2 2.577701 1.037768 0.341795 -0.837545 0.255163 -0.483125 0.142569 0.286874
2 2.326308 -0.002477 1.067489 -0.973047 0.030327 0.228602 0.134254 0.297443
kabigon_body.png
2 2.326308 -0.002477 1.067489 -0.973047 0.030327 0.228602 0.134254 0.297443
2 2.356030 -0.009288 0.352321 -0.715359 0.012347 -0.698648 0.146437 0.297443
2 2.527546 -1.058820 0.339318 -0.851796 -0.225870 -0.472680 0.142721 0.307981
kabigon_body.png
2 2.356030 -0.009288 0.352321 -0.715359 0.012347 -0.698648 0.146437 0.297443
2 2.326308 -0.002477 1.067489 -0.973047 0.030327 0.228602 0.134254 0.297443
2 2.577701 1.037768 0.341795 -0.837545 0.255163 -0.483125 0.142569 0.286874
end
