# Wavefront OBJ file
# Exported by Misfit Model 3D 1.3.8
# Fri Mar 02 07:46:23 2018

mtllib snorlax.mtl

# 454 Vertices
v -12.14238 12.25693 0.309596
v -12.95042 12.31204 0.146129
v -12.26498 12.29408 -0.131888
v -11.90399 12.61606 0.134984
v -12.04083 12.2464 -0.75232
v -12.55166 12.20677 -1.24334
v -11.77024 12.15662 -1.136839
v -11.82225 12.51885 -0.969038
v -11.8495 12.06436 0.819192
v -11.72009 12.48046 0.67492
v -12.79563 12.1591 0.814239
v -12.08789 12.18944 0.419193
v -11.71328 11.79687 0.602475
v -12.31389 11.76343 1.142411
v -11.50956 11.91823 1.014238
v -11.52195 11.48541 0.916406
v -12.23897 12.29346 -0.197523
v -11.87303 12.5981 -0.466872
v -12.93371 12.36962 -0.608667
v -12.08975 12.26807 -0.687924
v 12.14238 12.25693 0.309596
v 12.26498 12.29408 -0.131888
v 12.95042 12.31204 0.146129
v 11.90399 12.61606 0.134984
v 12.04083 12.2464 -0.75232
v 11.77024 12.15662 -1.136839
v 12.55166 12.20677 -1.24334
v 11.82225 12.51885 -0.969038
v 11.8495 12.06436 0.819192
v 12.79563 12.1591 0.814239
v 11.72009 12.48046 0.67492
v 12.08789 12.18944 0.419193
v 11.71328 11.79687 0.602475
v 11.50956 11.91823 1.014238
v 12.31389 11.76343 1.142411
v 11.52195 11.48541 0.916406
v 12.23897 12.29346 -0.197523
v 12.93371 12.36962 -0.608667
v 11.87303 12.5981 -0.466872
v 12.08975 12.26807 -0.687924
v -4.998746 0.992567 2.90092
v -4.998746 0.61362 3.546119
v -4.599367 0.764084 2.835905
v -4.66562 0.274922 3.441475
v -4.999365 0.224148 3.933734
v -4.479862 0.319504 2.835905
v -5.331253 0.274922 3.441475
v -5.517011 0.319504 2.835905
v -5.398126 0.764084 2.835905
v -6.449516 0.952938 2.434048
v -6.816078 0.633435 2.964697
v -6.121343 0.784518 2.660673
v -6.482952 0.295355 3.067483
v -7.03713 0.243962 3.283581
v -6.020415 0.321361 2.722592
v -7.030319 0.295355 2.689156
v -6.869328 0.335603 2.121356
v -6.778926 0.784518 2.206804
v -3.547358 0.952938 2.412996
v -3.87553 0.784518 2.660673
v -3.180795 0.633435 2.964697
v -3.513921 0.295355 3.067483
v -3.976458 0.321361 2.722592
v -2.959743 0.243962 3.283581
v -2.966554 0.295355 2.689156
v -3.127544 0.335603 2.121356
v -3.218566 0.784518 2.185133
v 4.998746 0.992567 2.90092
v 4.599367 0.764084 2.835905
v 4.998746 0.61362 3.546119
v 4.66562 0.274922 3.441475
v 4.479862 0.319504 2.835905
v 4.999365 0.224148 3.933734
v 5.331253 0.274922 3.441475
v 5.517011 0.319504 2.835905
v 5.398126 0.764084 2.835905
v 6.449516 0.952938 2.434048
v 6.121343 0.784518 2.660673
v 6.816078 0.633435 2.964697
v 6.482952 0.295355 3.067483
v 6.020415 0.321361 2.722592
v 7.03713 0.243962 3.283581
v 7.030319 0.295355 2.689156
v 6.869328 0.335603 2.121356
v 6.778926 0.784518 2.206804
v 3.547358 0.952938 2.412996
v 3.180795 0.633435 2.964697
v 3.87553 0.784518 2.660673
v 3.513921 0.295355 3.067483
v 2.959743 0.243962 3.283581
v 3.976458 0.321361 2.722592
v 2.966554 0.295355 2.689156
v 3.127544 0.335603 2.121356
v 3.218566 0.784518 2.185133
v -2.330643 17.1919 3.044573
v -2.410519 16.06806 3.416089
v 0.0 17.299641 3.657573
v 0.0 16.103359 4.091009
v 2.410519 16.06806 3.416089
v 2.330643 17.1919 3.044573
v -2.999372 18.10025 2.045814
v -1.492255 18.28849 2.687917
v 0.0 18.364031 2.905873
v 1.492255 18.28849 2.687917
v 2.999372 18.10025 2.045814
v 0.0 13.46002 3.554168
v 0.0 14.50336 4.042092
v -1.819189 13.54547 3.141786
v 1.819189 13.54547 3.141786
v -2.204328 14.60862 3.475531
v -3.203086 13.71884 2.316401
v 2.204328 14.60862 3.475531
v 3.203086 13.71884 2.316401
v -3.671815 14.77023 2.382036
v -4.073672 13.94175 0.972133
v 3.671815 14.77023 2.382036
v 4.073672 13.94175 0.972133
v -3.805561 15.99871 2.322593
v -4.485435 15.2241 0.902783
v -4.023517 14.08417 -0.92879
v 3.805561 15.99871 2.322593
v 4.485435 15.2241 0.902783
v 4.023517 14.08417 -0.92879
v -3.587605 17.08602 2.254482
v -4.490388 16.67116 0.717025
v -3.739307 17.81666 1.269965
v -4.374599 15.29035 -0.97523
v 3.587605 17.08602 2.254482
v 4.490388 16.67116 0.717025
v 3.739307 17.81666 1.269965
v 4.374599 15.29035 -0.97523
v -3.279247 18.556601 0.928789
v -4.20556 17.87982 0.077399
v -4.368408 16.72069 -0.969038
v -3.430949 15.14546 -2.459435
v -2.367175 14.14051 -2.760982
v 3.279247 18.556601 0.928789
v 4.20556 17.87982 0.077399
v 4.368408 16.72069 -0.969038
v 3.430949 15.14546 -2.459435
v 2.367175 14.14051 -2.760982
v -4.127542 17.842051 -0.912072
v -3.507729 17.06496 -2.205566
v 4.127542 17.842051 -0.912072
v 3.507729 17.06496 -2.205566
v -2.061913 15.020389 -3.435903
v 0.0 14.16466 -3.598751
v -2.013616 16.22905 -3.546738
v 0.0 15.00986 -4.02104
v 2.061913 15.020389 -3.435903
v 2.013616 16.22905 -3.546738
v 0.0 16.584471 -4.032805
v 2.090396 17.59066 -3.143645
v 3.533735 18.173941 -1.57337
v -2.090396 17.59066 -3.143645
v 0.0 17.74979 -3.542404
v 0.0 18.82657 -2.516402
v 2.078012 18.51759 -2.308352
v 2.045195 19.125019 -1.2743
v -3.533735 18.173941 -1.57337
v -2.078012 18.51759 -2.308352
v -2.045195 19.125019 -1.2743
v 0.0 19.43152 -0.829719
v 4.143021 18.91325 -0.835911
v 3.742403 19.073009 -1.261297
v 2.865007 19.62409 -1.120121
v -3.742403 19.073009 -1.261297
v -2.865007 19.62409 -1.120121
v 4.117015 18.953501 -0.224768
v 4.157882 19.985081 -0.76037
v 3.743022 19.95969 -1.034053
v 1.422287 19.366501 -0.150464
v 2.525069 19.827801 -0.382043
v 3.627852 20.289101 -0.613621
v 2.865007 19.70644 0.078637
v 3.96779 20.26248 -0.712692
v 3.89844 20.07053 -0.295975
v 3.589463 19.313869 0.315788
v 1.966557 19.232759 0.611762
v 0.0 19.429041 0.699688
v 1.663772 18.869289 1.797518
v 0.0 18.93988 2.124452
v -1.663772 18.869289 1.797518
v -1.966557 19.232759 0.611762
v -1.422287 19.366501 -0.150464
v -3.589463 19.313869 0.315788
v -2.865007 19.70644 0.078637
v -2.525069 19.827801 -0.382043
v -3.627852 20.289101 -0.613621
v -3.89844 20.07053 -0.295975
v -4.117015 18.953501 -0.224768
v -3.743022 19.95969 -1.034053
v -3.96779 20.26248 -0.712692
v -4.157882 19.985081 -0.76037
v -4.143021 18.91325 -0.835911
v -6.364686 1.844576 1.256343
v -6.924437 2.069343 -1.315785
v -5.580788 1.153557 -0.695973
v -5.677382 2.092254 -3.05448
v -4.188222 1.579562 2.677391
v -3.765933 0.92817 -0.666871
v -2.185752 1.530645 3.067483
v -3.021662 2.019808 -3.920112
v -2.066247 1.134362 -0.623528
v 0.0 1.981418 -4.155405
v 0.0 1.38142 -0.594425
v 0.0 1.505259 3.167792
v 2.185752 1.530645 3.067483
v 2.066247 1.134362 -0.623528
v 3.021662 2.019808 -3.920112
v 3.765933 0.92817 -0.666871
v 5.677382 2.092254 -3.05448
v 4.188222 1.579562 2.677391
v 5.580788 1.153557 -0.695973
v 6.364686 1.844576 1.256343
v 6.924437 2.069343 -1.315785
v -2.344884 2.232191 4.395652
v 0.0 2.765936 5.304008
v -4.601843 2.956028 4.270575
v -2.457577 3.399989 5.28729
v -6.387596 2.60123 2.582035
v -4.7424 4.78822 5.086671
v -6.721342 4.724443 3.583271
v -7.667469 3.39194 1.162845
v 0.0 4.380791 6.401218
v -2.536215 4.482958 6.045183
v -8.08109 5.80184 1.544268
v -7.778304 3.735592 -1.479872
v -6.278618 7.596262 4.357881
v 2.344884 2.232191 4.395652
v 2.457577 3.399989 5.28729
v 4.601843 2.956028 4.270575
v 0.0 6.67614 7.084808
v 2.536215 4.482958 6.045183
v 4.7424 4.78822 5.086671
v 2.587608 6.842084 6.657565
v -2.587608 6.842084 6.657565
v 0.0 9.55415 6.839607
v -4.862524 7.185736 5.567785
v -2.495968 9.569011 6.402457
v -4.575218 9.725666 5.201222
v -8.184495 6.476141 -1.186374
v -7.857561 8.215454 1.668725
v -6.128774 9.967771 3.89101
v 6.387596 2.60123 2.582035
v 6.721342 4.724443 3.583271
v 7.667469 3.39194 1.162845
v 2.495968 9.569011 6.402457
v 0.0 12.02968 5.482955
v -2.055102 12.09037 5.009892
v -3.74488 12.24021 3.978935
v 4.862524 7.185736 5.567785
v 6.278618 7.596262 4.357881
v 4.575218 9.725666 5.201222
v 2.055102 12.09037 5.009892
v -4.703391 12.42659 3.099681
v 3.74488 12.24021 3.978935
v 6.128774 9.967771 3.89101
v 4.703391 12.42659 3.099681
v 8.08109 5.80184 1.544268
v 7.857561 8.215454 1.668725
v 7.778304 3.735592 -1.479872
v 8.184495 6.476141 -1.186374
v -6.305243 11.67427 2.268724
v -5.149829 13.09717 1.592565
v 5.149829 13.09717 1.592565
v 6.305243 11.67427 2.268724
v 7.540534 10.03712 1.34303
v 7.869945 9.474894 -0.308358
v 6.25385 3.744261 -3.857573
v 6.494098 5.598744 -4.186984
v 7.208646 13.26374 1.229098
v 7.902143 11.90399 2.061913
v 8.647652 10.39935 1.265012
v 7.301526 9.100901 -2.617329
v 6.436512 7.744248 -4.28234
v 3.38389 5.599983 -6.080477
v 3.143024 3.57646 -5.311439
v 4.609273 13.90027 -0.019195
v 5.837753 13.88355 -0.009288
v 5.082337 13.44516 -1.468726
v 9.753531 12.107081 1.729406
v 9.409259 13.23587 1.027241
v 7.398739 10.3461 -1.806806
v 5.83218 10.37148 -3.868099
v 3.386367 8.024124 -6.190693
v 0.0 3.524447 -5.894719
v 0.0 5.593791 -6.777688
v -3.143024 3.57646 -5.311439
v 0.0 8.216074 -6.963446
v -3.38389 5.599983 -6.080477
v -6.25385 3.744261 -3.857573
v -6.494098 5.598744 -4.186984
v -6.436512 7.744248 -4.28234
v -3.386367 8.024124 -6.190693
v 0.0 10.572719 -6.328773
v 3.14612 10.46436 -5.504628
v 7.066851 13.86621 0.001238
v 9.264368 13.69284 -0.02353
v 7.188213 13.46188 -1.315166
v -7.301526 9.100901 -2.617329
v -5.83218 10.37148 -3.868099
v -3.14612 10.46436 -5.504628
v 0.0 12.771479 -5.108963
v -2.811137 12.541139 -4.462525
v 2.811137 12.541139 -4.462525
v 11.54919 13.12442 -0.065635
v 9.369011 13.34423 -1.107736
v -7.869945 9.474894 -0.308358
v -7.398739 10.3461 -1.806806
v -3.764075 13.64764 -2.517639
v -4.813607 12.18882 -3.139309
v -5.082337 13.44516 -1.468726
v -6.188216 12.17086 -2.362841
v 4.813607 12.18882 -3.139309
v 6.188216 12.17086 -2.362841
v 7.861895 12.24702 -2.252005
v 3.764075 13.64764 -2.517639
v -8.659416 10.6204 -1.669964
v -7.861895 12.24702 -2.252005
v -7.188213 13.46188 -1.315166
v 11.4495 12.982 -0.886685
v 9.801827 12.3108 -1.957889
v 8.659416 10.6204 -1.669964
v -4.609273 13.90027 -0.019195
v -5.837753 13.88355 -0.009288
v -9.801827 12.3108 -1.957889
v -9.369011 13.34423 -1.107736
v 12.01792 12.30832 -1.009285
v 11.41606 12.33557 -1.456342
v 10.26003 10.98449 -1.469345
v 11.756 11.54795 -1.173371
v 9.003068 9.845171 -0.253869
v 10.42907 10.40616 -0.203715
v 11.90956 11.34238 -0.143034
v 12.38572 12.25693 -0.095356
v 11.96715 12.2142 0.85139
v 11.63959 11.45383 0.925694
v 10.23526 10.88232 1.104641
v 11.38387 12.21978 1.224764
v 11.45817 12.92628 0.762846
v -7.066851 13.86621 0.001238
v -7.208646 13.26374 1.229098
v -9.264368 13.69284 -0.02353
v -11.4495 12.982 -0.886685
v -11.54919 13.12442 -0.065635
v -9.409259 13.23587 1.027241
v -7.902143 11.90399 2.061913
v -11.41606 12.33557 -1.456342
v -12.01792 12.30832 -1.009285
v -9.753531 12.107081 1.729406
v -11.45817 12.92628 0.762846
v -10.26003 10.98449 -1.469345
v -11.756 11.54795 -1.173371
v -7.540534 10.03712 1.34303
v -8.647652 10.39935 1.265012
v -9.003068 9.845171 -0.253869
v -10.23526 10.88232 1.104641
v -10.42907 10.40616 -0.203715
v -11.90956 11.34238 -0.143034
v -11.63959 11.45383 0.925694
v -11.38387 12.21978 1.224764
v -11.96715 12.2142 0.85139
v -12.38572 12.25693 -0.095356
v -7.471804 0.339318 1.05882
v -7.64332 0.352321 0.009288
v -6.505862 0.016099 1.563463
v -6.99874 0.33808 2.070582
v -6.119486 0.321361 2.745502
v -6.632178 0.011145 -0.747985
v -7.421649 0.341795 -1.037768
v -6.923818 0.315788 -1.986991
v -6.055089 0.294117 -2.615472
v -4.999985 0.0 2.07182
v -4.999985 -0.0 -1.957269
v -4.999985 0.286067 -2.879867
v -3.94426 0.294117 -2.615472
v -3.367172 0.011145 -0.747985
v -3.075532 0.315788 -1.986991
v -2.577701 0.341795 -1.037768
v -2.35603 0.352321 0.009288
v -3.493488 0.016099 1.563463
v -2.527546 0.339318 1.05882
v -3.00061 0.33808 2.070582
v -3.879864 0.321361 2.745502
v -4.999985 0.315789 3.017947
v -4.999985 1.229718 2.929403
v -6.143015 1.203711 2.648289
v -3.856335 1.203711 2.648289
v -4.999985 2.100303 1.592565
v -7.021031 1.129408 2.04891
v -6.578308 1.858199 1.28916
v -7.513289 1.090399 1.084826
v -2.978319 1.131885 2.04891
v -3.421661 1.858199 1.28916
v -2.485441 1.090399 1.084826
v -4.999985 2.352315 -0.022291
v -3.289154 1.969653 0.002477
v -2.326308 1.067489 0.002477
v -2.542407 1.032195 -1.084826
v -3.378937 1.858199 -1.1969
v -3.501537 1.152318 -2.32507
v -4.999985 2.221046 -1.360986
v -4.999985 1.283587 -2.86253
v -6.497813 1.152318 -2.32507
v -6.620413 1.858199 -1.1969
v -7.456943 1.032195 -1.084826
v -6.710196 1.969653 0.002477
v -7.673041 1.067489 0.002477
v 7.471804 0.339318 1.05882
v 6.505862 0.016099 1.563463
v 7.64332 0.352321 0.009288
v 6.99874 0.33808 2.070582
v 6.119486 0.321361 2.745502
v 6.632178 0.011145 -0.747985
v 7.421649 0.341795 -1.037768
v 6.923818 0.315788 -1.986991
v 6.055089 0.294117 -2.615472
v 4.999985 0.0 2.07182
v 4.999985 -0.0 -1.957269
v 4.999985 0.286067 -2.879867
v 3.94426 0.294117 -2.615472
v 3.367172 0.011145 -0.747985
v 3.075532 0.315788 -1.986991
v 2.577701 0.341795 -1.037768
v 2.35603 0.352321 0.009288
v 3.493488 0.016099 1.563463
v 2.527546 0.339318 1.05882
v 3.00061 0.33808 2.070582
v 3.879864 0.321361 2.745502
v 4.999985 0.315789 3.017947
v 4.999985 1.229718 2.929403
v 3.856335 1.203711 2.648289
v 6.143015 1.203711 2.648289
v 4.999985 2.100303 1.592565
v 2.978319 1.131885 2.04891
v 3.421661 1.858199 1.28916
v 2.485441 1.090399 1.084826
v 7.021031 1.129408 2.04891
v 6.578308 1.858199 1.28916
v 7.513289 1.090399 1.084826
v 4.999985 2.352315 -0.022291
v 6.710196 1.969653 0.002477
v 7.673041 1.067489 0.002477
v 7.456943 1.032195 -1.084826
v 6.620413 1.858199 -1.1969
v 6.497813 1.152318 -2.32507
v 4.999985 2.221046 -1.360986
v 4.999985 1.283587 -2.86253
v 3.501537 1.152318 -2.32507
v 3.378937 1.858199 -1.1969
v 2.542407 1.032195 -1.084826
v 3.289154 1.969653 0.002477
v 2.326308 1.067489 0.002477

# 2412 Texture Coordinates
vt 0.882825 0.406235
vt 0.902348 0.453138
vt 0.902348 0.406235
vt 0.902348 0.406235
vt 0.902348 0.453138
vt 0.921871 0.406235
vt 0.921871 0.406235
vt 0.902348 0.453138
vt 0.937495 0.406235
vt 0.882825 0.406235
vt 0.902348 0.453138
vt 0.902348 0.406235
vt 0.902348 0.406235
vt 0.902348 0.453138
vt 0.921871 0.406235
vt 0.921871 0.406235
vt 0.902348 0.453138
vt 0.937495 0.406235
vt 0.937495 0.406235
vt 0.921871 0.406235
vt 0.902348 0.453138
vt 0.921871 0.406235
vt 0.902348 0.406235
vt 0.902348 0.453138
vt 0.902348 0.453138
vt 0.902348 0.406235
vt 0.882825 0.406235
vt 0.843749 0.406235
vt 0.890622 0.453138
vt 0.859373 0.406235
vt 0.859373 0.406235
vt 0.890622 0.453138
vt 0.890622 0.406235
vt 0.890622 0.406235
vt 0.890622 0.453138
vt 0.906246 0.406235
vt 0.937495 0.406235
vt 0.921871 0.406235
vt 0.902348 0.453138
vt 0.921871 0.406235
vt 0.902348 0.406235
vt 0.902348 0.453138
vt 0.902348 0.453138
vt 0.902348 0.406235
vt 0.882825 0.406235
vt 0.882825 0.406235
vt 0.902348 0.406235
vt 0.902348 0.453138
vt 0.902348 0.406235
vt 0.921871 0.406235
vt 0.902348 0.453138
vt 0.902348 0.453138
vt 0.921871 0.406235
vt 0.937495 0.406235
vt 0.882825 0.406235
vt 0.902348 0.406235
vt 0.902348 0.453138
vt 0.902348 0.406235
vt 0.921871 0.406235
vt 0.902348 0.453138
vt 0.902348 0.453138
vt 0.921871 0.406235
vt 0.937495 0.406235
vt 0.937495 0.406235
vt 0.902348 0.453138
vt 0.921871 0.406235
vt 0.921871 0.406235
vt 0.902348 0.453138
vt 0.902348 0.406235
vt 0.902348 0.406235
vt 0.902348 0.453138
vt 0.882825 0.406235
vt 0.843749 0.406235
vt 0.859373 0.406235
vt 0.890622 0.453138
vt 0.859373 0.406235
vt 0.890622 0.406235
vt 0.890622 0.453138
vt 0.890622 0.453138
vt 0.890622 0.406235
vt 0.906246 0.406235
vt 0.937495 0.406235
vt 0.902348 0.453138
vt 0.921871 0.406235
vt 0.921871 0.406235
vt 0.902348 0.453138
vt 0.902348 0.406235
vt 0.902348 0.406235
vt 0.902348 0.453138
vt 0.882825 0.406235
vt 0.660154 0.406235
vt 0.667982 0.44921
vt 0.67188 0.406235
vt 0.67188 0.406235
vt 0.667982 0.44921
vt 0.683606 0.44921
vt 0.667982 0.44921
vt 0.703129 0.464834
vt 0.683606 0.44921
vt 0.67188 0.406235
vt 0.683606 0.44921
vt 0.683606 0.406235
vt 0.683606 0.44921
vt 0.703129 0.464834
vt 0.722652 0.44921
vt 0.683606 0.44921
vt 0.722652 0.44921
vt 0.683606 0.406235
vt 0.683606 0.406235
vt 0.722652 0.44921
vt 0.722652 0.406235
vt 0.722652 0.406235
vt 0.722652 0.44921
vt 0.734835 0.406235
vt 0.722652 0.44921
vt 0.703129 0.464834
vt 0.738276 0.44921
vt 0.722652 0.44921
vt 0.738276 0.44921
vt 0.734835 0.406235
vt 0.734835 0.406235
vt 0.738276 0.44921
vt 0.7472 0.406235
vt 0.660154 0.406235
vt 0.667982 0.44921
vt 0.67188 0.406235
vt 0.67188 0.406235
vt 0.667982 0.44921
vt 0.683606 0.44921
vt 0.667982 0.44921
vt 0.703129 0.464834
vt 0.683606 0.44921
vt 0.67188 0.406235
vt 0.683606 0.44921
vt 0.683606 0.406235
vt 0.683606 0.44921
vt 0.703129 0.464834
vt 0.722652 0.44921
vt 0.683606 0.44921
vt 0.722652 0.44921
vt 0.683606 0.406235
vt 0.683606 0.406235
vt 0.722652 0.44921
vt 0.722652 0.406235
vt 0.722652 0.406235
vt 0.722652 0.44921
vt 0.734835 0.406235
vt 0.722652 0.44921
vt 0.703129 0.464834
vt 0.738276 0.44921
vt 0.722652 0.44921
vt 0.738276 0.44921
vt 0.734835 0.406235
vt 0.734835 0.406235
vt 0.738276 0.44921
vt 0.7472 0.406235
vt 0.660154 0.406235
vt 0.67188 0.406235
vt 0.667982 0.44921
vt 0.667982 0.44921
vt 0.67188 0.406235
vt 0.683606 0.44921
vt 0.67188 0.406235
vt 0.683606 0.406235
vt 0.683606 0.44921
vt 0.667982 0.44921
vt 0.683606 0.44921
vt 0.703129 0.464834
vt 0.683606 0.44921
vt 0.683606 0.406235
vt 0.722652 0.44921
vt 0.683606 0.44921
vt 0.722652 0.44921
vt 0.703129 0.464834
vt 0.703129 0.464834
vt 0.722652 0.44921
vt 0.738276 0.44921
vt 0.683606 0.406235
vt 0.722652 0.406235
vt 0.722652 0.44921
vt 0.722652 0.44921
vt 0.734835 0.406235
vt 0.738276 0.44921
vt 0.722652 0.44921
vt 0.722652 0.406235
vt 0.734835 0.406235
vt 0.734835 0.406235
vt 0.7472 0.406235
vt 0.738276 0.44921
vt 0.660154 0.406235
vt 0.67188 0.406235
vt 0.667982 0.44921
vt 0.667982 0.44921
vt 0.67188 0.406235
vt 0.683606 0.44921
vt 0.67188 0.406235
vt 0.683606 0.406235
vt 0.683606 0.44921
vt 0.667982 0.44921
vt 0.683606 0.44921
vt 0.703129 0.464834
vt 0.683606 0.44921
vt 0.683606 0.406235
vt 0.722652 0.44921
vt 0.683606 0.44921
vt 0.722652 0.44921
vt 0.703129 0.464834
vt 0.703129 0.464834
vt 0.722652 0.44921
vt 0.738276 0.44921
vt 0.683606 0.406235
vt 0.722652 0.406235
vt 0.722652 0.44921
vt 0.722652 0.44921
vt 0.734835 0.406235
vt 0.738276 0.44921
vt 0.722652 0.44921
vt 0.722652 0.406235
vt 0.734835 0.406235
vt 0.734835 0.406235
vt 0.7472 0.406235
vt 0.738276 0.44921
vt 0.660154 0.406235
vt 0.67188 0.406235
vt 0.667982 0.44921
vt 0.667982 0.44921
vt 0.67188 0.406235
vt 0.683606 0.44921
vt 0.67188 0.406235
vt 0.683606 0.406235
vt 0.683606 0.44921
vt 0.667982 0.44921
vt 0.683606 0.44921
vt 0.703129 0.464834
vt 0.683606 0.44921
vt 0.683606 0.406235
vt 0.722652 0.44921
vt 0.683606 0.44921
vt 0.722652 0.44921
vt 0.703129 0.464834
vt 0.703129 0.464834
vt 0.722652 0.44921
vt 0.738276 0.44921
vt 0.683606 0.406235
vt 0.722652 0.406235
vt 0.722652 0.44921
vt 0.722652 0.44921
vt 0.734835 0.406235
vt 0.738276 0.44921
vt 0.722652 0.44921
vt 0.722652 0.406235
vt 0.734835 0.406235
vt 0.734835 0.406235
vt 0.7472 0.406235
vt 0.738276 0.44921
vt 0.660154 0.406235
vt 0.667982 0.44921
vt 0.67188 0.406235
vt 0.67188 0.406235
vt 0.667982 0.44921
vt 0.683606 0.44921
vt 0.667982 0.44921
vt 0.703129 0.464834
vt 0.683606 0.44921
vt 0.67188 0.406235
vt 0.683606 0.44921
vt 0.683606 0.406235
vt 0.683606 0.44921
vt 0.703129 0.464834
vt 0.722652 0.44921
vt 0.683606 0.44921
vt 0.722652 0.44921
vt 0.683606 0.406235
vt 0.683606 0.406235
vt 0.722652 0.44921
vt 0.722652 0.406235
vt 0.722652 0.406235
vt 0.722652 0.44921
vt 0.734835 0.406235
vt 0.722652 0.44921
vt 0.703129 0.464834
vt 0.738276 0.44921
vt 0.722652 0.44921
vt 0.738276 0.44921
vt 0.734835 0.406235
vt 0.734835 0.406235
vt 0.738276 0.44921
vt 0.7472 0.406235
vt 0.937495 0.156244
vt 0.937495 0.046873
vt 0.546885 0.156244
vt 0.937495 0.046873
vt 0.546885 0.046873
vt 0.546885 0.156244
vt 0.546885 0.046873
vt 0.937495 0.046873
vt 0.546885 0.156244
vt 0.546885 0.156244
vt 0.937495 0.046873
vt 0.937495 0.156244
vt 0.491575 0.144275
vt 0.402702 0.047147
vt 0.260072 0.144275
vt 0.402702 0.047147
vt 0.020345 0.047147
vt 0.260072 0.144275
vt 0.260072 0.144275
vt 0.020345 0.047147
vt 0.020345 0.144275
vt 0.020345 0.144275
vt 0.020345 0.047147
vt 0.260072 0.144275
vt 0.020345 0.047147
vt 0.402702 0.047147
vt 0.260072 0.144275
vt 0.260072 0.144275
vt 0.402702 0.047147
vt 0.491575 0.144275
vt 0.02266 0.183107
vt 0.02266 0.223798
vt 0.118873 0.183412
vt 0.02266 0.183107
vt 0.118873 0.183412
vt 0.02266 0.223798
vt 0.02266 0.223798
vt 0.169432 0.220356
vt 0.118873 0.183412
vt 0.118873 0.183412
vt 0.169432 0.220356
vt 0.246975 0.182833
vt 0.02266 0.223798
vt 0.118873 0.183412
vt 0.169432 0.220356
vt 0.118873 0.183412
vt 0.246975 0.182833
vt 0.169432 0.220356
vt 0.02266 0.223798
vt 0.02266 0.258671
vt 0.169432 0.220356
vt 0.02266 0.223798
vt 0.169432 0.220356
vt 0.02266 0.258671
vt 0.02266 0.258671
vt 0.170681 0.258671
vt 0.169432 0.220356
vt 0.169432 0.220356
vt 0.270519 0.218681
vt 0.246975 0.182833
vt 0.169432 0.220356
vt 0.170681 0.258671
vt 0.270519 0.218681
vt 0.246975 0.182833
vt 0.270519 0.218681
vt 0.317666 0.182681
vt 0.02266 0.258671
vt 0.169432 0.220356
vt 0.170681 0.258671
vt 0.169432 0.220356
vt 0.246975 0.182833
vt 0.270519 0.218681
vt 0.169432 0.220356
vt 0.270519 0.218681
vt 0.170681 0.258671
vt 0.246975 0.182833
vt 0.317666 0.182681
vt 0.270519 0.218681
vt 0.270519 0.218681
vt 0.170681 0.258671
vt 0.27661 0.257483
vt 0.270519 0.218681
vt 0.347575 0.232386
vt 0.317666 0.182681
vt 0.270519 0.218681
vt 0.27661 0.257483
vt 0.347575 0.232386
vt 0.317666 0.182681
vt 0.347575 0.232386
vt 0.407666 0.182681
vt 0.270519 0.218681
vt 0.27661 0.257483
vt 0.170681 0.258671
vt 0.270519 0.218681
vt 0.317666 0.182681
vt 0.347575 0.232386
vt 0.270519 0.218681
vt 0.347575 0.232386
vt 0.27661 0.257483
vt 0.317666 0.182681
vt 0.407666 0.182681
vt 0.347575 0.232386
vt 0.27661 0.257483
vt 0.170681 0.258671
vt 0.274082 0.291778
vt 0.170681 0.258671
vt 0.170681 0.292874
vt 0.274082 0.291778
vt 0.170681 0.292874
vt 0.24195 0.335788
vt 0.274082 0.291778
vt 0.27661 0.257483
vt 0.356559 0.290224
vt 0.347575 0.232386
vt 0.27661 0.257483
vt 0.274082 0.291778
vt 0.356559 0.290224
vt 0.274082 0.291778
vt 0.24195 0.335788
vt 0.302894 0.332438
vt 0.274082 0.291778
vt 0.302894 0.332438
vt 0.356559 0.290224
vt 0.347575 0.232386
vt 0.407666 0.235676
vt 0.407666 0.182681
vt 0.347575 0.232386
vt 0.356559 0.290224
vt 0.407666 0.235676
vt 0.27661 0.257483
vt 0.274082 0.291778
vt 0.170681 0.258671
vt 0.170681 0.258671
vt 0.274082 0.291778
vt 0.170681 0.292874
vt 0.170681 0.292874
vt 0.274082 0.291778
vt 0.24195 0.335788
vt 0.27661 0.257483
vt 0.347575 0.232386
vt 0.356559 0.290224
vt 0.27661 0.257483
vt 0.356559 0.290224
vt 0.274082 0.291778
vt 0.274082 0.291778
vt 0.302894 0.332438
vt 0.24195 0.335788
vt 0.274082 0.291778
vt 0.356559 0.290224
vt 0.302894 0.332438
vt 0.347575 0.232386
vt 0.407666 0.182681
vt 0.407666 0.235676
vt 0.347575 0.232386
vt 0.407666 0.235676
vt 0.356559 0.290224
vt 0.302894 0.332438
vt 0.24195 0.335788
vt 0.290529 0.364874
vt 0.302894 0.332438
vt 0.357717 0.337402
vt 0.356559 0.290224
vt 0.302894 0.332438
vt 0.290529 0.364874
vt 0.357717 0.337402
vt 0.356559 0.290224
vt 0.407666 0.293361
vt 0.407666 0.235676
vt 0.356559 0.290224
vt 0.357717 0.337402
vt 0.407666 0.293361
vt 0.407666 0.235676
vt 0.460174 0.226661
vt 0.407666 0.182681
vt 0.407666 0.235676
vt 0.407666 0.293361
vt 0.460174 0.226661
vt 0.407666 0.182681
vt 0.460174 0.226661
vt 0.480915 0.18262
vt 0.302894 0.332438
vt 0.290529 0.364874
vt 0.24195 0.335788
vt 0.302894 0.332438
vt 0.356559 0.290224
vt 0.357717 0.337402
vt 0.302894 0.332438
vt 0.357717 0.337402
vt 0.290529 0.364874
vt 0.356559 0.290224
vt 0.407666 0.235676
vt 0.407666 0.293361
vt 0.356559 0.290224
vt 0.407666 0.293361
vt 0.357717 0.337402
vt 0.407666 0.235676
vt 0.407666 0.182681
vt 0.460174 0.226661
vt 0.407666 0.235676
vt 0.460174 0.226661
vt 0.407666 0.293361
vt 0.407666 0.182681
vt 0.480915 0.18262
vt 0.460174 0.226661
vt 0.407666 0.293361
vt 0.357717 0.337402
vt 0.390702 0.338377
vt 0.407666 0.293361
vt 0.456793 0.304082
vt 0.460174 0.226661
vt 0.407666 0.293361
vt 0.390702 0.338377
vt 0.456793 0.304082
vt 0.407666 0.293361
vt 0.390702 0.338377
vt 0.357717 0.337402
vt 0.407666 0.293361
vt 0.460174 0.226661
vt 0.456793 0.304082
vt 0.407666 0.293361
vt 0.456793 0.304082
vt 0.390702 0.338377
vt 0.460174 0.226661
vt 0.519352 0.219564
vt 0.480915 0.18262
vt 0.480915 0.18262
vt 0.519352 0.219564
vt 0.570002 0.182681
vt 0.460174 0.226661
vt 0.456793 0.304082
vt 0.5319 0.263148
vt 0.460174 0.226661
vt 0.5319 0.263148
vt 0.519352 0.219564
vt 0.519352 0.219564
vt 0.570459 0.221635
vt 0.570002 0.182681
vt 0.519352 0.219564
vt 0.5319 0.263148
vt 0.570459 0.221635
vt 0.570002 0.182681
vt 0.519352 0.219564
vt 0.480915 0.18262
vt 0.480915 0.18262
vt 0.519352 0.219564
vt 0.460174 0.226661
vt 0.570002 0.182681
vt 0.570459 0.221635
vt 0.519352 0.219564
vt 0.519352 0.219564
vt 0.5319 0.263148
vt 0.460174 0.226661
vt 0.460174 0.226661
vt 0.5319 0.263148
vt 0.456793 0.304082
vt 0.519352 0.219564
vt 0.570459 0.221635
vt 0.5319 0.263148
vt 0.570459 0.221635
vt 0.5319 0.263148
vt 0.578256 0.287575
vt 0.570459 0.221635
vt 0.578256 0.287575
vt 0.5319 0.263148
vt 0.5319 0.263148
vt 0.503484 0.337889
vt 0.456793 0.304082
vt 0.5319 0.263148
vt 0.578256 0.287575
vt 0.503484 0.337889
vt 0.456793 0.304082
vt 0.417108 0.352143
vt 0.390702 0.338377
vt 0.456793 0.304082
vt 0.503484 0.337889
vt 0.417108 0.352143
vt 0.5319 0.263148
vt 0.456793 0.304082
vt 0.503484 0.337889
vt 0.5319 0.263148
vt 0.503484 0.337889
vt 0.578256 0.287575
vt 0.578256 0.287575
vt 0.543961 0.374986
vt 0.503484 0.337889
vt 0.578256 0.287575
vt 0.503484 0.337889
vt 0.543961 0.374986
vt 0.543961 0.374986
vt 0.485667 0.415128
vt 0.503484 0.337889
vt 0.543961 0.374986
vt 0.503484 0.337889
vt 0.485667 0.415128
vt 0.503484 0.337889
vt 0.457128 0.38726
vt 0.417108 0.352143
vt 0.503484 0.337889
vt 0.485667 0.415128
vt 0.457128 0.38726
vt 0.457128 0.38726
vt 0.375321 0.413788
vt 0.417108 0.352143
vt 0.457128 0.38726
vt 0.485667 0.415128
vt 0.375321 0.413788
vt 0.456793 0.304082
vt 0.390702 0.338377
vt 0.417108 0.352143
vt 0.456793 0.304082
vt 0.417108 0.352143
vt 0.503484 0.337889
vt 0.503484 0.337889
vt 0.457128 0.38726
vt 0.485667 0.415128
vt 0.503484 0.337889
vt 0.417108 0.352143
vt 0.457128 0.38726
vt 0.457128 0.38726
vt 0.375321 0.413788
vt 0.485667 0.415128
vt 0.457128 0.38726
vt 0.417108 0.352143
vt 0.375321 0.413788
vt 0.485667 0.415128
vt 0.32193 0.45792
vt 0.375321 0.413788
vt 0.485667 0.415128
vt 0.375321 0.413788
vt 0.32193 0.45792
vt 0.390702 0.338377
vt 0.369077 0.358905
vt 0.357717 0.337402
vt 0.390702 0.338377
vt 0.417108 0.352143
vt 0.380864 0.366001
vt 0.390702 0.338377
vt 0.380864 0.366001
vt 0.369077 0.358905
vt 0.417108 0.352143
vt 0.375321 0.413788
vt 0.354336 0.410864
vt 0.417108 0.352143
vt 0.354336 0.410864
vt 0.380864 0.366001
vt 0.417108 0.352143
vt 0.390702 0.338377
vt 0.380864 0.366001
vt 0.417108 0.352143
vt 0.354336 0.410864
vt 0.375321 0.413788
vt 0.417108 0.352143
vt 0.380864 0.366001
vt 0.354336 0.410864
vt 0.369077 0.358905
vt 0.347422 0.358326
vt 0.357717 0.337402
vt 0.369077 0.358905
vt 0.380864 0.366001
vt 0.352509 0.379433
vt 0.369077 0.358905
vt 0.352509 0.379433
vt 0.347422 0.358326
vt 0.380864 0.366001
vt 0.354336 0.410864
vt 0.350163 0.397402
vt 0.380864 0.366001
vt 0.350163 0.397402
vt 0.352509 0.379433
vt 0.375321 0.413788
vt 0.32193 0.45792
vt 0.26729 0.430935
vt 0.375321 0.413788
vt 0.291899 0.416194
vt 0.354336 0.410864
vt 0.375321 0.413788
vt 0.26729 0.430935
vt 0.291899 0.416194
vt 0.354336 0.410864
vt 0.316509 0.401484
vt 0.350163 0.397402
vt 0.354336 0.410864
vt 0.291899 0.416194
vt 0.316509 0.401484
vt 0.291899 0.416194
vt 0.26729 0.430935
vt 0.270031 0.404103
vt 0.291899 0.416194
vt 0.270031 0.404103
vt 0.316509 0.401484
vt 0.350163 0.397402
vt 0.338925 0.392103
vt 0.352509 0.379433
vt 0.350163 0.397402
vt 0.316509 0.401484
vt 0.338925 0.392103
vt 0.338925 0.392103
vt 0.321808 0.385402
vt 0.352509 0.379433
vt 0.316509 0.401484
vt 0.270031 0.404103
vt 0.321808 0.385402
vt 0.316509 0.401484
vt 0.321808 0.385402
vt 0.338925 0.392103
vt 0.352509 0.379433
vt 0.321808 0.385402
vt 0.347422 0.358326
vt 0.347422 0.358326
vt 0.306184 0.375138
vt 0.357717 0.337402
vt 0.321808 0.385402
vt 0.270031 0.404103
vt 0.306184 0.375138
vt 0.321808 0.385402
vt 0.306184 0.375138
vt 0.347422 0.358326
vt 0.270031 0.404103
vt 0.26729 0.430935
vt 0.220904 0.414763
vt 0.270031 0.404103
vt 0.220904 0.414763
vt 0.306184 0.375138
vt 0.306184 0.375138
vt 0.290529 0.364874
vt 0.357717 0.337402
vt 0.306184 0.375138
vt 0.220904 0.414763
vt 0.290529 0.364874
vt 0.26729 0.430935
vt 0.32193 0.45792
vt 0.064356 0.424875
vt 0.26729 0.430935
vt 0.064356 0.424875
vt 0.220904 0.414763
vt 0.220904 0.414763
vt 0.149787 0.36789
vt 0.290529 0.364874
vt 0.220904 0.414763
vt 0.064356 0.424875
vt 0.149787 0.36789
vt 0.290529 0.364874
vt 0.149787 0.36789
vt 0.24195 0.335788
vt 0.24195 0.335788
vt 0.149787 0.36789
vt 0.121828 0.335788
vt 0.149787 0.36789
vt 0.064356 0.424875
vt 0.02266 0.36795
vt 0.149787 0.36789
vt 0.02266 0.36795
vt 0.121828 0.335788
vt 0.121828 0.335788
vt 0.02266 0.36795
vt 0.02266 0.335788
vt 0.02266 0.335788
vt 0.02266 0.36795
vt 0.121828 0.335788
vt 0.02266 0.36795
vt 0.064356 0.424875
vt 0.149787 0.36789
vt 0.02266 0.36795
vt 0.149787 0.36789
vt 0.121828 0.335788
vt 0.121828 0.335788
vt 0.149787 0.36789
vt 0.24195 0.335788
vt 0.24195 0.335788
vt 0.149787 0.36789
vt 0.290529 0.364874
vt 0.149787 0.36789
vt 0.064356 0.424875
vt 0.220904 0.414763
vt 0.149787 0.36789
vt 0.220904 0.414763
vt 0.290529 0.364874
vt 0.064356 0.424875
vt 0.32193 0.45792
vt 0.26729 0.430935
vt 0.064356 0.424875
vt 0.26729 0.430935
vt 0.220904 0.414763
vt 0.32193 0.45792
vt 0.375321 0.413788
vt 0.26729 0.430935
vt 0.220904 0.414763
vt 0.306184 0.375138
vt 0.290529 0.364874
vt 0.290529 0.364874
vt 0.306184 0.375138
vt 0.357717 0.337402
vt 0.220904 0.414763
vt 0.26729 0.430935
vt 0.270031 0.404103
vt 0.220904 0.414763
vt 0.270031 0.404103
vt 0.306184 0.375138
vt 0.26729 0.430935
vt 0.375321 0.413788
vt 0.291899 0.416194
vt 0.26729 0.430935
vt 0.291899 0.416194
vt 0.270031 0.404103
vt 0.375321 0.413788
vt 0.354336 0.410864
vt 0.291899 0.416194
vt 0.291899 0.416194
vt 0.316509 0.401484
vt 0.270031 0.404103
vt 0.291899 0.416194
vt 0.354336 0.410864
vt 0.316509 0.401484
vt 0.270031 0.404103
vt 0.321808 0.385402
vt 0.306184 0.375138
vt 0.270031 0.404103
vt 0.316509 0.401484
vt 0.321808 0.385402
vt 0.306184 0.375138
vt 0.347422 0.358326
vt 0.357717 0.337402
vt 0.306184 0.375138
vt 0.321808 0.385402
vt 0.347422 0.358326
vt 0.316509 0.401484
vt 0.354336 0.410864
vt 0.350163 0.397402
vt 0.354336 0.410864
vt 0.380864 0.366001
vt 0.350163 0.397402
vt 0.316509 0.401484
vt 0.338925 0.392103
vt 0.321808 0.385402
vt 0.316509 0.401484
vt 0.350163 0.397402
vt 0.338925 0.392103
vt 0.338925 0.392103
vt 0.352509 0.379433
vt 0.321808 0.385402
vt 0.350163 0.397402
vt 0.380864 0.366001
vt 0.352509 0.379433
vt 0.350163 0.397402
vt 0.352509 0.379433
vt 0.338925 0.392103
vt 0.321808 0.385402
vt 0.352509 0.379433
vt 0.347422 0.358326
vt 0.347422 0.358326
vt 0.369077 0.358905
vt 0.357717 0.337402
vt 0.352509 0.379433
vt 0.380864 0.366001
vt 0.369077 0.358905
vt 0.352509 0.379433
vt 0.369077 0.358905
vt 0.347422 0.358326
vt 0.369077 0.358905
vt 0.390702 0.338377
vt 0.357717 0.337402
vt 0.390702 0.338377
vt 0.369077 0.358905
vt 0.380864 0.366001
vt 0.105594 0.982633
vt 0.114579 0.96183
vt 0.087746 0.967465
vt 0.114579 0.96183
vt 0.094599 0.947637
vt 0.087746 0.967465
vt 0.105594 0.982633
vt 0.087746 0.967465
vt 0.070295 0.994176
vt 0.087746 0.967465
vt 0.094599 0.947637
vt 0.06265 0.967678
vt 0.087746 0.967465
vt 0.06265 0.967678
vt 0.070295 0.994176
vt 0.070295 0.994176
vt 0.06265 0.967678
vt 0.038315 0.997069
vt 0.094599 0.947637
vt 0.051655 0.940876
vt 0.06265 0.967678
vt 0.06265 0.967678
vt 0.036305 0.967891
vt 0.038315 0.997069
vt 0.06265 0.967678
vt 0.051655 0.940876
vt 0.036305 0.967891
vt 0.051655 0.940876
vt 0.003503 0.939262
vt 0.036305 0.967891
vt 0.036305 0.967891
vt 0.003503 0.967983
vt 0.038315 0.997069
vt 0.036305 0.967891
vt 0.003503 0.939262
vt 0.003503 0.967983
vt 0.038315 0.997069
vt 0.003503 0.967983
vt 0.003503 0.997983
vt 0.003503 0.997983
vt 0.003503 0.967983
vt 0.038315 0.997069
vt 0.003503 0.967983
vt 0.003503 0.939262
vt 0.036305 0.967891
vt 0.003503 0.967983
vt 0.036305 0.967891
vt 0.038315 0.997069
vt 0.003503 0.939262
vt 0.051655 0.940876
vt 0.036305 0.967891
vt 0.036305 0.967891
vt 0.06265 0.967678
vt 0.038315 0.997069
vt 0.036305 0.967891
vt 0.051655 0.940876
vt 0.06265 0.967678
vt 0.051655 0.940876
vt 0.094599 0.947637
vt 0.06265 0.967678
vt 0.038315 0.997069
vt 0.06265 0.967678
vt 0.070295 0.994176
vt 0.06265 0.967678
vt 0.094599 0.947637
vt 0.087746 0.967465
vt 0.06265 0.967678
vt 0.087746 0.967465
vt 0.070295 0.994176
vt 0.070295 0.994176
vt 0.087746 0.967465
vt 0.105594 0.982633
vt 0.105594 0.982633
vt 0.087746 0.967465
vt 0.114579 0.96183
vt 0.114579 0.96183
vt 0.087746 0.967465
vt 0.094599 0.947637
vt 0.179391 0.472661
vt 0.01334 0.472661
vt 0.174336 0.510002
vt 0.179391 0.472661
vt 0.174336 0.510002
vt 0.334082 0.472661
vt 0.174336 0.510002
vt 0.01334 0.472661
vt 0.01334 0.527545
vt 0.174336 0.510002
vt 0.315504 0.534946
vt 0.334082 0.472661
vt 0.174336 0.510002
vt 0.01334 0.527545
vt 0.153107 0.540428
vt 0.174336 0.510002
vt 0.153107 0.540428
vt 0.315504 0.534946
vt 0.315504 0.534946
vt 0.481463 0.513748
vt 0.334082 0.472661
vt 0.334082 0.472661
vt 0.481463 0.513748
vt 0.558276 0.472661
vt 0.315504 0.534946
vt 0.153107 0.540428
vt 0.288031 0.580296
vt 0.315504 0.534946
vt 0.453748 0.5859
vt 0.481463 0.513748
vt 0.315504 0.534946
vt 0.288031 0.580296
vt 0.453748 0.5859
vt 0.481463 0.513748
vt 0.621657 0.537778
vt 0.558276 0.472661
vt 0.481463 0.513748
vt 0.453748 0.5859
vt 0.621657 0.537778
vt 0.558276 0.472661
vt 0.621657 0.537778
vt 0.672063 0.472661
vt 0.153107 0.540428
vt 0.01334 0.527545
vt 0.01334 0.575971
vt 0.153107 0.540428
vt 0.145249 0.578895
vt 0.288031 0.580296
vt 0.153107 0.540428
vt 0.01334 0.575971
vt 0.145249 0.578895
vt 0.453748 0.5859
vt 0.616266 0.622418
vt 0.621657 0.537778
vt 0.621657 0.537778
vt 0.672977 0.543961
vt 0.672063 0.472661
vt 0.621657 0.537778
vt 0.616266 0.622418
vt 0.672977 0.543961
vt 0.672063 0.472661
vt 0.672977 0.543961
vt 0.726794 0.472661
vt 0.453748 0.5859
vt 0.288031 0.580296
vt 0.388357 0.658662
vt 0.453748 0.5859
vt 0.388357 0.658662
vt 0.616266 0.622418
vt 0.01334 0.527545
vt 0.01334 0.472661
vt 0.174336 0.510002
vt 0.01334 0.472661
vt 0.179391 0.472661
vt 0.174336 0.510002
vt 0.179391 0.472661
vt 0.334082 0.472661
vt 0.174336 0.510002
vt 0.01334 0.527545
vt 0.153107 0.540428
vt 0.01334 0.575971
vt 0.01334 0.527545
vt 0.174336 0.510002
vt 0.153107 0.540428
vt 0.174336 0.510002
vt 0.334082 0.472661
vt 0.315504 0.534946
vt 0.174336 0.510002
vt 0.315504 0.534946
vt 0.153107 0.540428
vt 0.145249 0.578895
vt 0.01334 0.575971
vt 0.01334 0.63655
vt 0.01334 0.575971
vt 0.153107 0.540428
vt 0.145249 0.578895
vt 0.01334 0.575971
vt 0.145249 0.578895
vt 0.01334 0.63655
vt 0.153107 0.540428
vt 0.315504 0.534946
vt 0.288031 0.580296
vt 0.153107 0.540428
vt 0.288031 0.580296
vt 0.145249 0.578895
vt 0.145249 0.578895
vt 0.162275 0.644743
vt 0.01334 0.63655
vt 0.145249 0.578895
vt 0.288031 0.580296
vt 0.162275 0.644743
vt 0.145249 0.578895
vt 0.162275 0.644743
vt 0.288031 0.580296
vt 0.145249 0.578895
vt 0.01334 0.63655
vt 0.162275 0.644743
vt 0.01334 0.63655
vt 0.162275 0.644743
vt 0.01334 0.71184
vt 0.01334 0.63655
vt 0.01334 0.71184
vt 0.162275 0.644743
vt 0.288031 0.580296
vt 0.289463 0.646479
vt 0.388357 0.658662
vt 0.288031 0.580296
vt 0.162275 0.644743
vt 0.289463 0.646479
vt 0.162275 0.644743
vt 0.01334 0.71184
vt 0.169158 0.722439
vt 0.162275 0.644743
vt 0.169158 0.722439
vt 0.289463 0.646479
vt 0.289463 0.646479
vt 0.288701 0.733982
vt 0.388357 0.658662
vt 0.289463 0.646479
vt 0.169158 0.722439
vt 0.288701 0.733982
vt 0.616266 0.622418
vt 0.678916 0.64718
vt 0.672977 0.543961
vt 0.616266 0.622418
vt 0.388357 0.658662
vt 0.583464 0.705413
vt 0.616266 0.622418
vt 0.583464 0.705413
vt 0.678916 0.64718
vt 0.388357 0.658662
vt 0.288701 0.733982
vt 0.388143 0.750277
vt 0.388357 0.658662
vt 0.388143 0.750277
vt 0.583464 0.705413
vt 0.315504 0.534946
vt 0.334082 0.472661
vt 0.481463 0.513748
vt 0.334082 0.472661
vt 0.558276 0.472661
vt 0.481463 0.513748
vt 0.315504 0.534946
vt 0.453748 0.5859
vt 0.288031 0.580296
vt 0.315504 0.534946
vt 0.481463 0.513748
vt 0.453748 0.5859
vt 0.481463 0.513748
vt 0.558276 0.472661
vt 0.621657 0.537778
vt 0.481463 0.513748
vt 0.621657 0.537778
vt 0.453748 0.5859
vt 0.558276 0.472661
vt 0.672063 0.472661
vt 0.621657 0.537778
vt 0.162275 0.644743
vt 0.169158 0.722439
vt 0.01334 0.71184
vt 0.01334 0.71184
vt 0.01334 0.784145
vt 0.169158 0.722439
vt 0.01334 0.71184
vt 0.169158 0.722439
vt 0.01334 0.784145
vt 0.169158 0.722439
vt 0.159747 0.793038
vt 0.288701 0.733982
vt 0.169158 0.722439
vt 0.01334 0.784145
vt 0.159747 0.793038
vt 0.288701 0.733982
vt 0.256569 0.814571
vt 0.388143 0.750277
vt 0.288701 0.733982
vt 0.159747 0.793038
vt 0.256569 0.814571
vt 0.162275 0.644743
vt 0.288031 0.580296
vt 0.289463 0.646479
vt 0.162275 0.644743
vt 0.289463 0.646479
vt 0.169158 0.722439
vt 0.288031 0.580296
vt 0.453748 0.5859
vt 0.388357 0.658662
vt 0.288031 0.580296
vt 0.388357 0.658662
vt 0.289463 0.646479
vt 0.289463 0.646479
vt 0.288701 0.733982
vt 0.169158 0.722439
vt 0.289463 0.646479
vt 0.388357 0.658662
vt 0.288701 0.733982
vt 0.169158 0.722439
vt 0.159747 0.793038
vt 0.01334 0.784145
vt 0.169158 0.722439
vt 0.288701 0.733982
vt 0.159747 0.793038
vt 0.01334 0.784145
vt 0.01334 0.848957
vt 0.159747 0.793038
vt 0.01334 0.784145
vt 0.159747 0.793038
vt 0.01334 0.848957
vt 0.01334 0.848957
vt 0.111625 0.857546
vt 0.159747 0.793038
vt 0.159747 0.793038
vt 0.111625 0.857546
vt 0.256569 0.814571
vt 0.111625 0.857546
vt 0.217767 0.88048
vt 0.256569 0.814571
vt 0.256569 0.814571
vt 0.305331 0.833546
vt 0.388143 0.750277
vt 0.256569 0.814571
vt 0.217767 0.88048
vt 0.305331 0.833546
vt 0.01334 0.848957
vt 0.159747 0.793038
vt 0.111625 0.857546
vt 0.159747 0.793038
vt 0.288701 0.733982
vt 0.256569 0.814571
vt 0.159747 0.793038
vt 0.256569 0.814571
vt 0.111625 0.857546
vt 0.111625 0.857546
vt 0.256569 0.814571
vt 0.217767 0.88048
vt 0.288701 0.733982
vt 0.388357 0.658662
vt 0.388143 0.750277
vt 0.288701 0.733982
vt 0.388143 0.750277
vt 0.256569 0.814571
vt 0.256569 0.814571
vt 0.305331 0.833546
vt 0.217767 0.88048
vt 0.256569 0.814571
vt 0.388143 0.750277
vt 0.305331 0.833546
vt 0.453748 0.5859
vt 0.621657 0.537778
vt 0.616266 0.622418
vt 0.453748 0.5859
vt 0.616266 0.622418
vt 0.388357 0.658662
vt 0.388357 0.658662
vt 0.583464 0.705413
vt 0.388143 0.750277
vt 0.388357 0.658662
vt 0.616266 0.622418
vt 0.583464 0.705413
vt 0.621657 0.537778
vt 0.672063 0.472661
vt 0.672977 0.543961
vt 0.621657 0.537778
vt 0.672977 0.543961
vt 0.616266 0.622418
vt 0.616266 0.622418
vt 0.678916 0.64718
vt 0.583464 0.705413
vt 0.616266 0.622418
vt 0.672977 0.543961
vt 0.678916 0.64718
vt 0.672063 0.472661
vt 0.726794 0.472661
vt 0.672977 0.543961
vt 0.305331 0.833546
vt 0.42655 0.824622
vt 0.388143 0.750277
vt 0.305331 0.833546
vt 0.217767 0.88048
vt 0.387473 0.882521
vt 0.305331 0.833546
vt 0.387473 0.882521
vt 0.42655 0.824622
vt 0.217767 0.88048
vt 0.34925 0.917576
vt 0.387473 0.882521
vt 0.305331 0.833546
vt 0.387473 0.882521
vt 0.217767 0.88048
vt 0.217767 0.88048
vt 0.387473 0.882521
vt 0.34925 0.917576
vt 0.305331 0.833546
vt 0.388143 0.750277
vt 0.42655 0.824622
vt 0.305331 0.833546
vt 0.42655 0.824622
vt 0.387473 0.882521
vt 0.388143 0.750277
vt 0.583464 0.705413
vt 0.569758 0.751403
vt 0.388143 0.750277
vt 0.569758 0.751403
vt 0.42655 0.824622
vt 0.583464 0.705413
vt 0.678916 0.64718
vt 0.662165 0.73182
vt 0.583464 0.705413
vt 0.662165 0.73182
vt 0.569758 0.751403
vt 0.672977 0.543961
vt 0.726794 0.472661
vt 0.718266 0.544692
vt 0.726794 0.472661
vt 0.788439 0.472661
vt 0.718266 0.544692
vt 0.672977 0.543961
vt 0.719606 0.604966
vt 0.678916 0.64718
vt 0.672977 0.543961
vt 0.718266 0.544692
vt 0.719606 0.604966
vt 0.42655 0.824622
vt 0.443666 0.891505
vt 0.387473 0.882521
vt 0.42655 0.824622
vt 0.569758 0.751403
vt 0.465017 0.837779
vt 0.42655 0.824622
vt 0.465017 0.837779
vt 0.443666 0.891505
vt 0.569758 0.751403
vt 0.662165 0.73182
vt 0.570276 0.796876
vt 0.569758 0.751403
vt 0.570276 0.796876
vt 0.465017 0.837779
vt 0.678916 0.64718
vt 0.714611 0.724571
vt 0.662165 0.73182
vt 0.678916 0.64718
vt 0.719606 0.604966
vt 0.737576 0.673251
vt 0.678916 0.64718
vt 0.737576 0.673251
vt 0.714611 0.724571
vt 0.719606 0.604966
vt 0.718266 0.544692
vt 0.799312 0.601159
vt 0.719606 0.604966
vt 0.799312 0.601159
vt 0.737576 0.673251
vt 0.718266 0.544692
vt 0.788439 0.472661
vt 0.793678 0.539545
vt 0.718266 0.544692
vt 0.793678 0.539545
vt 0.799312 0.601159
vt 0.788439 0.472661
vt 0.855871 0.472661
vt 0.793678 0.539545
vt 0.387473 0.882521
vt 0.492184 0.937495
vt 0.34925 0.917576
vt 0.34925 0.917576
vt 0.492184 0.937495
vt 0.601982 0.965485
vt 0.387473 0.882521
vt 0.443666 0.891505
vt 0.508753 0.924368
vt 0.387473 0.882521
vt 0.508753 0.924368
vt 0.492184 0.937495
vt 0.492184 0.937495
vt 0.65254 0.917059
vt 0.601982 0.965485
vt 0.492184 0.937495
vt 0.508753 0.924368
vt 0.65254 0.917059
vt 0.465017 0.837779
vt 0.570276 0.796876
vt 0.499616 0.850541
vt 0.465017 0.837779
vt 0.479819 0.893485
vt 0.443666 0.891505
vt 0.465017 0.837779
vt 0.499616 0.850541
vt 0.479819 0.893485
vt 0.714611 0.724571
vt 0.694997 0.761302
vt 0.662165 0.73182
vt 0.714611 0.724571
vt 0.737576 0.673251
vt 0.768429 0.756672
vt 0.714611 0.724571
vt 0.768429 0.756672
vt 0.694997 0.761302
vt 0.737576 0.673251
vt 0.799312 0.601159
vt 0.803881 0.677423
vt 0.737576 0.673251
vt 0.803881 0.677423
vt 0.768429 0.756672
vt 0.793678 0.539545
vt 0.855871 0.472661
vt 0.861566 0.539941
vt 0.793678 0.539545
vt 0.865678 0.601799
vt 0.799312 0.601159
vt 0.793678 0.539545
vt 0.861566 0.539941
vt 0.865678 0.601799
vt 0.861566 0.539941
vt 0.855871 0.472661
vt 0.793678 0.539545
vt 0.861566 0.539941
vt 0.793678 0.539545
vt 0.865678 0.601799
vt 0.855871 0.472661
vt 0.788439 0.472661
vt 0.793678 0.539545
vt 0.799312 0.601159
vt 0.855871 0.682236
vt 0.803881 0.677423
vt 0.799312 0.601159
vt 0.865678 0.601799
vt 0.855871 0.682236
vt 0.865678 0.601799
vt 0.793678 0.539545
vt 0.799312 0.601159
vt 0.865678 0.601799
vt 0.799312 0.601159
vt 0.855871 0.682236
vt 0.793678 0.539545
vt 0.788439 0.472661
vt 0.718266 0.544692
vt 0.793678 0.539545
vt 0.718266 0.544692
vt 0.799312 0.601159
vt 0.788439 0.472661
vt 0.726794 0.472661
vt 0.718266 0.544692
vt 0.726794 0.472661
vt 0.672977 0.543961
vt 0.718266 0.544692
vt 0.718266 0.544692
vt 0.719606 0.604966
vt 0.799312 0.601159
vt 0.718266 0.544692
vt 0.672977 0.543961
vt 0.719606 0.604966
vt 0.672977 0.543961
vt 0.678916 0.64718
vt 0.719606 0.604966
vt 0.719606 0.604966
vt 0.737576 0.673251
vt 0.799312 0.601159
vt 0.719606 0.604966
vt 0.678916 0.64718
vt 0.737576 0.673251
vt 0.799312 0.601159
vt 0.803881 0.677423
vt 0.855871 0.682236
vt 0.799312 0.601159
vt 0.737576 0.673251
vt 0.803881 0.677423
vt 0.855871 0.682236
vt 0.855871 0.756185
vt 0.803881 0.677423
vt 0.855871 0.682236
vt 0.803881 0.677423
vt 0.855871 0.756185
vt 0.803881 0.677423
vt 0.807018 0.756185
vt 0.768429 0.756672
vt 0.803881 0.677423
vt 0.855871 0.756185
vt 0.807018 0.756185
vt 0.508753 0.924368
vt 0.443666 0.891505
vt 0.517585 0.917729
vt 0.443666 0.891505
vt 0.479819 0.893485
vt 0.525961 0.911911
vt 0.443666 0.891505
vt 0.525961 0.911911
vt 0.517585 0.917729
vt 0.517585 0.917729
vt 0.626895 0.912186
vt 0.508753 0.924368
vt 0.517585 0.917729
vt 0.525961 0.911911
vt 0.626895 0.912186
vt 0.508753 0.924368
vt 0.626895 0.912186
vt 0.65254 0.917059
vt 0.737576 0.673251
vt 0.678916 0.64718
vt 0.714611 0.724571
vt 0.737576 0.673251
vt 0.768429 0.756672
vt 0.803881 0.677423
vt 0.737576 0.673251
vt 0.714611 0.724571
vt 0.768429 0.756672
vt 0.803881 0.677423
vt 0.807018 0.756185
vt 0.855871 0.756185
vt 0.803881 0.677423
vt 0.768429 0.756672
vt 0.807018 0.756185
vt 0.855871 0.756185
vt 0.858886 0.866957
vt 0.807018 0.756185
vt 0.855871 0.756185
vt 0.807018 0.756185
vt 0.858886 0.866957
vt 0.807018 0.756185
vt 0.768429 0.756672
vt 0.81518 0.857454
vt 0.807018 0.756185
vt 0.81518 0.857454
vt 0.858886 0.866957
vt 0.807018 0.756185
vt 0.814053 0.858094
vt 0.768429 0.756672
vt 0.807018 0.756185
vt 0.858886 0.866957
vt 0.814053 0.858094
vt 0.858886 0.866957
vt 0.81518 0.857454
vt 0.855871 0.965485
vt 0.858886 0.866957
vt 0.855871 0.965485
vt 0.814053 0.858094
vt 0.855871 0.965485
vt 0.81518 0.857454
vt 0.750002 0.965303
vt 0.855871 0.965485
vt 0.750002 0.965303
vt 0.814053 0.858094
vt 0.525961 0.911911
vt 0.479819 0.893485
vt 0.535068 0.903049
vt 0.525961 0.911911
vt 0.601951 0.909505
vt 0.626895 0.912186
vt 0.525961 0.911911
vt 0.535068 0.903049
vt 0.601951 0.909505
vt 0.714611 0.724571
vt 0.678916 0.64718
vt 0.662165 0.73182
vt 0.678916 0.64718
vt 0.583464 0.705413
vt 0.662165 0.73182
vt 0.714611 0.724571
vt 0.694997 0.761302
vt 0.768429 0.756672
vt 0.714611 0.724571
vt 0.662165 0.73182
vt 0.694997 0.761302
vt 0.81518 0.857454
vt 0.695302 0.935028
vt 0.750002 0.965303
vt 0.750002 0.965303
vt 0.695302 0.935028
vt 0.601982 0.965485
vt 0.81518 0.857454
vt 0.768429 0.756672
vt 0.77251 0.847038
vt 0.81518 0.857454
vt 0.77251 0.847038
vt 0.695302 0.935028
vt 0.695302 0.935028
vt 0.65254 0.917059
vt 0.601982 0.965485
vt 0.695302 0.935028
vt 0.77251 0.847038
vt 0.65254 0.917059
vt 0.77251 0.847038
vt 0.768429 0.756672
vt 0.72451 0.855962
vt 0.768429 0.756672
vt 0.694997 0.761302
vt 0.72451 0.855962
vt 0.77251 0.847038
vt 0.72451 0.855962
vt 0.65254 0.917059
vt 0.814053 0.858094
vt 0.772327 0.84716
vt 0.768429 0.756672
vt 0.772327 0.84716
vt 0.65254 0.917059
vt 0.72451 0.855962
vt 0.768429 0.756672
vt 0.772327 0.84716
vt 0.72451 0.855962
vt 0.626895 0.912186
vt 0.664997 0.867779
vt 0.72451 0.855962
vt 0.626895 0.912186
vt 0.601951 0.909505
vt 0.664997 0.867779
vt 0.626895 0.912186
vt 0.72451 0.855962
vt 0.65254 0.917059
vt 0.72451 0.855962
vt 0.694997 0.761302
vt 0.768429 0.756672
vt 0.72451 0.855962
vt 0.664997 0.867779
vt 0.694997 0.761302
vt 0.772327 0.84716
vt 0.814053 0.858094
vt 0.695302 0.935028
vt 0.814053 0.858094
vt 0.750002 0.965303
vt 0.695302 0.935028
vt 0.772327 0.84716
vt 0.695302 0.935028
vt 0.65254 0.917059
vt 0.65254 0.917059
vt 0.695302 0.935028
vt 0.601982 0.965485
vt 0.601982 0.965485
vt 0.695302 0.935028
vt 0.750002 0.965303
vt 0.694997 0.761302
vt 0.662165 0.73182
vt 0.674286 0.811921
vt 0.694997 0.761302
vt 0.664997 0.867779
vt 0.72451 0.855962
vt 0.694997 0.761302
vt 0.674286 0.811921
vt 0.664997 0.867779
vt 0.72451 0.855962
vt 0.626895 0.912186
vt 0.65254 0.917059
vt 0.72451 0.855962
vt 0.664997 0.867779
vt 0.626895 0.912186
vt 0.601951 0.909505
vt 0.535068 0.903049
vt 0.570428 0.905394
vt 0.601951 0.909505
vt 0.632012 0.876856
vt 0.664997 0.867779
vt 0.601951 0.909505
vt 0.570428 0.905394
vt 0.632012 0.876856
vt 0.664997 0.867779
vt 0.674286 0.811921
vt 0.694997 0.761302
vt 0.664997 0.867779
vt 0.632012 0.876856
vt 0.674286 0.811921
vt 0.694997 0.761302
vt 0.674286 0.811921
vt 0.662165 0.73182
vt 0.65254 0.917059
vt 0.492184 0.937495
vt 0.601982 0.965485
vt 0.601982 0.965485
vt 0.492184 0.937495
vt 0.34925 0.917576
vt 0.34925 0.917576
vt 0.492184 0.937495
vt 0.387473 0.882521
vt 0.492184 0.937495
vt 0.65254 0.917059
vt 0.508753 0.924368
vt 0.65254 0.917059
vt 0.626895 0.912186
vt 0.508753 0.924368
vt 0.492184 0.937495
vt 0.508753 0.924368
vt 0.387473 0.882521
vt 0.664997 0.867779
vt 0.674286 0.811921
vt 0.632012 0.876856
vt 0.664997 0.867779
vt 0.601951 0.909505
vt 0.626895 0.912186
vt 0.664997 0.867779
vt 0.632012 0.876856
vt 0.601951 0.909505
vt 0.570428 0.905394
vt 0.535068 0.903049
vt 0.582063 0.886297
vt 0.570428 0.905394
vt 0.608621 0.885932
vt 0.632012 0.876856
vt 0.570428 0.905394
vt 0.582063 0.886297
vt 0.608621 0.885932
vt 0.632012 0.876856
vt 0.646449 0.83848
vt 0.674286 0.811921
vt 0.632012 0.876856
vt 0.608621 0.885932
vt 0.646449 0.83848
vt 0.608621 0.885932
vt 0.582063 0.886297
vt 0.604997 0.858673
vt 0.608621 0.885932
vt 0.604997 0.858673
vt 0.646449 0.83848
vt 0.674286 0.811921
vt 0.639779 0.788683
vt 0.662165 0.73182
vt 0.674286 0.811921
vt 0.646449 0.83848
vt 0.639779 0.788683
vt 0.646449 0.83848
vt 0.604997 0.858673
vt 0.616753 0.817221
vt 0.646449 0.83848
vt 0.616753 0.817221
vt 0.639779 0.788683
vt 0.604997 0.858673
vt 0.582063 0.886297
vt 0.580875 0.846916
vt 0.604997 0.858673
vt 0.580875 0.846916
vt 0.616753 0.817221
vt 0.582063 0.886297
vt 0.535068 0.903049
vt 0.553951 0.881607
vt 0.582063 0.886297
vt 0.553951 0.881607
vt 0.580875 0.846916
vt 0.553951 0.881607
vt 0.535068 0.903049
vt 0.534093 0.873201
vt 0.553951 0.881607
vt 0.534093 0.873201
vt 0.580875 0.846916
vt 0.580875 0.846916
vt 0.549626 0.847495
vt 0.616753 0.817221
vt 0.580875 0.846916
vt 0.534093 0.873201
vt 0.549626 0.847495
vt 0.616753 0.817221
vt 0.561535 0.822338
vt 0.639779 0.788683
vt 0.616753 0.817221
vt 0.549626 0.847495
vt 0.561535 0.822338
vt 0.549626 0.847495
vt 0.534093 0.873201
vt 0.516489 0.860957
vt 0.549626 0.847495
vt 0.516489 0.860957
vt 0.561535 0.822338
vt 0.534093 0.873201
vt 0.535068 0.903049
vt 0.515118 0.892876
vt 0.534093 0.873201
vt 0.515118 0.892876
vt 0.516489 0.860957
vt 0.516489 0.860957
vt 0.499616 0.850541
vt 0.561535 0.822338
vt 0.516489 0.860957
vt 0.515118 0.892876
vt 0.499616 0.850541
vt 0.499616 0.850541
vt 0.570276 0.796876
vt 0.561535 0.822338
vt 0.570276 0.796876
vt 0.662165 0.73182
vt 0.639779 0.788683
vt 0.639779 0.788683
vt 0.561535 0.822338
vt 0.570276 0.796876
vt 0.499616 0.850541
vt 0.515118 0.892876
vt 0.479819 0.893485
vt 0.479819 0.893485
vt 0.515118 0.892876
vt 0.535068 0.903049
vt 0.508753 0.924368
vt 0.517585 0.917729
vt 0.443666 0.891505
vt 0.508753 0.924368
vt 0.443666 0.891505
vt 0.387473 0.882521
vt 0.508753 0.924368
vt 0.626895 0.912186
vt 0.517585 0.917729
vt 0.517585 0.917729
vt 0.525961 0.911911
vt 0.443666 0.891505
vt 0.626895 0.912186
vt 0.601951 0.909505
vt 0.525961 0.911911
vt 0.626895 0.912186
vt 0.525961 0.911911
vt 0.517585 0.917729
vt 0.387473 0.882521
vt 0.443666 0.891505
vt 0.42655 0.824622
vt 0.601951 0.909505
vt 0.632012 0.876856
vt 0.570428 0.905394
vt 0.601951 0.909505
vt 0.535068 0.903049
vt 0.525961 0.911911
vt 0.601951 0.909505
vt 0.570428 0.905394
vt 0.535068 0.903049
vt 0.525961 0.911911
vt 0.479819 0.893485
vt 0.443666 0.891505
vt 0.525961 0.911911
vt 0.535068 0.903049
vt 0.479819 0.893485
vt 0.443666 0.891505
vt 0.465017 0.837779
vt 0.42655 0.824622
vt 0.443666 0.891505
vt 0.479819 0.893485
vt 0.465017 0.837779
vt 0.570428 0.905394
vt 0.632012 0.876856
vt 0.608621 0.885932
vt 0.570428 0.905394
vt 0.582063 0.886297
vt 0.535068 0.903049
vt 0.570428 0.905394
vt 0.608621 0.885932
vt 0.582063 0.886297
vt 0.479819 0.893485
vt 0.499616 0.850541
vt 0.465017 0.837779
vt 0.479819 0.893485
vt 0.535068 0.903049
vt 0.515118 0.892876
vt 0.479819 0.893485
vt 0.515118 0.892876
vt 0.499616 0.850541
vt 0.608621 0.885932
vt 0.632012 0.876856
vt 0.646449 0.83848
vt 0.632012 0.876856
vt 0.674286 0.811921
vt 0.646449 0.83848
vt 0.608621 0.885932
vt 0.604997 0.858673
vt 0.582063 0.886297
vt 0.608621 0.885932
vt 0.646449 0.83848
vt 0.604997 0.858673
vt 0.465017 0.837779
vt 0.569758 0.751403
vt 0.42655 0.824622
vt 0.42655 0.824622
vt 0.569758 0.751403
vt 0.388143 0.750277
vt 0.388143 0.750277
vt 0.569758 0.751403
vt 0.583464 0.705413
vt 0.583464 0.705413
vt 0.569758 0.751403
vt 0.662165 0.73182
vt 0.569758 0.751403
vt 0.465017 0.837779
vt 0.570276 0.796876
vt 0.465017 0.837779
vt 0.499616 0.850541
vt 0.570276 0.796876
vt 0.569758 0.751403
vt 0.570276 0.796876
vt 0.662165 0.73182
vt 0.662165 0.73182
vt 0.639779 0.788683
vt 0.674286 0.811921
vt 0.674286 0.811921
vt 0.639779 0.788683
vt 0.646449 0.83848
vt 0.662165 0.73182
vt 0.570276 0.796876
vt 0.639779 0.788683
vt 0.570276 0.796876
vt 0.499616 0.850541
vt 0.561535 0.822338
vt 0.570276 0.796876
vt 0.561535 0.822338
vt 0.639779 0.788683
vt 0.639779 0.788683
vt 0.616753 0.817221
vt 0.646449 0.83848
vt 0.646449 0.83848
vt 0.616753 0.817221
vt 0.604997 0.858673
vt 0.639779 0.788683
vt 0.561535 0.822338
vt 0.616753 0.817221
vt 0.604997 0.858673
vt 0.580875 0.846916
vt 0.582063 0.886297
vt 0.604997 0.858673
vt 0.616753 0.817221
vt 0.580875 0.846916
vt 0.616753 0.817221
vt 0.561535 0.822338
vt 0.549626 0.847495
vt 0.616753 0.817221
vt 0.549626 0.847495
vt 0.580875 0.846916
vt 0.561535 0.822338
vt 0.499616 0.850541
vt 0.516489 0.860957
vt 0.499616 0.850541
vt 0.515118 0.892876
vt 0.516489 0.860957
vt 0.561535 0.822338
vt 0.516489 0.860957
vt 0.549626 0.847495
vt 0.549626 0.847495
vt 0.534093 0.873201
vt 0.580875 0.846916
vt 0.516489 0.860957
vt 0.515118 0.892876
vt 0.534093 0.873201
vt 0.515118 0.892876
vt 0.535068 0.903049
vt 0.534093 0.873201
vt 0.516489 0.860957
vt 0.534093 0.873201
vt 0.549626 0.847495
vt 0.534093 0.873201
vt 0.553951 0.881607
vt 0.580875 0.846916
vt 0.553951 0.881607
vt 0.535068 0.903049
vt 0.582063 0.886297
vt 0.553951 0.881607
vt 0.534093 0.873201
vt 0.535068 0.903049
vt 0.553951 0.881607
vt 0.582063 0.886297
vt 0.580875 0.846916
vt 0.972582 0.317666
vt 0.984612 0.283889
vt 0.905912 0.331676
vt 0.972582 0.317666
vt 0.905912 0.331676
vt 0.940846 0.348184
vt 0.940846 0.348184
vt 0.905912 0.331676
vt 0.883891 0.368864
vt 0.905912 0.331676
vt 0.984612 0.283889
vt 0.915292 0.260072
vt 0.984612 0.283889
vt 0.971089 0.24996
vt 0.915292 0.260072
vt 0.971089 0.24996
vt 0.937952 0.219503
vt 0.915292 0.260072
vt 0.937952 0.219503
vt 0.881333 0.199524
vt 0.915292 0.260072
vt 0.905912 0.331676
vt 0.812926 0.340691
vt 0.883891 0.368864
vt 0.905912 0.331676
vt 0.915292 0.260072
vt 0.812926 0.340691
vt 0.915292 0.260072
vt 0.881333 0.199524
vt 0.812926 0.228244
vt 0.915292 0.260072
vt 0.812926 0.228244
vt 0.812926 0.340691
vt 0.881333 0.199524
vt 0.812926 0.191117
vt 0.812926 0.228244
vt 0.812926 0.191117
vt 0.744551 0.199524
vt 0.812926 0.228244
vt 0.812926 0.228244
vt 0.710561 0.260072
vt 0.812926 0.340691
vt 0.812926 0.228244
vt 0.744551 0.199524
vt 0.710561 0.260072
vt 0.744551 0.199524
vt 0.687931 0.219503
vt 0.710561 0.260072
vt 0.687931 0.219503
vt 0.654794 0.24996
vt 0.710561 0.260072
vt 0.654794 0.24996
vt 0.641241 0.283889
vt 0.710561 0.260072
vt 0.710561 0.260072
vt 0.719972 0.331676
vt 0.812926 0.340691
vt 0.710561 0.260072
vt 0.641241 0.283889
vt 0.719972 0.331676
vt 0.641241 0.283889
vt 0.653301 0.317666
vt 0.719972 0.331676
vt 0.653301 0.317666
vt 0.685038 0.348184
vt 0.719972 0.331676
vt 0.719972 0.331676
vt 0.741992 0.368864
vt 0.812926 0.340691
vt 0.719972 0.331676
vt 0.685038 0.348184
vt 0.741992 0.368864
vt 0.741992 0.368864
vt 0.812926 0.377057
vt 0.812926 0.340691
vt 0.812926 0.340691
vt 0.812926 0.377057
vt 0.883891 0.368864
vt 0.092193 0.325737
vt 0.092193 0.319128
vt 0.070538 0.323331
vt 0.092193 0.325737
vt 0.113818 0.323331
vt 0.092193 0.319128
vt 0.092193 0.319128
vt 0.075381 0.317209
vt 0.070538 0.323331
vt 0.070538 0.323331
vt 0.075381 0.317209
vt 0.053026 0.316996
vt 0.092193 0.319128
vt 0.113818 0.323331
vt 0.108975 0.317209
vt 0.113818 0.323331
vt 0.131361 0.316996
vt 0.108975 0.317209
vt 0.092193 0.319128
vt 0.092193 0.308712
vt 0.075381 0.317209
vt 0.092193 0.319128
vt 0.108975 0.317209
vt 0.092193 0.308712
vt 0.075381 0.317209
vt 0.062071 0.312732
vt 0.053026 0.316996
vt 0.075381 0.317209
vt 0.092193 0.308712
vt 0.071117 0.306397
vt 0.075381 0.317209
vt 0.071117 0.306397
vt 0.062071 0.312732
vt 0.062071 0.312732
vt 0.053696 0.305818
vt 0.053026 0.316996
vt 0.062071 0.312732
vt 0.071117 0.306397
vt 0.053696 0.305818
vt 0.053026 0.316996
vt 0.053696 0.305818
vt 0.041635 0.307981
vt 0.108975 0.317209
vt 0.131361 0.316996
vt 0.122285 0.312701
vt 0.108975 0.317209
vt 0.113239 0.306397
vt 0.092193 0.308712
vt 0.108975 0.317209
vt 0.122285 0.312701
vt 0.113239 0.306397
vt 0.122285 0.312701
vt 0.131361 0.316996
vt 0.13066 0.305818
vt 0.122285 0.312701
vt 0.13066 0.305818
vt 0.113239 0.306397
vt 0.131361 0.316996
vt 0.142721 0.307981
vt 0.13066 0.305818
vt 0.092193 0.308712
vt 0.092193 0.297443
vt 0.071117 0.306397
vt 0.092193 0.308712
vt 0.113239 0.306397
vt 0.092193 0.297443
vt 0.113239 0.306397
vt 0.13066 0.305818
vt 0.115097 0.297443
vt 0.113239 0.306397
vt 0.115097 0.297443
vt 0.092193 0.297443
vt 0.13066 0.305818
vt 0.142721 0.307981
vt 0.134254 0.297443
vt 0.13066 0.305818
vt 0.134254 0.297443
vt 0.115097 0.297443
vt 0.142721 0.307981
vt 0.146437 0.297443
vt 0.134254 0.297443
vt 0.146437 0.297443
vt 0.142569 0.286874
vt 0.134254 0.297443
vt 0.134254 0.297443
vt 0.131117 0.288762
vt 0.115097 0.297443
vt 0.134254 0.297443
vt 0.142569 0.286874
vt 0.131117 0.288762
vt 0.142569 0.286874
vt 0.131574 0.277554
vt 0.131117 0.288762
vt 0.115097 0.297443
vt 0.113879 0.289828
vt 0.092193 0.297443
vt 0.115097 0.297443
vt 0.131117 0.288762
vt 0.113879 0.289828
vt 0.131117 0.288762
vt 0.131574 0.277554
vt 0.115645 0.279351
vt 0.131117 0.288762
vt 0.115645 0.279351
vt 0.113879 0.289828
vt 0.113879 0.289828
vt 0.092193 0.289585
vt 0.092193 0.297443
vt 0.113879 0.289828
vt 0.115645 0.279351
vt 0.092193 0.289585
vt 0.131574 0.277554
vt 0.114244 0.270854
vt 0.115645 0.279351
vt 0.115645 0.279351
vt 0.092193 0.275788
vt 0.092193 0.289585
vt 0.115645 0.279351
vt 0.114244 0.270854
vt 0.092193 0.275788
vt 0.114244 0.270854
vt 0.092193 0.26793
vt 0.092193 0.275788
vt 0.092193 0.26793
vt 0.070112 0.270854
vt 0.092193 0.275788
vt 0.092193 0.275788
vt 0.068741 0.279382
vt 0.092193 0.289585
vt 0.092193 0.275788
vt 0.070112 0.270854
vt 0.068741 0.279382
vt 0.070112 0.270854
vt 0.052782 0.277554
vt 0.068741 0.279382
vt 0.092193 0.289585
vt 0.070477 0.289828
vt 0.092193 0.297443
vt 0.092193 0.289585
vt 0.068741 0.279382
vt 0.070477 0.289828
vt 0.068741 0.279382
vt 0.052782 0.277554
vt 0.053239 0.288762
vt 0.068741 0.279382
vt 0.053239 0.288762
vt 0.070477 0.289828
vt 0.070477 0.289828
vt 0.06929 0.297443
vt 0.092193 0.297443
vt 0.071117 0.306397
vt 0.06929 0.297443
vt 0.053696 0.305818
vt 0.071117 0.306397
vt 0.092193 0.297443
vt 0.06929 0.297443
vt 0.070477 0.289828
vt 0.053239 0.288762
vt 0.06929 0.297443
vt 0.06929 0.297443
vt 0.050102 0.297443
vt 0.053696 0.305818
vt 0.053696 0.305818
vt 0.050102 0.297443
vt 0.041635 0.307981
vt 0.06929 0.297443
vt 0.053239 0.288762
vt 0.050102 0.297443
vt 0.053239 0.288762
vt 0.052782 0.277554
vt 0.041787 0.286874
vt 0.053239 0.288762
vt 0.041787 0.286874
vt 0.050102 0.297443
vt 0.050102 0.297443
vt 0.037949 0.297443
vt 0.041635 0.307981
vt 0.037949 0.297443
vt 0.050102 0.297443
vt 0.041787 0.286874
vt 0.972582 0.317666
vt 0.905912 0.331676
vt 0.984612 0.283889
vt 0.972582 0.317666
vt 0.940846 0.348184
vt 0.905912 0.331676
vt 0.940846 0.348184
vt 0.883891 0.368864
vt 0.905912 0.331676
vt 0.905912 0.331676
vt 0.915292 0.260072
vt 0.984612 0.283889
vt 0.984612 0.283889
vt 0.915292 0.260072
vt 0.971089 0.24996
vt 0.971089 0.24996
vt 0.915292 0.260072
vt 0.937952 0.219503
vt 0.937952 0.219503
vt 0.915292 0.260072
vt 0.881333 0.199524
vt 0.905912 0.331676
vt 0.883891 0.368864
vt 0.812926 0.340691
vt 0.905912 0.331676
vt 0.812926 0.340691
vt 0.915292 0.260072
vt 0.915292 0.260072
vt 0.812926 0.228244
vt 0.881333 0.199524
vt 0.915292 0.260072
vt 0.812926 0.340691
vt 0.812926 0.228244
vt 0.881333 0.199524
vt 0.812926 0.228244
vt 0.812926 0.191117
vt 0.812926 0.191117
vt 0.812926 0.228244
vt 0.744551 0.199524
vt 0.812926 0.228244
vt 0.812926 0.340691
vt 0.710561 0.260072
vt 0.812926 0.228244
vt 0.710561 0.260072
vt 0.744551 0.199524
vt 0.744551 0.199524
vt 0.710561 0.260072
vt 0.687931 0.219503
vt 0.687931 0.219503
vt 0.710561 0.260072
vt 0.654794 0.24996
vt 0.654794 0.24996
vt 0.710561 0.260072
vt 0.641241 0.283889
vt 0.710561 0.260072
vt 0.812926 0.340691
vt 0.719972 0.331676
vt 0.710561 0.260072
vt 0.719972 0.331676
vt 0.641241 0.283889
vt 0.641241 0.283889
vt 0.719972 0.331676
vt 0.653301 0.317666
vt 0.653301 0.317666
vt 0.719972 0.331676
vt 0.685038 0.348184
vt 0.685038 0.348184
vt 0.719972 0.331676
vt 0.741992 0.368864
vt 0.719972 0.331676
vt 0.812926 0.340691
vt 0.741992 0.368864
vt 0.741992 0.368864
vt 0.812926 0.340691
vt 0.812926 0.377057
vt 0.812926 0.377057
vt 0.812926 0.340691
vt 0.883891 0.368864
vt 0.092193 0.325737
vt 0.070538 0.323331
vt 0.092193 0.319128
vt 0.092193 0.325737
vt 0.092193 0.319128
vt 0.113818 0.323331
vt 0.113818 0.323331
vt 0.092193 0.319128
vt 0.108975 0.317209
vt 0.113818 0.323331
vt 0.108975 0.317209
vt 0.131361 0.316996
vt 0.092193 0.319128
vt 0.070538 0.323331
vt 0.075381 0.317209
vt 0.070538 0.323331
vt 0.053026 0.316996
vt 0.075381 0.317209
vt 0.092193 0.319128
vt 0.092193 0.308712
vt 0.108975 0.317209
vt 0.092193 0.319128
vt 0.075381 0.317209
vt 0.092193 0.308712
vt 0.108975 0.317209
vt 0.122285 0.312701
vt 0.131361 0.316996
vt 0.108975 0.317209
vt 0.092193 0.308712
vt 0.113239 0.306397
vt 0.108975 0.317209
vt 0.113239 0.306397
vt 0.122285 0.312701
vt 0.122285 0.312701
vt 0.13066 0.305818
vt 0.131361 0.316996
vt 0.122285 0.312701
vt 0.113239 0.306397
vt 0.13066 0.305818
vt 0.131361 0.316996
vt 0.13066 0.305818
vt 0.142721 0.307981
vt 0.075381 0.317209
vt 0.053026 0.316996
vt 0.062071 0.312732
vt 0.075381 0.317209
vt 0.071117 0.306397
vt 0.092193 0.308712
vt 0.075381 0.317209
vt 0.062071 0.312732
vt 0.071117 0.306397
vt 0.062071 0.312732
vt 0.053026 0.316996
vt 0.053696 0.305818
vt 0.062071 0.312732
vt 0.053696 0.305818
vt 0.071117 0.306397
vt 0.053026 0.316996
vt 0.041635 0.307981
vt 0.053696 0.305818
vt 0.092193 0.308712
vt 0.092193 0.297443
vt 0.113239 0.306397
vt 0.092193 0.308712
vt 0.071117 0.306397
vt 0.092193 0.297443
vt 0.071117 0.306397
vt 0.053696 0.305818
vt 0.06929 0.297443
vt 0.071117 0.306397
vt 0.06929 0.297443
vt 0.092193 0.297443
vt 0.053696 0.305818
vt 0.041635 0.307981
vt 0.050102 0.297443
vt 0.053696 0.305818
vt 0.050102 0.297443
vt 0.06929 0.297443
vt 0.041635 0.307981
vt 0.037949 0.297443
vt 0.050102 0.297443
vt 0.037949 0.297443
vt 0.041787 0.286874
vt 0.050102 0.297443
vt 0.050102 0.297443
vt 0.053239 0.288762
vt 0.06929 0.297443
vt 0.050102 0.297443
vt 0.041787 0.286874
vt 0.053239 0.288762
vt 0.041787 0.286874
vt 0.052782 0.277554
vt 0.053239 0.288762
vt 0.06929 0.297443
vt 0.070477 0.289828
vt 0.092193 0.297443
vt 0.06929 0.297443
vt 0.053239 0.288762
vt 0.070477 0.289828
vt 0.053239 0.288762
vt 0.052782 0.277554
vt 0.068741 0.279382
vt 0.053239 0.288762
vt 0.068741 0.279382
vt 0.070477 0.289828
vt 0.070477 0.289828
vt 0.092193 0.289585
vt 0.092193 0.297443
vt 0.070477 0.289828
vt 0.068741 0.279382
vt 0.092193 0.289585
vt 0.052782 0.277554
vt 0.070112 0.270854
vt 0.068741 0.279382
vt 0.068741 0.279382
vt 0.092193 0.275788
vt 0.092193 0.289585
vt 0.068741 0.279382
vt 0.070112 0.270854
vt 0.092193 0.275788
vt 0.070112 0.270854
vt 0.092193 0.26793
vt 0.092193 0.275788
vt 0.092193 0.26793
vt 0.114244 0.270854
vt 0.092193 0.275788
vt 0.092193 0.275788
vt 0.115645 0.279351
vt 0.092193 0.289585
vt 0.092193 0.275788
vt 0.114244 0.270854
vt 0.115645 0.279351
vt 0.114244 0.270854
vt 0.131574 0.277554
vt 0.115645 0.279351
vt 0.092193 0.289585
vt 0.113879 0.289828
vt 0.092193 0.297443
vt 0.092193 0.289585
vt 0.115645 0.279351
vt 0.113879 0.289828
vt 0.115645 0.279351
vt 0.131574 0.277554
vt 0.131117 0.288762
vt 0.115645 0.279351
vt 0.131117 0.288762
vt 0.113879 0.289828
vt 0.113879 0.289828
vt 0.115097 0.297443
vt 0.092193 0.297443
vt 0.113239 0.306397
vt 0.115097 0.297443
vt 0.13066 0.305818
vt 0.113239 0.306397
vt 0.092193 0.297443
vt 0.115097 0.297443
vt 0.113879 0.289828
vt 0.131117 0.288762
vt 0.115097 0.297443
vt 0.115097 0.297443
vt 0.134254 0.297443
vt 0.13066 0.305818
vt 0.13066 0.305818
vt 0.134254 0.297443
vt 0.142721 0.307981
vt 0.115097 0.297443
vt 0.131117 0.288762
vt 0.134254 0.297443
vt 0.131117 0.288762
vt 0.131574 0.277554
vt 0.142569 0.286874
vt 0.131117 0.288762
vt 0.142569 0.286874
vt 0.134254 0.297443
vt 0.134254 0.297443
vt 0.146437 0.297443
vt 0.142721 0.307981
vt 0.146437 0.297443
vt 0.134254 0.297443
vt 0.142569 0.286874

# 2412 Vertex Normals
vn -0.054017 -0.996165 -0.068823
vn -0.054017 -0.996165 -0.068823
vn -0.054017 -0.996165 -0.068823
vn -0.227211 0.759722 -0.60926
vn -0.227211 0.759722 -0.60926
vn -0.227211 0.759722 -0.60926
vn -0.137817 0.505586 0.851698
vn -0.137817 0.505586 0.851698
vn -0.137817 0.505586 0.851698
vn -0.086012 -0.981902 0.168732
vn -0.086012 -0.981902 0.168732
vn -0.086012 -0.981902 0.168732
vn 0.148952 0.433175 -0.888917
vn 0.148952 0.433175 -0.888917
vn 0.148952 0.433175 -0.888917
vn -0.488774 0.748549 0.448079
vn -0.488774 0.748549 0.448079
vn -0.488774 0.748549 0.448079
vn 0.027079 0.319943 0.94705
vn 0.027079 0.319943 0.94705
vn 0.027079 0.319943 0.94705
vn -0.307318 0.817059 -0.487822
vn -0.307318 0.817059 -0.487822
vn -0.307318 0.817059 -0.487822
vn -0.095333 -0.964851 -0.244894
vn -0.095333 -0.964851 -0.244894
vn -0.095333 -0.964851 -0.244894
vn -0.21321 0.960716 -0.177668
vn -0.21321 0.960716 -0.177668
vn -0.21321 0.960716 -0.177668
vn 0.194897 -0.221549 0.955474
vn 0.194897 -0.221549 0.955474
vn 0.194897 -0.221549 0.955474
vn -0.410583 -0.76001 -0.503793
vn -0.410583 -0.76001 -0.503793
vn -0.410583 -0.76001 -0.503793
vn -0.245306 0.790655 0.560972
vn -0.245306 0.790655 0.560972
vn -0.245306 0.790655 0.560972
vn -0.010216 0.561091 -0.827691
vn -0.010216 0.561091 -0.827691
vn -0.010216 0.561091 -0.827691
vn -0.118016 -0.992891 0.015496
vn -0.118016 -0.992891 0.015496
vn -0.118016 -0.992891 0.015496
vn 0.054018 -0.996165 -0.068823
vn 0.054018 -0.996165 -0.068823
vn 0.054018 -0.996165 -0.068823
vn 0.227211 0.759722 -0.60926
vn 0.227211 0.759722 -0.60926
vn 0.227211 0.759722 -0.60926
vn 0.137817 0.505586 0.851698
vn 0.137817 0.505586 0.851698
vn 0.137817 0.505586 0.851698
vn 0.086013 -0.981902 0.168732
vn 0.086013 -0.981902 0.168732
vn 0.086013 -0.981902 0.168732
vn -0.148952 0.433174 -0.888917
vn -0.148952 0.433174 -0.888917
vn -0.148952 0.433174 -0.888917
vn 0.488775 0.748549 0.448078
vn 0.488775 0.748549 0.448078
vn 0.488775 0.748549 0.448078
vn -0.027079 0.319943 0.94705
vn -0.027079 0.319943 0.94705
vn -0.027079 0.319943 0.94705
vn 0.307318 0.817059 -0.487822
vn 0.307318 0.817059 -0.487822
vn 0.307318 0.817059 -0.487822
vn 0.095333 -0.964851 -0.244894
vn 0.095333 -0.964851 -0.244894
vn 0.095333 -0.964851 -0.244894
vn 0.21321 0.960716 -0.177668
vn 0.21321 0.960716 -0.177668
vn 0.21321 0.960716 -0.177668
vn -0.194897 -0.221549 0.955474
vn -0.194897 -0.221549 0.955474
vn -0.194897 -0.221549 0.955474
vn 0.410583 -0.76001 -0.503792
vn 0.410583 -0.76001 -0.503792
vn 0.410583 -0.76001 -0.503792
vn 0.245306 0.790655 0.560973
vn 0.245306 0.790655 0.560973
vn 0.245306 0.790655 0.560973
vn 0.010216 0.561091 -0.827691
vn 0.010216 0.561091 -0.827691
vn 0.010216 0.561091 -0.827691
vn 0.118015 -0.992891 0.015496
vn 0.118015 -0.992891 0.015496
vn 0.118015 -0.992891 0.015496
vn 0.000001 0.862274 0.506441
vn -0.000347 0.77528 0.631618
vn 0.732616 0.527519 0.430113
vn 0.732616 0.527519 0.430113
vn -0.000347 0.77528 0.631618
vn 0.780217 0.436931 0.447607
vn -0.000347 0.77528 0.631618
vn -0.000745 0.705415 0.708794
vn 0.780217 0.436931 0.447607
vn 0.732616 0.527519 0.430113
vn 0.780217 0.436931 0.447607
vn 0.921011 0.247571 0.300745
vn -0.0 -0.996119 -0.08802
vn -0.0 -0.994723 -0.1026
vn 0.0 -0.996537 -0.083155
vn -0.0 -0.996119 -0.08802
vn 0.0 -0.996537 -0.083155
vn 0.0 -0.997301 -0.073421
vn 0.0 -0.997301 -0.073421
vn 0.0 -0.996537 -0.083155
vn 0.0 -0.997301 -0.073421
vn -0.921329 0.246372 0.300755
vn -0.780859 0.436376 0.44703
vn -0.733002 0.526897 0.430217
vn -0.780859 0.436376 0.44703
vn -0.000745 0.705415 0.708794
vn -0.000347 0.77528 0.631618
vn -0.780859 0.436376 0.44703
vn -0.000347 0.77528 0.631618
vn -0.733002 0.526897 0.430217
vn -0.733002 0.526897 0.430217
vn -0.000347 0.77528 0.631618
vn 0.000001 0.862274 0.506441
vn -0.25171 0.896071 0.365648
vn -0.352741 0.783673 0.511302
vn 0.313919 0.558609 0.767731
vn 0.313919 0.558609 0.767731
vn -0.352741 0.783673 0.511302
vn 0.37286 0.423267 0.825724
vn -0.352741 0.783673 0.511302
vn -0.402738 0.705774 0.582825
vn 0.37286 0.423267 0.825724
vn 0.313919 0.558609 0.767731
vn 0.37286 0.423267 0.825724
vn 0.573383 0.230071 0.78632
vn 0.043009 -0.997135 -0.062226
vn 0.058969 -0.994607 -0.085316
vn 0.03793 -0.997328 -0.062433
vn 0.043009 -0.997135 -0.062226
vn 0.03793 -0.997328 -0.062433
vn 0.027395 -0.998324 -0.050968
vn 0.027395 -0.998324 -0.050968
vn 0.03793 -0.997328 -0.062433
vn 0.027771 -0.997637 -0.062842
vn -0.939035 0.236589 -0.249479
vn -0.903493 0.425256 -0.053457
vn -0.828127 0.56025 -0.018019
vn -0.903493 0.425256 -0.053457
vn -0.402738 0.705774 0.582825
vn -0.352741 0.783673 0.511302
vn -0.903493 0.425256 -0.053457
vn -0.352741 0.783673 0.511302
vn -0.828127 0.56025 -0.018019
vn -0.828127 0.56025 -0.018019
vn -0.352741 0.783673 0.511302
vn -0.25171 0.896071 0.365648
vn 0.256654 0.90052 0.350987
vn -0.310938 0.565916 0.763582
vn 0.354758 0.786637 0.505321
vn 0.354758 0.786637 0.505321
vn -0.310938 0.565916 0.763582
vn -0.37286 0.423267 0.825724
vn -0.310938 0.565916 0.763582
vn -0.573384 0.230071 0.78632
vn -0.37286 0.423267 0.825724
vn 0.354758 0.786637 0.505321
vn -0.37286 0.423267 0.825724
vn 0.402738 0.705774 0.582825
vn -0.043009 -0.997135 -0.062226
vn -0.027395 -0.998324 -0.050968
vn -0.03793 -0.997328 -0.062433
vn -0.043009 -0.997135 -0.062226
vn -0.03793 -0.997328 -0.062433
vn -0.058969 -0.994607 -0.085316
vn 0.402738 0.705774 0.582825
vn 0.904688 0.422557 -0.05463
vn 0.354758 0.786637 0.505321
vn -0.027395 -0.998324 -0.050968
vn -0.027771 -0.997637 -0.062842
vn -0.03793 -0.997328 -0.062433
vn 0.904688 0.422557 -0.05463
vn 0.829411 0.558256 -0.020674
vn 0.354758 0.786637 0.505321
vn 0.904688 0.422557 -0.05463
vn 0.941176 0.226464 -0.250802
vn 0.829411 0.558256 -0.020674
vn 0.829411 0.558256 -0.020674
vn 0.256654 0.90052 0.350987
vn 0.354758 0.786637 0.505321
vn -0.000001 0.862274 0.506442
vn -0.732616 0.527519 0.430114
vn 0.000347 0.77528 0.631618
vn 0.000347 0.77528 0.631618
vn -0.732616 0.527519 0.430114
vn -0.780217 0.436931 0.447607
vn -0.732616 0.527519 0.430114
vn -0.921011 0.247571 0.300745
vn -0.780217 0.436931 0.447607
vn 0.000347 0.77528 0.631618
vn -0.780217 0.436931 0.447607
vn 0.000745 0.705415 0.708794
vn 0.0 -0.996119 -0.08802
vn -0.0 -0.997301 -0.073421
vn -0.0 -0.996537 -0.083155
vn 0.0 -0.996119 -0.08802
vn -0.0 -0.996537 -0.083155
vn 0.0 -0.994723 -0.1026
vn 0.000745 0.705415 0.708794
vn 0.780859 0.436376 0.44703
vn 0.000347 0.77528 0.631618
vn -0.0 -0.997301 -0.073421
vn -0.0 -0.997301 -0.073421
vn -0.0 -0.996537 -0.083155
vn 0.780859 0.436376 0.44703
vn 0.733002 0.526897 0.430217
vn 0.000347 0.77528 0.631618
vn 0.780859 0.436376 0.44703
vn 0.921329 0.246372 0.300755
vn 0.733002 0.526897 0.430217
vn 0.733002 0.526897 0.430217
vn -0.000001 0.862274 0.506442
vn 0.000347 0.77528 0.631618
vn 0.25171 0.896071 0.365648
vn -0.313919 0.558609 0.767731
vn 0.352741 0.783673 0.511302
vn 0.352741 0.783673 0.511302
vn -0.313919 0.558609 0.767731
vn -0.37286 0.423267 0.825724
vn -0.313919 0.558609 0.767731
vn -0.573384 0.230071 0.78632
vn -0.37286 0.423267 0.825724
vn 0.352741 0.783673 0.511302
vn -0.37286 0.423267 0.825724
vn 0.402738 0.705774 0.582825
vn -0.043009 -0.997135 -0.062226
vn -0.027395 -0.998324 -0.050968
vn -0.03793 -0.997328 -0.062433
vn -0.043009 -0.997135 -0.062226
vn -0.03793 -0.997328 -0.062433
vn -0.058969 -0.994607 -0.085316
vn 0.402738 0.705774 0.582825
vn 0.903493 0.425256 -0.053457
vn 0.352741 0.783673 0.511302
vn -0.027395 -0.998324 -0.050968
vn -0.027771 -0.997637 -0.062842
vn -0.03793 -0.997328 -0.062433
vn 0.903493 0.425256 -0.053457
vn 0.828128 0.56025 -0.01802
vn 0.352741 0.783673 0.511302
vn 0.903493 0.425256 -0.053457
vn 0.939035 0.236589 -0.249479
vn 0.828128 0.56025 -0.01802
vn 0.828128 0.56025 -0.01802
vn 0.25171 0.896071 0.365648
vn 0.352741 0.783673 0.511302
vn -0.256654 0.90052 0.350987
vn -0.354758 0.786637 0.505321
vn 0.310938 0.565916 0.763582
vn 0.310938 0.565916 0.763582
vn -0.354758 0.786637 0.505321
vn 0.37286 0.423267 0.825724
vn -0.354758 0.786637 0.505321
vn -0.402738 0.705774 0.582825
vn 0.37286 0.423267 0.825724
vn 0.310938 0.565916 0.763582
vn 0.37286 0.423267 0.825724
vn 0.573384 0.230071 0.78632
vn 0.043009 -0.997135 -0.062226
vn 0.058969 -0.994607 -0.085316
vn 0.03793 -0.997328 -0.062433
vn 0.043009 -0.997135 -0.062226
vn 0.03793 -0.997328 -0.062433
vn 0.027395 -0.998324 -0.050968
vn 0.027395 -0.998324 -0.050968
vn 0.03793 -0.997328 -0.062433
vn 0.027771 -0.997637 -0.062842
vn -0.941176 0.226464 -0.250802
vn -0.904688 0.422557 -0.05463
vn -0.829411 0.558256 -0.020675
vn -0.904688 0.422557 -0.05463
vn -0.402738 0.705774 0.582825
vn -0.354758 0.786637 0.505321
vn -0.904688 0.422557 -0.05463
vn -0.354758 0.786637 0.505321
vn -0.829411 0.558256 -0.020675
vn -0.829411 0.558256 -0.020675
vn -0.354758 0.786637 0.505321
vn -0.256654 0.90052 0.350987
vn -0.388203 0.419117 0.820756
vn -0.461868 0.153108 0.873634
vn 0.0 0.435569 0.900155
vn -0.461868 0.153108 0.873634
vn -0.0 0.105286 0.994442
vn 0.0 0.435569 0.900155
vn -0.0 0.105286 0.994442
vn 0.461868 0.153108 0.873634
vn 0.0 0.435569 0.900155
vn 0.0 0.435569 0.900155
vn 0.461868 0.153108 0.873634
vn 0.388203 0.419116 0.820756
vn -0.513505 0.631381 0.581094
vn -0.388203 0.419117 0.820756
vn -0.235631 0.672709 0.701385
vn -0.388203 0.419117 0.820756
vn 0.0 0.435569 0.900155
vn -0.235631 0.672709 0.701385
vn -0.235631 0.672709 0.701385
vn 0.0 0.435569 0.900155
vn 0.0 0.700098 0.714046
vn 0.0 0.700098 0.714046
vn 0.0 0.435569 0.900155
vn 0.235632 0.672709 0.701385
vn 0.0 0.435569 0.900155
vn 0.388203 0.419116 0.820756
vn 0.235632 0.672709 0.701385
vn 0.235632 0.672709 0.701385
vn 0.388203 0.419116 0.820756
vn 0.513504 0.631381 0.581094
vn 0.0 0.492291 0.870431
vn 0.0 -0.284026 0.958817
vn -0.340018 0.237893 0.909832
vn 0.0 0.492291 0.870431
vn 0.340018 0.237893 0.909832
vn 0.0 -0.284026 0.958817
vn 0.0 -0.284026 0.958817
vn -0.423815 -0.203303 0.882638
vn -0.340018 0.237893 0.909832
vn -0.340018 0.237893 0.909832
vn -0.423815 -0.203303 0.882638
vn -0.601421 0.358157 0.714155
vn 0.0 -0.284026 0.958817
vn 0.340018 0.237893 0.909832
vn 0.423815 -0.203303 0.882637
vn 0.340018 0.237893 0.909832
vn 0.601421 0.358157 0.714155
vn 0.423815 -0.203303 0.882637
vn 0.0 -0.284026 0.958817
vn -0.0 0.105286 0.994442
vn -0.423815 -0.203303 0.882638
vn 0.0 -0.284026 0.958817
vn 0.423815 -0.203303 0.882637
vn -0.0 0.105286 0.994442
vn -0.0 0.105286 0.994442
vn -0.461868 0.153108 0.873634
vn -0.423815 -0.203303 0.882638
vn -0.423815 -0.203303 0.882638
vn -0.752997 -0.191412 0.629569
vn -0.601421 0.358157 0.714155
vn -0.423815 -0.203303 0.882638
vn -0.461868 0.153108 0.873634
vn -0.752997 -0.191412 0.629569
vn -0.601421 0.358157 0.714155
vn -0.752997 -0.191412 0.629569
vn -0.910864 0.17723 0.372715
vn -0.0 0.105286 0.994442
vn 0.423815 -0.203303 0.882637
vn 0.461868 0.153108 0.873634
vn 0.423815 -0.203303 0.882637
vn 0.601421 0.358157 0.714155
vn 0.752997 -0.191412 0.629569
vn 0.423815 -0.203303 0.882637
vn 0.752997 -0.191412 0.629569
vn 0.461868 0.153108 0.873634
vn 0.601421 0.358157 0.714155
vn 0.910864 0.17723 0.372715
vn 0.752997 -0.191412 0.629569
vn -0.752997 -0.191412 0.629569
vn -0.461868 0.153108 0.873634
vn -0.801411 0.065978 0.594464
vn -0.752997 -0.191412 0.629569
vn -0.969396 -0.15369 0.191443
vn -0.910864 0.17723 0.372715
vn -0.752997 -0.191412 0.629569
vn -0.801411 0.065978 0.594464
vn -0.969396 -0.15369 0.191443
vn -0.910864 0.17723 0.372715
vn -0.969396 -0.15369 0.191443
vn -0.891694 0.251257 -0.376499
vn 0.752997 -0.191412 0.629569
vn 0.801411 0.065978 0.594464
vn 0.461868 0.153108 0.873634
vn 0.752997 -0.191412 0.629569
vn 0.910864 0.17723 0.372715
vn 0.969396 -0.15369 0.191443
vn 0.752997 -0.191412 0.629569
vn 0.969396 -0.15369 0.191443
vn 0.801411 0.065978 0.594464
vn 0.910864 0.17723 0.372715
vn 0.891694 0.251257 -0.376499
vn 0.969396 -0.15369 0.191443
vn -0.801411 0.065978 0.594464
vn -0.461868 0.153108 0.873634
vn -0.698789 0.342516 0.627994
vn -0.461868 0.153108 0.873634
vn -0.388203 0.419117 0.820756
vn -0.698789 0.342516 0.627994
vn -0.388203 0.419117 0.820756
vn -0.513505 0.631381 0.581094
vn -0.698789 0.342516 0.627994
vn -0.801411 0.065978 0.594464
vn -0.961133 0.177425 0.211527
vn -0.969396 -0.15369 0.191443
vn -0.801411 0.065978 0.594464
vn -0.698789 0.342516 0.627994
vn -0.961133 0.177425 0.211527
vn -0.698789 0.342516 0.627994
vn -0.513505 0.631381 0.581094
vn -0.769009 0.499383 0.399053
vn -0.698789 0.342516 0.627994
vn -0.769009 0.499383 0.399053
vn -0.961133 0.177425 0.211527
vn -0.969396 -0.15369 0.191443
vn -0.960011 -0.112427 -0.256396
vn -0.891694 0.251257 -0.376499
vn -0.969396 -0.15369 0.191443
vn -0.961133 0.177425 0.211527
vn -0.960011 -0.112427 -0.256396
vn 0.801411 0.065978 0.594464
vn 0.69879 0.342516 0.627994
vn 0.461868 0.153108 0.873634
vn 0.461868 0.153108 0.873634
vn 0.69879 0.342516 0.627994
vn 0.388203 0.419116 0.820756
vn 0.388203 0.419116 0.820756
vn 0.69879 0.342516 0.627994
vn 0.513504 0.631381 0.581094
vn 0.801411 0.065978 0.594464
vn 0.969396 -0.15369 0.191443
vn 0.961133 0.177425 0.211527
vn 0.801411 0.065978 0.594464
vn 0.961133 0.177425 0.211527
vn 0.69879 0.342516 0.627994
vn 0.69879 0.342516 0.627994
vn 0.769009 0.499383 0.399053
vn 0.513504 0.631381 0.581094
vn 0.69879 0.342516 0.627994
vn 0.961133 0.177425 0.211527
vn 0.769009 0.499383 0.399053
vn 0.969396 -0.15369 0.191443
vn 0.891694 0.251257 -0.376499
vn 0.960011 -0.112427 -0.256396
vn 0.969396 -0.15369 0.191443
vn 0.960011 -0.112427 -0.256396
vn 0.961133 0.177425 0.211527
vn -0.769009 0.499383 0.399053
vn -0.513505 0.631381 0.581094
vn -0.53634 0.659458 0.526739
vn -0.769009 0.499383 0.399053
vn -0.938982 0.25702 0.228589
vn -0.961133 0.177425 0.211527
vn -0.769009 0.499383 0.399053
vn -0.53634 0.659458 0.526739
vn -0.938982 0.25702 0.228589
vn -0.961133 0.177425 0.211527
vn -0.94101 0.11507 -0.318213
vn -0.960011 -0.112427 -0.256396
vn -0.961133 0.177425 0.211527
vn -0.938982 0.25702 0.228589
vn -0.94101 0.11507 -0.318213
vn -0.960011 -0.112427 -0.256396
vn -0.728464 -0.156538 -0.66696
vn -0.891694 0.251257 -0.376499
vn -0.960011 -0.112427 -0.256396
vn -0.94101 0.11507 -0.318213
vn -0.728464 -0.156538 -0.66696
vn -0.881431 -0.351788 -0.315158
vn -0.728464 -0.156538 -0.66696
vn -0.524275 0.018627 -0.851345
vn 0.769009 0.499383 0.399053
vn 0.53634 0.659458 0.526739
vn 0.513504 0.631381 0.581094
vn 0.769009 0.499383 0.399053
vn 0.961133 0.177425 0.211527
vn 0.938982 0.25702 0.228589
vn 0.769009 0.499383 0.399053
vn 0.938982 0.25702 0.228589
vn 0.53634 0.659458 0.526739
vn 0.961133 0.177425 0.211527
vn 0.960011 -0.112427 -0.256396
vn 0.94101 0.11507 -0.318214
vn 0.961133 0.177425 0.211527
vn 0.94101 0.11507 -0.318214
vn 0.938982 0.25702 0.228589
vn 0.960011 -0.112427 -0.256396
vn 0.891694 0.251257 -0.376499
vn 0.728464 -0.156538 -0.66696
vn 0.960011 -0.112427 -0.256396
vn 0.728464 -0.156538 -0.66696
vn 0.94101 0.11507 -0.318214
vn 0.881431 -0.351788 -0.315158
vn 0.524275 0.018627 -0.851345
vn 0.728464 -0.156538 -0.66696
vn -0.94101 0.11507 -0.318213
vn -0.938982 0.25702 0.228589
vn -0.883664 0.138406 -0.447192
vn -0.94101 0.11507 -0.318213
vn -0.725005 0.20351 -0.657991
vn -0.728464 -0.156538 -0.66696
vn -0.94101 0.11507 -0.318213
vn -0.883664 0.138406 -0.447192
vn -0.725005 0.20351 -0.657991
vn 0.94101 0.11507 -0.318214
vn 0.883664 0.138406 -0.447192
vn 0.938982 0.25702 0.228589
vn 0.94101 0.11507 -0.318214
vn 0.728464 -0.156538 -0.66696
vn 0.725005 0.20351 -0.657991
vn 0.94101 0.11507 -0.318214
vn 0.725005 0.20351 -0.657991
vn 0.883664 0.138406 -0.447192
vn -0.728464 -0.156538 -0.66696
vn -0.402181 -0.300791 -0.86474
vn -0.540777 0.212408 -0.813906
vn -0.524275 0.018627 -0.851345
vn -0.402181 -0.300791 -0.86474
vn -0.0 0.166866 -0.98598
vn -0.728464 -0.156538 -0.66696
vn -0.725005 0.20351 -0.657991
vn -0.444129 0.068068 -0.893374
vn -0.728464 -0.156538 -0.66696
vn -0.444129 0.068068 -0.893374
vn -0.402181 -0.300791 -0.86474
vn -0.402181 -0.300791 -0.86474
vn -0.0 -0.1818 -0.983336
vn -0.0 0.166866 -0.98598
vn -0.402181 -0.300791 -0.86474
vn -0.444129 0.068068 -0.893374
vn -0.0 -0.1818 -0.983336
vn -0.0 0.166866 -0.98598
vn 0.402182 -0.300791 -0.86474
vn 0.524275 0.018627 -0.851345
vn 0.540777 0.212409 -0.813906
vn 0.402182 -0.300791 -0.86474
vn 0.728464 -0.156538 -0.66696
vn -0.0 0.166866 -0.98598
vn -0.0 -0.1818 -0.983336
vn 0.402182 -0.300791 -0.86474
vn 0.402182 -0.300791 -0.86474
vn 0.444129 0.068068 -0.893374
vn 0.728464 -0.156538 -0.66696
vn 0.728464 -0.156538 -0.66696
vn 0.444129 0.068068 -0.893374
vn 0.725005 0.20351 -0.657991
vn 0.402182 -0.300791 -0.86474
vn -0.0 -0.1818 -0.983336
vn 0.444129 0.068068 -0.893374
vn -0.0 -0.1818 -0.983336
vn -0.444129 0.068068 -0.893374
vn 0.0 0.219991 -0.975502
vn -0.0 -0.1818 -0.983336
vn 0.0 0.219991 -0.975502
vn 0.444129 0.068068 -0.893374
vn 0.444129 0.068068 -0.893374
vn 0.370314 0.468186 -0.80229
vn 0.725005 0.20351 -0.657991
vn 0.444129 0.068068 -0.893374
vn 0.0 0.219991 -0.975502
vn 0.370314 0.468186 -0.80229
vn 0.725005 0.20351 -0.657991
vn 0.479566 0.426712 -0.766768
vn 0.883664 0.138406 -0.447192
vn 0.725005 0.20351 -0.657991
vn 0.370314 0.468186 -0.80229
vn 0.479566 0.426712 -0.766768
vn -0.444129 0.068068 -0.893374
vn -0.725005 0.20351 -0.657991
vn -0.370314 0.468186 -0.80229
vn -0.444129 0.068068 -0.893374
vn -0.370314 0.468186 -0.80229
vn 0.0 0.219991 -0.975502
vn 0.0 0.219991 -0.975502
vn 0.0 0.548067 -0.836434
vn 0.370314 0.468186 -0.80229
vn 0.0 0.219991 -0.975502
vn -0.370314 0.468186 -0.80229
vn 0.0 0.548067 -0.836434
vn 0.0 0.548067 -0.836434
vn -0.0 0.809018 -0.587784
vn 0.370314 0.468186 -0.80229
vn 0.0 0.548067 -0.836434
vn -0.370314 0.468186 -0.80229
vn -0.0 0.809018 -0.587784
vn 0.370314 0.468186 -0.80229
vn 0.314553 0.739793 -0.594779
vn 0.479566 0.426712 -0.766768
vn 0.370314 0.468186 -0.80229
vn -0.0 0.809018 -0.587784
vn 0.314553 0.739793 -0.594779
vn 0.314553 0.739793 -0.594779
vn -0.010613 0.862933 -0.505208
vn 0.479566 0.426712 -0.766768
vn 0.314553 0.739793 -0.594779
vn -0.0 0.809018 -0.587784
vn -0.010613 0.862933 -0.505208
vn -0.725005 0.20351 -0.657991
vn -0.883664 0.138406 -0.447192
vn -0.479567 0.426712 -0.766768
vn -0.725005 0.20351 -0.657991
vn -0.479567 0.426712 -0.766768
vn -0.370314 0.468186 -0.80229
vn -0.370314 0.468186 -0.80229
vn -0.314553 0.739793 -0.594779
vn -0.0 0.809018 -0.587784
vn -0.370314 0.468186 -0.80229
vn -0.479567 0.426712 -0.766768
vn -0.314553 0.739793 -0.594779
vn -0.314553 0.739793 -0.594779
vn 0.010614 0.862933 -0.505208
vn -0.0 0.809018 -0.587784
vn -0.314553 0.739793 -0.594779
vn -0.479567 0.426712 -0.766768
vn 0.010614 0.862933 -0.505208
vn -0.0 0.809018 -0.587784
vn -0.0 0.986629 -0.162981
vn -0.010613 0.862933 -0.505208
vn -0.0 0.809018 -0.587784
vn 0.010614 0.862933 -0.505208
vn -0.0 0.986629 -0.162981
vn 0.883664 0.138406 -0.447192
vn 0.956457 0.030376 -0.290289
vn 0.938982 0.25702 0.228589
vn 0.883664 0.138406 -0.447192
vn 0.479566 0.426712 -0.766768
vn 0.501642 0.161644 -0.849839
vn 0.883664 0.138406 -0.447192
vn 0.501642 0.161644 -0.849839
vn 0.956457 0.030376 -0.290289
vn 0.479566 0.426712 -0.766768
vn -0.010613 0.862933 -0.505208
vn -0.184279 0.585056 -0.789779
vn 0.479566 0.426712 -0.766768
vn -0.184279 0.585056 -0.789779
vn 0.501642 0.161644 -0.849839
vn -0.479567 0.426712 -0.766768
vn -0.883664 0.138406 -0.447192
vn -0.501642 0.161644 -0.849839
vn -0.479567 0.426712 -0.766768
vn 0.184279 0.585056 -0.789779
vn 0.010614 0.862933 -0.505208
vn -0.479567 0.426712 -0.766768
vn -0.501642 0.161644 -0.849839
vn 0.184279 0.585056 -0.789779
vn 0.956457 0.030376 -0.290289
vn 0.91964 0.145232 0.364926
vn 0.938982 0.25702 0.228589
vn 0.956457 0.030376 -0.290289
vn 0.501642 0.161644 -0.849839
vn 0.913389 0.283939 -0.291716
vn 0.956457 0.030376 -0.290289
vn 0.913389 0.283939 -0.291716
vn 0.91964 0.145232 0.364926
vn 0.501642 0.161644 -0.849839
vn -0.184279 0.585056 -0.789779
vn 0.143877 0.528763 -0.836486
vn 0.501642 0.161644 -0.849839
vn 0.143877 0.528763 -0.836486
vn 0.913389 0.283939 -0.291716
vn -0.010613 0.862933 -0.505208
vn -0.0 0.986629 -0.162981
vn -0.12491 0.990504 0.057436
vn -0.010613 0.862933 -0.505208
vn -0.397632 0.913598 -0.085014
vn -0.184279 0.585056 -0.789779
vn -0.010613 0.862933 -0.505208
vn -0.12491 0.990504 0.057436
vn -0.397632 0.913598 -0.085014
vn -0.184279 0.585056 -0.789779
vn -0.183614 0.981962 -0.045135
vn 0.143877 0.528763 -0.836486
vn -0.184279 0.585056 -0.789779
vn -0.397632 0.913598 -0.085014
vn -0.183614 0.981962 -0.045135
vn -0.397632 0.913598 -0.085014
vn -0.12491 0.990504 0.057436
vn -0.119974 0.807377 0.57771
vn -0.397632 0.913598 -0.085014
vn -0.119974 0.807377 0.57771
vn -0.183614 0.981962 -0.045135
vn 0.143877 0.528763 -0.836486
vn 0.451712 0.869286 -0.200744
vn 0.913389 0.283939 -0.291716
vn 0.143877 0.528763 -0.836486
vn -0.183614 0.981962 -0.045135
vn 0.451712 0.869286 -0.200744
vn 0.451712 0.869286 -0.200744
vn 0.502784 0.602003 0.620323
vn 0.913389 0.283939 -0.291716
vn -0.183614 0.981962 -0.045135
vn -0.119974 0.807377 0.57771
vn 0.502784 0.602003 0.620323
vn -0.183614 0.981962 -0.045135
vn 0.502784 0.602003 0.620323
vn 0.451712 0.869286 -0.200744
vn 0.913389 0.283939 -0.291716
vn 0.502784 0.602003 0.620323
vn 0.91964 0.145232 0.364926
vn 0.91964 0.145232 0.364926
vn 0.465721 0.451624 0.761012
vn 0.938982 0.25702 0.228589
vn 0.502784 0.602003 0.620323
vn -0.119974 0.807377 0.57771
vn 0.465721 0.451624 0.761012
vn 0.502784 0.602003 0.620323
vn 0.465721 0.451624 0.761012
vn 0.91964 0.145232 0.364926
vn -0.119974 0.807377 0.57771
vn -0.12491 0.990504 0.057436
vn 0.092773 0.875949 0.473398
vn -0.119974 0.807377 0.57771
vn 0.092773 0.875949 0.473398
vn 0.465721 0.451624 0.761012
vn 0.465721 0.451624 0.761012
vn 0.53634 0.659458 0.526739
vn 0.938982 0.25702 0.228589
vn 0.465721 0.451624 0.761012
vn 0.092773 0.875949 0.473398
vn 0.53634 0.659458 0.526739
vn -0.12491 0.990504 0.057436
vn -0.0 0.986629 -0.162981
vn -0.0 0.982173 0.187981
vn -0.12491 0.990504 0.057436
vn -0.0 0.982173 0.187981
vn 0.092773 0.875949 0.473398
vn 0.092773 0.875949 0.473398
vn 0.243172 0.869107 0.430721
vn 0.53634 0.659458 0.526739
vn 0.092773 0.875949 0.473398
vn -0.0 0.982173 0.187981
vn 0.243172 0.869107 0.430721
vn 0.53634 0.659458 0.526739
vn 0.243172 0.869107 0.430721
vn 0.513504 0.631381 0.581094
vn 0.513504 0.631381 0.581094
vn 0.243172 0.869107 0.430721
vn 0.235632 0.672709 0.701385
vn 0.243172 0.869107 0.430721
vn -0.0 0.982173 0.187981
vn 0.0 0.866572 0.499052
vn 0.243172 0.869107 0.430721
vn 0.0 0.866572 0.499052
vn 0.235632 0.672709 0.701385
vn 0.235632 0.672709 0.701385
vn 0.0 0.866572 0.499052
vn 0.0 0.700098 0.714046
vn 0.0 0.700098 0.714046
vn 0.0 0.866572 0.499052
vn -0.235631 0.672709 0.701385
vn 0.0 0.866572 0.499052
vn -0.0 0.982173 0.187981
vn -0.243172 0.869107 0.430721
vn 0.0 0.866572 0.499052
vn -0.243172 0.869107 0.430721
vn -0.235631 0.672709 0.701385
vn -0.235631 0.672709 0.701385
vn -0.243172 0.869107 0.430721
vn -0.513505 0.631381 0.581094
vn -0.513505 0.631381 0.581094
vn -0.243172 0.869107 0.430721
vn -0.53634 0.659458 0.526739
vn -0.243172 0.869107 0.430721
vn -0.0 0.982173 0.187981
vn -0.092773 0.875949 0.473398
vn -0.243172 0.869107 0.430721
vn -0.092773 0.875949 0.473398
vn -0.53634 0.659458 0.526739
vn -0.0 0.982173 0.187981
vn -0.0 0.986629 -0.162981
vn 0.124909 0.990504 0.057436
vn -0.0 0.982173 0.187981
vn 0.124909 0.990504 0.057436
vn -0.092773 0.875949 0.473398
vn -0.0 0.986629 -0.162981
vn 0.010614 0.862933 -0.505208
vn 0.124909 0.990504 0.057436
vn -0.092773 0.875949 0.473398
vn -0.465721 0.451624 0.761012
vn -0.53634 0.659458 0.526739
vn -0.53634 0.659458 0.526739
vn -0.465721 0.451624 0.761012
vn -0.938982 0.25702 0.228589
vn -0.092773 0.875949 0.473398
vn 0.124909 0.990504 0.057436
vn 0.119974 0.807377 0.57771
vn -0.092773 0.875949 0.473398
vn 0.119974 0.807377 0.57771
vn -0.465721 0.451624 0.761012
vn 0.124909 0.990504 0.057436
vn 0.010614 0.862933 -0.505208
vn 0.397632 0.913598 -0.085014
vn 0.124909 0.990504 0.057436
vn 0.397632 0.913598 -0.085014
vn 0.119974 0.807377 0.57771
vn 0.010614 0.862933 -0.505208
vn 0.184279 0.585056 -0.789779
vn 0.397632 0.913598 -0.085014
vn 0.397632 0.913598 -0.085014
vn 0.183614 0.981962 -0.045135
vn 0.119974 0.807377 0.57771
vn 0.397632 0.913598 -0.085014
vn 0.184279 0.585056 -0.789779
vn 0.183614 0.981962 -0.045135
vn 0.119974 0.807377 0.57771
vn -0.502784 0.602003 0.620323
vn -0.465721 0.451624 0.761012
vn 0.119974 0.807377 0.57771
vn 0.183614 0.981962 -0.045135
vn -0.502784 0.602003 0.620323
vn -0.465721 0.451624 0.761012
vn -0.91964 0.145232 0.364926
vn -0.938982 0.25702 0.228589
vn -0.465721 0.451624 0.761012
vn -0.502784 0.602003 0.620323
vn -0.91964 0.145232 0.364926
vn 0.183614 0.981962 -0.045135
vn 0.184279 0.585056 -0.789779
vn -0.143877 0.528763 -0.836486
vn 0.184279 0.585056 -0.789779
vn -0.501642 0.161644 -0.849839
vn -0.143877 0.528763 -0.836486
vn 0.183614 0.981962 -0.045135
vn -0.451713 0.869285 -0.200744
vn -0.502784 0.602003 0.620323
vn 0.183614 0.981962 -0.045135
vn -0.143877 0.528763 -0.836486
vn -0.451713 0.869285 -0.200744
vn -0.451713 0.869285 -0.200744
vn -0.91339 0.283939 -0.291716
vn -0.502784 0.602003 0.620323
vn -0.143877 0.528763 -0.836486
vn -0.501642 0.161644 -0.849839
vn -0.91339 0.283939 -0.291716
vn -0.143877 0.528763 -0.836486
vn -0.91339 0.283939 -0.291716
vn -0.451713 0.869285 -0.200744
vn -0.502784 0.602003 0.620323
vn -0.91339 0.283939 -0.291716
vn -0.91964 0.145232 0.364926
vn -0.91964 0.145232 0.364926
vn -0.956457 0.030376 -0.290289
vn -0.938982 0.25702 0.228589
vn -0.91339 0.283939 -0.291716
vn -0.501642 0.161644 -0.849839
vn -0.956457 0.030376 -0.290289
vn -0.91339 0.283939 -0.291716
vn -0.956457 0.030376 -0.290289
vn -0.91964 0.145232 0.364926
vn -0.956457 0.030376 -0.290289
vn -0.883664 0.138406 -0.447192
vn -0.938982 0.25702 0.228589
vn -0.883664 0.138406 -0.447192
vn -0.956457 0.030376 -0.290289
vn -0.501642 0.161644 -0.849839
vn -0.567268 -0.786746 0.24339
vn -0.721418 -0.676032 -0.150121
vn -0.316734 -0.947318 -0.047633
vn -0.721418 -0.676032 -0.150121
vn -0.435989 -0.739551 -0.512814
vn -0.316734 -0.947318 -0.047633
vn -0.567268 -0.786746 0.24339
vn -0.316734 -0.947318 -0.047633
vn -0.23395 -0.892843 0.384837
vn -0.316734 -0.947318 -0.047633
vn -0.435989 -0.739551 -0.512814
vn -0.033004 -0.995243 -0.091659
vn -0.316734 -0.947318 -0.047633
vn -0.033004 -0.995243 -0.091659
vn -0.23395 -0.892843 0.384837
vn -0.23395 -0.892843 0.384837
vn -0.033004 -0.995243 -0.091659
vn 0.003228 -0.973153 0.230137
vn -0.435989 -0.739551 -0.512814
vn -0.132234 -0.822244 -0.55356
vn -0.033004 -0.995243 -0.091659
vn -0.033004 -0.995243 -0.091659
vn 0.090257 -0.990985 -0.099006
vn 0.003228 -0.973153 0.230137
vn -0.033004 -0.995243 -0.091659
vn -0.132234 -0.822244 -0.55356
vn 0.090257 -0.990985 -0.099006
vn -0.132234 -0.822244 -0.55356
vn -0.0 -0.879625 -0.475668
vn 0.090257 -0.990985 -0.099006
vn 0.090257 -0.990985 -0.099006
vn -0.0 -0.999972 -0.007524
vn 0.003228 -0.973153 0.230137
vn 0.090257 -0.990985 -0.099006
vn -0.0 -0.879625 -0.475668
vn -0.0 -0.999972 -0.007524
vn 0.003228 -0.973153 0.230137
vn -0.0 -0.999972 -0.007524
vn 0.0 -0.93908 0.343699
vn 0.0 -0.93908 0.343699
vn -0.0 -0.999972 -0.007524
vn -0.003228 -0.973153 0.230138
vn -0.0 -0.999972 -0.007524
vn -0.0 -0.879625 -0.475668
vn -0.090257 -0.990985 -0.099006
vn -0.0 -0.999972 -0.007524
vn -0.090257 -0.990985 -0.099006
vn -0.003228 -0.973153 0.230138
vn -0.0 -0.879625 -0.475668
vn 0.132234 -0.822244 -0.55356
vn -0.090257 -0.990985 -0.099006
vn -0.090257 -0.990985 -0.099006
vn 0.033004 -0.995243 -0.091659
vn -0.003228 -0.973153 0.230138
vn -0.090257 -0.990985 -0.099006
vn 0.132234 -0.822244 -0.55356
vn 0.033004 -0.995243 -0.091659
vn 0.132234 -0.822244 -0.55356
vn 0.435989 -0.739551 -0.512814
vn 0.033004 -0.995243 -0.091659
vn -0.003228 -0.973153 0.230138
vn 0.033004 -0.995243 -0.091659
vn 0.23395 -0.892843 0.384837
vn 0.033004 -0.995243 -0.091659
vn 0.435989 -0.739551 -0.512814
vn 0.316734 -0.947318 -0.047633
vn 0.033004 -0.995243 -0.091659
vn 0.316734 -0.947318 -0.047633
vn 0.23395 -0.892843 0.384837
vn 0.23395 -0.892843 0.384837
vn 0.316734 -0.947318 -0.047633
vn 0.567268 -0.786746 0.24339
vn 0.567268 -0.786746 0.24339
vn 0.316734 -0.947318 -0.047633
vn 0.721418 -0.676032 -0.150121
vn 0.721418 -0.676032 -0.150121
vn 0.316734 -0.947318 -0.047633
vn 0.435989 -0.739551 -0.512814
vn 0.003228 -0.973153 0.230137
vn 0.0 -0.93908 0.343699
vn -0.139206 -0.784272 0.604598
vn 0.003228 -0.973153 0.230137
vn -0.139206 -0.784272 0.604598
vn -0.23395 -0.892843 0.384837
vn -0.139206 -0.784272 0.604598
vn 0.0 -0.93908 0.343699
vn 0.0 -0.693761 0.720205
vn -0.139206 -0.784272 0.604598
vn -0.400435 -0.567896 0.719128
vn -0.23395 -0.892843 0.384837
vn -0.139206 -0.784272 0.604598
vn 0.0 -0.693761 0.720205
vn -0.235417 -0.553348 0.79899
vn -0.139206 -0.784272 0.604598
vn -0.235417 -0.553348 0.79899
vn -0.400435 -0.567896 0.719128
vn -0.400435 -0.567896 0.719128
vn -0.593689 -0.608594 0.526447
vn -0.23395 -0.892843 0.384837
vn -0.23395 -0.892843 0.384837
vn -0.593689 -0.608594 0.526447
vn -0.567268 -0.786746 0.24339
vn -0.400435 -0.567896 0.719128
vn -0.235417 -0.553348 0.79899
vn -0.494897 -0.299806 0.815594
vn -0.400435 -0.567896 0.719128
vn -0.721354 -0.259854 0.641969
vn -0.593689 -0.608594 0.526447
vn -0.400435 -0.567896 0.719128
vn -0.494897 -0.299806 0.815594
vn -0.721354 -0.259854 0.641969
vn -0.593689 -0.608594 0.526447
vn -0.871908 -0.42503 0.24316
vn -0.567268 -0.786746 0.24339
vn -0.593689 -0.608594 0.526447
vn -0.721354 -0.259854 0.641969
vn -0.871908 -0.42503 0.24316
vn -0.567268 -0.786746 0.24339
vn -0.871908 -0.42503 0.24316
vn -0.721418 -0.676032 -0.150121
vn -0.235417 -0.553348 0.79899
vn 0.0 -0.693761 0.720205
vn 0.0 -0.481273 0.876571
vn -0.235417 -0.553348 0.79899
vn -0.258899 -0.386923 0.885021
vn -0.494897 -0.299806 0.815594
vn -0.235417 -0.553348 0.79899
vn 0.0 -0.481273 0.876571
vn -0.258899 -0.386923 0.885021
vn -0.721354 -0.259854 0.641969
vn -0.957976 -0.072203 0.277613
vn -0.871908 -0.42503 0.24316
vn -0.871908 -0.42503 0.24316
vn -0.906348 -0.296078 -0.301449
vn -0.721418 -0.676032 -0.150121
vn -0.871908 -0.42503 0.24316
vn -0.957976 -0.072203 0.277613
vn -0.906348 -0.296078 -0.301449
vn -0.721418 -0.676032 -0.150121
vn -0.906348 -0.296078 -0.301449
vn -0.435989 -0.739551 -0.512814
vn -0.721354 -0.259854 0.641969
vn -0.494897 -0.299806 0.815594
vn -0.733599 0.038059 0.678516
vn -0.721354 -0.259854 0.641969
vn -0.733599 0.038059 0.678516
vn -0.957976 -0.072203 0.277613
vn 0.0 -0.693761 0.720205
vn 0.0 -0.93908 0.343699
vn 0.139206 -0.784272 0.604598
vn 0.0 -0.93908 0.343699
vn -0.003228 -0.973153 0.230138
vn 0.139206 -0.784272 0.604598
vn -0.003228 -0.973153 0.230138
vn 0.23395 -0.892843 0.384837
vn 0.139206 -0.784272 0.604598
vn 0.0 -0.693761 0.720205
vn 0.235417 -0.553348 0.79899
vn 0.0 -0.481273 0.876571
vn 0.0 -0.693761 0.720205
vn 0.139206 -0.784272 0.604598
vn 0.235417 -0.553348 0.79899
vn 0.139206 -0.784272 0.604598
vn 0.23395 -0.892843 0.384837
vn 0.400435 -0.567896 0.719128
vn 0.139206 -0.784272 0.604598
vn 0.400435 -0.567896 0.719128
vn 0.235417 -0.553348 0.79899
vn -0.258899 -0.386923 0.885021
vn 0.0 -0.481273 0.876571
vn 0.0 -0.153991 0.988072
vn 0.0 -0.481273 0.876571
vn 0.235417 -0.553348 0.79899
vn 0.258899 -0.386923 0.885021
vn 0.0 -0.481273 0.876571
vn 0.258899 -0.386923 0.885021
vn 0.0 -0.153991 0.988072
vn 0.235417 -0.553348 0.79899
vn 0.400435 -0.567896 0.719128
vn 0.494897 -0.299806 0.815594
vn 0.235417 -0.553348 0.79899
vn 0.494897 -0.299806 0.815594
vn 0.258899 -0.386923 0.885021
vn 0.258899 -0.386923 0.885021
vn 0.30387 -0.069198 0.950197
vn 0.0 -0.153991 0.988072
vn 0.258899 -0.386923 0.885021
vn 0.494897 -0.299806 0.815594
vn 0.30387 -0.069198 0.950197
vn -0.258899 -0.386923 0.885021
vn -0.30387 -0.069198 0.950197
vn -0.494897 -0.299806 0.815594
vn -0.258899 -0.386923 0.885021
vn 0.0 -0.153991 0.988072
vn -0.30387 -0.069198 0.950197
vn 0.0 -0.153991 0.988072
vn 0.30387 -0.069198 0.950197
vn 0.0 0.225867 0.974158
vn 0.0 -0.153991 0.988072
vn 0.0 0.225867 0.974158
vn -0.30387 -0.069198 0.950197
vn -0.494897 -0.299806 0.815594
vn -0.536407 0.016639 0.843796
vn -0.733599 0.038059 0.678516
vn -0.494897 -0.299806 0.815594
vn -0.30387 -0.069198 0.950197
vn -0.536407 0.016639 0.843796
vn -0.30387 -0.069198 0.950197
vn 0.0 0.225867 0.974158
vn -0.310061 0.316503 0.896486
vn -0.30387 -0.069198 0.950197
vn -0.310061 0.316503 0.896486
vn -0.536407 0.016639 0.843796
vn -0.536407 0.016639 0.843796
vn -0.515178 0.348544 0.783012
vn -0.733599 0.038059 0.678516
vn -0.536407 0.016639 0.843796
vn -0.310061 0.316503 0.896486
vn -0.515178 0.348544 0.783012
vn -0.957976 -0.072203 0.277613
vn -0.971726 0.023585 -0.23493
vn -0.906348 -0.296078 -0.301449
vn -0.957976 -0.072203 0.277613
vn -0.733599 0.038059 0.678516
vn -0.942879 0.138767 0.302858
vn -0.957976 -0.072203 0.277613
vn -0.942879 0.138767 0.302858
vn -0.971726 0.023585 -0.23493
vn -0.733599 0.038059 0.678516
vn -0.515178 0.348544 0.783012
vn -0.693036 0.36616 0.620989
vn -0.733599 0.038059 0.678516
vn -0.693036 0.36616 0.620989
vn -0.942879 0.138767 0.302858
vn 0.400435 -0.567896 0.719128
vn 0.23395 -0.892843 0.384837
vn 0.593689 -0.608594 0.526447
vn 0.23395 -0.892843 0.384837
vn 0.567268 -0.786746 0.24339
vn 0.593689 -0.608594 0.526447
vn 0.400435 -0.567896 0.719128
vn 0.721354 -0.259854 0.641969
vn 0.494897 -0.299806 0.815594
vn 0.400435 -0.567896 0.719128
vn 0.593689 -0.608594 0.526447
vn 0.721354 -0.259854 0.641969
vn 0.593689 -0.608594 0.526447
vn 0.567268 -0.786746 0.24339
vn 0.871908 -0.42503 0.24316
vn 0.593689 -0.608594 0.526447
vn 0.871908 -0.42503 0.24316
vn 0.721354 -0.259854 0.641969
vn 0.567268 -0.786746 0.24339
vn 0.721418 -0.676032 -0.150121
vn 0.871908 -0.42503 0.24316
vn 0.30387 -0.069198 0.950197
vn 0.310061 0.316503 0.896486
vn 0.0 0.225867 0.974158
vn 0.0 0.225867 0.974158
vn 0.0 0.609438 0.792834
vn -0.310061 0.316503 0.896486
vn 0.0 0.225867 0.974158
vn 0.310061 0.316503 0.896486
vn 0.0 0.609438 0.792834
vn -0.310061 0.316503 0.896486
vn -0.255169 0.660112 0.706499
vn -0.515178 0.348544 0.783012
vn -0.310061 0.316503 0.896486
vn 0.0 0.609438 0.792834
vn -0.255169 0.660112 0.706499
vn -0.515178 0.348544 0.783012
vn -0.396679 0.64711 0.651072
vn -0.693036 0.36616 0.620989
vn -0.515178 0.348544 0.783012
vn -0.255169 0.660112 0.706499
vn -0.396679 0.64711 0.651072
vn 0.30387 -0.069198 0.950197
vn 0.494897 -0.299806 0.815594
vn 0.536407 0.016639 0.843796
vn 0.30387 -0.069198 0.950197
vn 0.536407 0.016639 0.843796
vn 0.310061 0.316503 0.896486
vn 0.494897 -0.299806 0.815594
vn 0.721354 -0.259854 0.641969
vn 0.733599 0.038059 0.678516
vn 0.494897 -0.299806 0.815594
vn 0.733599 0.038059 0.678516
vn 0.536407 0.016639 0.843796
vn 0.536407 0.016639 0.843796
vn 0.515179 0.348544 0.783012
vn 0.310061 0.316503 0.896486
vn 0.536407 0.016639 0.843796
vn 0.733599 0.038059 0.678516
vn 0.515179 0.348544 0.783012
vn 0.310061 0.316503 0.896486
vn 0.255169 0.660112 0.706499
vn 0.0 0.609438 0.792834
vn 0.310061 0.316503 0.896486
vn 0.515179 0.348544 0.783012
vn 0.255169 0.660112 0.706499
vn 0.0 0.609438 0.792834
vn 0.0 0.492291 0.870431
vn -0.255169 0.660112 0.706499
vn 0.0 0.609438 0.792834
vn 0.255169 0.660112 0.706499
vn 0.0 0.492291 0.870431
vn 0.0 0.492291 0.870431
vn -0.340018 0.237893 0.909832
vn -0.255169 0.660112 0.706499
vn -0.255169 0.660112 0.706499
vn -0.340018 0.237893 0.909832
vn -0.396679 0.64711 0.651072
vn -0.340018 0.237893 0.909832
vn -0.601421 0.358157 0.714155
vn -0.396679 0.64711 0.651072
vn -0.396679 0.64711 0.651072
vn -0.494042 0.660422 0.565478
vn -0.693036 0.36616 0.620989
vn -0.396679 0.64711 0.651072
vn -0.601421 0.358157 0.714155
vn -0.494042 0.660422 0.565478
vn 0.0 0.492291 0.870431
vn 0.255169 0.660112 0.706499
vn 0.340018 0.237893 0.909832
vn 0.255169 0.660112 0.706499
vn 0.515179 0.348544 0.783012
vn 0.396679 0.64711 0.651072
vn 0.255169 0.660112 0.706499
vn 0.396679 0.64711 0.651072
vn 0.340018 0.237893 0.909832
vn 0.340018 0.237893 0.909832
vn 0.396679 0.64711 0.651072
vn 0.601421 0.358157 0.714155
vn 0.515179 0.348544 0.783012
vn 0.733599 0.038059 0.678516
vn 0.693036 0.36616 0.620989
vn 0.515179 0.348544 0.783012
vn 0.693036 0.36616 0.620989
vn 0.396679 0.64711 0.651072
vn 0.396679 0.64711 0.651072
vn 0.494042 0.660422 0.565478
vn 0.601421 0.358157 0.714155
vn 0.396679 0.64711 0.651072
vn 0.693036 0.36616 0.620989
vn 0.494042 0.660422 0.565478
vn 0.721354 -0.259854 0.641969
vn 0.871908 -0.42503 0.24316
vn 0.957976 -0.072203 0.277613
vn 0.721354 -0.259854 0.641969
vn 0.957976 -0.072203 0.277613
vn 0.733599 0.038059 0.678516
vn 0.733599 0.038059 0.678516
vn 0.942879 0.138767 0.302858
vn 0.693036 0.36616 0.620989
vn 0.733599 0.038059 0.678516
vn 0.957976 -0.072203 0.277613
vn 0.942879 0.138767 0.302858
vn 0.871908 -0.42503 0.24316
vn 0.721418 -0.676032 -0.150121
vn 0.906348 -0.296078 -0.301449
vn 0.871908 -0.42503 0.24316
vn 0.906348 -0.296078 -0.301449
vn 0.957976 -0.072203 0.277613
vn 0.957976 -0.072203 0.277613
vn 0.971726 0.023585 -0.23493
vn 0.942879 0.138767 0.302858
vn 0.957976 -0.072203 0.277613
vn 0.906348 -0.296078 -0.301449
vn 0.971726 0.023585 -0.23493
vn 0.721418 -0.676032 -0.150121
vn 0.435989 -0.739551 -0.512814
vn 0.906348 -0.296078 -0.301449
vn -0.494042 0.660422 0.565478
vn -0.433079 0.423505 0.795667
vn -0.693036 0.36616 0.620989
vn -0.494042 0.660422 0.565478
vn -0.601421 0.358157 0.714155
vn -0.305274 0.810355 0.500133
vn -0.494042 0.660422 0.565478
vn -0.305274 0.810355 0.500133
vn -0.433079 0.423505 0.795667
vn -0.601421 0.358157 0.714155
vn -0.856877 0.380965 0.347315
vn -0.305274 0.810355 0.500133
vn 0.494042 0.660422 0.565478
vn 0.305274 0.810355 0.500133
vn 0.601421 0.358157 0.714155
vn 0.601421 0.358157 0.714155
vn 0.305274 0.810355 0.500133
vn 0.856877 0.380965 0.347315
vn 0.494042 0.660422 0.565478
vn 0.693036 0.36616 0.620989
vn 0.433079 0.423505 0.795667
vn 0.494042 0.660422 0.565478
vn 0.433079 0.423505 0.795667
vn 0.305274 0.810355 0.500133
vn 0.693036 0.36616 0.620989
vn 0.942879 0.138767 0.302858
vn 0.702629 -0.184064 0.687338
vn 0.693036 0.36616 0.620989
vn 0.702629 -0.184064 0.687338
vn 0.433079 0.423505 0.795667
vn 0.942879 0.138767 0.302858
vn 0.971726 0.023585 -0.23493
vn 0.864239 -0.490982 -0.109667
vn 0.942879 0.138767 0.302858
vn 0.919734 -0.392155 -0.017423
vn 0.702629 -0.184064 0.687338
vn 0.906348 -0.296078 -0.301449
vn 0.435989 -0.739551 -0.512814
vn 0.542579 -0.418941 -0.728078
vn 0.435989 -0.739551 -0.512814
vn 0.132234 -0.822244 -0.55356
vn 0.542579 -0.418941 -0.728078
vn 0.906348 -0.296078 -0.301449
vn 0.74528 -0.106977 -0.658114
vn 0.971726 0.023585 -0.23493
vn 0.906348 -0.296078 -0.301449
vn 0.542579 -0.418941 -0.728078
vn 0.74528 -0.106977 -0.658114
vn 0.433079 0.423505 0.795667
vn 0.054342 0.773478 0.631489
vn 0.305274 0.810355 0.500133
vn 0.433079 0.423505 0.795667
vn 0.702629 -0.184064 0.687338
vn 0.145479 0.091612 0.985111
vn 0.433079 0.423505 0.795667
vn 0.145479 0.091612 0.985111
vn 0.054342 0.773478 0.631489
vn 0.702629 -0.184064 0.687338
vn 0.864239 -0.490982 -0.109667
vn 0.266016 -0.675148 0.688049
vn 0.702629 -0.184064 0.687338
vn 0.266016 -0.675148 0.688049
vn 0.145479 0.091612 0.985111
vn 0.971726 0.023585 -0.23493
vn 0.877701 0.179462 -0.444336
vn 0.906268 -0.374727 -0.195595
vn 0.971726 0.023585 -0.23493
vn 0.74528 -0.106977 -0.658114
vn 0.702861 0.084253 -0.70632
vn 0.971726 0.023585 -0.23493
vn 0.702861 0.084253 -0.70632
vn 0.877701 0.179462 -0.444336
vn 0.74528 -0.106977 -0.658114
vn 0.542579 -0.418941 -0.728078
vn 0.37653 -0.164594 -0.911666
vn 0.74528 -0.106977 -0.658114
vn 0.37653 -0.164594 -0.911666
vn 0.702861 0.084253 -0.70632
vn 0.542579 -0.418941 -0.728078
vn 0.132234 -0.822244 -0.55356
vn 0.226915 -0.541743 -0.809335
vn 0.542579 -0.418941 -0.728078
vn 0.226915 -0.541743 -0.809335
vn 0.37653 -0.164594 -0.911666
vn 0.132234 -0.822244 -0.55356
vn -0.0 -0.879625 -0.475668
vn 0.226915 -0.541743 -0.809335
vn 0.305274 0.810355 0.500133
vn 0.255556 0.964173 0.071146
vn 0.856877 0.380965 0.347315
vn 0.38167 0.892131 0.241723
vn 0.255556 0.964173 0.071146
vn 0.357654 0.918698 -0.167561
vn 0.305274 0.810355 0.500133
vn 0.054342 0.773478 0.631489
vn 0.012259 0.996743 0.079711
vn 0.305274 0.810355 0.500133
vn 0.012259 0.996743 0.079711
vn 0.255556 0.964173 0.071146
vn 0.255556 0.964173 0.071146
vn 0.274349 0.85029 -0.449154
vn 0.805843 0.53777 -0.247833
vn 0.255556 0.964173 0.071146
vn 0.012259 0.996743 0.079711
vn 0.274349 0.85029 -0.449154
vn 0.145479 0.091612 0.985111
vn 0.266016 -0.675148 0.688049
vn 0.226663 0.099196 0.968909
vn 0.145479 0.091612 0.985111
vn 0.143563 0.77901 0.610354
vn 0.054342 0.773478 0.631489
vn 0.145479 0.091612 0.985111
vn 0.226663 0.099196 0.968909
vn 0.143563 0.77901 0.610354
vn 0.877701 0.179462 -0.444336
vn 0.602919 -0.119621 -0.788783
vn 0.864239 -0.490982 -0.109667
vn 0.877701 0.179462 -0.444336
vn 0.702861 0.084253 -0.70632
vn 0.601807 0.379583 -0.702671
vn 0.877701 0.179462 -0.444336
vn 0.601807 0.379583 -0.702671
vn 0.602919 -0.119621 -0.788783
vn 0.702861 0.084253 -0.70632
vn 0.37653 -0.164594 -0.911666
vn 0.386501 0.167793 -0.906897
vn 0.702861 0.084253 -0.70632
vn 0.386501 0.167793 -0.906897
vn 0.601807 0.379583 -0.702671
vn 0.226915 -0.541743 -0.809335
vn -0.0 -0.879625 -0.475668
vn 0.0 -0.585039 -0.811005
vn 0.226915 -0.541743 -0.809335
vn 0.0 -0.282973 -0.959128
vn 0.37653 -0.164594 -0.911666
vn 0.226915 -0.541743 -0.809335
vn 0.0 -0.585039 -0.811005
vn 0.0 -0.282973 -0.959128
vn 0.0 -0.585039 -0.811005
vn -0.0 -0.879625 -0.475668
vn -0.226915 -0.541743 -0.809335
vn 0.0 -0.585039 -0.811005
vn -0.226915 -0.541743 -0.809335
vn 0.0 -0.282973 -0.959128
vn -0.0 -0.879625 -0.475668
vn -0.132234 -0.822244 -0.55356
vn -0.226915 -0.541743 -0.809335
vn 0.37653 -0.164594 -0.911666
vn 0.0 0.048154 -0.99884
vn 0.386501 0.167793 -0.906897
vn 0.37653 -0.164594 -0.911666
vn 0.0 -0.282973 -0.959128
vn 0.0 0.048154 -0.99884
vn 0.0 -0.282973 -0.959128
vn -0.226915 -0.541743 -0.809335
vn -0.37653 -0.164594 -0.911666
vn 0.0 -0.282973 -0.959128
vn -0.37653 -0.164594 -0.911666
vn 0.0 0.048154 -0.99884
vn -0.226915 -0.541743 -0.809335
vn -0.132234 -0.822244 -0.55356
vn -0.542579 -0.418941 -0.728078
vn -0.226915 -0.541743 -0.809335
vn -0.542579 -0.418941 -0.728078
vn -0.37653 -0.164594 -0.911666
vn -0.132234 -0.822244 -0.55356
vn -0.435989 -0.739551 -0.512814
vn -0.542579 -0.418941 -0.728078
vn -0.435989 -0.739551 -0.512814
vn -0.906348 -0.296078 -0.301449
vn -0.542579 -0.418941 -0.728078
vn -0.542579 -0.418941 -0.728078
vn -0.74528 -0.106977 -0.658114
vn -0.37653 -0.164594 -0.911666
vn -0.542579 -0.418941 -0.728078
vn -0.906348 -0.296078 -0.301449
vn -0.74528 -0.106977 -0.658114
vn -0.906348 -0.296078 -0.301449
vn -0.971726 0.023585 -0.23493
vn -0.74528 -0.106977 -0.658114
vn -0.74528 -0.106977 -0.658114
vn -0.702861 0.084253 -0.70632
vn -0.37653 -0.164594 -0.911666
vn -0.74528 -0.106977 -0.658114
vn -0.971726 0.023585 -0.23493
vn -0.702861 0.084253 -0.70632
vn -0.37653 -0.164594 -0.911666
vn -0.386501 0.167793 -0.906897
vn 0.0 0.048154 -0.99884
vn -0.37653 -0.164594 -0.911666
vn -0.702861 0.084253 -0.70632
vn -0.386501 0.167793 -0.906897
vn 0.0 0.048154 -0.99884
vn -0.0 0.348498 -0.93731
vn 0.386501 0.167793 -0.906897
vn 0.0 0.048154 -0.99884
vn -0.386501 0.167793 -0.906897
vn -0.0 0.348498 -0.93731
vn 0.386501 0.167793 -0.906897
vn 0.345859 0.396361 -0.850459
vn 0.601807 0.379583 -0.702671
vn 0.386501 0.167793 -0.906897
vn -0.0 0.348498 -0.93731
vn 0.345859 0.396361 -0.850459
vn 0.012259 0.996743 0.079711
vn 0.054342 0.773478 0.631489
vn 0.046404 0.995823 0.078638
vn 0.054342 0.773478 0.631489
vn 0.143563 0.77901 0.610354
vn 0.130606 0.989767 0.057475
vn 0.054342 0.773478 0.631489
vn 0.130606 0.989767 0.057475
vn 0.046404 0.995823 0.078638
vn 0.046404 0.995823 0.078638
vn 0.054628 0.849634 -0.524535
vn 0.012259 0.996743 0.079711
vn 0.046404 0.995823 0.078638
vn 0.130606 0.989767 0.057475
vn 0.054628 0.849634 -0.524535
vn 0.012259 0.996743 0.079711
vn 0.054628 0.849634 -0.524535
vn 0.274349 0.85029 -0.449154
vn -0.702861 0.084253 -0.70632
vn -0.971726 0.023585 -0.23493
vn -0.877701 0.179462 -0.444336
vn -0.702861 0.084253 -0.70632
vn -0.601807 0.379583 -0.702671
vn -0.386501 0.167793 -0.906897
vn -0.702861 0.084253 -0.70632
vn -0.877701 0.179462 -0.444336
vn -0.601807 0.379583 -0.702671
vn -0.386501 0.167793 -0.906897
vn -0.345859 0.396361 -0.850459
vn -0.0 0.348498 -0.93731
vn -0.386501 0.167793 -0.906897
vn -0.601807 0.379583 -0.702671
vn -0.345859 0.396361 -0.850459
vn -0.0 0.348498 -0.93731
vn 0.0 0.57343 -0.819255
vn 0.345859 0.396361 -0.850459
vn -0.0 0.348498 -0.93731
vn -0.345859 0.396361 -0.850459
vn 0.0 0.57343 -0.819255
vn -0.345859 0.396361 -0.850459
vn -0.601807 0.379583 -0.702671
vn -0.3699 0.622419 -0.689759
vn -0.345859 0.396361 -0.850459
vn -0.3699 0.622419 -0.689759
vn 0.0 0.57343 -0.819255
vn 0.345859 0.396361 -0.850459
vn 0.3699 0.622419 -0.689759
vn 0.601807 0.379583 -0.702671
vn 0.345859 0.396361 -0.850459
vn 0.0 0.57343 -0.819255
vn 0.3699 0.622419 -0.689759
vn 0.0 0.57343 -0.819255
vn -0.3699 0.622419 -0.689759
vn -0.0 0.166866 -0.98598
vn 0.0 0.57343 -0.819255
vn -0.0 0.166866 -0.98598
vn 0.3699 0.622419 -0.689759
vn -0.0 0.166866 -0.98598
vn -0.3699 0.622419 -0.689759
vn -0.540777 0.212408 -0.813906
vn -0.0 0.166866 -0.98598
vn 0.540777 0.212409 -0.813906
vn 0.3699 0.622419 -0.689759
vn 0.130606 0.989767 0.057475
vn 0.143563 0.77901 0.610354
vn 0.506141 0.861753 0.034685
vn 0.130606 0.989767 0.057475
vn 0.154464 0.839415 -0.521079
vn 0.054628 0.849634 -0.524535
vn 0.130606 0.989767 0.057475
vn 0.506141 0.861753 0.034685
vn 0.154464 0.839415 -0.521079
vn -0.877701 0.179462 -0.444336
vn -0.971726 0.023585 -0.23493
vn -0.906268 -0.374727 -0.195595
vn -0.971726 0.023585 -0.23493
vn -0.942879 0.138767 0.302858
vn -0.864239 -0.490982 -0.109667
vn -0.877701 0.179462 -0.444336
vn -0.602919 -0.119621 -0.788783
vn -0.601807 0.379583 -0.702671
vn -0.877701 0.179462 -0.444336
vn -0.864239 -0.490982 -0.109667
vn -0.602919 -0.119621 -0.788783
vn -0.3699 0.622419 -0.689759
vn -0.437242 0.760837 -0.479528
vn -0.540777 0.212408 -0.813906
vn -0.450554 0.586703 -0.67289
vn -0.437242 0.760837 -0.479528
vn -0.805843 0.53777 -0.247833
vn -0.3699 0.622419 -0.689759
vn -0.601807 0.379583 -0.702671
vn -0.471448 0.614883 -0.632184
vn -0.3699 0.622419 -0.689759
vn -0.471448 0.614883 -0.632184
vn -0.437242 0.760837 -0.479528
vn -0.437242 0.760837 -0.479528
vn -0.274349 0.85029 -0.449154
vn -0.805843 0.53777 -0.247833
vn -0.437242 0.760837 -0.479528
vn -0.471448 0.614883 -0.632184
vn -0.274349 0.85029 -0.449154
vn -0.471448 0.614883 -0.632184
vn -0.601807 0.379583 -0.702671
vn -0.310427 0.47375 -0.824133
vn -0.601807 0.379583 -0.702671
vn -0.602919 -0.119621 -0.788783
vn -0.310427 0.47375 -0.824133
vn -0.471448 0.614883 -0.632184
vn -0.310427 0.47375 -0.824133
vn -0.274349 0.85029 -0.449154
vn 0.3699 0.622419 -0.689759
vn 0.471448 0.614883 -0.632184
vn 0.601807 0.379583 -0.702671
vn 0.471448 0.614883 -0.632184
vn 0.274349 0.85029 -0.449154
vn 0.310427 0.47375 -0.824133
vn 0.601807 0.379583 -0.702671
vn 0.471448 0.614883 -0.632184
vn 0.310427 0.47375 -0.824133
vn 0.054628 0.849634 -0.524535
vn 0.114818 0.215168 -0.969804
vn 0.310427 0.47375 -0.824133
vn 0.054628 0.849634 -0.524535
vn 0.154464 0.839415 -0.521079
vn 0.114818 0.215168 -0.969804
vn 0.054628 0.849634 -0.524535
vn 0.310427 0.47375 -0.824133
vn 0.274349 0.85029 -0.449154
vn 0.310427 0.47375 -0.824133
vn 0.602919 -0.119621 -0.788783
vn 0.601807 0.379583 -0.702671
vn 0.310427 0.47375 -0.824133
vn 0.114818 0.215168 -0.969804
vn 0.602919 -0.119621 -0.788783
vn 0.471448 0.614883 -0.632184
vn 0.3699 0.622419 -0.689759
vn 0.437242 0.760837 -0.479528
vn 0.3699 0.622419 -0.689759
vn 0.540777 0.212409 -0.813906
vn 0.437242 0.760837 -0.479528
vn 0.471448 0.614883 -0.632184
vn 0.437242 0.760837 -0.479528
vn 0.274349 0.85029 -0.449154
vn 0.274349 0.85029 -0.449154
vn 0.437242 0.760837 -0.479528
vn 0.805843 0.53777 -0.247833
vn 0.805843 0.53777 -0.247833
vn 0.437242 0.760837 -0.479528
vn 0.450554 0.586703 -0.67289
vn -0.602919 -0.119621 -0.788783
vn -0.789548 -0.59513 -0.14978
vn -0.225865 -0.577638 -0.784423
vn -0.602919 -0.119621 -0.788783
vn -0.114818 0.215168 -0.969804
vn -0.310427 0.47375 -0.824133
vn -0.602919 -0.119621 -0.788783
vn -0.225865 -0.577638 -0.784423
vn -0.114818 0.215168 -0.969804
vn -0.310427 0.47375 -0.824133
vn -0.054628 0.849634 -0.524535
vn -0.274349 0.85029 -0.449154
vn -0.310427 0.47375 -0.824133
vn -0.114818 0.215168 -0.969804
vn -0.054628 0.849634 -0.524535
vn 0.154464 0.839415 -0.521079
vn 0.506141 0.861753 0.034685
vn 0.395179 0.745576 -0.53661
vn 0.154464 0.839415 -0.521079
vn 0.214209 0.222411 -0.95113
vn 0.114818 0.215168 -0.969804
vn 0.154464 0.839415 -0.521079
vn 0.395179 0.745576 -0.53661
vn 0.214209 0.222411 -0.95113
vn 0.114818 0.215168 -0.969804
vn 0.225865 -0.577638 -0.784423
vn 0.602919 -0.119621 -0.788783
vn 0.114818 0.215168 -0.969804
vn 0.214209 0.222411 -0.95113
vn 0.225865 -0.577638 -0.784423
vn 0.602919 -0.119621 -0.788783
vn 0.225865 -0.577638 -0.784423
vn 0.789549 -0.59513 -0.14978
vn -0.274349 0.85029 -0.449154
vn -0.255556 0.964173 0.071146
vn -0.805843 0.53777 -0.247833
vn -0.357654 0.918698 -0.167561
vn -0.255556 0.964173 0.071146
vn -0.38167 0.892131 0.241723
vn -0.856877 0.380965 0.347315
vn -0.255556 0.964173 0.071146
vn -0.305274 0.810355 0.500133
vn -0.255556 0.964173 0.071146
vn -0.274349 0.85029 -0.449154
vn -0.012259 0.996743 0.079711
vn -0.274349 0.85029 -0.449154
vn -0.054628 0.849634 -0.524535
vn -0.012259 0.996743 0.079711
vn -0.255556 0.964173 0.071146
vn -0.012259 0.996743 0.079711
vn -0.305274 0.810355 0.500133
vn -0.114818 0.215168 -0.969804
vn -0.225865 -0.577638 -0.784423
vn -0.214209 0.222411 -0.95113
vn -0.114818 0.215168 -0.969804
vn -0.154464 0.839415 -0.521079
vn -0.054628 0.849634 -0.524535
vn -0.114818 0.215168 -0.969804
vn -0.214209 0.222411 -0.95113
vn -0.154464 0.839415 -0.521079
vn 0.395179 0.745576 -0.53661
vn 0.506141 0.861753 0.034685
vn 0.845851 0.226634 -0.482879
vn 0.395179 0.745576 -0.53661
vn 0.41645 0.154026 -0.896016
vn 0.214209 0.222411 -0.95113
vn 0.395179 0.745576 -0.53661
vn 0.845851 0.226634 -0.482879
vn 0.41645 0.154026 -0.896016
vn 0.214209 0.222411 -0.95113
vn 0.311893 -0.580674 -0.752024
vn 0.225865 -0.577638 -0.784423
vn 0.214209 0.222411 -0.95113
vn 0.41645 0.154026 -0.896016
vn 0.311893 -0.580674 -0.752024
vn 0.41645 0.154026 -0.896016
vn 0.845851 0.226634 -0.482879
vn 0.626305 -0.498589 -0.599292
vn 0.41645 0.154026 -0.896016
vn 0.626305 -0.498589 -0.599292
vn 0.311893 -0.580674 -0.752024
vn 0.225865 -0.577638 -0.784423
vn 0.330759 -0.941943 -0.057803
vn 0.864239 -0.490982 -0.109667
vn 0.225865 -0.577638 -0.784423
vn 0.311893 -0.580674 -0.752024
vn 0.330759 -0.941943 -0.057803
vn 0.311893 -0.580674 -0.752024
vn 0.626305 -0.498589 -0.599292
vn 0.445693 -0.894803 -0.026159
vn 0.311893 -0.580674 -0.752024
vn 0.445693 -0.894803 -0.026159
vn 0.330759 -0.941943 -0.057803
vn 0.626305 -0.498589 -0.599292
vn 0.845851 0.226634 -0.482879
vn 0.821388 -0.570347 0.005094
vn 0.626305 -0.498589 -0.599292
vn 0.821388 -0.570347 0.005094
vn 0.445693 -0.894803 -0.026159
vn 0.845851 0.226634 -0.482879
vn 0.506141 0.861753 0.034685
vn 0.988294 0.150563 0.024627
vn 0.845851 0.226634 -0.482879
vn 0.988294 0.150563 0.024627
vn 0.821388 -0.570347 0.005094
vn 0.988294 0.150563 0.024627
vn 0.506141 0.861753 0.034685
vn 0.828049 0.141893 0.542404
vn 0.988294 0.150563 0.024627
vn 0.828049 0.141893 0.542404
vn 0.821388 -0.570347 0.005094
vn 0.821388 -0.570347 0.005094
vn 0.58169 -0.558816 0.591068
vn 0.445693 -0.894803 -0.026159
vn 0.821388 -0.570347 0.005094
vn 0.828049 0.141893 0.542404
vn 0.58169 -0.558816 0.591068
vn 0.445693 -0.894803 -0.026159
vn 0.318154 -0.646786 0.693142
vn 0.330759 -0.941943 -0.057803
vn 0.445693 -0.894803 -0.026159
vn 0.58169 -0.558816 0.591068
vn 0.318154 -0.646786 0.693142
vn 0.58169 -0.558816 0.591068
vn 0.828049 0.141893 0.542404
vn 0.38575 0.041154 0.921685
vn 0.58169 -0.558816 0.591068
vn 0.38575 0.041154 0.921685
vn 0.318154 -0.646786 0.693142
vn 0.828049 0.141893 0.542404
vn 0.506141 0.861753 0.034685
vn 0.404327 0.667798 0.624952
vn 0.828049 0.141893 0.542404
vn 0.404327 0.667798 0.624952
vn 0.38575 0.041154 0.921685
vn 0.38575 0.041154 0.921685
vn 0.226663 0.099196 0.968909
vn 0.318154 -0.646786 0.693142
vn 0.38575 0.041154 0.921685
vn 0.404327 0.667798 0.624952
vn 0.226663 0.099196 0.968909
vn 0.226663 0.099196 0.968909
vn 0.266016 -0.675148 0.688049
vn 0.318154 -0.646786 0.693142
vn 0.266016 -0.675148 0.688049
vn 0.799645 -0.59597 -0.073397
vn 0.330759 -0.941943 -0.057803
vn 0.330759 -0.941943 -0.057803
vn 0.318154 -0.646786 0.693142
vn 0.266016 -0.675148 0.688049
vn 0.226663 0.099196 0.968909
vn 0.404327 0.667798 0.624952
vn 0.143563 0.77901 0.610354
vn 0.143563 0.77901 0.610354
vn 0.404327 0.667798 0.624952
vn 0.506141 0.861753 0.034685
vn -0.012259 0.996743 0.079711
vn -0.046404 0.995823 0.078638
vn -0.054342 0.773478 0.631489
vn -0.012259 0.996743 0.079711
vn -0.054342 0.773478 0.631489
vn -0.305274 0.810355 0.500133
vn -0.012259 0.996743 0.079711
vn -0.054628 0.849634 -0.524535
vn -0.046404 0.995823 0.078638
vn -0.046404 0.995823 0.078638
vn -0.130606 0.989767 0.057475
vn -0.054342 0.773478 0.631489
vn -0.054628 0.849634 -0.524535
vn -0.154464 0.839415 -0.521079
vn -0.130606 0.989767 0.057475
vn -0.054628 0.849634 -0.524535
vn -0.130606 0.989767 0.057475
vn -0.046404 0.995823 0.078638
vn -0.305274 0.810355 0.500133
vn -0.054342 0.773478 0.631489
vn -0.433079 0.423505 0.795667
vn -0.154464 0.839415 -0.521079
vn -0.214209 0.222411 -0.95113
vn -0.395179 0.745576 -0.53661
vn -0.154464 0.839415 -0.521079
vn -0.506141 0.861753 0.034686
vn -0.130606 0.989767 0.057475
vn -0.154464 0.839415 -0.521079
vn -0.395179 0.745576 -0.53661
vn -0.506141 0.861753 0.034686
vn -0.130606 0.989767 0.057475
vn -0.143563 0.779011 0.610354
vn -0.054342 0.773478 0.631489
vn -0.130606 0.989767 0.057475
vn -0.506141 0.861753 0.034686
vn -0.143563 0.779011 0.610354
vn -0.054342 0.773478 0.631489
vn -0.145479 0.091612 0.985111
vn -0.433079 0.423505 0.795667
vn -0.054342 0.773478 0.631489
vn -0.143563 0.779011 0.610354
vn -0.145479 0.091612 0.985111
vn -0.395179 0.745576 -0.53661
vn -0.214209 0.222411 -0.95113
vn -0.41645 0.154026 -0.896016
vn -0.395179 0.745576 -0.53661
vn -0.845851 0.226634 -0.482879
vn -0.506141 0.861753 0.034686
vn -0.395179 0.745576 -0.53661
vn -0.41645 0.154026 -0.896016
vn -0.845851 0.226634 -0.482879
vn -0.143563 0.779011 0.610354
vn -0.226664 0.099196 0.968909
vn -0.145479 0.091612 0.985111
vn -0.143563 0.779011 0.610354
vn -0.506141 0.861753 0.034686
vn -0.404327 0.667798 0.624952
vn -0.143563 0.779011 0.610354
vn -0.404327 0.667798 0.624952
vn -0.226664 0.099196 0.968909
vn -0.41645 0.154026 -0.896016
vn -0.214209 0.222411 -0.95113
vn -0.311893 -0.580674 -0.752024
vn -0.214209 0.222411 -0.95113
vn -0.225865 -0.577638 -0.784423
vn -0.311893 -0.580674 -0.752024
vn -0.41645 0.154026 -0.896016
vn -0.626305 -0.498589 -0.599292
vn -0.845851 0.226634 -0.482879
vn -0.41645 0.154026 -0.896016
vn -0.311893 -0.580674 -0.752024
vn -0.626305 -0.498589 -0.599292
vn -0.145479 0.091612 0.985111
vn -0.702629 -0.184064 0.687338
vn -0.433079 0.423505 0.795667
vn -0.433079 0.423505 0.795667
vn -0.702629 -0.184064 0.687338
vn -0.693036 0.36616 0.620989
vn -0.693036 0.36616 0.620989
vn -0.702629 -0.184064 0.687338
vn -0.942879 0.138767 0.302858
vn -0.942879 0.138767 0.302858
vn -0.702629 -0.184064 0.687338
vn -0.919734 -0.392155 -0.017423
vn -0.702629 -0.184064 0.687338
vn -0.145479 0.091612 0.985111
vn -0.266016 -0.675148 0.688049
vn -0.145479 0.091612 0.985111
vn -0.226664 0.099196 0.968909
vn -0.266016 -0.675148 0.688049
vn -0.702629 -0.184064 0.687338
vn -0.266016 -0.675148 0.688049
vn -0.864239 -0.490982 -0.109667
vn -0.864239 -0.490982 -0.109667
vn -0.330759 -0.941943 -0.057803
vn -0.225865 -0.577638 -0.784423
vn -0.225865 -0.577638 -0.784423
vn -0.330759 -0.941943 -0.057803
vn -0.311893 -0.580674 -0.752024
vn -0.799645 -0.59597 -0.073397
vn -0.266016 -0.675148 0.688049
vn -0.330759 -0.941943 -0.057803
vn -0.266016 -0.675148 0.688049
vn -0.226664 0.099196 0.968909
vn -0.318154 -0.646786 0.693142
vn -0.266016 -0.675148 0.688049
vn -0.318154 -0.646786 0.693142
vn -0.330759 -0.941943 -0.057803
vn -0.330759 -0.941943 -0.057803
vn -0.445693 -0.894803 -0.026159
vn -0.311893 -0.580674 -0.752024
vn -0.311893 -0.580674 -0.752024
vn -0.445693 -0.894803 -0.026159
vn -0.626305 -0.498589 -0.599292
vn -0.330759 -0.941943 -0.057803
vn -0.318154 -0.646786 0.693142
vn -0.445693 -0.894803 -0.026159
vn -0.626305 -0.498589 -0.599292
vn -0.821388 -0.570347 0.005094
vn -0.845851 0.226634 -0.482879
vn -0.626305 -0.498589 -0.599292
vn -0.445693 -0.894803 -0.026159
vn -0.821388 -0.570347 0.005094
vn -0.445693 -0.894803 -0.026159
vn -0.318154 -0.646786 0.693142
vn -0.58169 -0.558816 0.591068
vn -0.445693 -0.894803 -0.026159
vn -0.58169 -0.558816 0.591068
vn -0.821388 -0.570347 0.005094
vn -0.318154 -0.646786 0.693142
vn -0.226664 0.099196 0.968909
vn -0.38575 0.041154 0.921685
vn -0.226664 0.099196 0.968909
vn -0.404327 0.667798 0.624952
vn -0.38575 0.041154 0.921685
vn -0.318154 -0.646786 0.693142
vn -0.38575 0.041154 0.921685
vn -0.58169 -0.558816 0.591068
vn -0.58169 -0.558816 0.591068
vn -0.828049 0.141893 0.542404
vn -0.821388 -0.570347 0.005094
vn -0.38575 0.041154 0.921685
vn -0.404327 0.667798 0.624952
vn -0.828049 0.141893 0.542404
vn -0.404327 0.667798 0.624952
vn -0.506141 0.861753 0.034686
vn -0.828049 0.141893 0.542404
vn -0.38575 0.041154 0.921685
vn -0.828049 0.141893 0.542404
vn -0.58169 -0.558816 0.591068
vn -0.828049 0.141893 0.542404
vn -0.988294 0.150563 0.024628
vn -0.821388 -0.570347 0.005094
vn -0.988294 0.150563 0.024628
vn -0.506141 0.861753 0.034686
vn -0.845851 0.226634 -0.482879
vn -0.988294 0.150563 0.024628
vn -0.828049 0.141893 0.542404
vn -0.506141 0.861753 0.034686
vn -0.988294 0.150563 0.024628
vn -0.845851 0.226634 -0.482879
vn -0.821388 -0.570347 0.005094
vn -0.851918 -0.472382 0.226034
vn -0.715359 -0.698648 -0.012347
vn -0.24133 -0.959622 0.144516
vn -0.851918 -0.472382 0.226034
vn -0.24133 -0.959622 0.144516
vn -0.71916 -0.358556 0.595186
vn -0.71916 -0.358556 0.595186
vn -0.24133 -0.959622 0.144516
vn -0.325885 -0.541376 0.775056
vn -0.24133 -0.959622 0.144516
vn -0.715359 -0.698648 -0.012347
vn -0.194307 -0.977243 -0.085096
vn -0.715359 -0.698648 -0.012347
vn -0.837546 -0.483125 -0.255163
vn -0.194307 -0.977243 -0.085096
vn -0.837546 -0.483125 -0.255163
vn -0.692212 -0.461403 -0.554933
vn -0.194307 -0.977243 -0.085096
vn -0.692212 -0.461403 -0.554933
vn -0.338179 -0.594076 -0.729869
vn -0.194307 -0.977243 -0.085096
vn -0.24133 -0.959622 0.144516
vn -0.000013 -0.988406 0.151836
vn -0.325885 -0.541376 0.775056
vn -0.24133 -0.959622 0.144516
vn -0.194307 -0.977243 -0.085096
vn -0.000013 -0.988406 0.151836
vn -0.194307 -0.977243 -0.085096
vn -0.338179 -0.594076 -0.729869
vn -0.000021 -0.986315 -0.164872
vn -0.194307 -0.977243 -0.085096
vn -0.000021 -0.986315 -0.164872
vn -0.000013 -0.988406 0.151836
vn -0.338179 -0.594076 -0.729869
vn -0.000058 -0.594414 -0.804159
vn -0.000021 -0.986315 -0.164872
vn -0.000058 -0.594414 -0.804159
vn 0.338107 -0.59408 -0.729899
vn -0.000021 -0.986315 -0.164872
vn -0.000021 -0.986315 -0.164872
vn 0.194295 -0.977245 -0.085093
vn -0.000013 -0.988406 0.151836
vn -0.000021 -0.986315 -0.164872
vn 0.338107 -0.59408 -0.729899
vn 0.194295 -0.977245 -0.085093
vn 0.338107 -0.59408 -0.729899
vn 0.692212 -0.461402 -0.554933
vn 0.194295 -0.977245 -0.085093
vn 0.692212 -0.461402 -0.554933
vn 0.837545 -0.483125 -0.255163
vn 0.194295 -0.977245 -0.085093
vn 0.837545 -0.483125 -0.255163
vn 0.715359 -0.698648 -0.012347
vn 0.194295 -0.977245 -0.085093
vn 0.194295 -0.977245 -0.085093
vn 0.241321 -0.959625 0.144514
vn -0.000013 -0.988406 0.151836
vn 0.194295 -0.977245 -0.085093
vn 0.715359 -0.698648 -0.012347
vn 0.241321 -0.959625 0.144514
vn 0.715359 -0.698648 -0.012347
vn 0.851796 -0.47268 0.22587
vn 0.241321 -0.959625 0.144514
vn 0.851796 -0.47268 0.22587
vn 0.719056 -0.358673 0.595241
vn 0.241321 -0.959625 0.144514
vn 0.241321 -0.959625 0.144514
vn 0.325818 -0.541385 0.775078
vn -0.000013 -0.988406 0.151836
vn 0.241321 -0.959625 0.144514
vn 0.719056 -0.358673 0.595241
vn 0.325818 -0.541385 0.775078
vn 0.325818 -0.541385 0.775078
vn -0.000055 -0.553044 0.833152
vn -0.000013 -0.988406 0.151836
vn -0.000013 -0.988406 0.151836
vn -0.000055 -0.553044 0.833152
vn -0.325885 -0.541376 0.775056
vn -0.000055 -0.553044 0.833152
vn -0.000061 0.382002 0.924162
vn -0.325885 -0.541376 0.775056
vn -0.000055 -0.553044 0.833152
vn 0.325818 -0.541385 0.775078
vn -0.000061 0.382002 0.924162
vn -0.000061 0.382002 0.924162
vn -0.410284 0.491075 0.768448
vn -0.325885 -0.541376 0.775056
vn -0.325885 -0.541376 0.775056
vn -0.410284 0.491075 0.768448
vn -0.71916 -0.358556 0.595186
vn -0.000061 0.382002 0.924162
vn 0.325818 -0.541385 0.775078
vn 0.409867 0.491384 0.768473
vn 0.325818 -0.541385 0.775078
vn 0.719056 -0.358673 0.595241
vn 0.409867 0.491384 0.768473
vn -0.000061 0.382002 0.924162
vn -0.000015 0.914632 0.404288
vn -0.410284 0.491075 0.768448
vn -0.000061 0.382002 0.924162
vn 0.409867 0.491384 0.768473
vn -0.000015 0.914632 0.404288
vn -0.410284 0.491075 0.768448
vn -0.701496 0.410277 0.582731
vn -0.71916 -0.358556 0.595186
vn -0.410284 0.491075 0.768448
vn -0.000015 0.914632 0.404288
vn -0.400799 0.869311 0.289238
vn -0.410284 0.491075 0.768448
vn -0.400799 0.869311 0.289238
vn -0.701496 0.410277 0.582731
vn -0.701496 0.410277 0.582731
vn -0.880275 0.378962 0.28549
vn -0.71916 -0.358556 0.595186
vn -0.701496 0.410277 0.582731
vn -0.400799 0.869311 0.289238
vn -0.880275 0.378962 0.28549
vn -0.71916 -0.358556 0.595186
vn -0.880275 0.378962 0.28549
vn -0.851918 -0.472382 0.226034
vn 0.409867 0.491384 0.768473
vn 0.719056 -0.358673 0.595241
vn 0.701056 0.411159 0.582639
vn 0.409867 0.491384 0.768473
vn 0.400202 0.869688 0.288931
vn -0.000015 0.914632 0.404288
vn 0.409867 0.491384 0.768473
vn 0.701056 0.411159 0.582639
vn 0.400202 0.869688 0.288931
vn 0.701056 0.411159 0.582639
vn 0.719056 -0.358673 0.595241
vn 0.880317 0.379055 0.285234
vn 0.701056 0.411159 0.582639
vn 0.880317 0.379055 0.285234
vn 0.400202 0.869688 0.288931
vn 0.719056 -0.358673 0.595241
vn 0.851796 -0.47268 0.22587
vn 0.880317 0.379055 0.285234
vn -0.000015 0.914632 0.404288
vn -0.00003 0.999894 0.014528
vn -0.400799 0.869311 0.289238
vn -0.000015 0.914632 0.404288
vn 0.400202 0.869688 0.288931
vn -0.00003 0.999894 0.014528
vn 0.400202 0.869688 0.288931
vn 0.880317 0.379055 0.285234
vn 0.544509 0.838692 -0.010247
vn 0.400202 0.869688 0.288931
vn 0.544509 0.838692 -0.010247
vn -0.00003 0.999894 0.014528
vn 0.880317 0.379055 0.285234
vn 0.851796 -0.47268 0.22587
vn 0.973047 0.228602 -0.030327
vn 0.880317 0.379055 0.285234
vn 0.973047 0.228602 -0.030327
vn 0.544509 0.838692 -0.010247
vn 0.851796 -0.47268 0.22587
vn 0.715359 -0.698648 -0.012347
vn 0.973047 0.228602 -0.030327
vn 0.715359 -0.698648 -0.012347
vn 0.837545 -0.483125 -0.255163
vn 0.973047 0.228602 -0.030327
vn 0.973047 0.228602 -0.030327
vn 0.855206 0.373034 -0.359816
vn 0.544509 0.838692 -0.010247
vn 0.973047 0.228602 -0.030327
vn 0.837545 -0.483125 -0.255163
vn 0.855206 0.373034 -0.359816
vn 0.837545 -0.483125 -0.255163
vn 0.692212 -0.461402 -0.554933
vn 0.855206 0.373034 -0.359816
vn 0.544509 0.838692 -0.010247
vn 0.432661 0.85834 -0.275786
vn -0.00003 0.999894 0.014528
vn 0.544509 0.838692 -0.010247
vn 0.855206 0.373034 -0.359816
vn 0.432661 0.85834 -0.275786
vn 0.855206 0.373034 -0.359816
vn 0.692212 -0.461402 -0.554933
vn 0.531175 0.464086 -0.708856
vn 0.855206 0.373034 -0.359816
vn 0.531175 0.464086 -0.708856
vn 0.432661 0.85834 -0.275786
vn 0.432661 0.85834 -0.275786
vn -0.000047 0.915816 -0.401599
vn -0.00003 0.999894 0.014528
vn 0.432661 0.85834 -0.275786
vn 0.531175 0.464086 -0.708856
vn -0.000047 0.915816 -0.401599
vn 0.692212 -0.461402 -0.554933
vn 0.338107 -0.59408 -0.729899
vn 0.531175 0.464086 -0.708856
vn 0.531175 0.464086 -0.708856
vn -0.000069 0.374353 -0.927286
vn -0.000047 0.915816 -0.401599
vn 0.531175 0.464086 -0.708856
vn 0.338107 -0.59408 -0.729899
vn -0.000069 0.374353 -0.927286
vn 0.338107 -0.59408 -0.729899
vn -0.000058 -0.594414 -0.804159
vn -0.000069 0.374353 -0.927286
vn -0.000058 -0.594414 -0.804159
vn -0.338179 -0.594076 -0.729869
vn -0.000069 0.374353 -0.927286
vn -0.000069 0.374353 -0.927286
vn -0.531226 0.464058 -0.708837
vn -0.000047 0.915816 -0.401599
vn -0.000069 0.374353 -0.927286
vn -0.338179 -0.594076 -0.729869
vn -0.531226 0.464058 -0.708837
vn -0.338179 -0.594076 -0.729869
vn -0.692212 -0.461403 -0.554933
vn -0.531226 0.464058 -0.708837
vn -0.000047 0.915816 -0.401599
vn -0.432707 0.858318 -0.275782
vn -0.00003 0.999894 0.014528
vn -0.000047 0.915816 -0.401599
vn -0.531226 0.464058 -0.708837
vn -0.432707 0.858318 -0.275782
vn -0.531226 0.464058 -0.708837
vn -0.692212 -0.461403 -0.554933
vn -0.855206 0.373034 -0.359816
vn -0.531226 0.464058 -0.708837
vn -0.855206 0.373034 -0.359816
vn -0.432707 0.858318 -0.275782
vn -0.432707 0.858318 -0.275782
vn -0.544618 0.838622 -0.010248
vn -0.00003 0.999894 0.014528
vn -0.400799 0.869311 0.289238
vn -0.544618 0.838622 -0.010248
vn -0.880275 0.378962 0.28549
vn -0.400799 0.869311 0.289238
vn -0.00003 0.999894 0.014528
vn -0.544618 0.838622 -0.010248
vn -0.432707 0.858318 -0.275782
vn -0.855206 0.373034 -0.359816
vn -0.544618 0.838622 -0.010248
vn -0.544618 0.838622 -0.010248
vn -0.97302 0.228741 -0.030155
vn -0.880275 0.378962 0.28549
vn -0.880275 0.378962 0.28549
vn -0.97302 0.228741 -0.030155
vn -0.851918 -0.472382 0.226034
vn -0.544618 0.838622 -0.010248
vn -0.855206 0.373034 -0.359816
vn -0.97302 0.228741 -0.030155
vn -0.855206 0.373034 -0.359816
vn -0.692212 -0.461403 -0.554933
vn -0.837546 -0.483125 -0.255163
vn -0.855206 0.373034 -0.359816
vn -0.837546 -0.483125 -0.255163
vn -0.97302 0.228741 -0.030155
vn -0.97302 0.228741 -0.030155
vn -0.715359 -0.698648 -0.012347
vn -0.851918 -0.472382 0.226034
vn -0.715359 -0.698648 -0.012347
vn -0.97302 0.228741 -0.030155
vn -0.837546 -0.483125 -0.255163
vn 0.851918 -0.472382 0.226034
vn 0.24133 -0.959622 0.144516
vn 0.715359 -0.698648 -0.012347
vn 0.851918 -0.472382 0.226034
vn 0.71916 -0.358556 0.595186
vn 0.24133 -0.959622 0.144516
vn 0.71916 -0.358556 0.595186
vn 0.325885 -0.541376 0.775056
vn 0.24133 -0.959622 0.144516
vn 0.24133 -0.959622 0.144516
vn 0.194307 -0.977243 -0.085096
vn 0.715359 -0.698648 -0.012347
vn 0.715359 -0.698648 -0.012347
vn 0.194307 -0.977243 -0.085096
vn 0.837545 -0.483125 -0.255163
vn 0.837545 -0.483125 -0.255163
vn 0.194307 -0.977243 -0.085096
vn 0.692212 -0.461403 -0.554933
vn 0.692212 -0.461403 -0.554933
vn 0.194307 -0.977243 -0.085096
vn 0.338179 -0.594076 -0.729869
vn 0.24133 -0.959622 0.144516
vn 0.325885 -0.541376 0.775056
vn 0.000013 -0.988406 0.151836
vn 0.24133 -0.959622 0.144516
vn 0.000013 -0.988406 0.151836
vn 0.194307 -0.977243 -0.085096
vn 0.194307 -0.977243 -0.085096
vn 0.000021 -0.986315 -0.164872
vn 0.338179 -0.594076 -0.729869
vn 0.194307 -0.977243 -0.085096
vn 0.000013 -0.988406 0.151836
vn 0.000021 -0.986315 -0.164872
vn 0.338179 -0.594076 -0.729869
vn 0.000021 -0.986315 -0.164872
vn 0.000058 -0.594414 -0.804159
vn 0.000058 -0.594414 -0.804159
vn 0.000021 -0.986315 -0.164872
vn -0.338107 -0.59408 -0.729899
vn 0.000021 -0.986315 -0.164872
vn 0.000013 -0.988406 0.151836
vn -0.194295 -0.977245 -0.085093
vn 0.000021 -0.986315 -0.164872
vn -0.194295 -0.977245 -0.085093
vn -0.338107 -0.59408 -0.729899
vn -0.338107 -0.59408 -0.729899
vn -0.194295 -0.977245 -0.085093
vn -0.692212 -0.461402 -0.554933
vn -0.692212 -0.461402 -0.554933
vn -0.194295 -0.977245 -0.085093
vn -0.837545 -0.483125 -0.255163
vn -0.837545 -0.483125 -0.255163
vn -0.194295 -0.977245 -0.085093
vn -0.715359 -0.698648 -0.012347
vn -0.194295 -0.977245 -0.085093
vn 0.000013 -0.988406 0.151836
vn -0.241321 -0.959625 0.144514
vn -0.194295 -0.977245 -0.085093
vn -0.241321 -0.959625 0.144514
vn -0.715359 -0.698648 -0.012347
vn -0.715359 -0.698648 -0.012347
vn -0.241321 -0.959625 0.144514
vn -0.851796 -0.47268 0.22587
vn -0.851796 -0.47268 0.22587
vn -0.241321 -0.959625 0.144514
vn -0.719056 -0.358673 0.595241
vn -0.719056 -0.358673 0.595241
vn -0.241321 -0.959625 0.144514
vn -0.325818 -0.541385 0.775078
vn -0.241321 -0.959625 0.144514
vn 0.000013 -0.988406 0.151836
vn -0.325818 -0.541385 0.775078
vn -0.325818 -0.541385 0.775078
vn 0.000013 -0.988406 0.151836
vn 0.000054 -0.553044 0.833152
vn 0.000054 -0.553044 0.833152
vn 0.000013 -0.988406 0.151836
vn 0.325885 -0.541376 0.775056
vn 0.000054 -0.553044 0.833152
vn 0.325885 -0.541376 0.775056
vn 0.000061 0.382002 0.924162
vn 0.000054 -0.553044 0.833152
vn 0.000061 0.382002 0.924162
vn -0.325818 -0.541385 0.775078
vn -0.325818 -0.541385 0.775078
vn 0.000061 0.382002 0.924162
vn -0.409867 0.491384 0.768473
vn -0.325818 -0.541385 0.775078
vn -0.409867 0.491384 0.768473
vn -0.719056 -0.358673 0.595241
vn 0.000061 0.382002 0.924162
vn 0.325885 -0.541376 0.775056
vn 0.410284 0.491075 0.768448
vn 0.325885 -0.541376 0.775056
vn 0.71916 -0.358556 0.595186
vn 0.410284 0.491075 0.768448
vn 0.000061 0.382002 0.924162
vn 0.000015 0.914632 0.404288
vn -0.409867 0.491384 0.768473
vn 0.000061 0.382002 0.924162
vn 0.410284 0.491075 0.768448
vn 0.000015 0.914632 0.404288
vn -0.409867 0.491384 0.768473
vn -0.701056 0.411159 0.582639
vn -0.719056 -0.358673 0.595241
vn -0.409867 0.491384 0.768473
vn 0.000015 0.914632 0.404288
vn -0.400202 0.869688 0.288931
vn -0.409867 0.491384 0.768473
vn -0.400202 0.869688 0.288931
vn -0.701056 0.411159 0.582639
vn -0.701056 0.411159 0.582639
vn -0.880317 0.379055 0.285234
vn -0.719056 -0.358673 0.595241
vn -0.701056 0.411159 0.582639
vn -0.400202 0.869688 0.288931
vn -0.880317 0.379055 0.285234
vn -0.719056 -0.358673 0.595241
vn -0.880317 0.379055 0.285234
vn -0.851796 -0.47268 0.22587
vn 0.410284 0.491075 0.768448
vn 0.71916 -0.358556 0.595186
vn 0.701496 0.410277 0.582731
vn 0.410284 0.491075 0.768448
vn 0.4008 0.869311 0.289238
vn 0.000015 0.914632 0.404288
vn 0.410284 0.491075 0.768448
vn 0.701496 0.410277 0.582731
vn 0.4008 0.869311 0.289238
vn 0.701496 0.410277 0.582731
vn 0.71916 -0.358556 0.595186
vn 0.880275 0.378962 0.28549
vn 0.701496 0.410277 0.582731
vn 0.880275 0.378962 0.28549
vn 0.4008 0.869311 0.289238
vn 0.71916 -0.358556 0.595186
vn 0.851918 -0.472382 0.226034
vn 0.880275 0.378962 0.28549
vn 0.000015 0.914632 0.404288
vn 0.00003 0.999894 0.014528
vn -0.400202 0.869688 0.288931
vn 0.000015 0.914632 0.404288
vn 0.4008 0.869311 0.289238
vn 0.00003 0.999894 0.014528
vn 0.4008 0.869311 0.289238
vn 0.880275 0.378962 0.28549
vn 0.544618 0.838622 -0.010248
vn 0.4008 0.869311 0.289238
vn 0.544618 0.838622 -0.010248
vn 0.00003 0.999894 0.014528
vn 0.880275 0.378962 0.28549
vn 0.851918 -0.472382 0.226034
vn 0.97302 0.228741 -0.030155
vn 0.880275 0.378962 0.28549
vn 0.97302 0.228741 -0.030155
vn 0.544618 0.838622 -0.010248
vn 0.851918 -0.472382 0.226034
vn 0.715359 -0.698648 -0.012347
vn 0.97302 0.228741 -0.030155
vn 0.715359 -0.698648 -0.012347
vn 0.837545 -0.483125 -0.255163
vn 0.97302 0.228741 -0.030155
vn 0.97302 0.228741 -0.030155
vn 0.855206 0.373034 -0.359816
vn 0.544618 0.838622 -0.010248
vn 0.97302 0.228741 -0.030155
vn 0.837545 -0.483125 -0.255163
vn 0.855206 0.373034 -0.359816
vn 0.837545 -0.483125 -0.255163
vn 0.692212 -0.461403 -0.554933
vn 0.855206 0.373034 -0.359816
vn 0.544618 0.838622 -0.010248
vn 0.432707 0.858318 -0.275782
vn 0.00003 0.999894 0.014528
vn 0.544618 0.838622 -0.010248
vn 0.855206 0.373034 -0.359816
vn 0.432707 0.858318 -0.275782
vn 0.855206 0.373034 -0.359816
vn 0.692212 -0.461403 -0.554933
vn 0.531226 0.464058 -0.708837
vn 0.855206 0.373034 -0.359816
vn 0.531226 0.464058 -0.708837
vn 0.432707 0.858318 -0.275782
vn 0.432707 0.858318 -0.275782
vn 0.000047 0.915816 -0.401599
vn 0.00003 0.999894 0.014528
vn 0.432707 0.858318 -0.275782
vn 0.531226 0.464058 -0.708837
vn 0.000047 0.915816 -0.401599
vn 0.692212 -0.461403 -0.554933
vn 0.338179 -0.594076 -0.729869
vn 0.531226 0.464058 -0.708837
vn 0.531226 0.464058 -0.708837
vn 0.000069 0.374353 -0.927286
vn 0.000047 0.915816 -0.401599
vn 0.531226 0.464058 -0.708837
vn 0.338179 -0.594076 -0.729869
vn 0.000069 0.374353 -0.927286
vn 0.338179 -0.594076 -0.729869
vn 0.000058 -0.594414 -0.804159
vn 0.000069 0.374353 -0.927286
vn 0.000058 -0.594414 -0.804159
vn -0.338107 -0.59408 -0.729899
vn 0.000069 0.374353 -0.927286
vn 0.000069 0.374353 -0.927286
vn -0.531175 0.464086 -0.708856
vn 0.000047 0.915816 -0.401599
vn 0.000069 0.374353 -0.927286
vn -0.338107 -0.59408 -0.729899
vn -0.531175 0.464086 -0.708856
vn -0.338107 -0.59408 -0.729899
vn -0.692212 -0.461402 -0.554933
vn -0.531175 0.464086 -0.708856
vn 0.000047 0.915816 -0.401599
vn -0.432661 0.85834 -0.275786
vn 0.00003 0.999894 0.014528
vn 0.000047 0.915816 -0.401599
vn -0.531175 0.464086 -0.708856
vn -0.432661 0.85834 -0.275786
vn -0.531175 0.464086 -0.708856
vn -0.692212 -0.461402 -0.554933
vn -0.855206 0.373034 -0.359816
vn -0.531175 0.464086 -0.708856
vn -0.855206 0.373034 -0.359816
vn -0.432661 0.85834 -0.275786
vn -0.432661 0.85834 -0.275786
vn -0.544509 0.838692 -0.010247
vn 0.00003 0.999894 0.014528
vn -0.400202 0.869688 0.288931
vn -0.544509 0.838692 -0.010247
vn -0.880317 0.379055 0.285234
vn -0.400202 0.869688 0.288931
vn 0.00003 0.999894 0.014528
vn -0.544509 0.838692 -0.010247
vn -0.432661 0.85834 -0.275786
vn -0.855206 0.373034 -0.359816
vn -0.544509 0.838692 -0.010247
vn -0.544509 0.838692 -0.010247
vn -0.973047 0.228602 -0.030327
vn -0.880317 0.379055 0.285234
vn -0.880317 0.379055 0.285234
vn -0.973047 0.228602 -0.030327
vn -0.851796 -0.47268 0.22587
vn -0.544509 0.838692 -0.010247
vn -0.855206 0.373034 -0.359816
vn -0.973047 0.228602 -0.030327
vn -0.855206 0.373034 -0.359816
vn -0.692212 -0.461402 -0.554933
vn -0.837545 -0.483125 -0.255163
vn -0.855206 0.373034 -0.359816
vn -0.837545 -0.483125 -0.255163
vn -0.973047 0.228602 -0.030327
vn -0.973047 0.228602 -0.030327
vn -0.715359 -0.698648 -0.012347
vn -0.851796 -0.47268 0.22587
vn -0.715359 -0.698648 -0.012347
vn -0.973047 0.228602 -0.030327
vn -0.837545 -0.483125 -0.255163

# kabigon_body.png, 804 grouped triangles

usemtl kabigon_body.png
o kabigon_body.png
g kabigon_body.png

f 1/1/1 2/2/2 3/3/3
f 3/4/4 2/5/5 4/6/6
f 4/7/7 2/8/8 1/9/9
f 5/10/10 6/11/11 7/12/12
f 7/13/13 6/14/14 8/15/15
f 8/16/16 6/17/17 5/18/18
f 9/19/19 10/20/20 11/21/21
f 10/22/22 12/23/23 11/24/24
f 11/25/25 12/26/26 9/27/27
f 13/28/28 14/29/29 15/30/30
f 15/31/31 14/32/32 16/33/33
f 16/34/34 14/35/35 13/36/36
f 17/37/37 18/38/38 19/39/39
f 18/40/40 20/41/41 19/42/42
f 19/43/43 20/44/44 17/45/45
f 21/46/46 22/47/47 23/48/48
f 22/49/49 24/50/50 23/51/51
f 23/52/52 24/53/53 21/54/54
f 25/55/55 26/56/56 27/57/57
f 26/58/58 28/59/59 27/60/60
f 27/61/61 28/62/62 25/63/63
f 29/64/64 30/65/65 31/66/66
f 31/67/67 30/68/68 32/69/69
f 32/70/70 30/71/71 29/72/72
f 33/73/73 34/74/74 35/75/75
f 34/76/76 36/77/77 35/78/78
f 35/79/79 36/80/80 33/81/81
f 37/82/82 38/83/83 39/84/84
f 39/85/85 38/86/86 40/87/87
f 40/88/88 38/89/89 37/90/90
f 41/91/91 42/92/92 43/93/93
f 43/94/94 42/95/95 44/96/96
f 42/97/97 45/98/98 44/99/99
f 43/100/100 44/101/101 46/102/102
f 44/103/103 45/104/104 47/105/105
f 44/106/106 47/107/107 46/108/108
f 46/109/109 47/110/110 48/111/111
f 48/112/112 47/113/113 49/114/114
f 47/115/115 45/116/116 42/117/117
f 47/118/118 42/119/119 49/120/120
f 49/121/121 42/122/122 41/123/123
f 50/124/124 51/125/125 52/126/126
f 52/127/127 51/128/128 53/129/129
f 51/130/130 54/131/131 53/132/132
f 52/133/133 53/134/134 55/135/135
f 53/136/136 54/137/137 56/138/138
f 53/139/139 56/140/140 55/141/141
f 55/142/142 56/143/143 57/144/144
f 57/145/145 56/146/146 58/147/147
f 56/148/148 54/149/149 51/150/150
f 56/151/151 51/152/152 58/153/153
f 58/154/154 51/155/155 50/156/156
f 59/157/157 60/158/158 61/159/159
f 61/160/160 60/161/161 62/162/162
f 60/163/163 63/164/164 62/165/165
f 61/166/166 62/167/167 64/168/168
f 62/169/169 63/170/170 65/171/171
f 62/172/172 65/173/173 64/174/174
f 64/175/175 65/176/176 61/177/177
f 63/178/178 66/179/179 65/180/180
f 65/181/181 67/182/182 61/183/183
f 65/184/184 66/185/185 67/186/186
f 67/187/187 59/188/188 61/189/189
f 68/190/190 69/191/191 70/192/192
f 70/193/193 69/194/194 71/195/195
f 69/196/196 72/197/197 71/198/198
f 70/199/199 71/200/200 73/201/201
f 71/202/202 72/203/203 74/204/204
f 71/205/205 74/206/206 73/207/207
f 73/208/208 74/209/209 70/210/210
f 72/211/211 75/212/212 74/213/213
f 74/214/214 76/215/215 70/216/216
f 74/217/217 75/218/218 76/219/219
f 76/220/220 68/221/221 70/222/222
f 77/223/223 78/224/224 79/225/225
f 79/226/226 78/227/227 80/228/228
f 78/229/229 81/230/230 80/231/231
f 79/232/232 80/233/233 82/234/234
f 80/235/235 81/236/236 83/237/237
f 80/238/238 83/239/239 82/240/240
f 82/241/241 83/242/242 79/243/243
f 81/244/244 84/245/245 83/246/246
f 83/247/247 85/248/248 79/249/249
f 83/250/250 84/251/251 85/252/252
f 85/253/253 77/254/254 79/255/255
f 86/256/256 87/257/257 88/258/258
f 88/259/259 87/260/260 89/261/261
f 87/262/262 90/263/263 89/264/264
f 88/265/265 89/266/266 91/267/267
f 89/268/268 90/269/269 92/270/270
f 89/271/271 92/272/272 91/273/273
f 91/274/274 92/275/275 93/276/276
f 93/277/277 92/278/278 94/279/279
f 92/280/280 90/281/281 87/282/282
f 92/283/283 87/284/284 94/285/285
f 94/286/286 87/287/287 86/288/288
f 95/289/289 96/290/290 97/291/291
f 96/292/292 98/293/293 97/294/294
f 98/295/295 99/296/296 97/297/297
f 97/298/298 99/299/299 100/300/300
f 101/301/301 95/302/302 102/303/303
f 95/304/304 97/305/305 102/306/306
f 102/307/307 97/308/308 103/309/309
f 103/310/310 97/311/311 104/312/312
f 97/313/313 100/314/314 104/315/315
f 104/316/316 100/317/317 105/318/318
f 106/319/319 107/320/320 108/321/321
f 106/322/322 109/323/323 107/324/324
f 107/325/325 110/326/326 108/327/327
f 108/328/328 110/329/329 111/330/330
f 107/331/331 109/332/332 112/333/333
f 109/334/334 113/335/335 112/336/336
f 107/337/337 98/338/338 110/339/339
f 107/340/340 112/341/341 98/342/342
f 98/343/343 96/344/344 110/345/345
f 110/346/346 114/347/347 111/348/348
f 110/349/349 96/350/350 114/351/351
f 111/352/352 114/353/353 115/354/354
f 98/355/355 112/356/356 99/357/357
f 112/358/358 113/359/359 116/360/360
f 112/361/361 116/362/362 99/363/363
f 113/364/364 117/365/365 116/366/366
f 114/367/367 96/368/368 118/369/369
f 114/370/370 119/371/371 115/372/372
f 114/373/373 118/374/374 119/375/375
f 115/376/376 119/377/377 120/378/378
f 116/379/379 121/380/380 99/381/381
f 116/382/382 117/383/383 122/384/384
f 116/385/385 122/386/386 121/387/387
f 117/388/388 123/389/389 122/390/390
f 118/391/391 96/392/392 124/393/393
f 96/394/394 95/395/395 124/396/396
f 95/397/397 101/398/398 124/399/399
f 118/400/400 125/401/401 119/402/402
f 118/403/403 124/404/404 125/405/405
f 124/406/406 101/407/407 126/408/408
f 124/409/409 126/410/410 125/411/411
f 119/412/412 127/413/413 120/414/414
f 119/415/415 125/416/416 127/417/417
f 121/418/418 128/419/419 99/420/420
f 99/421/421 128/422/422 100/423/423
f 100/424/424 128/425/425 105/426/426
f 121/427/427 122/428/428 129/429/429
f 121/430/430 129/431/431 128/432/432
f 128/433/433 130/434/434 105/435/435
f 128/436/436 129/437/437 130/438/438
f 122/439/439 123/440/440 131/441/441
f 122/442/442 131/443/443 129/444/444
f 126/445/445 101/446/446 132/447/447
f 126/448/448 133/449/449 125/450/450
f 126/451/451 132/452/452 133/453/453
f 125/454/454 134/455/455 127/456/456
f 125/457/457 133/458/458 134/459/459
f 127/460/460 135/461/461 120/462/462
f 127/463/463 134/464/464 135/465/465
f 120/466/466 135/467/467 136/468/468
f 130/469/469 137/470/470 105/471/471
f 130/472/472 129/473/473 138/474/474
f 130/475/475 138/476/476 137/477/477
f 129/478/478 131/479/479 139/480/480
f 129/481/481 139/482/482 138/483/483
f 131/484/484 123/485/485 140/486/486
f 131/487/487 140/488/488 139/489/489
f 123/490/490 141/491/491 140/492/492
f 134/493/493 133/494/494 142/495/495
f 134/496/496 143/497/497 135/498/498
f 134/499/499 142/500/500 143/501/501
f 139/502/502 144/503/503 138/504/504
f 139/505/505 140/506/506 145/507/507
f 139/508/508 145/509/509 144/510/510
f 135/511/511 146/512/512 136/513/513
f 136/514/514 146/515/515 147/516/516
f 135/517/517 143/518/518 148/519/519
f 135/520/520 148/521/521 146/522/522
f 146/523/523 149/524/524 147/525/525
f 146/526/526 148/527/527 149/528/528
f 147/529/529 150/530/530 141/531/531
f 141/532/532 150/533/533 140/534/534
f 147/535/535 149/536/536 150/537/537
f 150/538/538 151/539/539 140/540/540
f 140/541/541 151/542/542 145/543/543
f 150/544/544 149/545/545 151/546/546
f 149/547/547 148/548/548 152/549/549
f 149/550/550 152/551/551 151/552/552
f 151/553/553 153/554/554 145/555/555
f 151/556/556 152/557/557 153/558/558
f 145/559/559 154/560/560 144/561/561
f 145/562/562 153/563/563 154/564/564
f 148/565/565 143/566/566 155/567/567
f 148/568/568 155/569/569 152/570/570
f 152/571/571 156/572/572 153/573/573
f 152/574/574 155/575/575 156/576/576
f 156/577/577 157/578/578 153/579/579
f 156/580/580 155/581/581 157/582/582
f 153/583/583 158/584/584 154/585/585
f 153/586/586 157/587/587 158/588/588
f 158/589/589 159/590/590 154/591/591
f 158/592/592 157/593/593 159/594/594
f 143/595/595 142/596/596 160/597/597
f 143/598/598 160/599/599 155/600/600
f 155/601/601 161/602/602 157/603/603
f 155/604/604 160/605/605 161/606/606
f 161/607/607 162/608/608 157/609/609
f 161/610/610 160/611/611 162/612/612
f 157/613/613 163/614/614 159/615/615
f 157/616/616 162/617/617 163/618/618
f 144/619/619 164/620/620 138/621/621
f 144/622/622 154/623/623 165/624/624
f 144/625/625 165/626/626 164/627/627
f 154/628/628 159/629/629 166/630/630
f 154/631/631 166/632/632 165/633/633
f 160/634/634 142/635/635 167/636/636
f 160/637/637 168/638/638 162/639/639
f 160/640/640 167/641/641 168/642/642
f 164/643/643 169/644/644 138/645/645
f 164/646/646 165/647/647 170/648/648
f 164/649/649 170/650/650 169/651/651
f 165/652/652 166/653/653 171/654/654
f 165/655/655 171/656/656 170/657/657
f 159/658/658 163/659/659 172/660/660
f 159/661/661 173/662/662 166/663/663
f 159/664/664 172/665/665 173/666/666
f 166/667/667 174/668/668 171/669/669
f 166/670/670 173/671/671 174/672/672
f 173/673/673 172/674/674 175/675/675
f 173/676/676 175/677/677 174/678/678
f 171/679/679 176/680/680 170/681/681
f 171/682/682 174/683/683 176/684/684
f 176/685/685 177/686/686 170/687/687
f 174/688/688 175/689/689 177/690/690
f 174/691/691 177/692/692 176/693/693
f 170/694/694 177/695/695 169/696/696
f 169/697/697 178/698/698 138/699/699
f 177/700/700 175/701/701 178/702/702
f 177/703/703 178/704/704 169/705/705
f 175/706/706 172/707/707 179/708/708
f 175/709/709 179/710/710 178/711/711
f 178/712/712 137/713/713 138/714/714
f 178/715/715 179/716/716 137/717/717
f 172/718/718 163/719/719 180/720/720
f 172/721/721 180/722/722 179/723/723
f 179/724/724 181/725/725 137/726/726
f 179/727/727 180/728/728 181/729/729
f 137/730/730 181/731/731 105/732/732
f 105/733/733 181/734/734 104/735/735
f 181/736/736 180/737/737 182/738/738
f 181/739/739 182/740/740 104/741/741
f 104/742/742 182/743/743 103/744/744
f 103/745/745 182/746/746 102/747/747
f 182/748/748 180/749/749 183/750/750
f 182/751/751 183/752/752 102/753/753
f 102/754/754 183/755/755 101/756/756
f 101/757/757 183/758/758 132/759/759
f 183/760/760 180/761/761 184/762/762
f 183/763/763 184/764/764 132/765/765
f 180/766/766 163/767/767 185/768/768
f 180/769/769 185/770/770 184/771/771
f 163/772/772 162/773/773 185/774/774
f 184/775/775 186/776/776 132/777/777
f 132/778/778 186/779/779 133/780/780
f 184/781/781 185/782/782 187/783/783
f 184/784/784 187/785/785 186/786/786
f 185/787/787 162/788/788 188/789/789
f 185/790/790 188/791/791 187/792/792
f 162/793/793 168/794/794 188/795/795
f 188/796/796 189/797/797 187/798/798
f 188/799/799 168/800/800 189/801/801
f 187/802/802 190/803/803 186/804/804
f 187/805/805 189/806/806 190/807/807
f 186/808/808 191/809/809 133/810/810
f 186/811/811 190/812/812 191/813/813
f 189/814/814 168/815/815 192/816/816
f 168/817/817 167/818/818 192/819/819
f 189/820/820 193/821/821 190/822/822
f 189/823/823 192/824/824 193/825/825
f 193/826/826 194/827/827 190/828/828
f 192/829/829 167/830/830 194/831/831
f 192/832/832 194/833/833 193/834/834
f 190/835/835 194/836/836 191/837/837
f 191/838/838 195/839/839 133/840/840
f 194/841/841 167/842/842 195/843/843
f 194/844/844 195/845/845 191/846/846
f 195/847/847 142/848/848 133/849/849
f 142/850/850 195/851/851 167/852/852
f 196/853/853 197/854/854 198/855/855
f 197/856/856 199/857/857 198/858/858
f 196/859/859 198/860/860 200/861/861
f 198/862/862 199/863/863 201/864/864
f 198/865/865 201/866/866 200/867/867
f 200/868/868 201/869/869 202/870/870
f 199/871/871 203/872/872 201/873/873
f 201/874/874 204/875/875 202/876/876
f 201/877/877 203/878/878 204/879/879
f 203/880/880 205/881/881 204/882/882
f 204/883/883 206/884/884 202/885/885
f 204/886/886 205/887/887 206/888/888
f 202/889/889 206/890/890 207/891/891
f 207/892/892 206/893/893 208/894/894
f 206/895/895 205/896/896 209/897/897
f 206/898/898 209/899/899 208/900/900
f 205/901/901 210/902/902 209/903/903
f 209/904/904 211/905/905 208/906/906
f 209/907/907 210/908/908 211/909/909
f 210/910/910 212/911/911 211/912/912
f 208/913/913 211/914/914 213/915/915
f 211/916/916 212/917/917 214/918/918
f 211/919/919 214/920/920 213/921/921
f 213/922/922 214/923/923 215/924/924
f 215/925/925 214/926/926 216/927/927
f 216/928/928 214/929/929 212/930/930
f 202/931/931 207/932/932 217/933/933
f 202/934/934 217/935/935 200/936/936
f 217/937/937 207/938/938 218/939/939
f 217/940/940 219/941/941 200/942/942
f 217/943/943 218/944/944 220/945/945
f 217/946/946 220/947/947 219/948/948
f 219/949/949 221/950/950 200/951/951
f 200/952/952 221/953/953 196/954/954
f 219/955/955 220/956/956 222/957/957
f 219/958/958 223/959/959 221/960/960
f 219/961/961 222/962/962 223/963/963
f 221/964/964 224/965/965 196/966/966
f 221/967/967 223/968/968 224/969/969
f 196/970/970 224/971/971 197/972/972
f 220/973/973 218/974/974 225/975/975
f 220/976/976 226/977/977 222/978/978
f 220/979/979 225/980/980 226/981/981
f 223/982/982 227/983/983 224/984/984
f 224/985/985 228/986/986 197/987/987
f 224/988/988 227/989/989 228/990/990
f 197/991/991 228/992/992 199/993/993
f 223/994/994 222/995/995 229/996/996
f 223/997/997 229/998/998 227/999/999
f 218/1000/1000 207/1001/1001 230/1002/1002
f 207/1003/1003 208/1004/1004 230/1005/1005
f 208/1006/1006 213/1007/1007 230/1008/1008
f 218/1009/1009 231/1010/1010 225/1011/1011
f 218/1012/1012 230/1013/1013 231/1014/1014
f 230/1015/1015 213/1016/1016 232/1017/1017
f 230/1018/1018 232/1019/1019 231/1020/1020
f 226/1021/1021 225/1022/1022 233/1023/1023
f 225/1024/1024 231/1025/1025 234/1026/1026
f 225/1027/1027 234/1028/1028 233/1029/1029
f 231/1030/1030 232/1031/1031 235/1032/1032
f 231/1033/1033 235/1034/1034 234/1035/1035
f 234/1036/1036 236/1037/1037 233/1038/1038
f 234/1039/1039 235/1040/1040 236/1041/1041
f 226/1042/1042 237/1043/1043 222/1044/1044
f 226/1045/1045 233/1046/1046 237/1047/1047
f 233/1048/1048 236/1049/1049 238/1050/1050
f 233/1051/1051 238/1052/1052 237/1053/1053
f 222/1054/1054 239/1055/1055 229/1056/1056
f 222/1057/1057 237/1058/1058 239/1059/1059
f 237/1060/1060 238/1061/1061 240/1062/1062
f 237/1063/1063 240/1064/1064 239/1065/1065
f 239/1066/1066 241/1067/1067 229/1068/1068
f 239/1069/1069 240/1070/1070 241/1071/1071
f 227/1072/1072 242/1073/1073 228/1074/1074
f 227/1075/1075 229/1076/1076 243/1077/1077
f 227/1078/1078 243/1079/1079 242/1080/1080
f 229/1081/1081 241/1082/1082 244/1083/1083
f 229/1084/1084 244/1085/1085 243/1086/1086
f 232/1087/1087 213/1088/1088 245/1089/1089
f 213/1090/1090 215/1091/1091 245/1092/1092
f 232/1093/1093 246/1094/1094 235/1095/1095
f 232/1096/1096 245/1097/1097 246/1098/1098
f 245/1099/1099 215/1100/1100 247/1101/1101
f 245/1102/1102 247/1103/1103 246/1104/1104
f 215/1105/1105 216/1106/1106 247/1107/1107
f 236/1108/1108 248/1109/1109 238/1110/1110
f 238/1111/1111 249/1112/1112 240/1113/1113
f 238/1114/1114 248/1115/1115 249/1116/1116
f 240/1117/1117 250/1118/1118 241/1119/1119
f 240/1120/1120 249/1121/1121 250/1122/1122
f 241/1123/1123 251/1124/1124 244/1125/1125
f 241/1126/1126 250/1127/1127 251/1128/1128
f 236/1129/1129 235/1130/1130 252/1131/1131
f 236/1132/1132 252/1133/1133 248/1134/1134
f 235/1135/1135 246/1136/1136 253/1137/1137
f 235/1138/1138 253/1139/1139 252/1140/1140
f 252/1141/1141 254/1142/1142 248/1143/1143
f 252/1144/1144 253/1145/1145 254/1146/1146
f 248/1147/1147 255/1148/1148 249/1149/1149
f 248/1150/1150 254/1151/1151 255/1152/1152
f 249/1153/1153 106/1154/1154 250/1155/1155
f 249/1156/1156 255/1157/1157 106/1158/1158
f 106/1159/1159 108/1160/1160 250/1161/1161
f 250/1162/1162 108/1163/1163 251/1164/1164
f 108/1165/1165 111/1166/1166 251/1167/1167
f 251/1168/1168 256/1169/1169 244/1170/1170
f 251/1171/1171 111/1172/1172 256/1173/1173
f 106/1174/1174 255/1175/1175 109/1176/1176
f 255/1177/1177 254/1178/1178 257/1179/1179
f 255/1180/1180 257/1181/1181 109/1182/1182
f 109/1183/1183 257/1184/1184 113/1185/1185
f 254/1186/1186 253/1187/1187 258/1188/1188
f 254/1189/1189 258/1190/1190 257/1191/1191
f 257/1192/1192 259/1193/1193 113/1194/1194
f 257/1195/1195 258/1196/1196 259/1197/1197
f 246/1198/1198 247/1199/1199 260/1200/1200
f 246/1201/1201 260/1202/1202 253/1203/1203
f 253/1204/1204 261/1205/1205 258/1206/1206
f 253/1207/1207 260/1208/1208 261/1209/1209
f 247/1210/1210 216/1211/1211 262/1212/1212
f 247/1213/1213 262/1214/1214 260/1215/1215
f 260/1216/1216 263/1217/1217 261/1218/1218
f 260/1219/1219 262/1220/1220 263/1221/1221
f 216/1222/1222 212/1223/1223 262/1224/1224
f 256/1225/1225 264/1226/1226 244/1227/1227
f 256/1228/1228 111/1229/1229 265/1230/1230
f 256/1231/1231 265/1232/1232 264/1233/1233
f 111/1234/1234 115/1235/1235 265/1236/1236
f 259/1237/1237 266/1238/1238 113/1239/1239
f 113/1240/1240 266/1241/1241 117/1242/1242
f 259/1243/1243 258/1244/1244 267/1245/1245
f 259/1246/1246 267/1247/1247 266/1248/1248
f 258/1249/1249 261/1250/1250 268/1251/1251
f 258/1252/1252 268/1253/1253 267/1254/1254
f 261/1255/1255 263/1256/1256 269/1257/1257
f 261/1258/1258 269/1259/1259 268/1260/1260
f 262/1261/1261 212/1262/1262 270/1263/1263
f 212/1264/1264 210/1265/1265 270/1266/1266
f 262/1267/1267 271/1268/1268 263/1269/1269
f 262/1270/1270 270/1271/1271 271/1272/1272
f 267/1273/1273 272/1274/1274 266/1275/1275
f 267/1276/1276 268/1277/1277 273/1278/1278
f 267/1279/1279 273/1280/1280 272/1281/1281
f 268/1282/1282 269/1283/1283 274/1284/1284
f 268/1285/1285 274/1286/1286 273/1287/1287
f 263/1288/1288 275/1289/1289 269/1290/1290
f 263/1291/1291 271/1292/1292 276/1293/1293
f 263/1294/1294 276/1295/1295 275/1296/1296
f 271/1297/1297 270/1298/1298 277/1299/1299
f 271/1300/1300 277/1301/1301 276/1302/1302
f 270/1303/1303 210/1304/1304 278/1305/1305
f 270/1306/1306 278/1307/1307 277/1308/1308
f 210/1309/1309 205/1310/1310 278/1311/1311
f 266/1312/1312 279/1313/1313 117/1314/1314
f 117/1315/1315 279/1316/1316 123/1317/1317
f 266/1318/1318 272/1319/1319 280/1320/1320
f 266/1321/1321 280/1322/1322 279/1323/1323
f 279/1324/1324 281/1325/1325 123/1326/1326
f 279/1327/1327 280/1328/1328 281/1329/1329
f 273/1330/1330 274/1331/1331 282/1332/1332
f 273/1333/1333 283/1334/1334 272/1335/1335
f 273/1336/1336 282/1337/1337 283/1338/1338
f 275/1339/1339 284/1340/1340 269/1341/1341
f 275/1342/1342 276/1343/1343 285/1344/1344
f 275/1345/1345 285/1346/1346 284/1347/1347
f 276/1348/1348 277/1349/1349 286/1350/1350
f 276/1351/1351 286/1352/1352 285/1353/1353
f 278/1354/1354 205/1355/1355 287/1356/1356
f 278/1357/1357 288/1358/1358 277/1359/1359
f 278/1360/1360 287/1361/1361 288/1362/1362
f 287/1363/1363 205/1364/1364 289/1365/1365
f 287/1366/1366 289/1367/1367 288/1368/1368
f 205/1369/1369 203/1370/1370 289/1371/1371
f 277/1372/1372 290/1373/1373 286/1374/1374
f 277/1375/1375 288/1376/1376 290/1377/1377
f 288/1378/1378 289/1379/1379 291/1380/1380
f 288/1381/1381 291/1382/1382 290/1383/1383
f 289/1384/1384 203/1385/1385 292/1386/1386
f 289/1387/1387 292/1388/1388 291/1389/1389
f 203/1390/1390 199/1391/1391 292/1392/1392
f 199/1393/1393 228/1394/1394 292/1395/1395
f 292/1396/1396 293/1397/1397 291/1398/1398
f 292/1399/1399 228/1400/1400 293/1401/1401
f 228/1402/1402 242/1403/1403 293/1404/1404
f 293/1405/1405 294/1406/1406 291/1407/1407
f 293/1408/1408 242/1409/1409 294/1410/1410
f 291/1411/1411 295/1412/1412 290/1413/1413
f 291/1414/1414 294/1415/1415 295/1416/1416
f 290/1417/1417 296/1418/1418 286/1419/1419
f 290/1420/1420 295/1421/1421 296/1422/1422
f 286/1423/1423 297/1424/1424 285/1425/1425
f 286/1426/1426 296/1427/1427 297/1428/1428
f 280/1429/1429 272/1430/1430 298/1431/1431
f 272/1432/1432 283/1433/1433 299/1434/1434
f 272/1435/1435 299/1436/1436 298/1437/1437
f 298/1438/1438 300/1439/1439 280/1440/1440
f 298/1441/1441 299/1442/1442 300/1443/1443
f 280/1444/1444 300/1445/1445 281/1446/1446
f 294/1447/1447 242/1448/1448 301/1449/1449
f 294/1450/1450 302/1451/1451 295/1452/1452
f 294/1453/1453 301/1454/1454 302/1455/1455
f 295/1456/1456 303/1457/1457 296/1458/1458
f 295/1459/1459 302/1460/1460 303/1461/1461
f 296/1462/1462 304/1463/1463 297/1464/1464
f 296/1465/1465 303/1466/1466 304/1467/1467
f 303/1468/1468 302/1469/1469 305/1470/1470
f 303/1471/1471 305/1472/1472 304/1473/1473
f 297/1474/1474 306/1475/1475 285/1476/1476
f 297/1477/1477 304/1478/1478 306/1479/1479
f 304/1480/1480 305/1481/1481 147/1482/1482
f 304/1483/1483 147/1484/1484 306/1485/1485
f 147/1486/1486 305/1487/1487 136/1488/1488
f 147/1489/1489 141/1490/1490 306/1491/1491
f 299/1492/1492 283/1493/1493 307/1494/1494
f 299/1495/1495 308/1496/1496 300/1497/1497
f 299/1498/1498 307/1499/1499 308/1500/1500
f 301/1501/1501 242/1502/1502 309/1503/1503
f 242/1504/1504 243/1505/1505 309/1506/1506
f 301/1507/1507 310/1508/1508 302/1509/1509
f 301/1510/1510 309/1511/1511 310/1512/1512
f 305/1513/1513 311/1514/1514 136/1515/1515
f 136/1516/1516 311/1517/1517 120/1518/1518
f 305/1519/1519 302/1520/1520 312/1521/1521
f 305/1522/1522 312/1523/1523 311/1524/1524
f 311/1525/1525 313/1526/1526 120/1527/1527
f 311/1528/1528 312/1529/1529 313/1530/1530
f 312/1531/1531 302/1532/1532 314/1533/1533
f 302/1534/1534 310/1535/1535 314/1536/1536
f 312/1537/1537 314/1538/1538 313/1539/1539
f 306/1540/1540 315/1541/1541 285/1542/1542
f 315/1543/1543 281/1544/1544 316/1545/1545
f 285/1546/1546 315/1547/1547 316/1548/1548
f 300/1549/1549 317/1550/1550 316/1551/1551
f 300/1552/1552 308/1553/1553 317/1554/1554
f 300/1555/1555 316/1556/1556 281/1557/1557
f 316/1558/1558 284/1559/1559 285/1560/1560
f 316/1561/1561 317/1562/1562 284/1563/1563
f 315/1564/1564 306/1565/1565 318/1566/1566
f 306/1567/1567 141/1568/1568 318/1569/1569
f 315/1570/1570 318/1571/1571 281/1572/1572
f 281/1573/1573 318/1574/1574 123/1575/1575
f 123/1576/1576 318/1577/1577 141/1578/1578
f 310/1579/1579 309/1580/1580 319/1581/1581
f 310/1582/1582 320/1583/1583 314/1584/1584
f 310/1585/1585 319/1586/1586 320/1587/1587
f 314/1588/1588 321/1589/1589 313/1590/1590
f 314/1591/1591 320/1592/1592 321/1593/1593
f 308/1594/1594 307/1595/1595 322/1596/1596
f 308/1597/1597 323/1598/1598 317/1599/1599
f 308/1600/1600 322/1601/1601 323/1602/1602
f 317/1603/1603 324/1604/1604 284/1605/1605
f 317/1606/1606 323/1607/1607 324/1608/1608
f 284/1609/1609 324/1610/1610 269/1611/1611
f 313/1612/1612 325/1613/1613 120/1614/1614
f 120/1615/1615 325/1616/1616 115/1617/1617
f 115/1618/1618 325/1619/1619 265/1620/1620
f 325/1621/1621 313/1622/1622 326/1623/1623
f 313/1624/1624 321/1625/1625 326/1626/1626
f 325/1627/1627 326/1628/1628 265/1629/1629
f 320/1630/1630 319/1631/1631 327/1632/1632
f 320/1633/1633 328/1634/1634 321/1635/1635
f 320/1636/1636 327/1637/1637 328/1638/1638
f 322/1639/1639 307/1640/1640 329/1641/1641
f 322/1642/1642 330/1643/1643 323/1644/1644
f 322/1645/1645 329/1646/1646 330/1647/1647
f 323/1648/1648 331/1649/1649 324/1650/1650
f 323/1651/1651 330/1652/1652 331/1653/1653
f 330/1654/1654 329/1655/1655 332/1656/1656
f 330/1657/1657 332/1658/1658 331/1659/1659
f 324/1660/1660 333/1661/1661 269/1662/1662
f 324/1663/1663 331/1664/1664 333/1665/1665
f 331/1666/1666 332/1667/1667 334/1668/1668
f 331/1669/1669 334/1670/1670 333/1671/1671
f 332/1672/1672 329/1673/1673 335/1674/1674
f 332/1675/1675 335/1676/1676 334/1677/1677
f 329/1678/1678 307/1679/1679 336/1680/1680
f 329/1681/1681 336/1682/1682 335/1683/1683
f 336/1684/1684 307/1685/1685 337/1686/1686
f 336/1687/1687 337/1688/1688 335/1689/1689
f 335/1690/1690 338/1691/1691 334/1692/1692
f 335/1693/1693 337/1694/1694 338/1695/1695
f 334/1696/1696 339/1697/1697 333/1698/1698
f 334/1699/1699 338/1700/1700 339/1701/1701
f 338/1702/1702 337/1703/1703 340/1704/1704
f 338/1705/1705 340/1706/1706 339/1707/1707
f 337/1708/1708 307/1709/1709 341/1710/1710
f 337/1711/1711 341/1712/1712 340/1713/1713
f 340/1714/1714 282/1715/1715 339/1716/1716
f 340/1717/1717 341/1718/1718 282/1719/1719
f 282/1720/1720 274/1721/1721 339/1722/1722
f 274/1723/1723 269/1724/1724 333/1725/1725
f 333/1726/1726 339/1727/1727 274/1728/1728
f 282/1729/1729 341/1730/1730 283/1731/1731
f 283/1732/1732 341/1733/1733 307/1734/1734
f 326/1735/1735 342/1736/1736 343/1737/1737
f 326/1738/1738 343/1739/1739 265/1740/1740
f 326/1741/1741 321/1742/1742 342/1743/1743
f 342/1744/1744 344/1745/1745 343/1746/1746
f 321/1747/1747 328/1748/1748 344/1749/1749
f 321/1750/1750 344/1751/1751 342/1752/1752
f 265/1753/1753 343/1754/1754 264/1755/1755
f 328/1756/1756 327/1757/1757 345/1758/1758
f 328/1759/1759 346/1760/1760 344/1761/1761
f 328/1762/1762 345/1763/1763 346/1764/1764
f 344/1765/1765 347/1766/1766 343/1767/1767
f 344/1768/1768 346/1769/1769 347/1770/1770
f 343/1771/1771 348/1772/1772 264/1773/1773
f 343/1774/1774 347/1775/1775 348/1776/1776
f 345/1777/1777 327/1778/1778 349/1779/1779
f 345/1780/1780 350/1781/1781 346/1782/1782
f 345/1783/1783 349/1784/1784 350/1785/1785
f 347/1786/1786 351/1787/1787 348/1788/1788
f 347/1789/1789 346/1790/1790 352/1791/1791
f 347/1792/1792 352/1793/1793 351/1794/1794
f 349/1795/1795 327/1796/1796 353/1797/1797
f 327/1798/1798 319/1799/1799 353/1800/1800
f 349/1801/1801 354/1802/1802 350/1803/1803
f 349/1804/1804 353/1805/1805 354/1806/1806
f 348/1807/1807 355/1808/1808 264/1809/1809
f 264/1810/1810 355/1811/1811 244/1812/1812
f 244/1813/1813 355/1814/1814 243/1815/1815
f 243/1816/1816 355/1817/1817 309/1818/1818
f 355/1819/1819 348/1820/1820 356/1821/1821
f 348/1822/1822 351/1823/1823 356/1824/1824
f 355/1825/1825 356/1826/1826 309/1827/1827
f 309/1828/1828 357/1829/1829 319/1830/1830
f 319/1831/1831 357/1832/1832 353/1833/1833
f 309/1834/1834 356/1835/1835 357/1836/1836
f 356/1837/1837 351/1838/1838 358/1839/1839
f 356/1840/1840 358/1841/1841 357/1842/1842
f 357/1843/1843 359/1844/1844 353/1845/1845
f 353/1846/1846 359/1847/1847 354/1848/1848
f 357/1849/1849 358/1850/1850 359/1851/1851
f 354/1852/1852 360/1853/1853 350/1854/1854
f 354/1855/1855 359/1856/1856 360/1857/1857
f 359/1858/1858 358/1859/1859 361/1860/1860
f 359/1861/1861 361/1862/1862 360/1863/1863
f 358/1864/1864 351/1865/1865 362/1866/1866
f 351/1867/1867 352/1868/1868 362/1869/1869
f 358/1870/1870 362/1871/1871 361/1872/1872
f 361/1873/1873 363/1874/1874 360/1875/1875
f 362/1876/1876 352/1877/1877 363/1878/1878
f 352/1879/1879 346/1880/1880 363/1881/1881
f 362/1882/1882 363/1883/1883 361/1884/1884
f 363/1885/1885 364/1886/1886 360/1887/1887
f 364/1888/1888 346/1889/1889 350/1890/1890
f 364/1891/1891 363/1892/1892 346/1893/1893
f 364/1894/1894 350/1895/1895 360/1896/1896
f 365/1897/1897 366/1898/1898 367/1899/1899
f 365/1900/1900 367/1901/1901 368/1902/1902
f 368/1903/1903 367/1904/1904 369/1905/1905
f 367/1906/1906 366/1907/1907 370/1908/1908
f 366/1909/1909 371/1910/1910 370/1911/1911
f 371/1912/1912 372/1913/1913 370/1914/1914
f 372/1915/1915 373/1916/1916 370/1917/1917
f 367/1918/1918 374/1919/1919 369/1920/1920
f 367/1921/1921 370/1922/1922 374/1923/1923
f 370/1924/1924 373/1925/1925 375/1926/1926
f 370/1927/1927 375/1928/1928 374/1929/1929
f 373/1930/1930 376/1931/1931 375/1932/1932
f 376/1933/1933 377/1934/1934 375/1935/1935
f 375/1936/1936 378/1937/1937 374/1938/1938
f 375/1939/1939 377/1940/1940 378/1941/1941
f 377/1942/1942 379/1943/1943 378/1944/1944
f 379/1945/1945 380/1946/1946 378/1947/1947
f 380/1948/1948 381/1949/1949 378/1950/1950
f 378/1951/1951 382/1952/1952 374/1953/1953
f 378/1954/1954 381/1955/1955 382/1956/1956
f 381/1957/1957 383/1958/1958 382/1959/1959
f 383/1960/1960 384/1961/1961 382/1962/1962
f 382/1963/1963 385/1964/1964 374/1965/1965
f 382/1966/1966 384/1967/1967 385/1968/1968
f 385/1969/1969 386/1970/1970 374/1971/1971
f 374/1972/1972 386/1973/1973 369/1974/1974
f 386/1975/1975 387/1976/1976 369/1977/1977
f 386/1978/1978 385/1979/1979 387/1980/1980
f 387/1981/1981 388/1982/1982 369/1983/1983
f 369/1984/1984 388/1985/1985 368/1986/1986
f 387/1987/1987 385/1988/1988 389/1989/1989
f 385/1990/1990 384/1991/1991 389/1992/1992
f 387/1993/1993 390/1994/1994 388/1995/1995
f 387/1996/1996 389/1997/1997 390/1998/1998
f 388/1999/1999 391/2000/2000 368/2001/2001
f 388/2002/2002 390/2003/2003 392/2004/2004
f 388/2005/2005 392/2006/2006 391/2007/2007
f 391/2008/2008 393/2009/2009 368/2010/2010
f 391/2011/2011 392/2012/2012 393/2013/2013
f 368/2014/2014 393/2015/2015 365/2016/2016
f 389/2017/2017 384/2018/2018 394/2019/2019
f 389/2020/2020 395/2021/2021 390/2022/2022
f 389/2023/2023 394/2024/2024 395/2025/2025
f 394/2026/2026 384/2027/2027 396/2028/2028
f 394/2029/2029 396/2030/2030 395/2031/2031
f 384/2032/2032 383/2033/2033 396/2034/2034
f 390/2035/2035 397/2036/2036 392/2037/2037
f 390/2038/2038 395/2039/2039 397/2040/2040
f 395/2041/2041 396/2042/2042 398/2043/2043
f 395/2044/2044 398/2045/2045 397/2046/2046
f 396/2047/2047 383/2048/2048 399/2049/2049
f 396/2050/2050 399/2051/2051 398/2052/2052
f 383/2053/2053 381/2054/2054 399/2055/2055
f 381/2056/2056 380/2057/2057 399/2058/2058
f 399/2059/2059 400/2060/2060 398/2061/2061
f 399/2062/2062 380/2063/2063 400/2064/2064
f 380/2065/2065 379/2066/2066 400/2067/2067
f 398/2068/2068 401/2069/2069 397/2070/2070
f 398/2071/2071 400/2072/2072 401/2073/2073
f 400/2074/2074 379/2075/2075 402/2076/2076
f 400/2077/2077 402/2078/2078 401/2079/2079
f 401/2080/2080 403/2081/2081 397/2082/2082
f 401/2083/2083 402/2084/2084 403/2085/2085
f 379/2086/2086 377/2087/2087 402/2088/2088
f 402/2089/2089 404/2090/2090 403/2091/2091
f 402/2092/2092 377/2093/2093 404/2094/2094
f 377/2095/2095 376/2096/2096 404/2097/2097
f 376/2098/2098 373/2099/2099 404/2100/2100
f 404/2101/2101 405/2102/2102 403/2103/2103
f 404/2104/2104 373/2105/2105 405/2106/2106
f 373/2107/2107 372/2108/2108 405/2109/2109
f 403/2110/2110 406/2111/2111 397/2112/2112
f 403/2113/2113 405/2114/2114 406/2115/2115
f 405/2116/2116 372/2117/2117 407/2118/2118
f 405/2119/2119 407/2120/2120 406/2121/2121
f 406/2122/2122 408/2123/2123 397/2124/2124
f 392/2125/2125 408/2126/2126 393/2127/2127
f 392/2128/2128 397/2129/2129 408/2130/2130
f 406/2131/2131 407/2132/2132 408/2133/2133
f 408/2134/2134 409/2135/2135 393/2136/2136
f 393/2137/2137 409/2138/2138 365/2139/2139
f 408/2140/2140 407/2141/2141 409/2142/2142
f 407/2143/2143 372/2144/2144 371/2145/2145
f 407/2146/2146 371/2147/2147 409/2148/2148
f 409/2149/2149 366/2150/2150 365/2151/2151
f 366/2152/2152 409/2153/2153 371/2154/2154
f 410/2155/2155 411/2156/2156 412/2157/2157
f 410/2158/2158 413/2159/2159 411/2160/2160
f 413/2161/2161 414/2162/2162 411/2163/2163
f 411/2164/2164 415/2165/2165 412/2166/2166
f 412/2167/2167 415/2168/2168 416/2169/2169
f 416/2170/2170 415/2171/2171 417/2172/2172
f 417/2173/2173 415/2174/2174 418/2175/2175
f 411/2176/2176 414/2177/2177 419/2178/2178
f 411/2179/2179 419/2180/2180 415/2181/2181
f 415/2182/2182 420/2183/2183 418/2184/2184
f 415/2185/2185 419/2186/2186 420/2187/2187
f 418/2188/2188 420/2189/2189 421/2190/2190
f 421/2191/2191 420/2192/2192 422/2193/2193
f 420/2194/2194 419/2195/2195 423/2196/2196
f 420/2197/2197 423/2198/2198 422/2199/2199
f 422/2200/2200 423/2201/2201 424/2202/2202
f 424/2203/2203 423/2204/2204 425/2205/2205
f 425/2206/2206 423/2207/2207 426/2208/2208
f 423/2209/2209 419/2210/2210 427/2211/2211
f 423/2212/2212 427/2213/2213 426/2214/2214
f 426/2215/2215 427/2216/2216 428/2217/2217
f 428/2218/2218 427/2219/2219 429/2220/2220
f 429/2221/2221 427/2222/2222 430/2223/2223
f 427/2224/2224 419/2225/2225 430/2226/2226
f 430/2227/2227 419/2228/2228 431/2229/2229
f 431/2230/2230 419/2231/2231 414/2232/2232
f 431/2233/2233 414/2234/2234 432/2235/2235
f 431/2236/2236 432/2237/2237 430/2238/2238
f 430/2239/2239 432/2240/2240 433/2241/2241
f 430/2242/2242 433/2243/2243 429/2244/2244
f 432/2245/2245 414/2246/2246 434/2247/2247
f 414/2248/2248 413/2249/2249 434/2250/2250
f 432/2251/2251 435/2252/2252 433/2253/2253
f 432/2254/2254 434/2255/2255 435/2256/2256
f 433/2257/2257 436/2258/2258 429/2259/2259
f 433/2260/2260 435/2261/2261 437/2262/2262
f 433/2263/2263 437/2264/2264 436/2265/2265
f 436/2266/2266 438/2267/2267 429/2268/2268
f 436/2269/2269 437/2270/2270 438/2271/2271
f 429/2272/2272 438/2273/2273 428/2274/2274
f 434/2275/2275 413/2276/2276 439/2277/2277
f 434/2278/2278 440/2279/2279 435/2280/2280
f 434/2281/2281 439/2282/2282 440/2283/2283
f 439/2284/2284 413/2285/2285 441/2286/2286
f 439/2287/2287 441/2288/2288 440/2289/2289
f 413/2290/2290 410/2291/2291 441/2292/2292
f 435/2293/2293 442/2294/2294 437/2295/2295
f 435/2296/2296 440/2297/2297 442/2298/2298
f 440/2299/2299 441/2300/2300 443/2301/2301
f 440/2302/2302 443/2303/2303 442/2304/2304
f 441/2305/2305 410/2306/2306 444/2307/2307
f 441/2308/2308 444/2309/2309 443/2310/2310
f 410/2311/2311 412/2312/2312 444/2313/2313
f 412/2314/2314 416/2315/2315 444/2316/2316
f 444/2317/2317 445/2318/2318 443/2319/2319
f 444/2320/2320 416/2321/2321 445/2322/2322
f 416/2323/2323 417/2324/2324 445/2325/2325
f 443/2326/2326 446/2327/2327 442/2328/2328
f 443/2329/2329 445/2330/2330 446/2331/2331
f 445/2332/2332 417/2333/2333 447/2334/2334
f 445/2335/2335 447/2336/2336 446/2337/2337
f 446/2338/2338 448/2339/2339 442/2340/2340
f 446/2341/2341 447/2342/2342 448/2343/2343
f 417/2344/2344 418/2345/2345 447/2346/2346
f 447/2347/2347 449/2348/2348 448/2349/2349
f 447/2350/2350 418/2351/2351 449/2352/2352
f 418/2353/2353 421/2354/2354 449/2355/2355
f 421/2356/2356 422/2357/2357 449/2358/2358
f 449/2359/2359 450/2360/2360 448/2361/2361
f 449/2362/2362 422/2363/2363 450/2364/2364
f 422/2365/2365 424/2366/2366 450/2367/2367
f 448/2368/2368 451/2369/2369 442/2370/2370
f 448/2371/2371 450/2372/2372 451/2373/2373
f 450/2374/2374 424/2375/2375 452/2376/2376
f 450/2377/2377 452/2378/2378 451/2379/2379
f 451/2380/2380 453/2381/2381 442/2382/2382
f 437/2383/2383 453/2384/2384 438/2385/2385
f 437/2386/2386 442/2387/2387 453/2388/2388
f 451/2389/2389 452/2390/2390 453/2391/2391
f 453/2392/2392 454/2393/2393 438/2394/2394
f 438/2395/2395 454/2396/2396 428/2397/2397
f 453/2398/2398 452/2399/2399 454/2400/2400
f 452/2401/2401 424/2402/2402 425/2403/2403
f 452/2404/2404 425/2405/2405 454/2406/2406
f 454/2407/2407 426/2408/2408 428/2409/2409
f 426/2410/2410 454/2411/2411 425/2412/2412
