<?xml version="1.0" encoding="utf-8"?>
<COLLADA xmlns="http://www.collada.org/2005/11/COLLADASchema" version="1.4.1" xmlns:xsi="http://www.w3.org/2001/XMLSchema-instance">
  <asset>
    <contributor>
      <author>Blender User</author>
      <authoring_tool>Blender 2.92.0 commit date:2021-02-24, commit time:16:25, hash:02948a2cab44</authoring_tool>
    </contributor>
    <created>2021-08-07T22:26:43</created>
    <modified>2021-08-07T22:26:43</modified>
    <unit name="meter" meter="1"/>
    <up_axis>Z_UP</up_axis>
  </asset>
  <library_effects>
    <effect id="Minecraft_Sonic-effect">
      <profile_COMMON>
        <newparam sid="Minecraft_Sonic_png-surface">
          <surface type="2D">
            <init_from>Minecraft_Sonic_png</init_from>
          </surface>
        </newparam>
        <newparam sid="Minecraft_Sonic_png-sampler">
          <sampler2D>
            <source>Minecraft_Sonic_png-surface</source>
          </sampler2D>
        </newparam>
        <technique sid="common">
          <lambert>
            <emission>
              <color sid="emission">0 0 0 1</color>
            </emission>
            <diffuse>
              <texture texture="Minecraft_Sonic_png-sampler" texcoord="Cube_004-mesh-map-0"/>
            </diffuse>
            <index_of_refraction>
              <float sid="ior">1.45</float>
            </index_of_refraction>
          </lambert>
        </technique>
      </profile_COMMON>
    </effect>
  </library_effects>
  <library_images>
    <image id="Minecraft_Sonic_png" name="Minecraft_Sonic_png">
      <init_from>Minecraft%20Sonic.png</init_from>
    </image>
  </library_images>
  <library_materials>
    <material id="Minecraft_Sonic-material" name="Minecraft Sonic">
      <instance_effect url="#Minecraft_Sonic-effect"/>
    </material>
  </library_materials>
  <library_geometries>
    <geometry id="Body-mesh" name="Body">
      <mesh>
        <source id="Body-mesh-positions">
          <float_array id="Body-mesh-positions-array" count="5790">0.1426572 0.106993 0.8916074 -0.1069929 -0.07132834 0.8916077 -0.1069929 -0.1069927 0.8916077 -0.1426572 -0.1069926 0.8916077 -0.1069929 2.62223e-7 0.8916077 -0.1426572 2.68034e-7 0.8916077 -0.1069929 0.1069931 0.8916077 -0.1426572 0.1069931 0.8916077 -0.1426572 -0.07132834 0.8916077 0.1426572 -0.07132846 0.6776216 0.1426572 -0.07132846 0.8916074 0.1426572 0 0.6776216 0.1426572 -0.07132852 0.6419574 0.1426572 0 0.6419574 0.1426572 0.03566426 0.6776216 0.1426572 0.03566426 0.8916074 0.1426572 0.03566426 0.606293 0.1426572 0.03566426 0.6419574 0.1426572 0.106993 0.6776218 0.1426572 -0.1069928 0.606293 -0.07132858 -0.1069928 0.606293 -0.1426572 -0.1069927 0.6419574 0.1426572 -0.1069928 0.6419574 0.1069929 -0.1069928 0.6419574 0.1426572 -0.1069928 0.7846145 0.1069929 -0.1069927 0.7846145 -0.1426572 -0.1069927 0.7846145 0.1426572 -0.1069927 0.8559432 -0.1426572 -0.1069927 0.8202788 -0.1426572 -0.1069927 0.8559432 0.1426572 -0.1069927 0.8916074 0.1069929 -0.1069927 0.8559432 0.07132858 -0.1069927 0.8916074 0.03566426 -0.1069927 0.8916074 -0.1069929 -0.1069927 0.6419574 -0.07132858 -0.1069927 0.6419574 -0.03566426 -0.1069928 0.6776216 0.03566426 -0.1069928 0.6776216 0.07132858 -0.1069928 0.6419574 0.07132858 -0.1069928 0.6776216 -0.03566426 -0.1069927 0.7132859 -0.07132858 -0.1069927 0.6776216 0 -0.1069928 0.6776216 0 -0.1069928 0.7132859 0.07132858 -0.1069927 0.8202788 0.07132858 -0.1069927 0.8559432 0.03566426 -0.1069927 0.7132859 -0.03566426 -0.1069927 0.7489502 -0.07132858 -0.1069927 0.7132859 -0.07132858 -0.1069927 0.7489502 -0.03566426 -0.1069927 0.8202788 0.03566426 -0.1069927 0.8202788 0 -0.1069928 0.7489502 -0.1069929 -0.1069927 0.6776216 -0.1069929 -0.1069927 0.7846145 -0.1069929 -0.1069927 0.8202788 -0.1069929 -0.1069927 0.8559432 -0.07132858 -0.1069927 0.8202788 -0.07132858 -0.1069927 0.8559432 0 -0.1069927 0.8202788 0.03566426 -0.1069927 0.8559432 -0.1426572 -0.1069927 0.606293 -0.1426572 -0.0713284 0.7132859 -0.1426572 1.55164e-7 0.6419574 -0.1426572 0.07132869 0.6419574 -0.1426572 0.106993 0.6062932 -0.1426572 0.106993 0.6419575 -0.1426572 0.07132875 0.7132859 -0.1426572 0.07132875 0.8916074 -0.1426572 -0.03566414 0.6419574 -0.1426572 -0.03566414 0.7132859 -0.1426572 -0.0713284 0.7489502 -0.1426572 1.67977e-7 0.7132859 -0.1426572 -0.03566408 0.7489502 -0.1426572 -0.03566408 0.7846145 -0.1426572 -0.0713284 0.7846145 -0.1426572 -0.0713284 0.8202788 0 0.106993 0.6419575 -0.07132858 0.106993 0.6419575 0.1426572 0.106993 0.6419575 0.03566426 0.106993 0.6419575 0.03566426 0.106993 0.8916077 0 0.106993 0.7132861 0 0.106993 0.7489502 0 0.106993 0.7846148 0 0.106993 0.8202791 0.03566426 0.106993 0.7846148 -0.03566426 0.1069931 0.8202791 -0.03566426 0.1069931 0.8559434 0 0.106993 0.8559434 -0.07132858 0.106993 0.7132861 -0.03566426 0.106993 0.7132861 -0.03566426 0.106993 0.7846148 0.03566426 0.106993 0.7489502 -0.07132858 0.106993 0.7846148 -0.07132858 0.1069931 0.8916077 -0.03566426 0.1069931 0.8916077 0.03566426 0.106993 0.8559434 0.1426572 0.106993 0.606293 -0.1069929 0.07132869 0.606293 -0.1069929 0.106993 0.606293 -0.1069929 1.25941e-7 0.606293 -0.1426572 1.31751e-7 0.606293 -0.1069929 -0.1069928 0.606293 -0.1426572 0.07132869 0.606293 -0.1812224 0.3094508 0.727035 -0.1471164 0.3198779 0.727035 -0.1041101 0.3011935 0.7456156 -0.1130105 0.3303053 0.727035 -0.07694804 0.2123502 0.5934062 -0.08238047 0.2301189 0.623848 -0.1199544 0.2310346 0.5748256 -0.08584839 0.2414619 0.5748256 -0.09128081 0.2592306 0.6052676 -0.0878129 0.2478876 0.65429 -0.09324532 0.2656562 0.6847318 -0.1881663 0.2101802 0.5748258 -0.1935986 0.2279489 0.6052676 -0.1846982 0.1988372 0.6238481 -0.1901307 0.2166059 0.65429 -0.1594927 0.238376 0.6052676 -0.1540603 0.2206075 0.5748258 -0.2153283 0.2990234 0.727035 -0.1955631 0.2343745 0.6847318 -0.2009956 0.2521433 0.7151736 -0.2044636 0.2634861 0.6661512 -0.209896 0.2812548 0.6965932 -0.1703576 0.2739135 0.6661512 -0.1253868 0.2488034 0.6052676 -0.17579 0.2916821 0.6965932 -0.1416839 0.3021093 0.6965932 -0.1792659 0.1810685 0.5934063 -0.1634296 0.1292707 0.7100316 -0.1545293 0.100159 0.7286119 -0.1688621 0.1470394 0.7404733 -0.108063 -0.0518248 0.7420502 -0.1189278 -0.01628768 0.802934 -0.1297926 0.01924943 0.8638176 -0.1352251 0.03701812 0.8874966 -0.09568667 0.02967685 0.8638178 -0.2064279 0.2699117 0.7456156 -0.1653941 0.1356964 0.7894957 -0.1708264 0.153465 0.8199375 -0.1367205 0.1638922 0.8199375 -0.1742944 0.164808 0.7709152 -0.172322 0.2803391 0.7456156 -0.138216 0.2907662 0.7456156 -0.1011191 0.04744529 0.8874966 -0.06701314 0.05787271 0.8874966 -0.1293157 0.2616545 0.7641961 -0.09520977 0.2720819 0.7641961 -0.06307625 0.1669781 0.7894957 -0.05960834 0.1556351 0.8385181 -0.03290706 0.0683 0.8874966 -0.09867769 0.2834249 0.7151737 -0.07544457 0.2074328 0.7218929 -0.05417591 0.1378664 0.8080763 -0.06158059 0.04010409 0.8638176 -0.02747482 0.05053114 0.8638178 -0.07001215 0.1896641 0.691451 -0.06654423 0.1783212 0.7404733 -0.0522114 0.1314408 0.7286119 -0.05764383 0.1492094 0.7590539 -0.06111162 0.1605525 0.7100316 -0.04331094 0.1023291 0.7471925 -0.01660978 0.01499384 0.802934 -0.005745172 -0.02054303 0.7420502 0.1812224 0.3094507 0.727035 0.1471165 0.3198778 0.727035 0.1041102 0.3011935 0.7456156 0.1130106 0.3303052 0.727035 0.0769481 0.2123501 0.5934062 0.08238053 0.2301188 0.623848 0.1199544 0.2310346 0.5748256 0.08584851 0.2414618 0.5748256 0.09128093 0.2592306 0.6052676 0.08781296 0.2478875 0.65429 0.09324538 0.2656562 0.6847318 0.1881663 0.2101801 0.5748258 0.1935987 0.2279488 0.6052676 0.1846983 0.1988371 0.6238481 0.1901307 0.2166058 0.65429 0.1594928 0.238376 0.6052676 0.1540604 0.2206075 0.5748258 0.2153285 0.2990233 0.727035 0.1955633 0.2343745 0.6847318 0.2009956 0.2521432 0.7151736 0.2044637 0.263486 0.6661512 0.209896 0.2812547 0.6965932 0.1703577 0.2739134 0.6661512 0.1253868 0.2488034 0.6052676 0.1757901 0.291682 0.6965932 0.1416841 0.3021092 0.6965932 0.1792659 0.1810684 0.5934063 0.1634297 0.1292707 0.7100316 0.1545293 0.1001589 0.7286119 0.1688621 0.1470393 0.7404733 0.1080629 -0.0518248 0.7420502 0.1189278 -0.01628774 0.802934 0.1297926 0.01924937 0.8638176 0.1352251 0.03701812 0.8874966 0.09568667 0.02967679 0.8638178 0.2064281 0.2699117 0.7456156 0.1653941 0.1356963 0.7894957 0.1708266 0.1534649 0.8199375 0.1367205 0.1638922 0.8199375 0.1742945 0.164808 0.7709152 0.1723221 0.280339 0.7456156 0.1382161 0.2907662 0.7456156 0.1011191 0.04744523 0.8874966 0.0670132 0.05787271 0.8874966 0.1293158 0.2616545 0.7641961 0.09520983 0.2720819 0.7641961 0.06307631 0.1669781 0.7894957 0.05960834 0.1556351 0.8385181 0.03290706 0.0683 0.8874966 0.09867781 0.2834249 0.7151737 0.07544463 0.2074328 0.7218929 0.05417597 0.1378664 0.8080763 0.06158059 0.04010409 0.8638176 0.02747482 0.05053114 0.8638178 0.07001221 0.1896641 0.691451 0.06654423 0.1783211 0.7404733 0.05221146 0.1314408 0.7286119 0.05764389 0.1492094 0.7590539 0.06111168 0.1605525 0.7100316 0.04331094 0.1023291 0.7471925 0.01660978 0.01499384 0.802934 0.005745053 -0.02054303 0.7420502 -0.03566426 0.1140108 0.6361767 0 0.1140108 0.6361767 0.03566426 0.1140108 0.6361767 0.03566426 0.183232 0.5114391 0 0.169353 0.4629494 0 0.2005374 0.4802546 0.03566426 0.2005374 0.4802546 0.03566426 0.1520476 0.4941337 0.03566426 0.05164194 0.601566 0.03566426 0.08282637 0.6188715 0.03566426 0.1381685 0.445644 0.03566426 0.169353 0.4629494 -0.03566426 0.051642 0.601566 -0.03566426 0.08282637 0.6188715 -0.03566426 0.1381685 0.445644 -0.0356642 0.169353 0.4629494 -0.03566426 0.1208631 0.4768285 -0.03566426 0.1520476 0.4941337 -0.0356642 0.183232 0.5114391 0 0.183232 0.5114391 -0.0356642 0.2005374 0.4802546 -0.03566426 0.07074761 0.7141378 0 0.07074755 0.7141378 0.03566426 0.07074755 0.7141378 0.0356642 0.008378624 0.6795272 0.03566426 0.039563 0.6968323 -0.03566426 0.008378684 0.6795272 -0.03566426 0.039563 0.6968323 -0.1566462 0.1566464 0.9846114 -0.1566462 0.1566464 1.208743 0.1566463 0.1566464 0.9846114 0.1566463 0.1566464 1.208743 -0.1566463 -0.156646 0.9846114 -0.1566463 -0.156646 1.208743 0.1566462 -0.1566461 0.9846114 0.1566462 -0.156646 1.208743 0.1604893 -0.1604892 0.8916077 0.1604893 -0.1604892 0.927272 0.08916068 -0.1604892 0.927272 0.08916068 -0.1604892 0.9629363 0.1604893 -0.01783198 0.927272 0.1604893 -0.01783198 0.9629363 0.0178321 -0.1604892 0.927272 -0.05349642 -0.1604892 0.9629363 -0.05349642 -0.1604892 0.927272 -0.1248251 -0.1604892 0.927272 -0.1604894 -0.1604892 0.8916077 -0.1604894 -0.1604892 0.927272 -0.1604894 -0.1604892 0.9629363 -0.1604894 -0.1604892 0.9986006 -0.1248251 -0.1604892 0.9629363 0.0178321 -0.1604892 0.9629363 0.1604893 -0.1604892 0.9986006 -0.0178321 -0.1551395 0.9807685 -0.0178321 -0.1551395 1.016433 0.0178321 -0.1551395 0.9807685 0.0178321 -0.1551395 1.016433 -0.0178321 -0.2264682 0.9807685 -0.0178321 -0.2264682 1.016433 0.0178321 -0.2264682 0.9807685 0.0178321 -0.2264682 1.016433 -0.1604893 -0.01783192 0.8916077 -0.1604894 -0.05349624 0.927272 -0.1604894 -0.05349624 0.9629363 -0.1604893 -0.01783192 0.927272 -0.1604893 -0.01783192 0.9986006 -0.1604894 -0.05349618 0.9986006 0.1604893 -0.01783198 0.8916077 0.1604893 -0.08916062 0.927272 0.1604893 -0.1604892 0.9629363 0.1604893 -0.08916062 0.9629363 0.1604893 -0.01783198 0.9986006 -0.1783215 -0.1783213 1.123426 -0.1783215 -0.1783213 1.15909 -0.1426572 -0.1783213 1.123426 -0.1426572 -0.07132834 1.123426 -0.1783215 -0.03566402 1.123426 -0.1426572 -0.03566408 1.087761 -0.1783215 -0.07132834 1.087761 -0.1426572 -0.07132834 1.087761 -0.1426572 -0.142657 1.123426 -0.07132863 -0.142657 1.087761 -0.07132863 -0.142657 1.123426 -0.03566426 -0.142657 1.087761 -0.07132863 -0.1783213 1.087761 -0.03566426 -0.142657 1.052097 -0.03566426 -0.1783213 1.052097 -0.03566426 -0.1783213 1.087761 0.03566426 -0.142657 1.052097 0.03566426 -0.1783213 1.052097 0.03566426 -0.142657 1.087761 0.07132858 -0.142657 1.087761 0.07132858 -0.142657 1.123426 0.07132858 -0.1783213 1.087761 0.1426572 -0.1783213 1.123426 0.1783215 -0.1783213 1.123426 0.1783215 -0.1783213 1.15909 0.1426572 -0.1426571 1.123426 0.1783215 -0.0713284 1.123426 0.1426572 -0.03566408 1.087761 0.1783215 -0.03566414 1.087761 0.1426572 -0.0713284 1.087761 0.1426572 -0.0713284 1.123426 0.1783215 -0.0713284 1.087761 -0.1783215 -0.03566408 1.052097 -0.1426572 -0.03566408 1.016433 -0.1783215 -0.03566408 0.9807685 -0.1783215 -0.07132834 0.9807685 -0.1783215 -0.07132834 1.016433 -0.1426572 -0.0713284 0.9807685 -0.1426572 -0.0713284 1.016433 -0.1783215 2.0483e-7 0.9807685 -0.1783215 -0.03566408 1.016433 -0.1783215 1.98423e-7 0.9451041 -0.1426572 -0.03566408 0.9451041 -0.1426572 -0.03566408 0.9807685 -0.1783215 -0.03566408 0.9094398 -0.1783215 -0.03566408 0.9451041 -0.1783215 0.03566431 1.087761 -0.1783215 0.03566431 1.052097 -0.1783215 0.1069931 1.052097 -0.1783215 -0.03566408 0.8737755 -0.1783215 0.1069931 0.9451041 -0.1783215 0.07132881 0.9451041 -0.1783215 1.8561e-7 0.8737755 -0.1783215 1.92017e-7 0.9094398 -0.1783215 0.07132875 0.8737755 -0.1783215 0.07132881 0.9094398 -0.1783215 0.1783217 0.9451041 -0.1783215 0.1783217 0.8737755 -0.1783215 0.1426573 0.9451041 -0.1783215 0.1426573 0.9807685 -0.1783215 0.1069931 0.9807685 -0.1783215 0.1069931 1.087761 -0.1783215 -0.03566408 1.087761 -0.1783215 2.17643e-7 1.052097 -0.1426572 -0.03566408 1.052097 0.1783215 0.1783215 0.8737755 0.1783215 0.1783215 0.9094398 -0.1783215 0.1783217 1.230419 -0.07132858 0.1783217 1.230419 0.1783215 0.1783217 1.230419 -0.1783215 0.1426575 1.230419 -0.1783215 0.1069931 1.230419 -0.1783215 0.03566431 1.194754 -0.1783215 0.03566437 1.230419 -0.1783215 -0.03566402 1.194754 -0.1783215 -0.07132834 1.123426 -0.1783215 -0.07132834 1.230419 -0.1783215 -0.07132834 1.194754 -0.1426572 -0.07132834 1.230419 -0.1783215 -0.1069926 1.230419 -0.1783215 -0.07132834 1.15909 -0.1783215 -0.1069927 1.194754 -0.1783215 -0.1783213 1.194754 -0.1783215 -0.1783213 1.230419 -0.1783215 -0.1426569 1.230419 -0.1426572 -0.1426569 1.230419 -0.1069929 -0.1783213 1.194754 -0.1069929 -0.1783213 1.230419 -0.07132863 -0.1783213 1.194754 -0.07132863 -0.1783213 1.15909 -0.07132863 -0.1783213 1.123426 -0.03566426 -0.1783213 1.123426 -0.07132863 -0.1783213 1.230419 -0.03566426 -0.1783213 1.230419 0.03566426 -0.1783213 1.194754 0.03566426 -0.1783213 1.230419 0.1426572 -0.1783213 1.194754 0.1426572 -0.1783213 1.230419 0 -0.1783213 1.123426 0.03566426 -0.1783213 1.087761 0.03566426 -0.1783213 1.123426 0 -0.1783213 1.230419 0.07132858 -0.1783213 1.123426 0.07132858 -0.1783213 1.15909 0.07132852 -0.1783213 1.194754 0.1783215 -0.1783213 1.194754 0.1783215 -0.1783213 1.230419 -0.1069929 -0.142657 1.230419 -0.07132863 -0.142657 1.230419 0.1069929 -0.142657 1.230419 0.1426572 -0.142657 1.230419 -0.1069929 -0.1069927 1.230419 -0.07132863 -0.1069927 1.230419 -0.03566426 -0.07132834 1.230419 0 -0.07132834 1.230419 0.1426572 -0.0713284 1.230419 -0.1069929 -0.07132834 1.230419 -0.07132863 -0.07132834 1.230419 0.1069929 -0.03566408 1.230419 0.1069929 -0.07132834 1.230419 -0.07132858 0.03566431 1.230419 -0.03566426 0.03566431 1.230419 -0.1069929 0.03566437 1.230419 0 0.03566431 1.230419 0.1069929 0.03566431 1.230419 0.1426572 0.03566431 1.230419 -0.1069929 0.1069931 1.230419 -0.07132858 0.1069931 1.230419 0.1783215 -0.142657 1.230419 0.1783215 -0.0713284 1.230419 0.1783215 -0.1069927 1.194754 0.1783215 -0.1069927 1.230419 0.1426572 -0.03566408 1.230419 0.1783215 -0.03566408 1.230419 0.1783215 0.03566431 1.230419 0.1783215 -0.1069927 1.15909 0.1783215 -0.0713284 1.15909 0.1783215 -0.03566408 1.123426 0.1426572 -0.03566414 1.016433 0.1783215 -0.03566414 1.016433 0.1426572 -0.07132846 0.9807685 0.1426572 -0.07132846 1.016433 0.1783215 -0.07132846 0.9807685 0.1783215 -0.0713284 1.016433 0.1783215 0.03566426 1.087761 0.1783215 0.07132875 0.9451041 0.1783215 0.03566426 0.9451041 0.1783215 0.03566426 0.9807685 0.1783215 1.33912e-7 0.9094398 0.1783215 -0.03566414 0.9451041 0.1783215 1.40319e-7 0.9451041 0.1783215 1.46725e-7 0.9807685 0.1426572 -0.03566414 0.9451041 0.1426572 -0.03566414 0.9807685 0.1783215 -0.03566414 0.9807685 0.1426572 -0.03566414 0.9094398 0.1783215 -0.03566414 0.8737755 0.1783215 -0.03566414 0.9094398 0.1783215 0.07132869 0.9094398 0.1783215 0.07132875 0.9807685 0.1783215 1.65945e-7 1.087761 -0.1426572 -0.03566408 0.9094398 0.1776098 -0.03566408 1.139863 0.06282562 -0.07132834 1.224573 0.06282562 -0.1069927 1.224573 0.08400297 -0.1069927 1.253269 0.1550537 -0.1069927 1.289484 0.1475351 -0.07132834 1.339357 0.1475351 -0.1069927 1.339357 0.1762311 -0.1069927 1.31818 0.2336231 -0.0713284 1.275825 0.2623192 -0.0713284 1.254648 0.2623192 -0.1069927 1.254648 0.1475351 -0.03566402 1.339357 0.2336231 -0.03566408 1.275825 0.2623192 -0.03566408 1.254648 0.1625723 -0.1069927 1.23961 0.1837497 -0.1069927 1.268306 0.09152168 -0.0713284 1.203395 0.1202177 -0.0713284 1.182218 0.09152168 -0.1069927 1.203395 0.112699 -0.1069927 1.232092 0.1202177 -0.1069927 1.182218 0.1912683 -0.1069927 1.218433 0.2411419 -0.1069927 1.225952 0.1776098 -0.0713284 1.139864 0.1776098 -0.1069927 1.139864 0.2124457 -0.1069927 1.247129 0.1489138 -0.0713284 1.161041 0.1489138 -0.1069927 1.161041 0.06282562 -0.03566408 1.224573 0.1263576 -0.03566402 1.310661 0.2124457 -0.03566408 1.247129 0.2411419 -0.03566408 1.225952 -0.1776098 -0.03566402 1.139863 -0.06282567 -0.07132834 1.224573 -0.06282567 -0.1069927 1.224573 -0.08400303 -0.1069927 1.253269 -0.1550537 -0.1069927 1.289484 -0.1475351 -0.07132828 1.339357 -0.1475351 -0.1069926 1.339357 -0.1762311 -0.1069926 1.31818 -0.2336231 -0.07132828 1.275825 -0.2623192 -0.07132828 1.254648 -0.2623192 -0.1069926 1.254648 -0.1475351 -0.03566402 1.339357 -0.2336231 -0.03566402 1.275825 -0.2623192 -0.03566402 1.254648 -0.1625724 -0.1069927 1.23961 -0.1837497 -0.1069927 1.268306 -0.09152168 -0.07132834 1.203395 -0.1202178 -0.07132834 1.182218 -0.09152173 -0.1069927 1.203395 -0.112699 -0.1069927 1.232092 -0.1202178 -0.1069927 1.182218 -0.1912684 -0.1069927 1.218433 -0.2411419 -0.1069926 1.225952 -0.1776098 -0.07132834 1.139864 -0.1776098 -0.1069927 1.139864 -0.2124459 -0.1069927 1.247129 -0.1489138 -0.07132834 1.161041 -0.1489138 -0.1069927 1.161041 -0.06282567 -0.03566402 1.224573 -0.1263577 -0.03566402 1.310661 -0.2124457 -0.03566402 1.247129 -0.2411419 -0.03566402 1.225952 -0.1731269 -0.02044922 1.089303 -0.1872023 0.01067662 1.079055 -0.2153531 0.07292836 1.058561 -0.2676966 0.1879761 0.9834132 -0.2113948 0.06347262 1.024402 -0.2857303 0.2285578 1.007325 -0.271655 0.1974319 1.017573 -0.2817718 0.2191021 0.9731661 -0.3521491 0.3747315 0.9219302 -0.3561075 0.3841874 0.9560895 -0.02851426 0.09322655 1.111829 -0.05092632 0.05693763 1.156513 -0.01839721 0.07155644 1.156235 -0.2057562 0.3993224 1.043794 -0.1776053 0.3370707 1.064288 0.001394689 0.02427726 0.9854386 -0.002563536 0.03373306 1.019598 -0.1578134 0.2897916 0.8934914 -0.1718888 0.3209176 0.8832442 -0.0104804 0.05264467 1.087917 -0.01443862 0.06210047 1.122076 -0.0245558 0.08377069 1.077669 -0.04874831 0.1365666 1.023016 -0.04478991 0.1271108 0.9888565 -0.10505 0.2610702 0.9820273 -0.1191254 0.2921962 0.97178 -0.1090084 0.2705261 1.016187 -0.05270653 0.1460224 1.057175 -0.1230838 0.3016519 1.005939 -0.2035779 0.4789515 0.9102971 -0.1895025 0.4478256 0.9205443 -0.2075363 0.4884071 0.9444565 -0.2114948 0.497863 0.9786158 -0.193461 0.4572814 0.9547036 -0.3723832 0.4180716 0.8331173 -0.3763417 0.4275275 0.8672766 -0.3921751 0.4653508 1.003914 -0.3741413 0.424769 0.9800019 -0.3780997 0.4342247 1.014161 -0.351729 0.4610579 0.9353181 -0.3662245 0.4058575 0.9116832 -0.3701829 0.4153132 0.9458425 -0.3596459 0.4799695 1.003637 -0.3231581 0.4851325 0.9692003 -0.3271165 0.4945883 1.00336 -0.2945873 0.5092071 1.003082 -0.2620579 0.523826 1.002805 -0.2295286 0.5384447 1.002528 -0.2154531 0.5073189 1.012775 -0.339854 0.4326905 0.8328402 -0.3438122 0.4421463 0.8669994 -0.3073245 0.4473092 0.8325628 -0.2747952 0.4619282 0.8322857 -0.2607197 0.4308024 0.8425328 -0.2281904 0.4454211 0.8422557 -0.2422659 0.476547 0.8320084 -0.2097367 0.4911658 0.8317313 -0.1956613 0.4600399 0.8419786 -0.3556875 0.4705137 0.9694774 -0.3477706 0.4516022 0.9011588 -0.3152413 0.4662207 0.9008815 -0.3191998 0.4756767 0.935041 -0.311283 0.4567651 0.8667224 -0.2580994 0.5143701 0.9686459 -0.2462243 0.4860027 0.8661679 -0.2136951 0.5006214 0.8658906 -0.1996196 0.4694956 0.8761378 -0.3583078 0.3869458 0.8433644 -0.3622662 0.3964015 0.8775237 -0.3257786 0.4015647 0.8430874 -0.203478 0.04456084 0.9560831 -0.2074364 0.0540167 0.9902424 -0.1612518 -0.04881656 0.9868246 -0.1652102 -0.03936076 1.020984 -0.2457044 0.1379387 0.9253416 -0.2597798 0.1690646 0.9150945 -0.2131749 0.1525576 0.9250643 -0.1709488 0.05917984 0.9558058 -0.2272503 0.1836835 0.9148172 -0.2932491 0.4161835 0.84281 -0.1384195 0.07379871 0.9555287 -0.1243441 0.04267281 0.9657758 -0.09181475 0.05729144 0.9654985 -0.09619319 -0.01957893 0.9862701 -0.06366389 -0.00496006 0.985993 -0.1947212 0.1983023 0.9145401 -0.1903426 0.2751728 0.8937687 -0.1621919 0.2129211 0.9142628 -0.2044181 0.3062988 0.8835212 -0.232569 0.3685505 0.8630271 -0.2650982 0.3539317 0.8633044 -0.2466444 0.3996765 0.8527801 -0.0311346 0.009658634 0.9857159 -0.2184935 0.3374246 0.8732743 -0.1859643 0.3520435 0.8729971 -0.214115 0.4142951 0.8525028 -0.3455705 0.4488435 1.013884 -0.1911607 0.02013254 1.113215 -0.2232701 0.09184008 1.12688 -0.1810438 -0.001537442 1.157621 -0.1770853 -0.0109933 1.123462 -0.2654963 0.1852177 1.096138 -0.2795717 0.2163437 1.085891 -0.232967 0.1998366 1.095861 -0.1907407 0.1064589 1.126603 -0.2470425 0.2309623 1.085614 -0.3130412 0.4634625 1.013607 -0.1582115 0.1210777 1.126325 -0.144136 0.08995187 1.136573 -0.1116067 0.1045706 1.136295 -0.1159852 0.02769988 1.157067 -0.08345586 0.04231888 1.15679 -0.2145131 0.2455812 1.085337 -0.2101347 0.3224519 1.064565 -0.1819838 0.2602 1.08506 -0.2242102 0.3535777 1.054318 -0.2523609 0.4158294 1.033824 -0.2848903 0.4012106 1.034101 -0.2805118 0.4780813 1.01333 -0.2664363 0.4469555 1.023577 -0.2382854 0.3847036 1.044071 -0.1916807 0.3681966 1.054041 -0.2339071 0.4615742 1.023299 -0.2479825 0.4927 1.013052 -0.1803176 -0.03050369 1.156726 -0.1876577 0.004269242 1.159708 -0.2023378 0.07381564 1.165671 -0.2321698 0.2158564 1.142061 -0.2028093 0.07676386 1.130133 -0.2390384 0.2476814 1.180582 -0.2316983 0.2129083 1.1776 -0.2395098 0.2506297 1.145043 -0.2762103 0.4244957 1.159953 -0.2757388 0.4215474 1.195492 -0.01269823 0.03808987 1.195982 -0.03978425 -0.006985247 1.228392 -0.004886627 3.68488e-4 1.228539 -0.1205253 0.3755196 1.261195 -0.1058451 0.3059732 1.255231 -0.007243931 0.01510947 1.050844 -0.006772518 0.01216143 1.086383 -0.1082025 0.3207145 1.077535 -0.1155425 0.3554876 1.080517 -0.005829513 0.006264925 1.157461 -0.00535804 0.0033167 1.193 -0.01316952 0.04103791 1.160443 -0.02832132 0.1135327 1.130868 -0.02879261 0.116481 1.095329 -0.05768162 0.2526253 1.142796 -0.06502181 0.2873985 1.145778 -0.05721008 0.2496771 1.178335 -0.02784991 0.1105844 1.166407 -0.06455034 0.2844503 1.181317 -0.1090624 0.4960376 1.163671 -0.1017223 0.4612645 1.160689 -0.1085909 0.4930894 1.19921 -0.1081194 0.490141 1.234749 -0.1012508 0.4583162 1.196228 -0.2918335 0.4999384 1.094839 -0.291362 0.4969902 1.130378 -0.2894762 0.4851971 1.272535 -0.2826074 0.4533722 1.234014 -0.282136 0.450424 1.269552 -0.2555215 0.4984475 1.201604 -0.2835504 0.4592688 1.162935 -0.2830789 0.4563206 1.198474 -0.2545785 0.4925511 1.272682 -0.2201524 0.5028529 1.23729 -0.219681 0.4999047 1.272829 -0.1847832 0.5072583 1.272976 -0.1498857 0.5146123 1.273123 -0.114988 0.5219659 1.27327 -0.107648 0.4871929 1.270288 -0.2569359 0.5072922 1.094986 -0.2564644 0.5043438 1.130525 -0.2220382 0.514646 1.095133 -0.1871407 0.5219996 1.09528 -0.1798006 0.4872265 1.092298 -0.144903 0.4945803 1.092445 -0.1522431 0.5293534 1.095428 -0.1173454 0.5367072 1.095575 -0.1100053 0.501934 1.092592 -0.25505 0.4954993 1.237142 -0.255993 0.5013956 1.166064 -0.2210952 0.5087494 1.166212 -0.2206239 0.5058013 1.20175 -0.2215667 0.5116977 1.130672 -0.1503571 0.5175604 1.237584 -0.1517716 0.5264052 1.130967 -0.1168739 0.5337588 1.131114 -0.1095339 0.4989858 1.128132 -0.2844934 0.4651653 1.091857 -0.2840219 0.462217 1.127396 -0.2495958 0.4725189 1.092004 -0.2037523 0.08266043 1.059054 -0.2032808 0.07971221 1.094593 -0.1817321 -0.02165883 1.050108 -0.1812606 -0.02460724 1.085647 -0.2257726 0.18698 1.068 -0.2331127 0.2217532 1.070983 -0.1908749 0.1943337 1.068148 -0.1688547 0.09001421 1.059201 -0.198215 0.2291068 1.07113 -0.2146981 0.4798727 1.092151 -0.1339571 0.09736794 1.059349 -0.126617 0.06259483 1.056366 -0.09171938 0.06994855 1.056513 -0.1119368 -0.006951451 1.050402 -0.07703918 4.02224e-4 1.050549 -0.1633175 0.2364606 1.071277 -0.1431001 0.3133607 1.077388 -0.1284199 0.2438144 1.071424 -0.1504402 0.3481339 1.08037 -0.1651203 0.4176803 1.086334 -0.200018 0.4103264 1.086187 -0.1724604 0.4524534 1.089316 -0.04214143 0.007755935 1.050696 -0.1577802 0.382907 1.083352 -0.1228827 0.3902608 1.083499 -0.1375628 0.4598071 1.089463 -0.2472383 0.4577778 1.2697 -0.1871862 0.001321077 1.195247 -0.201395 0.06791925 1.23675 -0.1793746 -0.03640002 1.227804 -0.1798462 -0.03345197 1.192265 -0.2234151 0.1722388 1.245696 -0.2307553 0.2070119 1.248678 -0.1885177 0.1795924 1.245843 -0.1664974 0.07527297 1.236897 -0.1958578 0.2143657 1.248825 -0.2123409 0.4651317 1.269847 -0.1315998 0.08262676 1.237044 -0.1242597 0.04785346 1.234062 -0.08936208 0.05520737 1.234209 -0.1095795 -0.02169269 1.228098 -0.07468187 -0.01433897 1.228245 -0.1609601 0.2217193 1.248973 -0.1407427 0.2986197 1.255084 -0.1260625 0.2290731 1.24912 -0.1480829 0.3333927 1.258066 -0.1627631 0.402939 1.26403 -0.1976606 0.3955854 1.263883 -0.1774433 0.4724854 1.269994 -0.1701031 0.4377122 1.267012 -0.1554229 0.3681657 1.261048 -0.1131852 0.3407465 1.258213 -0.1352055 0.4450658 1.267159 -0.1425456 0.479839 1.270141 0.1731269 -0.02044928 1.089303 0.1872023 0.01067656 1.079055 0.2153532 0.0729283 1.058561 0.2676966 0.187976 0.9834132 0.2113948 0.06347256 1.024402 0.2857305 0.2285577 1.007325 0.271655 0.1974318 1.017573 0.2817719 0.219102 0.9731661 0.3521492 0.3747313 0.9219302 0.3561076 0.3841872 0.9560895 0.02851426 0.09322655 1.111829 0.05092632 0.05693763 1.156513 0.01839721 0.07155644 1.156235 0.2057563 0.3993223 1.043794 0.1776055 0.3370707 1.064288 -0.001394689 0.02427726 0.9854386 0.002563536 0.03373306 1.019598 0.1578135 0.2897917 0.8934914 0.1718889 0.3209175 0.8832442 0.0104804 0.05264467 1.087917 0.01443862 0.06210047 1.122076 0.0245558 0.08377069 1.077669 0.04874837 0.1365666 1.023016 0.04478991 0.1271108 0.9888565 0.1050501 0.2610701 0.9820273 0.1191255 0.2921962 0.97178 0.1090085 0.2705261 1.016187 0.05270653 0.1460224 1.057175 0.1230839 0.3016518 1.005939 0.2035781 0.4789514 0.9102971 0.1895027 0.4478256 0.9205443 0.2075365 0.4884071 0.9444565 0.2114949 0.4978629 0.9786158 0.1934611 0.4572814 0.9547036 0.3723834 0.4180715 0.8331173 0.3763418 0.4275274 0.8672766 0.3921753 0.4653506 1.003914 0.3741415 0.4247689 0.9800019 0.3780998 0.4342246 1.014161 0.3517291 0.4610577 0.9353181 0.3662247 0.4058573 0.9116832 0.3701831 0.415313 0.9458425 0.359646 0.4799694 1.003637 0.3231582 0.4851323 0.9692003 0.3271167 0.4945882 1.00336 0.2945874 0.5092071 1.003082 0.262058 0.5238258 1.002805 0.2295287 0.5384446 1.002528 0.2154533 0.5073188 1.012775 0.3398542 0.4326903 0.8328402 0.3438124 0.4421461 0.8669994 0.3073247 0.4473091 0.8325628 0.2747953 0.4619281 0.8322857 0.2607198 0.4308023 0.8425328 0.2281906 0.445421 0.8422557 0.2422661 0.4765469 0.8320084 0.2097368 0.4911657 0.8317313 0.1956614 0.4600399 0.8419786 0.3556877 0.4705135 0.9694774 0.3477707 0.451602 0.9011588 0.3152415 0.4662207 0.9008815 0.3191999 0.4756767 0.935041 0.3112831 0.456765 0.8667224 0.2580996 0.51437 0.9686459 0.2462245 0.4860026 0.8661679 0.2136952 0.5006214 0.8658906 0.1996197 0.4694955 0.8761378 0.3583079 0.3869459 0.8433644 0.3622663 0.3964015 0.8775237 0.3257787 0.4015646 0.8430874 0.203478 0.04456084 0.9560831 0.2074365 0.05401659 0.9902424 0.1612518 -0.04881662 0.9868246 0.1652102 -0.03936082 1.020984 0.2457044 0.1379386 0.9253416 0.2597799 0.1690645 0.9150945 0.2131749 0.1525575 0.9250643 0.1709488 0.05917984 0.9558058 0.2272505 0.1836833 0.9148172 0.2932493 0.4161835 0.84281 0.1384195 0.07379865 0.9555287 0.1243441 0.04267275 0.9657758 0.09181475 0.05729138 0.9654985 0.09619319 -0.01957893 0.9862701 0.06366389 -0.00496006 0.985993 0.1947212 0.1983022 0.9145401 0.1903427 0.2751727 0.8937687 0.1621919 0.212921 0.9142628 0.2044182 0.3062987 0.8835212 0.232569 0.3685504 0.8630271 0.2650983 0.3539316 0.8633044 0.2466446 0.3996764 0.8527801 0.03113454 0.009658634 0.9857159 0.2184937 0.3374245 0.8732743 0.1859644 0.3520434 0.8729971 0.2141152 0.414295 0.8525028 0.3455706 0.4488434 1.013884 0.1911607 0.02013248 1.113215 0.2232701 0.09184002 1.12688 0.1810438 -0.001537561 1.157621 0.1770853 -0.01099342 1.123462 0.2654964 0.1852177 1.096138 0.2795718 0.2163435 1.085891 0.2329671 0.1998365 1.095861 0.1907407 0.1064589 1.126603 0.2470425 0.2309623 1.085614 0.3130414 0.4634624 1.013607 0.1582115 0.1210777 1.126325 0.144136 0.08995181 1.136573 0.1116067 0.1045706 1.136295 0.1159852 0.02769982 1.157067 0.08345586 0.04231882 1.15679 0.2145131 0.2455812 1.085337 0.2101348 0.3224518 1.064565 0.1819839 0.2602 1.08506 0.2242103 0.3535777 1.054318 0.2523611 0.4158293 1.033824 0.2848904 0.4012106 1.034101 0.2805119 0.4780812 1.01333 0.2664365 0.4469554 1.023577 0.2382856 0.3847035 1.044071 0.1916809 0.3681965 1.054041 0.2339072 0.4615741 1.023299 0.2479827 0.4927 1.013052 0.1803176 -0.03050369 1.156726 0.1876577 0.004269242 1.159708 0.2023379 0.07381558 1.165671 0.2321698 0.2158564 1.142061 0.2028093 0.0767638 1.130133 0.2390384 0.2476814 1.180582 0.2316983 0.2129082 1.1776 0.2395099 0.2506296 1.145043 0.2762105 0.4244956 1.159953 0.275739 0.4215473 1.195492 0.01269823 0.03808987 1.195982 0.03978425 -0.006985247 1.228392 0.004886627 3.68487e-4 1.228539 0.1205254 0.3755195 1.261195 0.1058452 0.3059732 1.255231 0.007243931 0.01510947 1.050844 0.006772518 0.01216143 1.086383 0.1082025 0.3207145 1.077535 0.1155427 0.3554875 1.080517 0.005829513 0.006264925 1.157461 0.00535804 0.0033167 1.193 0.01316952 0.04103791 1.160443 0.02832138 0.1135327 1.130868 0.02879267 0.1164809 1.095329 0.05768162 0.2526252 1.142796 0.06502187 0.2873985 1.145778 0.05721014 0.249677 1.178335 0.02784991 0.1105844 1.166407 0.06455045 0.2844503 1.181317 0.1090626 0.4960375 1.163671 0.1017225 0.4612645 1.160689 0.1085911 0.4930894 1.19921 0.1081196 0.490141 1.234749 0.101251 0.4583162 1.196228 0.2918335 0.4999383 1.094839 0.2913621 0.4969901 1.130378 0.2894763 0.485197 1.272535 0.2826076 0.4533722 1.234014 0.2821361 0.450424 1.269552 0.2555216 0.4984474 1.201604 0.2835506 0.4592687 1.162935 0.2830791 0.4563205 1.198474 0.2545787 0.492551 1.272682 0.2201526 0.5028528 1.23729 0.2196812 0.4999046 1.272829 0.1847833 0.5072582 1.272976 0.1498858 0.5146122 1.273123 0.1149882 0.5219659 1.27327 0.1076481 0.4871928 1.270288 0.2569361 0.5072922 1.094986 0.2564646 0.5043438 1.130525 0.2220383 0.5146459 1.095133 0.1871408 0.5219995 1.09528 0.1798008 0.4872264 1.092298 0.1449031 0.4945803 1.092445 0.1522431 0.5293533 1.095428 0.1173455 0.5367072 1.095575 0.1100054 0.5019339 1.092592 0.2550501 0.4954992 1.237142 0.2559931 0.5013955 1.166064 0.2210954 0.5087494 1.166212 0.2206241 0.5058012 1.20175 0.2215669 0.5116975 1.130672 0.1503573 0.5175604 1.237584 0.1517717 0.5264052 1.130967 0.116874 0.5337588 1.131114 0.109534 0.4989857 1.128132 0.2844935 0.4651652 1.091857 0.284022 0.462217 1.127396 0.2495959 0.4725189 1.092004 0.2037523 0.08266037 1.059054 0.2032808 0.07971215 1.094593 0.1817321 -0.02165907 1.050108 0.1812606 -0.0246073 1.085647 0.2257727 0.1869799 1.068 0.2331128 0.2217531 1.070983 0.1908749 0.1943337 1.068148 0.1688547 0.09001415 1.059201 0.1982151 0.2291067 1.07113 0.2146983 0.4798727 1.092151 0.1339571 0.09736788 1.059349 0.126617 0.06259477 1.056366 0.09171938 0.06994849 1.056513 0.1119368 -0.006951451 1.050402 0.07703918 4.02208e-4 1.050549 0.1633176 0.2364605 1.071277 0.1431002 0.3133606 1.077388 0.1284199 0.2438144 1.071424 0.1504402 0.3481339 1.08037 0.1651204 0.4176802 1.086334 0.2000181 0.4103264 1.086187 0.1724606 0.4524534 1.089316 0.04214143 0.007755935 1.050696 0.1577804 0.382907 1.083352 0.1228827 0.3902608 1.083499 0.1375629 0.459807 1.089463 0.2472385 0.4577777 1.2697 0.1871862 0.001321077 1.195247 0.201395 0.06791919 1.23675 0.1793746 -0.03640007 1.227804 0.1798462 -0.03345203 1.192265 0.2234153 0.1722387 1.245696 0.2307554 0.2070118 1.248678 0.1885178 0.1795924 1.245843 0.1664974 0.07527297 1.236897 0.1958578 0.2143656 1.248825 0.212341 0.4651316 1.269847 0.1315998 0.0826267 1.237044 0.1242597 0.04785341 1.234062 0.08936208 0.05520731 1.234209 0.1095795 -0.02169269 1.228098 0.07468187 -0.01433897 1.228245 0.1609603 0.2217193 1.248973 0.1407428 0.2986196 1.255084 0.1260626 0.2290731 1.24912 0.1480829 0.3333926 1.258066 0.1627632 0.4029389 1.26403 0.1976607 0.3955852 1.263883 0.1774434 0.4724854 1.269994 0.1701033 0.4377121 1.267012 0.1554231 0.3681657 1.261048 0.1131853 0.3407464 1.258213 0.1352056 0.4450657 1.267159 0.1425457 0.479839 1.270141 0.05349642 -0.1593471 0.9986006 0.08916068 -0.1593471 0.9986006 0.05349642 -0.1593471 1.069929 0.08916068 -0.1593471 1.069929 0.05349642 -0.1593471 1.105593 0.08916068 -0.1593471 1.105593 -0.08916079 -0.1593471 0.9986006 -0.05349642 -0.1593471 0.9986006 -0.08916079 -0.1593471 1.069929 -0.05349642 -0.1593471 1.069929 -0.08916079 -0.1593471 1.105593 -0.05349642 -0.1593471 1.105593 -0.08916074 -0.1479547 1.165607 -0.08916074 -0.1156318 1.180679 -0.08916074 0.09337759 1.238791 -0.08916074 0.1106281 1.286186 -0.08916074 0.07830518 1.271113 -0.08916074 0.1257004 1.253863 -0.08916074 0.2549918 1.314153 -0.08916074 0.2873145 1.329225 -0.08916074 0.2722423 1.361548 0.05349642 -0.1780995 1.230252 0.08916068 -0.1780995 1.230252 0.08916068 -0.08113086 1.27547 0.08916068 -0.1027375 1.068638 0.05349642 0.1558452 1.189217 0.08916074 0.1558452 1.189217 0.08916074 0.3174594 1.264579 0.08916074 0.302387 1.296902 0.08916068 -0.1479546 1.165607 0.08916068 -0.163027 1.19793 0.08916068 -0.1328822 1.133284 0.08916074 0.2549918 1.314153 0.08916074 0.3196375 1.344298 0.08916074 0.2873147 1.329225 0.08916074 0.2399193 1.346475 0.08916074 0.224847 1.378798 0.08916074 0.2894927 1.408943 -0.08916074 0.3821051 1.294724 -0.08916074 0.3670327 1.327047 -0.08916074 0.3067432 1.456339 -0.08916074 0.2894927 1.408943 -0.08916074 0.2744203 1.441266 -0.08916074 0.336888 1.391693 -0.08916074 0.3218155 1.424015 -0.05349642 0.336888 1.391693 -0.08916074 0.3196375 1.344298 -0.08916074 0.3045653 1.37662 -0.05349642 0.3067432 1.456339 -0.0178321 0.3067432 1.456339 0.0178321 0.3067432 1.456339 0.05349642 0.3067432 1.456339 0.08916074 0.3067432 1.456339 0.08916074 0.2744203 1.441266 -0.05349642 0.3821051 1.294724 -0.05349642 0.3670327 1.327047 -0.0178321 0.3821051 1.294724 0.0178321 0.3821051 1.294724 0.05349642 0.3497824 1.279652 0.05349642 0.3821051 1.294724 0.08916074 0.3821051 1.294724 0.08916074 0.3497824 1.279652 -0.05349642 0.3218155 1.424015 -0.0178321 0.336888 1.391693 0.0178321 0.336888 1.391693 -0.0178321 0.3670327 1.327047 0.05349642 0.3218155 1.424015 0.05349642 0.336888 1.391693 0.08916074 0.3218155 1.424015 0.08916074 0.3670327 1.327047 0.08916074 0.3519604 1.35937 0.08916074 0.33471 1.311975 -0.08916074 0.3497824 1.279652 -0.08916074 0.33471 1.311975 -0.05349642 0.3497824 1.279652 -0.08916074 -0.1027374 1.068638 -0.08916074 0.1558453 1.189217 -0.05349642 0.1558453 1.189217 -0.08916074 0.1235224 1.174145 -0.08916074 0.2851367 1.249507 -0.08916074 0.2700642 1.28183 -0.0178321 0.1558453 1.189217 -0.0178321 0.3497824 1.279652 0.0178321 0.1558453 1.189217 -0.05349642 0.2744203 1.441266 -0.08916074 -0.1307042 1.213002 -0.08916074 -0.0811308 1.27547 -0.08916079 -0.1780993 1.230252 -0.08916079 -0.163027 1.19793 -0.05349642 -0.1780993 1.230252 -0.08916074 0.04816049 1.335759 -0.05349642 -0.08113086 1.27547 -0.05349642 0.04816049 1.335759 -0.0178321 0.2744203 1.441266 0.0178321 -0.1134536 1.260397 -0.0178321 -0.1780994 1.230252 0.0178321 -0.1780994 1.230252 -0.0178321 -0.04880785 1.290542 0.0178321 -0.04880785 1.290542 0.0178321 0.08048331 1.350832 -0.0178321 0.04816049 1.335759 0.0178321 0.1128062 1.365904 0.0178321 0.04816049 1.335759 0.0178321 0.145129 1.380977 -0.0178321 0.1128062 1.365904 0.05349642 -0.1134536 1.260397 0.05349642 -0.08113086 1.27547 0.05349642 0.08048331 1.350832 0.05349642 0.145129 1.380977 0.05349642 0.2744203 1.441266 -0.08916074 0.01993405 1.071808 -0.08916074 0.0159533 1.036367 -0.08916074 0.05537545 1.067827 -0.08916068 0.2640434 1.0085 -0.08916068 0.3034657 1.039961 -0.08916068 0.2680242 1.043942 -0.08916068 0.2994847 1.004519 -0.08916068 0.4412503 0.9885954 -0.08916068 0.4766919 0.9846145 -0.08916068 0.480673 1.020056 0.05349642 0.0278961 1.142691 0.08916074 0.0278961 1.142691 0.05349642 0.4177519 1.098901 0.05349642 0.3468691 1.106863 0.08916074 0.007991433 0.9654839 0.05349642 0.3269644 0.9296553 0.05349642 0.3624058 0.9256744 0.08916079 0.46873 0.9137317 0.08916079 0.4727111 0.9491732 0.08916074 0.01993405 1.071808 0.08916074 0.02391517 1.107249 0.08916074 0.0159533 1.036367 0.08916079 0.4412505 0.9885954 0.08916085 0.5121334 0.9806335 0.08916079 0.4766919 0.9846145 0.08916079 0.4452314 1.024037 0.08916079 0.4492123 1.059478 0.08916079 0.5200953 1.051516 -0.08916068 0.5396128 0.9057698 -0.08916068 0.543594 0.9412114 -0.08916068 0.5595175 1.082977 -0.08916068 0.5200953 1.051516 -0.08916068 0.5240761 1.086958 -0.08916068 0.5515558 1.012094 -0.08916068 0.5555367 1.047535 -0.05349636 0.5515556 1.012094 -0.08916068 0.5161142 1.016075 -0.05349636 0.5595175 1.082977 -0.01783204 0.5555367 1.047536 0.05349642 0.5595175 1.082977 0.08916085 0.5595175 1.082977 0.08916085 0.5240761 1.086958 -0.01783204 0.5396128 0.9057698 0.0178321 0.5041714 0.9097507 0.05349642 0.5041714 0.9097507 0.08916085 0.5396128 0.9057698 0.08916085 0.5041714 0.9097507 -0.05349636 0.5555367 1.047535 -0.01783204 0.5475748 0.9766527 -0.01783204 0.5515556 1.012094 0.0178321 0.5555367 1.047535 0.0178321 0.5475748 0.9766527 -0.01783204 0.543594 0.9412114 0.05349642 0.5555367 1.047535 0.0178321 0.543594 0.9412114 0.05349642 0.543594 0.9412114 0.08916085 0.543594 0.9412114 0.08916085 0.5475748 0.9766527 0.08916085 0.5081525 0.9451923 -0.08916068 0.5041714 0.9097507 -0.08916068 0.5081525 0.9451921 -0.05349636 0.5041714 0.9097507 -0.08916068 0.4727111 0.9491732 -0.08916074 0.1143158 0.9535411 -0.08916074 0.0788744 0.9575219 -0.08916074 0.007991492 0.9654839 -0.08916074 0.2206401 0.9415982 -0.08916068 0.2560815 0.9376171 -0.08916068 0.4332886 0.9177126 -0.08916068 0.4372697 0.9531539 -0.05349642 0.07887434 0.9575219 -0.05349642 0.2206401 0.9415982 -0.05349642 0.1143158 0.9535411 -0.05349642 0.2560815 0.9376171 -0.05349636 0.4332886 0.9177126 -0.01783204 0.5041716 0.9097507 -0.0178321 0.0788744 0.9575219 0.0178321 0.0788744 0.9575219 -0.0178321 0.2560815 0.9376171 0.0178321 0.3269644 0.9296553 0.0178321 0.2560815 0.9376171 0.0178321 0.3624058 0.9256744 0.0178321 0.4332886 0.9177126 -0.01783204 0.4332886 0.9177126 0.0178321 0.4687302 0.9137317 0.05349642 0.0788744 0.9575219 0.05349642 0.007991492 0.9654839 0.0178321 0.3978472 0.9216935 0.05349642 0.3978472 0.9216935 0.05349642 0.46873 0.9137317 -0.05349636 0.5240761 1.086958 -0.08916074 0.05935657 1.103269 -0.08916074 0.1342204 1.130748 -0.08916074 0.02789616 1.142691 -0.08916074 0.02391523 1.107249 -0.08916068 0.2405447 1.118805 -0.08916068 0.2759863 1.114824 -0.05349642 0.2405447 1.118805 -0.05349642 0.1342204 1.130748 -0.05349642 0.2759863 1.114824 -0.05349636 0.4531933 1.09492 -0.01783204 0.5240763 1.086958 -0.0178321 0.1342204 1.130748 -0.0178321 0.09877908 1.134729 0.0178321 0.09877908 1.134729 -0.0178321 0.02789616 1.142691 0.0178321 0.02789616 1.142691 -0.0178321 0.2759863 1.114824 0.0178321 0.3468691 1.106863 0.0178321 0.2759863 1.114824 0.0178321 0.3823105 1.102882 0.0178321 0.4531933 1.09492 -0.01783204 0.4531933 1.09492 0.0178321 0.5240763 1.086958 0.0178321 0.4886349 1.090939 0.0178321 0.4177519 1.098901 0.05349642 0.3823105 1.102882 0.05349642 0.4886347 1.090939 0.05349642 0.5240763 1.086958 0.1604893 -0.231818 0.03566426 0.1604893 -0.231818 0.07132863 -0.0178321 -0.231818 0.07132858 0.08916074 -0.231818 0.1069929 0.08916074 -0.231818 0.1783215 0.0178321 -0.2318179 0.1783215 0.0178321 -0.231818 0.1069929 0.05349642 -0.231818 0 0.05349642 -0.231818 0.03566426 0.1961537 -0.1248251 0.1069929 0.1961537 -0.1604894 0.07132863 0.1604893 -0.1604894 0.07132863 0.1604893 -0.1604894 0.03566426 0.1961537 -0.1604894 0.03566426 0.1604893 -0.1604893 0.1426572 0.1961537 -0.1604894 0.1069929 0.1961537 -0.1604893 0.1426572 0.1961537 -0.0178321 0.1069929 0.1604894 -0.0178321 0.1426572 0.1961537 -0.0178321 0.1426572 0.1961537 -0.05349642 0.07132858 0.1604894 -0.0178321 0.07132858 0.1604894 -0.0178321 0.03566426 0.1961537 -0.0178321 0.07132858 0.1961537 -0.0178321 0.03566426 0.1961537 -0.08916074 0.07132858 0.1961537 -0.08916079 0.03566426 0.1961537 -0.05349642 0.03566426 0.1961537 -0.1248251 0.07132863 0.1961537 -0.08916074 0.1426572 0.1961537 -0.1248251 0.1426572 0.1961537 -0.05349642 0.1069929 0.1604893 -0.08916074 0.1426572 0.124825 -0.1961537 0 0.1604893 -0.1961537 0 0.1604893 -0.231818 0 0.1604893 -0.1604894 0 0.1604893 -0.08916074 0 0.1604894 -0.1248251 0 0.1604893 -0.05349642 0 0.1248251 -0.0178321 0 0.1604894 -0.0178321 0 0.1604894 0.0178321 0 0.1604894 0.05349642 0 0.1248251 0.0178321 0 0.124825 -0.1604894 0 -0.0178321 -0.1961537 0 -0.0178321 -0.231818 0 0.1604894 0.08916074 0 0.1248251 0.05349642 0 0.0178321 -0.1961537 0 0.0178321 0.05349642 0 0.0178321 -0.0178321 0 0.1248251 -0.05349642 0 0.124825 -0.08916074 0 0.124825 -0.1248251 0 0.0178321 0.0178321 0 0.0178321 -0.05349642 0 0.0178321 -0.08916074 0 0.0178321 -0.1248251 0 0.0178321 -0.1604893 0 -0.0178321 -0.231818 0.03566426 -0.0178321 -0.1248251 0.03566426 -0.0178321 -0.1961537 0.03566426 -0.0178321 0.05349642 0.03566426 -0.0178321 -0.124825 0.1069929 -0.0178321 -0.231818 0.1069929 -0.0178321 -0.2318179 0.1783215 -0.0178321 -0.08916074 0.1783215 -0.0178321 -0.05349642 0.1783215 -0.0178321 -0.08916074 0.1069929 -0.0178321 -0.05349642 0.1069929 -0.0178321 0.08916079 0.1783215 -0.0178321 0.08916074 0.03566426 -0.0178321 0.05349642 0 -0.0178321 -0.05349642 0.03566426 -0.0178321 -0.08916074 0.03566426 0.1604894 0.08916074 0.1069929 -0.0178321 0.08916074 0.1069929 -0.0178321 0.08916074 0 0.08916074 -0.1604893 0.1783215 0.0178321 -0.1604893 0.1783215 0.1604893 -0.231818 0.1783215 0.1604894 -0.1248251 0.1783215 -0.0178321 -0.1604893 0.1783215 -0.0178321 -0.124825 0.1783215 0.1604893 -0.05349642 0.1783215 0.1604894 -0.1248251 0.03566426 0.1604893 -0.1961537 0.03566426 0.1604894 0.05349642 0.03566426 0.1604894 -0.1248251 0.1069929 0.1604893 -0.231818 0.1069929 0.1604893 -0.08916074 0.1783215 0.1604893 -0.08916074 0.1069929 0.1604893 -0.05349642 0.1069929 0.1604894 0.08916074 0.1783215 0.1604894 0.08916074 0.03566426 0.1604893 -0.05349642 0.03566426 0.1604893 -0.08916074 0.03566426 0 0.07132863 0.1783215 0 -0.07132858 0.1783215 0.1426572 -0.07132858 0.1783215 0.1426572 -0.07132858 0.2139858 0.1069929 0.07132863 0.2139858 0.07132858 0.07132863 0.2139858 0 -0.07132858 0.2139858 0 -0.07132858 0.2496501 0 0.07132863 0.2139858 0.03566426 0.07132863 0.2496501 0.1069929 0.07132863 0.2496501 0.1426572 0.07132863 0.2139858 0.03566426 0.07132863 0.2139858 0.1069929 0.07132863 0.2853145 0.1426572 0.07132863 0.2496501 0.1426572 0.07132863 0.2853145 0 0.07132863 0.2496501 0 0.07132863 0.2853145 0.03566426 0.07132863 0.2853145 0 -0.07132852 0.2853145 0.1426572 -0.07132858 0.2496501 0.1426572 -0.07132858 0.2853145 0.07132858 -0.07132858 0.2139858 0.1069929 -0.07132858 0.1783215 0.1069929 -0.07132858 0.2139858 0.07132858 0.07132863 0.1783215 0.1426572 0.07132858 0.1426572 0.1426572 0.07132858 0.1783215 0 0.07132863 0.1426572 0.07132858 0.07132858 0.1426572 0 -0.07132858 0.1426572 0.1426572 -0.07132858 0.1426572 0.07132858 -0.07132858 0.1783215 0.1426572 0.07132858 0.1069929 0.07132863 0.07132858 0.1069929 0 0.07132858 0.1069929 0 -0.07132858 0.1069929 0.1426572 -0.07132858 0.1069929 0.07132858 0.03566426 0.2139858 0.03566426 0.03566426 0.3209788 0.03566426 0.03566426 0.356643 0.07132858 0.03566426 0.3209788 0.07132858 0.03566426 0.356643 0.07132858 0.03566426 0.463636 0.07132858 0.03566426 0.5706289 0.03566426 0.03566426 0.463636 0.03566426 0.03566426 0.6662932 0.07132858 0.03566426 0.6662932 0.1069929 -0.03566426 0.2853145 0.1069929 -0.03566426 0.3209788 0.03566426 -0.03566426 0.2853145 0.07132858 -0.03566426 0.2853145 0.07132858 -0.03566426 0.3209788 0.03566426 -0.0356642 0.356643 0.03566426 -0.0356642 0.3923074 0.07132858 -0.0356642 0.356643 0.07132858 -0.0356642 0.3923074 0.07132858 -0.0356642 0.5706289 0.03566426 -0.0356642 0.5706289 0.1069929 -0.03566426 0.2139858 0.07132858 -0.03566426 0.2139858 0.1069929 0.03566426 0.2853145 0.1069929 0.03566426 0.3209788 0.1069929 0 0.2853145 0.1069929 0 0.3209788 0.1069929 -0.03566426 0.356643 0.1069929 -0.0356642 0.3923074 0.1069929 0 0.356643 0.1069929 0 0.3923074 0.1069929 0.03566426 0.356643 0.1069929 0.03566426 0.3923074 0.1069929 0 0.5706289 0.1069929 0.03566426 0.5706289 0.1069929 0.03566426 0.6662932 0.1069929 -0.0356642 0.5706289 0.1069929 -0.0356642 0.6662932 0.1069929 0.03566426 0.2139858 0.1069929 0 0.2139858 0.03566426 0.03566426 0.2139858 0.03566426 0 0.2139858 0.03566426 -0.03566426 0.2139858 0.03566426 -0.03566426 0.3209788 0.03566426 0 0.3209788 0.03566426 0 0.356643 0.03566426 0 0.463636 0.03566426 0 0.5706289 0.03566426 -0.0356642 0.463636 0.03566426 -0.03566414 0.6662932 0.03566426 0.03566426 0.5706289 0.03566426 0 0.6662932 -0.1604894 -0.2318179 0.03566426 -0.1604894 -0.2318179 0.07132858 0.0178321 -0.231818 0.07132858 -0.08916074 -0.2318179 0.1069929 -0.08916074 -0.2318179 0.1783215 -0.0178321 -0.2318179 0.1783215 -0.0178321 -0.231818 0.1069929 -0.05349642 -0.2318179 0 -0.05349642 -0.2318179 0.03566426 -0.1961537 -0.124825 0.1069929 -0.1961537 -0.1604893 0.07132863 -0.1604894 -0.1604893 0.07132863 -0.1604894 -0.1604894 0.03566426 -0.1961537 -0.1604893 0.03566426 -0.1604894 -0.1604893 0.1426572 -0.1961537 -0.1604893 0.1069929 -0.1961537 -0.1604893 0.1426572 -0.1961537 -0.0178321 0.1069929 -0.1604893 -0.0178321 0.1426572 -0.1961537 -0.0178321 0.1426572 -0.1961537 -0.05349642 0.07132858 -0.1604893 -0.0178321 0.07132858 -0.1604894 -0.0178321 0.03566426 -0.1961537 -0.0178321 0.07132858 -0.1961537 -0.0178321 0.03566426 -0.1961537 -0.08916068 0.07132858 -0.1961537 -0.08916068 0.03566426 -0.1961537 -0.05349642 0.03566426 -0.1961537 -0.124825 0.07132858 -0.1961537 -0.08916068 0.1426572 -0.1961537 -0.124825 0.1426572 -0.1961537 -0.05349636 0.1069929 -0.1604893 -0.08916068 0.1426572 -0.1248251 -0.1961537 0 -0.1604894 -0.1961537 0 -0.1604894 -0.2318179 0 -0.1604894 -0.1604893 0 -0.1604893 -0.08916074 0 -0.1604893 -0.124825 0 -0.1604893 -0.05349642 0 -0.124825 -0.0178321 0 -0.1604893 -0.0178321 0 -0.1604893 0.0178321 0 -0.1604893 0.05349642 0 -0.124825 0.0178321 0 -0.1248251 -0.1604893 0 0.0178321 -0.1961537 0 0.0178321 -0.231818 0 -0.1604893 0.08916074 0 -0.124825 0.05349642 0 -0.0178321 -0.1961537 0 -0.0178321 0.05349642 0 -0.0178321 -0.0178321 0 -0.1248251 -0.05349642 0 -0.1248251 -0.08916074 0 -0.1248251 -0.124825 0 -0.0178321 0.0178321 0 -0.0178321 -0.05349642 0 -0.0178321 -0.08916074 0 -0.0178321 -0.1248251 0 -0.0178321 -0.1604893 0 0.0178321 -0.231818 0.03566426 0.0178321 -0.1248251 0.03566426 0.0178321 -0.1961537 0.03566426 0.0178321 0.05349642 0.03566426 0.0178321 -0.124825 0.1069929 0.0178321 -0.231818 0.1069929 0.0178321 -0.2318179 0.1783215 0.0178321 -0.08916074 0.1783215 0.0178321 -0.05349642 0.1783215 0.0178321 -0.08916074 0.1069929 0.0178321 -0.05349642 0.1069929 0.0178321 0.08916079 0.1783215 0.0178321 0.08916074 0.03566426 0.0178321 0.05349642 0 0.0178321 -0.05349642 0.03566426 0.0178321 -0.08916074 0.03566426 -0.1604893 0.08916079 0.1069929 0.0178321 0.08916074 0.1069929 0.0178321 0.08916074 0 -0.08916074 -0.1604893 0.1783215 -0.0178321 -0.1604893 0.1783215 -0.1604894 -0.2318179 0.1783215 -0.1604893 -0.124825 0.1783215 0.0178321 -0.1604893 0.1783215 0.0178321 -0.124825 0.1783215 -0.1604893 -0.05349636 0.1783215 -0.1604893 -0.124825 0.03566426 -0.1604894 -0.1961537 0.03566426 -0.1604893 0.05349642 0.03566426 -0.1604893 -0.124825 0.1069929 -0.1604894 -0.2318179 0.1069929 -0.1604893 -0.08916068 0.1783215 -0.1604893 -0.08916068 0.1069929 -0.1604893 -0.05349642 0.1069929 -0.1604893 0.08916079 0.1783215 -0.1604893 0.08916079 0.03566426 -0.1604893 -0.05349642 0.03566426 -0.1604893 -0.08916068 0.03566426 0 0.07132863 0.1783215 0 -0.07132858 0.1783215 -0.1426572 -0.07132852 0.1783215 -0.1426572 -0.07132852 0.2139858 -0.1069929 0.07132863 0.2139858 -0.07132858 0.07132863 0.2139858 0 -0.07132858 0.2139858 0 -0.07132858 0.2496501 0 0.07132863 0.2139858 -0.03566426 0.07132863 0.2496501 -0.1069929 0.07132863 0.2496501 -0.1426572 0.07132863 0.2139858 -0.03566426 0.07132863 0.2139858 -0.1069929 0.07132863 0.2853145 -0.1426572 0.07132863 0.2496501 -0.1426572 0.07132863 0.2853145 0 0.07132863 0.2496501 0 0.07132863 0.2853145 -0.03566426 0.07132863 0.2853145 0 -0.07132852 0.2853145 -0.1426572 -0.07132852 0.2496501 -0.1426572 -0.07132852 0.2853145 -0.07132858 -0.07132852 0.2139858 -0.1069929 -0.07132852 0.1783215 -0.1069929 -0.07132852 0.2139858 -0.07132858 0.07132863 0.1783215 -0.1426572 0.07132863 0.1426572 -0.1426572 0.07132863 0.1783215 0 0.07132863 0.1426572 -0.07132858 0.07132863 0.1426572 0 -0.07132858 0.1426572 -0.1426572 -0.07132852 0.1426572 -0.07132858 -0.07132852 0.1783215 -0.1426572 0.07132863 0.1069929 -0.07132858 0.07132863 0.1069929 0 0.07132858 0.1069929 0 -0.07132858 0.1069929 -0.1426572 -0.07132858 0.1069929 -0.07132858 0.03566426 0.2139858 -0.03566426 0.03566426 0.3209788 -0.03566426 0.03566426 0.356643 -0.07132858 0.03566426 0.3209788 -0.07132858 0.03566426 0.356643 -0.07132858 0.03566426 0.463636 -0.07132858 0.03566426 0.5706289 -0.03566426 0.03566426 0.463636 -0.03566426 0.03566426 0.6662932 -0.07132858 0.03566426 0.6662932 -0.1069929 -0.0356642 0.2853145 -0.1069929 -0.0356642 0.3209788 -0.03566426 -0.0356642 0.2853145 -0.07132858 -0.0356642 0.2853145 -0.07132858 -0.0356642 0.3209788 -0.03566426 -0.0356642 0.356643 -0.03566426 -0.0356642 0.3923074 -0.07132858 -0.0356642 0.356643 -0.07132858 -0.0356642 0.3923074 -0.07132858 -0.03566414 0.5706289 -0.03566426 -0.0356642 0.5706289 -0.1069929 -0.0356642 0.2139858 -0.07132858 -0.03566426 0.2139858 -0.1069929 0.03566426 0.2853145 -0.1069929 0.03566426 0.3209788 -0.1069929 0 0.2853145 -0.1069929 0 0.3209788 -0.1069929 -0.0356642 0.356643 -0.1069929 -0.0356642 0.3923074 -0.1069929 0 0.356643 -0.1069929 0 0.3923074 -0.1069929 0.03566426 0.356643 -0.1069929 0.03566426 0.3923074 -0.1069929 1.19534e-7 0.5706289 -0.1069929 0.03566426 0.5706289 -0.1069929 0.03566426 0.6662932 -0.1069929 -0.03566414 0.5706289 -0.1069929 -0.03566414 0.6662932 -0.1069929 0.03566426 0.2139858 -0.1069929 0 0.2139858 -0.03566426 0.03566426 0.2139858 -0.03566426 0 0.2139858 -0.03566426 -0.03566426 0.2139858 -0.03566426 -0.0356642 0.3209788 -0.03566426 0 0.3209788 -0.03566426 0 0.356643 -0.03566426 0 0.463636 -0.03566426 0 0.5706289 -0.03566426 -0.0356642 0.463636 -0.03566426 -0.03566414 0.6662932 -0.03566426 0.03566426 0.5706289 -0.03566426 1.25098e-7 0.6662932 0.1426572 -0.03566414 0.8202791 0.3209788 -0.0356642 0.8202791 0.3923074 -0.0356642 0.8559434 0.3923074 -0.0356642 0.8916077 0.3209788 -0.0356642 0.8916077 0.1426572 -0.03566414 0.8916077 0.3923074 0.03566426 0.8916077 0.3209788 0.03566426 0.8916077 0.3209788 0.03566426 0.8559434 0.3923074 0.03566426 0.8559434 0.1426572 0.03566426 0.8202791 0.1426572 0.03566426 0.8559434 0.3923074 -0.03566426 0.8202791 0.3209788 0.03566426 0.8202791 0.3923074 0.03566426 0.8202791 0.1426572 1.3652e-7 0.8916077 0.1426572 -0.03566414 0.8559434 0.1426572 0.03566426 0.8916077 0.1426572 1.30113e-7 0.8559434 0.3923074 0 0.8916077 0.3209788 0 0.8916077 0.3209788 -0.0356642 0.8559434 0.3923074 -0.0356642 0.8559434 0.3923074 -0.0356642 0.8916077 0.463636 0.03566426 0.8916077 0.463636 0.03566426 0.8202791 0.463636 0.03566426 0.8559434 0.3923074 0.03566426 0.8916077 0.4279717 0.03566426 0.8559434 0.3923074 0.03566426 0.8559434 0.3923074 -0.03566426 0.8202791 0.4279717 0.03566426 0.8202791 0.3923074 0.03566426 0.8202791 0.463636 -0.03566426 0.8559434 0.463636 -0.03566426 0.8916077 0.463636 -0.03566426 0.8202791 0.3923074 0 0.8916077 0.463636 0 0.8916077 0.463636 -0.05349636 0.9094398 0.463636 0.05349642 0.9094398 0.4993003 0.05349642 0.9094398 0.463636 -0.05349636 0.8024469 0.4993003 -0.05349636 0.8024469 0.463636 0.05349642 0.8024469 0.4993003 -0.05349636 0.9094398 0.5349646 0.05349642 0.9094398 0.5349646 -0.05349636 0.8024469 0.5349646 0.0178321 0.8024469 0.4993003 0.05349642 0.8024469 0.5349646 -0.05349636 0.9094398 0.5706289 -0.05349636 0.9094398 0.5706289 0.0178321 0.9094398 0.5349646 0.0178321 0.9094398 0.5706289 -0.05349636 0.8024469 0.5706289 0.0178321 0.8024469 0.5349646 0.05349642 0.8024469 0.6062932 -0.05349636 0.9094398 0.5706289 0.05349642 0.9094398 0.6062932 0.05349642 0.9094398 0.6062932 -0.05349642 0.8024469 0.5706289 0.05349642 0.8024469 0.6062932 0.05349642 0.8024469 0.5706289 0.05349642 0.927272 0.5706289 -0.08916068 0.8916077 0.5706289 -0.08916068 0.927272 0.6062932 -0.08916068 0.927272 0.6419575 -0.01783204 0.927272 0.6419575 0.0178321 0.927272 0.5706289 0.08916079 0.927272 0.6062932 0.05349642 0.927272 0.6419575 0.05349642 0.927272 0.7489504 0.05349642 0.927272 0.7489504 0.0178321 0.927272 0.7489504 -0.05349636 0.927272 0.7132861 -0.08916068 0.8916077 0.7132861 -0.08916068 0.927272 0.7489504 -0.08916068 0.927272 0.6776218 -0.0178321 0.927272 0.7489504 -0.0178321 0.927272 0.7132861 0.08916079 0.927272 0.7489504 0.08916079 0.927272 0.5706289 -0.05349636 0.8202791 0.6062932 -0.08916068 0.8559434 0.5706289 -0.08916068 0.7846148 0.5706289 -0.08916068 0.8202791 0.5706289 -0.05349636 0.8916077 0.5706289 -0.08916068 0.8559434 0.6062932 -0.08916068 0.8916077 0.6419575 -0.08916068 0.8559434 0.6419575 -0.08916068 0.7846148 0.6419575 -0.08916068 0.8916077 0.6776218 -0.08916074 0.7846148 0.7132861 -0.08916068 0.8202791 0.7132861 -0.05349642 0.7846148 0.6776218 -0.08916068 0.8202791 0.7489504 -0.05349642 0.7846148 0.7132861 -0.08916074 0.7846148 0.7489504 -0.08916074 0.7846148 0.7489504 -0.08916074 0.8202791 0.6776218 -0.05349636 0.927272 0.6419575 -0.05349636 0.927272 0.6776218 -0.08916068 0.8916077 0.6062932 -0.05349636 0.927272 0.5706289 0.08916079 0.8916077 0.5706289 0.05349642 0.8916077 0.5706289 0.08916079 0.8202791 0.5706289 0.08916079 0.8559434 0.6062932 0.08916079 0.8559434 0.5706289 0.05349642 0.8202791 0.5706289 0.08916079 0.7846148 0.6062932 0.08916079 0.8202791 0.6419575 0.08916079 0.7846148 0.7132861 -0.0178321 0.7846148 0.7489504 -0.0178321 0.7846148 0.7132861 0.0178321 0.7846148 0.7489504 0.0178321 0.7846148 0.7132861 0.05349642 0.7846148 0.7132861 0.08916079 0.7846148 0.7489504 0.08916074 0.7846148 0.7489504 0.05349642 0.7846148 0.6776218 0.08916079 0.8559434 0.6419575 0.08916079 0.8202791 0.6419575 0.08916079 0.8559434 0.7132861 0.08916079 0.8559434 0.6776218 0.08916079 0.7846148 -0.1426572 -0.03566408 0.8202791 -0.3209788 -0.03566408 0.8202791 -0.3923074 -0.03566408 0.8559434 -0.3923074 -0.03566408 0.8916077 -0.3209788 -0.03566408 0.8916077 -0.1426572 -0.03566408 0.8916077 -0.3923074 0.03566426 0.8916077 -0.3209788 0.03566426 0.8916077 -0.3209788 0.03566426 0.8559434 -0.3923074 0.03566426 0.8559434 -0.1426572 0.03566426 0.8202791 -0.1426572 0.03566426 0.8559434 -0.3923074 -0.03566408 0.8202791 -0.3209788 0.03566426 0.8202791 -0.3923074 0.03566426 0.8202791 -0.1426572 1.83003e-7 0.8916077 -0.1426572 -0.03566408 0.8559434 -0.1426572 0.03566426 0.8916077 -0.1426572 1.76597e-7 0.8559434 -0.3923074 1.89663e-7 0.8916077 -0.3209788 1.78042e-7 0.8916077 -0.3209788 -0.03566408 0.8559434 -0.3923074 -0.03566408 0.8559434 -0.3923074 -0.03566408 0.8916077 -0.463636 0.03566426 0.8916077 -0.463636 0.03566426 0.8202791 -0.463636 0.03566431 0.8559434 -0.3923074 0.03566426 0.8916077 -0.4279717 0.03566426 0.8559434 -0.3923074 0.03566426 0.8559434 -0.3923074 -0.03566408 0.8202791 -0.4279717 0.03566426 0.8202791 -0.3923074 0.03566426 0.8202791 -0.463636 -0.03566408 0.8559434 -0.463636 -0.03566408 0.8916077 -0.463636 -0.03566408 0.8202791 -0.3923074 1.89662e-7 0.8916077 -0.463636 1.84276e-7 0.8916077 -0.463636 -0.05349618 0.9094398 -0.463636 0.05349647 0.9094398 -0.4993003 0.05349647 0.9094398 -0.463636 -0.05349624 0.8024469 -0.4993003 -0.05349618 0.8024469 -0.463636 0.05349647 0.8024469 -0.4993003 -0.05349618 0.9094398 -0.5349646 0.05349653 0.9094398 -0.5349646 -0.05349618 0.8024469 -0.5349646 0.01783215 0.8024469 -0.4993003 0.05349647 0.8024469 -0.5349646 -0.05349618 0.9094398 -0.5706289 -0.05349618 0.9094398 -0.5706289 0.01783221 0.9094398 -0.5349646 0.01783221 0.9094398 -0.5706289 -0.05349618 0.8024469 -0.5706289 0.01783215 0.8024469 -0.5349646 0.05349647 0.8024469 -0.6062932 -0.05349618 0.9094398 -0.5706289 0.05349653 0.9094398 -0.6062932 0.05349653 0.9094398 -0.6062932 -0.05349618 0.8024469 -0.5706289 0.05349647 0.8024469 -0.6062932 0.05349647 0.8024469 -0.5706289 0.05349653 0.927272 -0.5706289 -0.0891605 0.8916077 -0.5706289 -0.0891605 0.927272 -0.6062932 -0.0891605 0.927272 -0.6419575 -0.01783186 0.927272 -0.6419575 0.01783221 0.927272 -0.5706289 0.08916097 0.927272 -0.6062932 0.05349653 0.927272 -0.6419575 0.05349653 0.927272 -0.7489504 0.05349653 0.927272 -0.7489504 0.01783221 0.927272 -0.7489504 -0.05349612 0.927272 -0.7132861 -0.08916044 0.8916077 -0.7132861 -0.08916044 0.927272 -0.7489504 -0.0891605 0.927272 -0.6776218 -0.01783186 0.927272 -0.7489504 -0.01783186 0.927272 -0.7132861 0.08916103 0.927272 -0.7489504 0.08916103 0.927272 -0.5706289 -0.05349618 0.8202791 -0.6062932 -0.0891605 0.8559434 -0.5706289 -0.0891605 0.7846148 -0.5706289 -0.0891605 0.8202791 -0.5706289 -0.05349618 0.8916077 -0.5706289 -0.0891605 0.8559434 -0.6062932 -0.0891605 0.8916077 -0.6419575 -0.0891605 0.8559434 -0.6419575 -0.0891605 0.7846148 -0.6419575 -0.0891605 0.8916077 -0.6776218 -0.0891605 0.7846148 -0.7132861 -0.0891605 0.8202791 -0.7132861 -0.05349618 0.7846148 -0.6776218 -0.0891605 0.8202791 -0.7489504 -0.05349618 0.7846148 -0.7132861 -0.0891605 0.7846148 -0.7489504 -0.0891605 0.7846148 -0.7489504 -0.08916044 0.8202791 -0.6776218 -0.05349618 0.927272 -0.6419575 -0.05349618 0.927272 -0.6776218 -0.08916044 0.8916077 -0.6062932 -0.05349618 0.927272 -0.5706289 0.08916097 0.8916077 -0.5706289 0.05349647 0.8916077 -0.5706289 0.08916097 0.8202791 -0.5706289 0.08916097 0.8559434 -0.6062932 0.08916097 0.8559434 -0.5706289 0.05349647 0.8202791 -0.5706289 0.08916097 0.7846148 -0.6062932 0.08916097 0.8202791 -0.6419575 0.08916097 0.7846148 -0.7132861 -0.01783186 0.7846148 -0.7489504 -0.01783186 0.7846148 -0.7132861 0.01783221 0.7846148 -0.7489504 0.01783221 0.7846148 -0.7132861 0.05349653 0.7846148 -0.7132861 0.08916097 0.7846148 -0.7489504 0.08916103 0.7846148 -0.7489504 0.05349653 0.7846148 -0.6776218 0.08916103 0.8559434 -0.6419575 0.08916097 0.8202791 -0.6419575 0.08916097 0.8559434 -0.7132861 0.08916103 0.8559434 -0.6776218 0.08916097 0.7846148 0.1961537 -0.1248251 0.1069929 0.1961537 -0.1604894 0.07132863 0.1604893 -0.1604894 0.07132863 0.1604893 -0.1604894 0.03566426 0.1961537 -0.1604894 0.03566426 0.1604893 -0.1604893 0.1426572 0.1961537 -0.1604894 0.1069929 0.1961537 -0.1604893 0.1426572 0.1961537 -0.0178321 0.1069929 0.1604894 -0.0178321 0.1426572 0.1961537 -0.0178321 0.1426572 0.1961537 -0.05349642 0.07132858 0.1604894 -0.0178321 0.07132858 0.1604894 -0.0178321 0.03566426 0.1961537 -0.0178321 0.07132858 0.1961537 -0.0178321 0.03566426 0.1961537 -0.08916074 0.07132858 0.1961537 -0.08916079 0.03566426 0.1961537 -0.05349642 0.03566426 0.1961537 -0.1248251 0.07132863 0.1961537 -0.08916074 0.1426572 0.1961537 -0.1248251 0.1426572 0.1961537 -0.05349642 0.1069929 0.1604893 -0.08916074 0.1426572 0.1604893 -0.08916074 0.03566426 -0.1961537 -0.124825 0.1069929 -0.1961537 -0.1604893 0.07132863 -0.1604894 -0.1604893 0.07132863 -0.1604894 -0.1604894 0.03566426 -0.1961537 -0.1604893 0.03566426 -0.1604894 -0.1604893 0.1426572 -0.1961537 -0.1604893 0.1069929 -0.1961537 -0.1604893 0.1426572 -0.1961537 -0.0178321 0.1069929 -0.1604893 -0.0178321 0.1426572 -0.1961537 -0.0178321 0.1426572 -0.1961537 -0.05349642 0.07132858 -0.1604893 -0.0178321 0.07132858 -0.1604894 -0.0178321 0.03566426 -0.1961537 -0.0178321 0.07132858 -0.1961537 -0.0178321 0.03566426 -0.1961537 -0.08916068 0.07132858 -0.1961537 -0.08916068 0.03566426 -0.1961537 -0.05349642 0.03566426 -0.1961537 -0.124825 0.07132858 -0.1961537 -0.08916068 0.1426572 -0.1961537 -0.124825 0.1426572 -0.1961537 -0.05349636 0.1069929 -0.1604893 -0.08916068 0.1426572 -0.1604893 -0.08916068 0.03566426</float_array>
          <technique_common>
            <accessor source="#Body-mesh-positions-array" count="1930" stride="3">
              <param name="X" type="float"/>
              <param name="Y" type="float"/>
              <param name="Z" type="float"/>
            </accessor>
          </technique_common>
        </source>
        <source id="Body-mesh-normals">
          <float_array id="Body-mesh-normals-array" count="5577">1.04187e-6 0 1 1.05503e-6 0 1 9.81153e-7 0 1 -3.34935e-7 0 1 5.32462e-7 0 1 1.06492e-6 0 1 -2.0367e-6 0 1 0 0 1 -1.43553e-6 0 1 1 0 0 1 0 0 1 0 0 1 0 0 0 -1 3.07927e-7 -4.33923e-7 -1 2.3426e-6 0 -1 0 -1.03072e-6 -1 8.64491e-7 -2.43727e-7 -1 2.92881e-6 -2.26501e-6 -1 5.25128e-7 0 -1 2.40148e-7 0 -1 1.18983e-6 -2.03684e-7 -1 8.7599e-7 0 -1 1.94974e-7 -2.1582e-7 -1 2.12278e-7 0 -1 7.32204e-7 0 -1 0 -1.09677e-6 -1 3.66102e-7 -8.3909e-7 -1 -5.53578e-7 -1.82795e-6 -1 1.09831e-6 -1.46236e-6 -1 -1.37295e-7 3.86521e-7 -1 9.69286e-7 0 -1 -3.9312e-7 0 -1 1.46441e-6 0 -1 1.2902e-7 0 -1 7.32204e-7 -1.18817e-6 -1 4.57628e-7 -2.15821e-7 -1 4.74164e-7 3.6559e-7 -1 3.66103e-7 -1.24654e-6 -1 2.58041e-7 2.1582e-7 -1 2.58041e-7 -2.1582e-7 -1 4.74164e-7 -1 0 0 -1 -5.49154e-7 0 -1 0 0 -1 0 0 -1 0 0 -1 0 0 -1 0 0 0 1 0 0 1 -7.1867e-7 1.23326e-7 1 0 3.12807e-7 1 -7.67443e-7 7.31181e-7 1 -7.32206e-7 1.46236e-6 1 -3.66102e-7 1.46236e-6 1 0 5.09473e-7 1 -1.02627e-6 3.6559e-7 1 -3.66103e-7 0 1 -1.46441e-6 -2.87761e-7 1 -6.32219e-7 0 0 -1 -7.08682e-7 1.25345e-6 -1 -1.46441e-6 2.5069e-6 -1 -2.92882e-6 0 -1 -1.26818e-6 0 -1 7.89656e-7 0 -1 -1.89638e-6 0 -1 0 2.5069e-6 -1 -0.2495591 0.8162693 -0.5209842 -0.2495588 0.8162685 -0.5209859 -0.2495582 0.816269 -0.5209853 -0.2495589 0.8162699 -0.5209836 -0.2495593 0.8162691 -0.5209847 -0.1523224 0.49822 0.8535659 -0.1523225 0.4982184 0.8535668 -0.1523204 0.4982194 0.8535666 0.9563046 0.2923721 -6.40678e-7 0.9563048 0.2923718 -3.10966e-7 0.9563046 0.2923725 -5.79827e-7 -0.2495599 0.8162693 -0.520984 -0.2495602 0.8162699 -0.5209828 0.9563048 0.2923719 -7.8705e-7 0.9563047 0.2923719 0 0.9563049 0.2923716 -3.01591e-7 -0.2495593 0.8162688 -0.520985 -0.2495574 0.8162689 -0.5209859 -0.2495585 0.8162704 -0.520983 -0.9563041 -0.2923739 2.83731e-6 -0.9563036 -0.2923757 2.01356e-6 -0.9563041 -0.292374 1.06018e-6 -0.956305 -0.2923708 4.02714e-6 -0.9563049 -0.2923713 1.34919e-6 -0.9563047 -0.2923721 1.69322e-6 -0.9563043 -0.2923735 -3.1694e-7 -0.9563049 -0.2923715 8.31773e-7 -0.2495589 0.8162701 -0.5209831 -0.2495609 0.8162683 -0.5209851 -0.9563051 -0.2923708 2.01599e-6 -0.9563044 -0.292373 1.43391e-6 -0.1418444 0.4639524 0.8744303 -0.141845 0.4639525 0.8744301 -0.1418443 0.4639524 0.8744303 -0.9563046 -0.2923725 5.52312e-7 -0.9563048 -0.2923717 1.76226e-7 -0.9563051 -0.2923709 2.77587e-6 -0.9563044 -0.2923728 -1.1963e-6 -0.9563052 -0.2923706 1.99239e-6 -0.9563051 -0.2923708 1.72327e-6 0.2300137 -0.7523355 0.6173208 0.2300118 -0.7523359 0.6173211 0.2300125 -0.7523357 0.617321 -0.1523213 0.4982183 0.8535671 -0.9563047 -0.2923721 2.42818e-6 -0.07896298 0.4982769 0.8634148 0.2300122 -0.7523352 0.6173218 0.2300133 -0.7523356 0.6173209 -0.1523194 0.4982187 0.8535673 -0.1523219 0.4982187 0.8535668 -0.1523226 0.4982193 0.8535663 0.9563047 0.292372 -3.71685e-7 0.9563046 0.2923724 -1.64776e-6 0.9563047 0.2923718 0 -0.1381855 0.4519749 0.8812626 0.2300092 -0.7523346 0.6173236 0.2300112 -0.7523363 0.6173207 0.9563044 0.2923731 -1.60173e-7 0.9563047 0.2923719 -1.23036e-6 0.956304 0.2923746 0 0.9563046 0.2923723 -9.27415e-7 0.9563046 0.2923725 0 0.9563047 0.2923718 -4.76495e-7 0.9563048 0.2923716 -1.23985e-6 0.9563046 0.2923721 -3.50912e-7 0.956305 0.2923713 -1.74191e-6 0.9563048 0.2923719 -1.33555e-6 0.1523187 -0.4982206 -0.8535662 0.1523196 -0.4982202 -0.8535663 0.1523186 -0.4982188 -0.8535673 0.2495576 -0.8162708 0.5209829 0.2495523 -0.8162716 0.520984 0.2495561 -0.8162704 0.5209841 0.2495595 0.8162696 -0.5209836 0.2495585 0.8162687 -0.5209857 0.2495593 0.8162701 -0.5209832 0.2495597 0.816269 -0.5209845 0.2495592 0.8162693 -0.5209844 0.1523231 0.498222 0.8535646 0.1523215 0.49822 0.8535661 0.1523199 0.4982197 0.8535665 -0.9563046 0.2923724 -7.34823e-7 -0.9563047 0.2923722 -1.28135e-6 -0.9563044 0.2923728 -8.51866e-7 0.2495595 0.816269 -0.5209844 0.2495585 0.8162683 -0.5209864 -0.9563046 0.2923721 -9.974e-7 -0.9563047 0.292372 -6.52118e-7 0.2495605 0.8162691 -0.5209841 0.2495606 0.8162706 -0.5209817 0.2495601 0.8162687 -0.5209849 0.9563041 -0.2923739 1.55594e-6 0.9563038 -0.292375 2.10509e-6 0.9563041 -0.2923741 -2.49389e-7 0.9563046 -0.2923727 1.73899e-6 0.9563048 -0.2923718 1.307e-6 0.9563046 -0.2923724 9.50989e-7 0.9563046 -0.2923724 1.00828e-6 0.9563042 -0.2923738 5.53572e-7 0.2495592 0.8162702 -0.520983 0.2495604 0.8162686 -0.5209851 0.2495609 0.8162697 -0.5209828 0.9563045 -0.2923728 3.54188e-7 0.9563044 -0.292373 1.22035e-6 0.1418444 0.4639523 0.8744303 0.1418443 0.4639525 0.8744303 0.1418452 0.4639523 0.8744302 0.9563043 -0.2923737 -6.16489e-7 0.9563045 -0.2923729 4.13842e-7 0.9563046 -0.2923725 -4.15862e-7 0.9563045 -0.2923729 0 0.9563043 -0.2923731 0 -0.2300107 -0.7523356 0.6173219 -0.2300137 -0.7523351 0.6173213 -0.2300106 -0.7523352 0.6173225 0.9563047 -0.292372 1.66798e-7 0.1523206 0.4982182 0.8535673 0.1523213 0.4982194 0.8535665 0.9563039 -0.2923747 -1.42843e-6 0.1523206 0.4982185 0.8535671 -0.2300128 -0.7523347 0.6173221 -0.2300112 -0.7523361 0.617321 0.1523222 0.4982194 0.8535663 0.1523237 0.4982207 0.8535653 -0.9563048 0.2923718 -8.4902e-7 -0.9563046 0.2923722 -8.35746e-7 -0.9563047 0.2923721 -1.8605e-6 0.2350891 0.4495471 0.8617659 -0.2300098 -0.7523343 0.6173238 -0.9563043 0.2923734 2.05934e-7 -0.9563046 0.2923725 1.83051e-7 -0.9563039 0.2923745 -3.98356e-7 -0.9563048 0.2923719 -1.31071e-6 -0.9563046 0.2923723 -6.46854e-7 -0.9563045 0.2923725 -1.74308e-6 -0.9563044 0.2923732 5.41526e-7 -0.9563049 0.2923714 -1.87967e-6 -0.1523197 -0.4982202 -0.8535664 -0.1523184 -0.4982199 -0.8535667 -0.1523199 -0.4982183 -0.8535674 -0.2495576 -0.8162701 0.5209838 -0.2495576 -0.8162707 0.520983 -0.2495588 -0.8162703 0.5209829 -0.9563046 0.2923724 -8.27863e-7 0 0.8743879 0.4852278 0 0.8743875 0.4852285 1.20952e-7 0.8743879 0.4852276 1 0 0 1 0 0 1 0 0 0 0.8743878 0.4852277 0 0.8743874 0.4852287 0 0.4852262 -0.8743886 0 0.4852276 -0.874388 0 0.4852277 -0.874388 0 0.8743874 0.4852287 0 0.8743869 0.4852296 -1 0 0 -1 0 0 -1 1.26683e-7 0 1 0 0 0 -0.8743877 -0.4852282 0 -0.8743876 -0.4852281 -8.43805e-7 -0.8743879 -0.4852277 -1 9.06075e-7 0 -1 0 0 -1 1.14407e-6 -3.25194e-7 -1 1.09831e-6 -3.25194e-7 -1 1.51017e-6 -1.05587e-6 0 0.4852288 -0.8743872 0 0.4852263 -0.8743887 0 0.4852276 -0.8743879 0 0.874387 0.4852293 3.78359e-7 0.8743881 0.4852274 0 -0.4852302 0.8743865 0 -0.4852296 0.8743869 0 -0.4852271 0.8743883 0 -0.4852239 0.8743899 0 -0.485227 0.8743883 -1 0 0 -7.93962e-7 -0.8743879 -0.4852277 -7.5213e-7 -0.874388 -0.4852275 -4.36319e-7 -0.874388 -0.4852276 0 0.874388 0.4852275 1 -2.27632e-7 0 1 -6.00888e-7 0 1 -1.68408e-6 -2.26414e-7 1 0 0 1 0 0 1 -2.76369e-7 0 1 -2.54158e-7 0 1 -3.18316e-7 0 -2.01318e-7 -1 2.56632e-7 -1.31624e-7 -1 1.67789e-7 -3.32942e-7 -1 4.24421e-7 -1 2.76369e-7 0 -1 2.54158e-7 0 -1 3.18316e-7 0 -1 1.28136e-6 0 -1 1.27612e-6 -6.08787e-7 -1 5.49154e-7 -1.88018e-6 -1 0 -3.85123e-7 -1 2.83729e-6 0 -1 2.37966e-6 0 -2.07055e-7 0 -1 0 0 -1 -2.82188e-7 0 -1 0 -1 0 0 -1 1.47033e-7 4.70593e-7 0 -1 3.94145e-7 0 -1 -3.39053e-7 0 -1 -9.76275e-7 0 -1 1 0 0 -1.67127e-6 -1 0 0 -1 0 -1 0 0 -1 0 0 -1 1.64746e-7 0 -4.32246e-7 0 1 5.09316e-7 1 0 1.83019e-7 1 -2.34294e-7 -1 0 0 -1 0 0 -1 0 0 -1 0 0 -1 0 0 -1 0 0 -1 0 0 -1.61686e-7 0 1 0 -1 0 0 -1 0 0 -1 0 0 -1 0 -1.29384e-7 0 1 -1.16602e-6 0 1 -2.29396e-7 0 1 0 0 1 5.02809e-7 0 1 6.64495e-7 0 1 1.23501e-6 0 1 0 0 1 1 0 0 1 1.4703e-7 0 0 -1 1.8305e-6 1 0 0 1 1.47031e-7 0 0 -1 0 1 0 0 0 -1 0 0 -1 0 0 0 -1 -2.08644e-7 0 -1 0 0 -1 -1 2.44069e-7 0 -1.54014e-6 0 1 0 1 -4.06781e-7 3.0052e-7 1 -6.01594e-7 1.34663e-7 1 -1.39831e-7 0 -1 0 0 -1 1.83049e-7 0 -1 1.83043e-7 -0.5937996 0 -0.804613 -0.5938072 0 -0.8046074 -0.5937966 7.89417e-6 -0.8046153 0 -1 0 0 -1 0 0 -1 0 -0.8046103 0 0.5938033 -0.8046136 0 0.5937988 -0.8046141 -5.55947e-7 0.5937982 0 -1 0 0 -1 0 0 -1 0 0.5937955 4.71888e-6 0.804616 0.5937938 3.78307e-6 0.8046173 0.5937944 2.72023e-6 0.8046169 0.8046149 -1.59977e-6 -0.5937972 0.8046153 0 -0.5937966 0.8046146 0 -0.5937975 0.5937976 0 0.8046145 0.5937932 0 0.8046177 2.38129e-7 1 0 4.76255e-7 1 -4.27119e-7 0 1 0 0.5937906 0 0.8046196 0.5937908 0 0.8046195 0 -1 0 0 -1 0 0 -1 0 -0.5937913 0 -0.8046192 -0.5937933 1.40901e-7 -0.8046177 0 -1 -3.35599e-7 0 -1 0 -0.5937922 0 -0.8046184 -0.5937904 -1.2173e-5 -0.8046199 -0.5937922 -1.08001e-5 -0.8046185 -0.5937906 0 -0.8046197 -0.5937938 -1.55961e-5 -0.8046173 0 1 0 0 1 0 0 1 0 0 -1 0 0 -1 0 0 -1 0 0.5938076 -1.83048e-7 -0.8046071 0.5937994 -7.32205e-7 -0.8046132 0.5937975 8.46616e-6 -0.8046146 -3.46677e-7 -1 2.02883e-6 -3.27867e-7 -1 1.4805e-6 1.35665e-7 -1 0 0.8046143 0 0.5937979 0.8046139 0 0.5937984 0.8046146 -1.45556e-7 0.5937975 -8.06294e-7 -1 1.10972e-6 -1.61262e-6 -1 2.10545e-6 -0.5937947 4.64537e-6 0.8046167 -0.5937882 0 0.8046215 -0.5937952 1.46442e-6 0.8046163 -0.8046149 0 -0.5937971 -0.8046159 0 -0.5937957 -0.8046153 -1.60615e-6 -0.5937966 -0.5937941 2.71122e-6 0.8046171 -0.5937974 0 0.8046146 -0.5937919 0 0.8046188 0 1 0 0 1 0 -0.5937893 0 0.8046206 -0.593791 0 0.8046194 0 -1 0 0 -1 0 0 -1 0 -8.73857e-7 -1 -4.48992e-7 0.593791 -2.74578e-7 -0.8046194 0.5937933 1.34254e-7 -0.8046177 -1.42419e-6 -1 1.48531e-7 -2.13748e-6 -1 -1.11357e-6 0.5937909 -1.16462e-5 -0.8046195 0.5937916 0 -0.8046189 0.5937918 -1.08898e-5 -0.8046187 0.5937907 0 -0.8046197 0.5938013 4.93438e-6 -0.8046118 -0.9120968 -0.4099014 0.007771849 -0.9120973 -0.4099 0.007773101 -0.9120979 -0.4098988 0.00777322 -0.9120972 -0.4099006 0.00777328 -0.9120973 -0.4099003 0.007772684 -0.9120976 -0.4098994 0.00777328 -0.9120964 -0.4099023 0.007772445 -0.9120969 -0.4099011 0.007771432 -0.9120977 -0.4098997 0.007758259 -0.9120963 -0.4099027 0.007762253 -0.9120977 -0.4098994 0.007771432 -0.9120974 -0.4099 0.007773697 -0.9120973 -0.4099002 0.00777179 -0.9120968 -0.4099012 0.007773935 -0.9120975 -0.4098997 0.007773458 -0.1109967 0.2651298 0.9578027 -0.1109752 0.2651352 0.9578037 -0.1109899 0.2651333 0.9578026 0.9120967 0.4099013 -0.007771968 0.9120968 0.4099015 -0.007772147 0.9120969 0.4099013 -0.007771909 -0.9120971 -0.4099005 0.007772743 -0.912097 -0.4099009 0.007772088 0.110992 -0.2651325 -0.9578025 0.1109914 -0.2651328 -0.9578025 0.1109935 -0.2651332 -0.9578021 0.9120975 0.4098998 -0.007772445 0.9120972 0.4099005 -0.007774651 0.9120972 0.4099002 -0.00777316 0.9120972 0.4099006 -0.007772266 0.9120978 0.4098991 -0.007772684 0.9120972 0.4099006 -0.007773458 0.9120976 0.4098995 -0.007772684 0.9120983 0.409898 -0.00776863 0.912097 0.409901 -0.007772028 0.9120982 0.4098982 -0.00777173 0.9120972 0.4099003 -0.007772624 0.9120969 0.4099011 -0.007770478 0.9120969 0.4099013 -0.00777167 0.9120973 0.4099002 -0.007772564 0.9120961 0.4099029 -0.00777328 0.9120973 0.4099003 -0.007772684 -0.9120974 -0.4099001 0.007770776 -0.9120969 -0.4099009 0.007773041 -0.9120969 -0.4099011 0.007771253 -0.9120969 -0.4099012 0.007772445 -0.9120977 -0.4098994 0.007770836 -0.912098 -0.4098986 0.007771253 -0.3946622 0.8727471 -0.2873225 -0.394663 0.8727468 -0.2873229 -0.3946634 0.8727462 -0.2873241 -0.3946667 0.8727466 -0.2873183 -0.3946653 0.8727447 -0.2873255 -0.3946636 0.8727465 -0.2873225 -0.1109951 0.2651273 0.9578036 -0.1109936 0.2651271 0.9578038 -0.1109952 0.265128 0.9578033 0.1109877 -0.2651337 -0.9578027 0.1109896 -0.2651365 -0.9578016 0.1109889 -0.265134 -0.9578024 -0.1109902 0.265136 0.9578017 -0.1109828 0.2651392 0.9578016 -0.1109813 0.2651333 0.9578035 0.1109884 -0.2651358 -0.9578019 0.110992 -0.2651343 -0.9578019 0.1109908 -0.2651357 -0.9578017 -0.3946646 0.8727458 -0.2873234 -0.3946625 0.8727467 -0.2873236 0.1109912 -0.2651326 -0.9578025 0.1109918 -0.265136 -0.9578016 0.9120965 0.4099022 -0.007773399 0.9120973 0.4099003 -0.007770121 0.1109936 -0.265135 -0.9578016 -0.3946641 0.8727462 -0.2873227 -0.3946622 0.8727465 -0.2873246 -0.394661 0.8727477 -0.2873228 -0.3946639 0.8727468 -0.2873214 -0.3946639 0.8727456 -0.2873249 -0.3946629 0.8727459 -0.2873252 -0.3946645 0.8727471 -0.2873197 0.1109919 -0.2651334 -0.9578022 0.110987 -0.2651342 -0.9578027 0.1109903 -0.2651329 -0.9578025 0.1109871 -0.265134 -0.9578026 0.1109896 -0.2651327 -0.9578027 0.1109966 -0.2651309 -0.9578024 0.1109955 -0.2651315 -0.9578024 0.1109898 -0.2651345 -0.9578021 0.1109902 -0.2651342 -0.9578022 0.1109915 -0.2651326 -0.9578026 -0.1109932 0.2651333 0.9578021 -0.1109946 0.265131 0.9578027 -0.1109809 0.265143 0.9578009 -0.1109924 0.2651357 0.9578016 -0.1109941 0.2651316 0.9578025 -0.1109844 0.2651442 0.9578002 0.1109886 -0.2651348 -0.9578023 0.110989 -0.2651332 -0.9578027 0.1109892 -0.2651327 -0.9578027 0.110991 -0.2651315 -0.9578029 0.1109829 -0.2651409 -0.9578013 0.1109886 -0.2651299 -0.9578036 -0.1109884 0.2651332 0.9578027 -0.1109964 0.2651277 0.9578033 0.1109946 -0.2651322 -0.9578022 0.1109918 -0.2651339 -0.9578021 -0.1109939 0.2651305 0.9578029 -0.1109979 0.2651312 0.9578022 -0.1109895 0.2651373 0.9578015 0.1109902 -0.2651326 -0.9578027 -0.1109928 0.265127 0.9578039 -0.1109936 0.2651289 0.9578033 -0.1109934 0.2651304 0.957803 -0.1109949 0.2651303 0.9578027 -0.9120963 -0.4099026 0.007760643 -0.9120973 -0.4099003 0.007772028 0.1109908 -0.2651348 -0.957802 0.1109928 -0.2651329 -0.9578024 0.1109952 -0.2651349 -0.9578014 -0.1109926 0.2651304 0.957803 0.3946635 -0.8727461 0.2873238 0.3946633 -0.872747 0.2873217 0.3946627 -0.8727471 0.2873221 0.1109876 -0.2651331 -0.9578028 -0.1109892 0.2651316 0.957803 -0.1109895 0.2651363 0.9578018 -0.11099 0.2651342 0.9578023 -0.1109718 0.265137 0.9578036 -0.110978 0.2651329 0.957804 -0.1109918 0.2651367 0.9578014 -0.9785024 -0.2061941 -0.004124045 -0.9785026 -0.2061932 -0.004123568 -0.9785026 -0.2061937 -0.004123389 -0.9785026 -0.2061939 -0.004123687 -0.9785026 -0.2061936 -0.004123747 -0.9785025 -0.2061939 -0.004122376 -0.9785026 -0.2061937 -0.004124999 -0.9785037 -0.2061884 -0.004131674 -0.9785024 -0.2061946 -0.004123151 -0.9785026 -0.206193 -0.004125714 -0.9785026 -0.2061935 -0.00412321 -0.9785022 -0.2061951 -0.004124402 -0.9785027 -0.206193 -0.004123032 -0.9785026 -0.2061936 -0.004123151 0.01322561 -0.08266401 0.9964898 0.01322054 -0.08266592 0.9964897 0.01322364 -0.08266663 0.9964895 0.9785024 0.2061945 0.004124462 0.9785022 0.2061952 0.004125714 0.9785024 0.2061942 0.004125118 -0.9785027 -0.2061933 -0.00412321 -0.9785028 -0.2061927 -0.004123985 -0.9785026 -0.2061932 -0.004123926 -0.0132125 0.08266294 -0.99649 -0.01322323 0.08266437 -0.9964898 -0.01322478 0.08267724 -0.9964886 0.9785027 0.2061929 0.004125177 0.9785026 0.2061938 0.004124104 0.978503 0.2061914 0.004124104 0.9785025 0.2061938 0.004125356 0.9785027 0.2061933 0.004123747 0.9785023 0.2061944 0.004127204 0.9785026 0.206194 0.004123926 0.9785026 0.2061935 0.004120707 0.9785025 0.2061937 0.004124939 0.9785022 0.2061954 0.004116952 0.9785023 0.2061949 0.00412476 0.9785026 0.2061935 0.004123926 0.9785027 0.2061929 0.004122972 0.9785026 0.2061939 0.004123151 0.9785028 0.2061926 0.00412476 -0.9785027 -0.2061934 -0.004123568 -0.9785025 -0.2061938 -0.004123568 -0.9785026 -0.2061934 -0.004123449 -0.2058091 0.9750138 0.08361047 -0.2058108 0.975013 0.08361625 -0.2058072 0.9750139 0.0836153 -0.2058049 0.9750145 0.08361357 -0.2058085 0.9750136 0.08361476 -0.2058124 0.9750128 0.08361375 0.01322054 -0.08266478 0.9964898 0.01321697 -0.08267241 0.9964892 0.01320606 -0.0826683 0.9964897 -0.01322144 0.08266431 -0.9964898 -0.0132212 0.08266317 -0.9964899 -0.01322269 0.08266437 -0.9964898 0.01322215 -0.08266437 0.9964898 0.0132218 -0.0826646 0.9964898 0.01322215 -0.08266472 0.9964898 0.01321625 -0.08266437 0.9964898 0.01322072 -0.08266425 0.9964898 -0.01322245 0.08266347 -0.9964898 -0.01322287 0.08266085 -0.9964901 -0.2058091 0.975013 0.08361953 -0.01322102 0.08267444 -0.996489 -0.01321595 0.08267021 -0.9964894 -0.01321369 0.08269345 -0.9964875 0.9785029 0.2061924 0.004124224 0.9785025 0.206194 0.004124462 -0.01322501 0.08269041 -0.9964876 -0.2058124 0.9750128 0.08361423 -0.2058091 0.9750134 0.08361494 -0.2058116 0.975013 0.08361423 -0.2058118 0.975013 0.0836144 -0.2058125 0.9750127 0.08361589 -0.2058103 0.9750132 0.08361512 0.9785029 0.2061926 0.004124522 -0.2058076 0.9750137 0.08361476 -0.205807 0.9750136 0.08361905 -0.01321309 0.08267247 -0.9964892 -0.01320523 0.08268564 -0.9964882 -0.01321357 0.08267176 -0.9964892 -0.0132215 0.0826705 -0.9964893 -0.0132218 0.0826624 -0.9964899 -0.01322054 0.08266401 -0.9964898 -0.01322364 0.08266454 -0.9964898 -0.013224 0.08266431 -0.9964897 -0.0132212 0.08267426 -0.9964889 -0.01322025 0.08266389 -0.9964898 0.01322126 -0.08266294 0.99649 0.0132178 -0.082668 0.9964895 0.01322454 -0.08266371 0.9964898 0.01322281 -0.08266663 0.9964896 0.01320922 -0.08266884 0.9964896 0.01322072 -0.08266717 0.9964895 -0.01322305 0.08266335 -0.9964898 -0.01322513 0.08266562 -0.9964896 -0.01322817 0.08266323 -0.9964898 -0.0132212 0.08266443 -0.9964898 -0.01322978 0.08266329 -0.9964898 -0.01321846 0.08266389 -0.9964898 0.01322138 -0.08266431 0.9964898 0.01321721 -0.08266419 0.9964898 0.01321971 -0.08266282 0.9964899 -0.01322144 0.08266276 -0.9964899 0.01320999 -0.08266764 0.9964897 0.01321971 -0.08266437 0.9964898 0.01322066 -0.08266437 0.9964898 -0.01322102 0.08267855 -0.9964886 0.01322644 -0.08269035 0.9964876 0.01320332 -0.08267605 0.9964891 0.01322424 -0.08266341 0.9964898 0.01320987 -0.08266556 0.9964898 -0.9785029 -0.2061916 -0.004128634 -0.9785026 -0.2061936 -0.00412178 0.01322126 -0.08266383 0.9964898 -0.01321911 0.0826627 -0.9964899 -0.0132237 0.08266896 -0.9964894 0.20581 -0.9750132 -0.083615 0.2058095 -0.9750134 -0.08361476 0.2058091 -0.9750134 -0.08361482 -0.01322209 0.08266431 -0.9964898 0.01322275 -0.08266359 0.9964898 0.01321727 -0.08266657 0.9964897 0.01322215 -0.08266502 0.9964897 0.01322734 -0.08266323 0.9964898 0.01323074 -0.08266341 0.9964897 0.0132212 -0.08266437 0.9964898 0.01322066 -0.08266431 0.9964898 0.912097 -0.4099007 0.00777328 0.9120978 -0.4098993 0.007771492 0.9120981 -0.4098985 0.007772862 0.9120971 -0.4099007 0.007772207 0.9120978 -0.4098992 0.007773995 0.9120969 -0.4099011 0.007771909 0.9120965 -0.4099019 0.007772445 0.912097 -0.4099008 0.00777328 0.9120977 -0.4098994 0.007762789 0.9120966 -0.4099018 0.007775545 0.9120969 -0.4099013 0.007773339 0.912097 -0.4099008 0.007772445 0.9120962 -0.4099027 0.007772266 0.9120978 -0.4098994 0.007770895 0.1109908 0.2651336 0.9578023 0.1109725 0.2651356 0.9578039 0.1109938 0.2651302 0.9578029 -0.9120965 0.4099019 -0.007771849 -0.9120965 0.4099023 -0.007771909 -0.9120976 0.4098994 -0.007773816 0.912097 -0.4099009 0.007771968 0.9120966 -0.4099018 0.007770895 0.9120972 -0.4099007 0.007771015 -0.1109859 -0.2651314 -0.9578035 -0.1110024 -0.265132 -0.9578014 -0.110994 -0.2651335 -0.9578019 -0.9120977 0.4098993 -0.007776141 -0.9120972 0.4099004 -0.007772684 -0.9120968 0.4099014 -0.007772266 -0.912097 0.409901 -0.007772326 -0.9120966 0.4099021 -0.007772147 -0.9120969 0.4099011 -0.007773399 -0.9120975 0.4098999 -0.007772922 -0.9120973 0.4099001 -0.007765412 -0.9120982 0.4098983 -0.007771253 -0.9120975 0.4099 -0.007771193 -0.9120966 0.4099016 -0.007772088 -0.9120972 0.4099004 -0.007772624 -0.9120969 0.4099013 -0.007772386 -0.9120969 0.4099011 -0.007772266 -0.9120966 0.4099016 -0.007772982 -0.912097 0.4099009 -0.00777316 0.9120967 -0.4099013 0.007772564 0.9120963 -0.4099023 0.007772445 0.3946626 0.8727468 -0.2873231 0.3946642 0.8727465 -0.287322 0.3946647 0.8727465 -0.287321 0.3946636 0.8727461 -0.2873239 0.3946599 0.8727471 -0.2873257 0.3946655 0.872744 -0.2873277 0.1109942 0.2651274 0.9578037 0.1109946 0.2651268 0.9578038 0.1109899 0.2651361 0.9578018 -0.1109888 -0.2651331 -0.9578027 -0.1109877 -0.2651333 -0.9578028 -0.1109892 -0.2651329 -0.9578027 0.110983 0.2651393 0.9578016 0.110989 0.2651373 0.9578015 0.1109807 0.2651339 0.9578034 0.1109917 0.2651289 0.9578036 -0.1109881 -0.2651364 -0.9578018 -0.1109914 -0.2651346 -0.9578019 -0.1109896 -0.265136 -0.9578018 0.3946647 0.8727473 -0.2873191 0.3946635 0.8727474 -0.28732 0.3946644 0.8727466 -0.287321 -0.1109907 -0.265134 -0.9578023 -0.1109916 -0.2651337 -0.9578022 -0.110992 -0.2651363 -0.9578014 -0.9120965 0.409902 -0.007772564 -0.9120966 0.4099016 -0.007771968 -0.1109929 -0.2651361 -0.9578014 0.3946648 0.8727461 -0.2873222 0.3946633 0.8727462 -0.2873237 0.3946656 0.8727462 -0.2873207 0.3946644 0.8727461 -0.2873227 0.3946629 0.8727468 -0.2873226 0.3946638 0.8727456 -0.2873249 0.3946635 0.8727458 -0.2873248 -0.1109889 -0.2651337 -0.9578025 -0.1109911 -0.2651334 -0.9578024 -0.1109911 -0.2651328 -0.9578025 -0.110988 -0.2651337 -0.9578026 -0.1109903 -0.2651326 -0.9578026 -0.1109952 -0.2651323 -0.9578021 -0.1109892 -0.2651343 -0.9578024 -0.1109892 -0.2651346 -0.9578023 -0.1109883 -0.2651337 -0.9578027 -0.1109896 -0.2651328 -0.9578027 0.1109958 0.2651306 0.9578025 0.1109927 0.2651332 0.9578022 0.1109825 0.2651426 0.9578008 0.1109851 0.2651439 0.9578001 0.1109951 0.2651316 0.9578024 0.1109921 0.2651357 0.9578016 -0.1109919 -0.2651339 -0.9578021 -0.1109895 -0.2651296 -0.9578036 -0.1109887 -0.2651329 -0.9578027 -0.110995 -0.265132 -0.9578024 -0.1109907 -0.2651345 -0.9578021 0.110996 0.2651283 0.9578032 0.1109885 0.265133 0.9578027 -0.1110011 -0.2651335 -0.9578012 -0.1109908 -0.2651329 -0.9578025 -0.1109938 -0.2651315 -0.9578025 0.1109927 0.2651305 0.957803 0.1109965 0.265131 0.9578024 0.1109927 0.265132 0.9578025 -0.1109893 -0.2651327 -0.9578027 0.1109926 0.2651293 0.9578033 0.1109946 0.2651277 0.9578036 0.1109926 0.2651301 0.9578031 0.1109955 0.2651299 0.9578028 0.9120972 -0.4099006 0.007771432 0.9120969 -0.4099011 0.007771611 0.9120951 -0.4099051 0.007770001 0.1109909 0.2651283 0.9578039 -0.1109898 -0.265135 -0.957802 -0.1109938 -0.2651352 -0.9578015 0.1109935 0.2651305 0.9578029 -0.3946636 -0.8727466 0.2873222 -0.3946633 -0.8727472 0.2873209 -0.3946648 -0.872746 0.2873225 0.1109899 0.2651318 0.957803 0.1109793 0.265133 0.9578039 0.1109898 0.2651344 0.9578023 0.1109823 0.2651396 0.9578016 0.1109772 0.2651364 0.9578032 0.9785025 -0.2061938 -0.004123985 0.9785026 -0.2061934 -0.004123508 0.9785031 -0.2061917 -0.004123151 0.9785026 -0.2061938 -0.004123628 0.9785026 -0.206194 -0.004124879 0.9785026 -0.2061939 -0.004123568 0.9785026 -0.2061939 -0.004123508 0.9785025 -0.2061939 -0.004124224 0.9785022 -0.2061957 -0.004123449 0.9785031 -0.2061908 -0.00412625 0.9785023 -0.206195 -0.004125654 0.9785025 -0.206194 -0.004123628 0.9785025 -0.2061939 -0.004125356 0.9785026 -0.2061939 -0.004124462 -0.01321882 -0.08266294 0.99649 -0.01322185 -0.08266413 0.9964898 -0.01323038 -0.08266329 0.9964898 -0.9785025 0.2061943 0.004125297 -0.9785023 0.2061945 0.004124701 -0.9785026 0.2061935 0.00412327 0.9785027 -0.2061934 -0.004122197 0.9785031 -0.2061914 -0.004123091 0.9785027 -0.2061929 -0.004125177 0.01322436 0.08267718 -0.9964887 0.01323193 0.08266335 -0.9964897 0.01321989 0.08266454 -0.9964898 -0.9785026 0.2061931 0.004124402 -0.9785026 0.2061939 0.004124522 -0.9785028 0.2061927 0.004125595 -0.9785025 0.2061939 0.004125177 -0.9785022 0.2061952 0.004125714 -0.9785023 0.2061948 0.00412625 -0.9785025 0.2061937 0.004123866 -0.9785023 0.2061949 0.004120886 -0.9785023 0.2061947 0.004116117 -0.9785023 0.2061948 0.004124999 -0.9785025 0.2061937 0.004123747 -0.978503 0.2061917 0.004123866 -0.9785028 0.2061924 0.004123806 -0.9785024 0.2061945 0.004124701 -0.9785028 0.2061922 0.004125714 -0.9785022 0.2061952 0.004125177 -0.9785029 0.2061926 0.004123926 0.9785026 -0.2061936 -0.004124402 0.9785029 -0.2061923 -0.004124581 0.9785022 -0.2061959 -0.004123866 0.2058096 0.9750137 0.08361107 0.2058117 0.9750129 0.08361554 0.2058108 0.975013 0.08361583 0.2058112 0.9750128 0.08361619 0.2058144 0.9750124 0.08361512 0.2058115 0.9750127 0.08361709 -0.01322126 -0.08266466 0.9964898 -0.01322323 -0.08266431 0.9964897 -0.01322293 -0.0826652 0.9964897 0.01322102 0.08266425 -0.9964898 0.01322358 0.08266425 -0.9964898 0.01322305 0.08266431 -0.9964898 -0.01322156 -0.08266425 0.9964898 -0.01322329 -0.0826649 0.9964897 -0.01322215 -0.08266413 0.9964898 -0.01321703 -0.08266425 0.9964898 0.01322174 0.08266341 -0.9964899 0.01322048 0.08266335 -0.9964899 0.01322358 0.08266103 -0.99649 0.2058148 0.9750128 0.08360898 0.2058112 0.9750129 0.08361637 0.2058111 0.9750131 0.08361369 0.01321595 0.08267015 -0.9964894 0.01322031 0.08267468 -0.9964889 0.01321405 0.08269363 -0.9964875 -0.9785031 0.2061913 0.004124879 -0.9785026 0.2061935 0.004124879 0.01322638 0.08268964 -0.9964876 0.2058106 0.9750129 0.08361768 0.2058124 0.9750126 0.08361625 0.2058132 0.9750128 0.08361202 0.2058115 0.9750131 0.08361423 0.2058089 0.9750132 0.08361834 0.2058095 0.9750134 0.083615 0.01320672 0.08268564 -0.9964882 0.01321119 0.08267247 -0.9964892 0.01321399 0.08267176 -0.9964892 0.01322013 0.08267068 -0.9964892 0.01322221 0.08266252 -0.9964899 0.01321911 0.08266425 -0.9964898 0.01321917 0.08266371 -0.9964898 0.01322215 0.08266294 -0.9964899 0.01322084 0.08267426 -0.996489 0.01321882 0.08266389 -0.9964898 -0.01321738 -0.08266806 0.9964895 -0.01321905 -0.08266299 0.99649 -0.01322501 -0.08266377 0.9964898 -0.01322168 -0.08266717 0.9964895 -0.01320821 -0.0826689 0.9964896 -0.01322352 -0.08266663 0.9964895 0.01322317 0.08266335 -0.9964898 0.01321846 0.08266407 -0.9964898 0.01322269 0.08266562 -0.9964897 0.01322442 0.08266896 -0.9964894 0.01322031 0.08266282 -0.9964899 -0.01321941 -0.08266395 0.9964898 -0.01322215 -0.08266437 0.9964897 0.01322793 0.08266311 -0.9964898 0.01322209 0.08266431 -0.9964898 -0.01322191 -0.08266401 0.9964898 -0.01322108 -0.08266496 0.9964898 -0.01321226 -0.08266794 0.9964896 0.0132215 0.08267849 -0.9964886 -0.0132113 -0.08267098 0.9964894 -0.01320803 -0.08266562 0.9964898 -0.01320308 -0.08268421 0.9964883 -0.01322001 -0.08266347 0.9964899 0.9785023 -0.2061945 -0.004123151 0.9785025 -0.2061942 -0.004124999 -0.01322233 -0.08266371 0.9964898 -0.01321983 -0.08266383 0.9964898 0.01322329 0.08266276 -0.9964898 -0.01321637 -0.08266651 0.9964897 -0.2058092 -0.9750134 -0.083615 -0.2058111 -0.9750131 -0.08361494 -0.2058095 -0.9750134 -0.08361452 -0.01323175 -0.08266234 0.9964898 -0.01322096 -0.08266359 0.9964898 -0.01322066 -0.0826646 0.9964898 -0.01322048 -0.08266419 0.9964898 -0.01322656 -0.08266407 0.9964897 -0.01322388 -0.08266597 0.9964896 -1 5.79659e-7 -1.76831e-7 -1 6.05114e-7 -2.15251e-7 -1 0 0 -1 0 0 -1 0 0 -1 0 0 -1 0 0 -1 0 0 -1 0 0 -1 0 0 -1 0 0 -1 0 0 -1 0 0 1 0 0 1 0 0 -2.27836e-7 0.4226178 -0.906308 0 0.4226213 -0.9063065 -8.05035e-6 0.4226233 -0.9063054 -1.41718e-6 -0.4226239 0.9063051 -5.88718e-6 -0.4226253 0.9063045 -2.35249e-6 -0.4226266 0.906304 2.25827e-7 -0.4226189 0.9063076 1 -1.59927e-7 0 1 0 0 1 -1.30819e-7 0 -2.33446e-6 0.4226165 -0.9063087 -8.36811e-7 0.422615 -0.9063094 8.8103e-7 0.4226187 -0.9063076 1 0 0 1 0 0 1 -1.46804e-7 0 1 0 0 1 -1.8333e-7 1.43036e-7 1 0 0 1 -1.27241e-7 0 1 0 0 0 0.9063084 0.4226171 0 0.9063088 0.4226161 0 0.9063087 0.4226164 -1 0 0 0 0.9063146 0.4226037 0 0.9063087 0.4226166 0 0.906309 0.4226158 6.29834e-6 -0.4226227 0.9063058 0 -0.4226331 0.9063009 -2.92888e-7 -0.4226258 0.9063044 0 0.9063057 0.4226228 0 0.9063055 0.4226232 -1.17625e-6 0.9063087 0.4226165 0 0.9063088 0.4226163 0 0.9063147 0.4226037 0 -0.4226332 0.9063009 0 -0.4226258 0.9063043 -7.24014e-6 -0.4226239 0.9063052 0 -0.4226192 0.9063075 -1.16444e-6 -0.4226221 0.906306 1 0 0 1 0 0 1 0 0 0 -0.4226328 0.906301 1.341e-6 -0.4226239 0.9063053 0 0.9063086 0.4226168 0 0.4226107 -0.9063115 0 0.4226107 -0.9063114 -9.76267e-7 0.9063087 0.4226163 -2.88162e-7 0.9063057 0.4226226 2.88162e-7 0.9063088 0.4226162 2.07458e-6 0.9063056 0.4226231 1 0 0 1 0 0 0 0.4226107 -0.9063113 0 0.4226108 -0.9063113 3.00676e-6 0.9063079 0.4226179 0 0.9063094 0.4226148 -3.02424e-6 0.4226209 -0.9063066 0 0.4226158 -0.906309 -2.88163e-7 0.4226157 -0.906309 0 0.4226146 -0.9063096 -1.52257e-7 0.4226145 -0.9063096 0 -0.4226201 0.9063069 4.36448e-7 -0.4226248 0.9063048 4.57021e-6 -0.4226199 0.9063071 0 -0.4226171 0.9063083 -1 0 0 -1 0 0 1.97912e-6 -0.4226219 0.9063062 3.57719e-6 -0.4226181 0.9063079 1.29478e-6 -0.9063083 -0.4226171 -1.05816e-6 -0.9063069 -0.4226202 -1.64179e-6 -0.906308 -0.4226179 -7.39014e-6 -0.422623 0.9063056 -5.12543e-6 -0.4226191 0.9063074 -1.8305e-6 -0.4226202 0.906307 -3.66104e-6 -0.4226198 0.9063071 -3.66102e-6 -0.4226214 0.9063065 0 0.4226181 -0.9063079 3.98843e-7 0.4226187 -0.9063076 1.87174e-6 0.4226188 -0.9063076 -1 0 0 0 -0.4226329 0.906301 0 -0.4226331 0.906301 0 -0.422626 0.9063043 -1 1.60163e-7 0 -1 1.89131e-7 0 -1 1.83054e-7 0 -1 0 0 -1 0 -4.18511e-7 -1 0 0 -1 1.37202e-7 0 -1 3.04297e-7 0 -1 0 0 -1 0 0 -1 0 0 -1 0 0 -1 0 0 -1 0 0 -1 0 0 -1 1.91974e-7 3.41582e-7 -1 0 0 1 -8.69492e-7 0 1 -9.49579e-7 0 1 -9.99056e-7 0 -1.24471e-6 0.111622 0.9937508 8.25303e-7 0.1116212 0.9937509 4.20818e-6 0.1116208 0.9937509 1 -1.8997e-7 0 1 -1.52542e-7 0 1 -1.30266e-7 -6.10811e-7 0 -0.1116224 -0.9937507 0 -0.1116228 -0.9937508 -9.79654e-7 -0.1116228 -0.9937506 1 0 0 1 -1.20421e-7 0 1 -1.37289e-7 0 1 -1.45387e-7 0 1 -6.26494e-7 -4.30281e-7 1 0 0 1 -5.88442e-7 2.25834e-7 -1 -1.6017e-7 0 0 0.9937514 -0.1116166 1.28133e-6 0.9937508 -0.1116213 1.16348e-6 0.993751 -0.1116199 -1 0 0 1.4134e-6 0.9937506 -0.1116234 4.82452e-6 0.9937508 -0.1116219 6.87212e-7 0.9937504 -0.1116251 0 0.9937511 -0.1116192 -3.74947e-7 0.9937514 -0.111617 -2.19655e-6 0.9937512 -0.1116183 1.87472e-7 0.993751 -0.1116206 1 -8.00853e-7 5.08483e-7 1 -2.95451e-7 3.20184e-7 0 0.1116241 0.9937505 4.442e-7 0.1116238 0.9937506 0 0.1116245 0.9937505 4.86131e-7 -0.111621 -0.9937509 0 -0.1116208 -0.9937509 -1.23725e-7 -0.1116225 -0.9937507 0 0.9937502 -0.1116279 0 0.9937502 -0.1116275 0 0.9937505 -0.1116245 1 0 0 1 -8.18013e-7 0 -9.15266e-7 0.9937507 -0.1116227 0 0.9937507 -0.111623 -1.11927e-6 0.9937509 -0.1116213 1.15823e-6 0.993751 -0.1116197 1.95252e-6 0.9937511 -0.1116192 1.75258e-6 0.9937509 -0.1116212 -1.46441e-7 -0.1116223 -0.9937508 0 -0.1116223 -0.9937508 9.03524e-7 -0.1116221 -0.9937508 -1.72001e-6 -0.1116215 -0.9937508 -1.46441e-6 -0.1116215 -0.9937508 0 -0.111621 -0.9937509 0 -0.1116251 -0.9937504 -2.92882e-6 -0.1116246 -0.9937505 -4.39323e-7 -0.111623 -0.9937507 1.32146e-6 -0.1116223 -0.9937507 0 -0.1116235 -0.9937506 0 -0.1116244 -0.9937506 0 -0.1116244 -0.9937505 -8.0879e-7 -0.1116228 -0.9937507 -5.8755e-7 -0.111624 -0.9937505 -8.19879e-7 -0.1116215 -0.9937508 -3.29688e-7 -0.1116216 -0.9937508 0 -0.1116221 -0.9937508 0 -0.1116218 -0.9937508 -5.25771e-6 -0.1116213 -0.9937509 0 -0.111621 -0.9937509 -1.58812e-6 -0.1116231 -0.9937507 -4.89141e-7 -0.1116226 -0.9937507 0 0.1116238 0.9937506 -5.16083e-7 0.1116241 0.9937505 4.74164e-7 0.1116238 0.9937506 -2.54792e-7 0.1116243 0.9937506 0 0.111624 0.9937505 0 0.1116229 0.9937507 0 0.1116215 0.9937508 -1.06112e-6 0.1116205 0.993751 -1 3.6409e-7 -9.96833e-7 -1 1.98384e-7 1.48298e-6 -1 0 0 -8.64491e-7 0.111624 0.9937505 -7.32205e-7 0.1116241 0.9937505 0 0.1116239 0.9937506 -4.5124e-6 0.1116228 0.9937507 0 0.1116241 0.9937505 -1.28695e-6 0.1116232 0.9937507 5.99919e-7 0.1116239 0.9937506 -8.5959e-7 0.1116236 0.9937506 -6.9904e-6 0.1116197 0.993751 1.8305e-7 0.1116173 0.9937513 -9.01354e-7 -0.9937509 0.1116217 0 -0.9937508 0.1116228 6.10178e-7 -0.9937508 0.1116214 0 0.1116238 0.9937506 1.53221e-6 0.1116221 0.9937508 -2.19662e-6 0.1116191 0.9937511 2.19663e-6 0.1116253 0.9937504 1.02154e-5 0.1116245 0.9937505 -2.75344e-6 0.1116229 0.9937507 9.13548e-7 0.1116241 0.9937505 -2.06102e-6 0.1116235 0.9937506 -1 0 0 -7.32201e-7 -0.1116214 -0.9937508 0 -0.1116217 -0.9937509 7.29196e-7 -0.1116223 -0.9937508 1.47697e-6 -0.1116219 -0.9937508 0 -1 7.32207e-7 -3.6559e-7 -1 1.09831e-6 0 -1 1.46441e-6 -1.82795e-7 -1 1.83051e-7 0 -1 7.32206e-7 1 0 0 -3.13363e-7 -1 3.66102e-7 -6.26723e-7 -1 1.28136e-6 -6.26725e-7 -1 1.83051e-6 1 0 0 1 0 0 0 0 -1 0 0 -1 0 0 -1 0 0 -1 0 1 0 0 1 -6.65805e-7 2.92472e-7 1 0 0 1 -4.39323e-7 0 0 1 0 0 1 1.47466e-7 0 1 1 -6.05941e-7 0 1 -3.12317e-7 -2.27984e-7 1 1.12974e-6 -3.20539e-6 1 7.84952e-7 0 1 1.28136e-6 0 1 7.32203e-7 0 1 -7.32205e-7 0 1 -7.10157e-7 -1.47246e-7 1 -2.74577e-7 0 1 -3.41385e-7 0 1 7.15668e-7 -3.85121e-7 1 -4.22659e-7 5.87049e-7 1 -4.3244e-7 0 1 -4.61852e-7 0 1 -5.49154e-7 0 1 -4.68108e-7 0 2.5768e-7 1 -1.62092e-7 1.45352e-7 1 -6.42891e-7 0 -1 8.88238e-7 0 -1 0 0 1 -7.32205e-7 1.82795e-7 1 -2.74577e-7 0 -1 1.54502e-6 -1.76327e-7 -1 0 -4.17817e-7 -1 0 0 -1 0 5.48385e-7 1 -4.57628e-7 2.5768e-7 1 -2.70759e-7 0 -1 0 0 -1 0 0 1 -7.87261e-7 5.1536e-7 1 -1.29021e-6 7.31181e-7 1 -9.15256e-7 0 1 0 0 -1 8.23733e-7 -2.08909e-7 -1 6.178e-7 -1.25345e-6 -1 1.23559e-6 0 -1 1.09831e-6 -6.26726e-7 -1 1.02966e-6 -4.17816e-7 -1 4.11863e-7 0 -1 1.53546e-7 -6.45799e-7 -1 2.37328e-7 -1 0 0 -6.1044e-7 0 1 -6.60977e-7 0 1 -7.76303e-7 0 1 -6.92855e-7 -1 -1.09831e-6 -7.31181e-7 -1 0 -1.46236e-6 -1 0 -1.46236e-6 -1 0 -1.46236e-7 -1 0 -8.77417e-7 -1 -4.68394e-7 -3.6559e-7 -1 1.09831e-6 0 -1 1.46441e-6 -4.77034e-7 -1 7.67045e-7 -9.13974e-7 -1 1.83053e-7 -1 0 0 -1 0 0 0 1 0 0 -1 1.46441e-6 -1.25345e-6 -1 1.46441e-6 -6.26725e-7 -1 7.32205e-7 -2.5069e-6 -1 0 0 0 1 -1 0 0 0 0 -1 0 0 -1 1.83051e-7 0 1 1.83051e-7 0 1 2.21624e-7 1 -4.4387e-7 1.8166e-7 1 0 1.64613e-7 1 -7.68231e-7 2.92472e-7 1 -2.92882e-7 2.92472e-7 1 0 2.55718e-7 1 -2.20832e-7 0 1 -1.75729e-6 0 0 1 0 0 1 0 0 1 0 0 1 -1 6.94709e-7 0 -1 5.5973e-7 1.89249e-7 -1 4.57628e-7 0 -1 4.74163e-7 1.06846e-6 -1 3.66103e-7 0 -1 7.32205e-7 0 -1 6.24144e-7 1.47245e-7 -1 0 1.25345e-6 -1 1.28597e-7 5.3803e-7 -1 0 0 -4.17817e-7 -1 -2.58041e-7 -8.35635e-7 -1 0 -5.65063e-7 -1 8.07192e-7 0 -1 0 -3.52655e-7 -1 1.54502e-6 -8.35635e-7 -1 0 -4.17817e-7 -1 2.58041e-7 -3.88735e-7 -1 2.50803e-7 -3.52655e-7 -1 1.54503e-6 -2.70572e-7 -1 1.02332e-6 0 0 -1 -1.83051e-7 0 -1 0 0 -1 2.15821e-7 1 -7.74123e-7 1.2884e-7 1 0 0 1 -5.49154e-7 3.6559e-7 1 0 -1.23326e-7 -1 2.66717e-7 0 1 -1.46555e-7 6.78953e-7 1 -5.04069e-7 1.04942e-6 1 -3.69177e-7 0 1 -2.60284e-7 0 -1 1.64746e-7 0 -1 1.64746e-7 -6.88211e-7 -1 2.11389e-7 0 -1 1.64746e-7 0 -1 1.44043e-7 -1.17796e-6 -1 5.80591e-7 0 -1 8.23729e-7 0 -1 4.11865e-7 1 0 0 1 0 0 1 0 0 -6.25111e-7 0 1 -3.99946e-7 0 1 -6.25111e-7 0 1 2.92882e-7 0 -1 -3.14373e-7 -1 1.21569e-7 -2.46652e-7 -1 1.16119e-6 0 -1 8.23731e-7 1.52855e-7 1 -5.12154e-7 1.35791e-7 1 0 1.3579e-7 1 0 0 0 1 1.55651e-7 0 1 1.41894e-7 0 -1 2.21935e-7 0 -1 0 0 1 -2.40278e-7 0 1 -5.3611e-7 0 1 0 1 0 0 1 -1.17153e-6 -3.34254e-7 -1 0 -1.67127e-7 -1 0 -3.34253e-7 -1 0 -5.84945e-7 -1 0 -8.35634e-7 -1 0 -8.35634e-7 -1 0 -8.35634e-7 -1 0 -8.64492e-7 0 1 -1.03217e-6 0 1 0 1 0 0 1 0 0 1 0 -5.41143e-7 -1 6.45103e-7 -5.88982e-7 -1 5.40307e-7 -5.76329e-7 0 -1 -9.76274e-7 0 -1 -1.17625e-6 0 -1 -6.64468e-7 -1 2.18334e-7 -3.4233e-7 -1 0 -1.67127e-6 -1 5.49153e-7 1.46441e-6 0 1 4.60191e-7 0 1 0 0 1 -9.83646e-7 0 1 -1.19824e-7 0 1 2.0768e-6 0 1 -2.78545e-7 -1 3.05085e-7 -2.91126e-7 -1 1.83788e-7 0 1 0 1.24654e-6 1 0 3.6559e-7 1 -1.2902e-7 2.1582e-7 1 0 -4.1782e-7 -1 3.66104e-7 -2.08909e-7 -1 6.40679e-7 -8.35635e-7 -1 9.15255e-7 0 1 0 -2.39967e-7 0 -1 -3.45797e-7 0 -1 7.31181e-7 1 0 -8.78645e-7 0 -1 0 0 -1 0 0 -1 0 0 -1 -8.35638e-7 -1 1.64746e-6 -4.17817e-7 -1 1.37288e-6 -6.4198e-7 0 1 2.06434e-6 0 1 1.12668e-6 0 1 -8.06492e-7 0 1 1.91914e-7 0 1 0 0 1 -5.12156e-7 0 1 1.04108e-6 0 1 3.07292e-7 0 1 1.25345e-6 1 4.11863e-7 4.17816e-7 1 -4.11865e-7 0 1 -1.64746e-6 0 1 0 6.26724e-7 1 2.28814e-7 1.46758e-6 0 1 -1.32894e-6 -1 0 -1.71165e-7 -1 2.18335e-7 -8.35633e-7 -1 0 6.64469e-7 1 -2.18334e-7 -3.35616e-7 0 -1 -3.63269e-7 0 -1 4.88137e-7 0 -1 1.71165e-7 1 -3.61329e-7 5.88123e-7 0 -1 0 1 -5.73414e-7 0 1 -5.49153e-7 0 1 -5.49153e-7 -5.88123e-7 0 -1 8.35634e-7 1 -5.55403e-7 -9.76275e-7 0 -1 -2.53382e-7 -1 1.33443e-7 -5.1608e-7 0 1 2.39647e-7 0 1 4.21181e-7 -1 0 6.96361e-7 -1 0 1.39272e-6 -1 -2.44068e-7 7.31179e-7 1 0 -4.32245e-7 0 1 1.23326e-7 1 -2.37082e-7 1.17797e-6 1 -5.16083e-7 -1.04454e-6 -1 6.86441e-7 -4.17817e-7 -1 1.83052e-7 -6.04489e-7 -1 2.99381e-7 0 -1 3.06832e-7 -8.35635e-7 -1 4.11865e-7 8.54508e-7 1 0 4.17817e-7 1 -2.28815e-7 2.08909e-7 1 -6.86443e-7 1.79977e-7 0 -1 0 0 -1 8.35636e-7 1 -7.96716e-7 -2.19661e-6 0 -1 -2.16123e-7 0 -1 1.32505e-6 0 -1 -1.09831e-6 0 -1 -4.17817e-7 -1 4.57627e-7 1.25345e-6 1 -1.46441e-6 8.3563e-7 1 -9.7627e-7 3.13363e-7 1 -3.66102e-7 1 0 0 1 0 0 1 0 0 0 -1 0 0 1 -1.46441e-6 2.5069e-6 1 0 0 0 -1 0 -1 0 0 -1 0 -3.66102e-7 0 -1 -2.44068e-7 0 -1 1.11574e-6 0 1 -1.46236e-6 -1 0 0 -1 1.4644e-6 -1.60323e-7 -1 2.47626e-6 0 -1 -2.16123e-7 0 -1 0 -1 0 0 -1 0 0 1.09677e-6 1 -3.66103e-7 1.99901e-6 0 -1 -0.2495626 0.8162679 -0.5209848 -0.152321 0.4982198 0.8535663 -0.1523215 0.4982203 0.8535659 -0.1523203 0.4982209 0.8535658 0.9563046 0.2923724 -7.28935e-7 0.9563045 0.2923728 -2.28814e-7 -0.2495596 0.8162706 -0.5209822 -0.2495579 0.8162699 -0.5209841 -0.2495612 0.8162695 -0.5209832 -0.2495601 0.81627 -0.5209829 -0.1418444 0.4639524 0.8744303 -0.9563046 -0.2923726 4.76316e-7 -0.9563046 -0.2923724 7.06559e-7 -0.9563044 -0.292373 -6.49559e-7 -0.1523223 0.4982184 0.8535668 -0.9563045 -0.2923728 3.29494e-6 -0.1418436 0.4639523 0.8744305 -0.1523234 0.4982189 0.8535664 0.9563045 0.2923725 -5.18936e-7 -0.1523215 0.4982178 0.8535673 -0.2350913 0.4495468 0.8617656 0.2300111 -0.7523321 0.6173259 0.9563053 0.2923701 -3.954e-6 0.9563044 0.2923728 -1.22513e-7 0.1523215 -0.4982208 -0.8535656 0.1523213 -0.498219 -0.8535667 0.1523206 -0.4982191 -0.8535668 0.1523209 -0.4982178 -0.8535674 0.1523154 -0.4982156 -0.8535697 0.249559 -0.8162705 0.5209826 0.2495585 -0.8162704 0.5209831 0.2495563 -0.8162708 0.5209833 0.2495597 -0.8162711 0.5209814 0.2495598 -0.8162719 0.5209801 0.2495588 0.8162696 -0.520984 0.2495629 0.8162684 -0.5209839 0.1523213 0.4982217 0.8535652 0.1523248 0.4982216 0.8535645 -0.9563047 0.2923722 -9.88345e-7 -0.9563044 0.2923731 -9.15257e-7 -0.9563042 0.292374 -1.18984e-6 0.2495594 0.8162683 -0.5209859 0.2495624 0.8162689 -0.5209836 0.9563043 -0.2923737 2.12798e-6 0.1418412 0.4639531 0.8744305 0.9563043 -0.2923737 -1.48826e-6 0.9563043 -0.2923734 -1.37957e-6 -0.2300143 -0.7523353 0.6173208 0.1523213 0.4982183 0.8535672 0.9563037 -0.2923752 -8.23734e-7 0.07896316 0.4982769 0.8634147 0.1418471 0.4639517 0.8744303 0.1523227 0.4982187 0.8535666 -0.9563048 0.2923718 -1.32581e-6 0.1523217 0.4982178 0.8535673 0.1381848 0.4519749 0.8812626 -0.2300122 -0.7523317 0.6173262 -0.9563046 0.2923724 -1.01202e-6 -0.9563055 0.2923698 -4.56852e-6 -0.9563044 0.2923727 -4.69664e-7 -0.1523214 -0.4982211 -0.8535655 -0.1523154 -0.4982132 -0.8535711 -0.1523248 -0.4982172 -0.8535671 -0.15232 -0.4982193 -0.8535668 -0.1523202 -0.4982192 -0.8535668 -0.2495523 -0.8162716 0.520984 -0.2495597 -0.8162716 0.5209804 -0.2495594 -0.8162712 0.5209814 -0.2495557 -0.816271 0.5209835 -0.2495623 -0.81627 0.5209819 0 0.8743869 0.4852296 0 -0.8743876 -0.4852283 -1 1.54449e-6 6.28281e-7 0 0.4852288 -0.8743872 9.98623e-7 0.8743882 0.485227 0 -0.4852303 0.8743864 0 -0.4852234 0.8743903 -1 0 0 1 -2.12211e-7 0 -1 2.12211e-7 0 -1.67127e-6 -1 8.23737e-7 -1 1.0983e-6 0 -1 2.92881e-6 0 -5.76327e-7 0 -1 -1.67127e-6 -1 0 0 1 -6.50848e-7 4.5641e-7 1 -1.73345e-7 5.84944e-7 1 0 5.84945e-7 1 0 -2.51783e-7 0 1 1.67127e-6 -1 0 0 0 -1 -2.92882e-7 0 -1 -1.37149e-7 0 -1 -0.5938057 0 -0.8046085 -0.8046154 -4.73075e-7 0.5937964 -0.8046147 -5.10921e-7 0.5937973 -0.8046139 0 0.5937985 -0.8046134 0 0.5937992 -0.8046129 -6.88108e-7 0.5937998 0 -1 -3.05085e-7 0.5937961 1.49492e-6 0.8046156 0.5937916 0 0.8046189 0.8046161 -6.21042e-6 -0.5937954 0.8046182 -1.56202e-5 -0.5937927 0.8046163 0 -0.5937952 0.8046163 0 -0.5937951 0.8046156 0 -0.5937961 0 -1 0 -0.5938007 4.6901e-6 -0.8046122 0 1 0 0 1 0 0.5938057 0 -0.8046085 0.8046134 0 0.5937991 0.804614 0 0.5937982 0.804613 0 0.5937996 0.8046149 0 0.5937971 0.8046156 -2.58041e-7 0.5937961 -1.89891e-6 -1 4.27122e-7 -0.5937935 3.78307e-6 0.8046175 -0.8046181 -1.56825e-5 -0.5937927 -0.804616 -6.23517e-6 -0.5937955 -0.8046151 0 -0.5937968 -0.8046163 0 -0.5937952 -0.8046166 0 -0.5937947 0 1 0 -5.88659e-7 -1 -1.26072e-7 0.5937941 -1.56289e-5 -0.8046171 -0.9120973 -0.4099001 0.007772445 -0.1109705 0.265143 0.9578021 -0.1109828 0.2651398 0.9578016 0.912097 0.4099007 -0.007776081 -0.9120969 -0.4099009 0.007772862 -0.9120972 -0.4099004 0.007774353 0.1109836 -0.2651357 -0.9578025 0.1109885 -0.2651347 -0.9578023 0.9120972 0.4099003 -0.007774412 0.9120975 0.4098996 -0.007776021 -0.9120974 -0.4099001 0.007770597 -0.3946632 0.8727469 -0.2873222 -0.3946626 0.8727476 -0.2873207 -0.3946632 0.8727464 -0.2873235 -0.3946617 0.8727456 -0.287328 -0.1109915 0.2651559 0.9577961 -0.1109924 0.2651281 0.9578037 -0.3946643 0.872747 -0.2873203 -0.394666 0.872746 -0.2873208 -0.3946647 0.8727476 -0.2873179 -0.3946666 0.8727473 -0.287316 -0.3946661 0.8727437 -0.2873277 0.9120966 0.4099019 -0.007774174 0.1109864 -0.2651337 -0.9578028 -0.1110009 0.2651401 0.9577994 -0.1109971 0.265131 0.9578024 -0.9120969 -0.4099014 0.007770061 -0.9120965 -0.409902 0.007767677 -0.1109926 0.2651284 0.9578036 0.3946723 -0.8727405 0.2873293 0.3946632 -0.8727473 0.287321 0.394665 -0.8727453 0.2873244 0.3946647 -0.8727455 0.2873241 0.3946574 -0.8727476 0.2873278 0.3946611 -0.8727459 0.2873278 0.394665 -0.8727457 0.2873231 0.3946646 -0.8727467 0.2873209 0.3946651 -0.8727463 0.2873213 0.3946637 -0.8727466 0.2873221 0.3946602 -0.8727483 0.2873219 0.3946631 -0.8727475 0.2873202 0.3946623 -0.8727474 0.2873215 -0.978503 -0.206192 -0.004123151 -0.978502 -0.2061967 -0.004124999 -0.9785026 -0.2061934 -0.004124104 0.9785029 0.2061917 0.004125118 -0.9785029 -0.2061922 -0.004123985 -0.9785026 -0.2061938 -0.004123091 -0.0132054 0.08267176 -0.9964894 -0.01320922 0.08266842 -0.9964896 0.978503 0.2061918 0.004124343 0.9785026 0.2061936 0.004123747 -0.9785017 -0.2061972 -0.004125654 -0.9785025 -0.2061943 -0.004126012 -0.2058154 0.9750121 0.0836147 -0.205811 0.975013 0.08361649 -0.2058118 0.9750131 0.08361232 0.01321989 -0.08266407 0.9964898 -0.01321923 0.08266431 -0.9964898 -0.2058097 0.9750131 0.08361649 -0.2058101 0.9750132 0.0836153 -0.2058113 0.975013 0.08361363 -0.2058102 0.975013 0.08361679 -0.2058135 0.9750128 0.08361166 -0.2058113 0.9750126 0.08361965 0.9785029 0.2061918 0.004124462 -0.01321995 0.08266294 -0.9964899 -0.01321995 0.08266377 -0.9964898 0.01321959 -0.0826627 0.9964899 0.01321417 -0.08266443 0.9964898 -0.9785024 -0.206195 -0.004107594 -0.9785024 -0.2061941 -0.00412327 0.205812 -0.9750128 -0.0836144 0.20581 -0.9750133 -0.0836147 0.2058103 -0.9750131 -0.0836147 0.2058091 -0.9750135 -0.08361428 0.2058102 -0.9750132 -0.08361494 0.2058102 -0.9750134 -0.08361238 0.2058103 -0.9750132 -0.08361464 0.2058108 -0.9750131 -0.08361548 0.2058081 -0.9750136 -0.08361619 0.2058104 -0.9750132 -0.08361417 0.2058075 -0.9750142 -0.08361124 0.2058084 -0.975014 -0.08361119 0.2058084 -0.9750133 -0.0836184 0.9120969 -0.409901 0.007772445 0.1109897 0.2651364 0.9578016 0.1109686 0.265143 0.9578024 -0.9120968 0.4099013 -0.007772624 0.9120966 -0.4099018 0.007769346 0.9120972 -0.4099006 0.007771909 0.9120957 -0.4099037 0.007766723 -0.110986 -0.2651354 -0.9578024 -0.9120973 0.4099001 -0.007774412 -0.9120978 0.4098991 -0.007772684 0.9120951 -0.409905 0.007774949 0.9120968 -0.4099012 0.007773816 0.9120966 -0.4099019 0.007775008 0.3946623 0.8727468 -0.2873235 0.3946626 0.8727468 -0.2873234 0.3946673 0.8727448 -0.2873228 -0.1109921 -0.2651345 -0.9578019 0.1109901 0.2651547 0.9577966 -0.1109902 -0.2651363 -0.9578016 0.3946635 0.8727463 -0.2873233 0.3946657 0.8727447 -0.2873255 0.3946648 0.8727458 -0.2873229 0.394666 0.8727459 -0.2873215 0.3946642 0.8727468 -0.2873209 -0.9120973 0.4099004 -0.007773458 -0.1109946 -0.2651337 -0.9578019 0.1110008 0.2651398 0.9577994 0.1109887 0.2651367 0.9578017 0.1109918 0.265127 0.9578041 0.9120972 -0.4099007 0.007768571 0.9120977 -0.4098993 0.007769644 -0.3946642 -0.8727457 0.287324 -0.3946649 -0.8727463 0.2873218 -0.3946655 -0.872745 0.2873246 -0.3946722 -0.8727404 0.2873294 -0.3946624 -0.8727474 0.2873216 -0.3946598 -0.8727482 0.2873229 -0.3946634 -0.8727452 0.2873268 -0.3946592 -0.8727468 0.2873277 -0.3946639 -0.8727456 0.2873249 -0.3946637 -0.8727472 0.2873202 -0.3946649 -0.8727461 0.2873222 -0.394665 -0.8727464 0.2873209 -0.3946656 -0.8727461 0.287321 0.9785027 -0.206193 -0.004123568 0.9785028 -0.2061924 -0.004124879 -0.01321953 -0.08266425 0.9964898 -0.01322543 -0.08266663 0.9964895 0.9785026 -0.2061936 -0.00412333 0.9785028 -0.2061924 -0.00412327 0.9785014 -0.2061993 -0.004118919 0.01321166 0.08266842 -0.9964895 0.01320528 0.08267176 -0.9964894 -0.9785028 0.206193 0.004124283 -0.9785027 0.2061933 0.004123747 0.9785025 -0.2061938 -0.004125893 0.2058126 0.975013 0.08361136 0.205815 0.9750123 0.08361351 0.2058048 0.9750146 0.08361208 0.2058095 0.9750133 0.08361595 0.01321959 0.08266294 -0.9964899 0.2058072 0.9750136 0.08361893 0.2058101 0.975013 0.08361756 0.2058159 0.9750122 0.08361268 0.2058129 0.975013 0.08361214 0.2058074 0.9750134 0.08361929 -0.9785028 0.2061927 0.004123747 0.01322287 0.08266431 -0.9964897 0.01322728 0.08266419 -0.9964897 0.01322144 0.08266395 -0.9964898 -0.01322138 -0.08266276 0.9964899 -0.01321774 -0.08267998 0.9964886 0.9785031 -0.2061911 -0.004123926 0.9785026 -0.2061933 -0.004126071 0.9785024 -0.2061941 -0.004121959 -0.2058088 -0.9750135 -0.08361476 -0.2058101 -0.9750132 -0.08361476 -0.2058117 -0.975013 -0.08361446 -0.2058101 -0.9750131 -0.08361494 -0.2058108 -0.9750132 -0.08361423 -0.2058091 -0.9750137 -0.08361113 -0.2058076 -0.975014 -0.08361154 -0.2058117 -0.9750131 -0.08361244 -0.2058096 -0.9750134 -0.08361369 -0.2058122 -0.9750128 -0.08361482 -0.2058085 -0.9750134 -0.08361613 -0.2058107 -0.9750131 -0.08361518 -0.205812 -0.9750129 -0.08361423 -1 1.64747e-6 0 -1 0 0 0 -0.422619 0.9063076 -2.30529e-6 -0.4226205 0.9063068 1.43721e-5 -0.4226212 0.9063065 1 -2.59971e-7 2.83229e-7 1 1.22037e-7 0 1 -1.83045e-7 0 0 0.9063085 0.4226167 0 0.9063146 0.4226039 -1 0 0 -1 0 0 -4.76945e-6 -0.4226237 0.9063054 0 0.9063054 0.4226233 0 0.9063142 0.4226046 1 0 0 1.83055e-6 0.9063094 0.4226149 0 0.9063086 0.4226166 0 0.4226107 -0.9063114 0 0.4226145 -0.9063096 0 -0.4226247 0.9063048 0 -0.4226178 0.906308 -1 9.15273e-7 0 -1 0 0 -4.90926e-6 -0.4226197 0.9063072 0 -0.9063028 -0.422629 -2.19666e-6 -0.9063019 -0.4226309 1.59668e-6 -0.9063062 -0.4226217 -1.32285e-7 -0.9063058 -0.4226226 -2.19667e-6 -0.9063055 -0.4226234 -5.04156e-6 -0.9063079 -0.4226182 0 -0.9063048 -0.4226245 4.75736e-6 -0.9063084 -0.4226171 -5.85762e-7 -0.9063091 -0.4226156 4.49928e-7 -0.9063083 -0.4226171 1.33889e-6 0.4226194 -0.9063073 -1.19551e-6 0.422614 -0.9063098 -1 0 0 -1 7.6043e-7 0 -1 5.95109e-7 4.72017e-7 1 -2.93868e-7 -1.59145e-6 -2.74643e-6 -0.1116235 -0.9937506 -2.92882e-6 -0.111624 -0.9937505 1.81283e-6 -0.1116231 -0.9937507 -1 0 0 9.15246e-7 0.9937512 -0.111618 -1 0 0 -1 0 0 0 0.9937498 -0.1116313 1 -9.15247e-7 -7.37135e-7 0 0.1116248 0.9937505 0 0.1116244 0.9937506 0 -0.111622 -0.9937508 0 -0.1116209 -0.9937509 0 0.9937506 -0.1116237 0 0.9937506 -0.1116242 1 0 0 0 0.111624 0.9937506 -1.17153e-6 0.1116216 0.9937509 -1 2.00195e-7 8.81254e-7 -1 1.83048e-7 0 4.1451e-7 0.1116239 0.9937506 0 -0.993751 0.1116205 -1.09829e-6 -0.9937511 0.1116194 1.50962e-6 -0.9937505 0.1116245 -4.49936e-7 -0.9937506 0.1116244 0 -0.993751 0.1116204 -2.84502e-6 -0.9937504 0.1116258 5.78861e-7 -0.9937507 0.1116225 -2.10511e-6 -0.9937508 0.1116219 -5.16081e-7 -0.9937508 0.1116215 -1.46441e-6 -0.9937508 0.111622 0 -0.9937509 0.1116212 -7.3118e-7 -1 0 0 -1 2.19661e-6 1 1.09831e-6 0 1 -3.13803e-7 1.43252e-6 0 -1 3.07092e-7 -6.45799e-7 -1 3.76856e-7 -1 0 0 -1 0 0 4.70638e-7 0 1 0 1 0 -1 0 0 0 1 0 0 0 -1 0 0 1 -1 7.32205e-7 0 -1 3.13803e-7 1.07439e-6 0 1 -5.45942e-7 -1.67127e-6 -1 3.07092e-7 -1.67127e-6 -1 6.14184e-7 -8.35634e-7 -1 8.23729e-7 -9.4784e-7 0 1 2.71581e-7 1 0 -1.17153e-6 0 1 -3.34253e-7 -1 0 -2.92882e-6 0 1 0 -1 1.83051e-6 2.9996e-7 0 1 -1.08902e-6 -1 5.47678e-7 0 1 0 8.35634e-7 1 8.69492e-7 0 -1 5.49154e-7 -1.63848e-6 0 -1 -5.7633e-7 0 -1 -8.42366e-7 -1 6.43628e-7 2.7562e-7 1 0 2.08908e-7 1 -2.28814e-7 -2.16123e-7 0 1 2.39647e-7 0 1 9.58587e-7 0 1 0 -1 1.83051e-6 0 1 -2.19661e-6 0 1 -9.76272e-7 0 1 -2.92882e-6</float_array>
          <technique_common>
            <accessor source="#Body-mesh-normals-array" count="1859" stride="3">
              <param name="X" type="float"/>
              <param name="Y" type="float"/>
              <param name="Z" type="float"/>
            </accessor>
          </technique_common>
        </source>
        <source id="Body-mesh-map-0">
          <float_array id="Body-mesh-map-0-array" count="21246">0.0546875 0.7109375 0.046875 0.6953125 0.0546875 0.6953125 0.046875 0.6953125 0.0546875 0.7109375 0.046875 0.7109375 0.046875 0.7109375 0.0546875 0.6953125 0.0546875 0.7109375 0.1484375 0.9140625 0.15625 0.8984375 0.15625 0.9140625 0.1484375 0.9140625 0.1484375 0.8984375 0.15625 0.9140625 0.046875 0.8984375 0.03515625 0.8671875 0.0546875 0.8984375 0.03515625 0.8671875 0.03515625 0.8671875 0.03515625 0.8671875 0.03515625 0.6640625 0.03515625 0.6640625 0.03515625 0.6640625 0.046875 0.6953125 0.0546875 0.7109375 0.046875 0.7109375 0.03515625 0.6640625 0.03515625 0.6640625 0.03515625 0.6640625 0.0546875 0.8984375 0.0546875 0.9140625 0.0546875 0.9140625 0.0546875 0.8984375 0.046875 0.9140625 0.046875 0.8984375 0.0546875 0.7109375 0.046875 0.6953125 0.0546875 0.6953125 0.1484375 0.9140625 0.1484375 0.8984375 0.15625 0.9140625 0.0546875 0.8984375 0.046875 0.9140625 0.046875 0.8984375 0.0546875 0.6953125 0.046875 0.7109375 0.046875 0.6953125 0.15625 0.8984375 0.1484375 0.9140625 0.1484375 0.8984375 0.1484375 0.9140625 0.1484375 0.8984375 0.15625 0.8984375 0.0546875 0.7109375 0.046875 0.6953125 0.0546875 0.6953125 0.0546875 0.6953125 0.046875 0.7109375 0.046875 0.6953125 0.15625 0.6953125 0.1484375 0.7109375 0.1484375 0.7109375 0.15625 0.6953125 0.1484375 0.7109375 0.1484375 0.6953125 0.15625 0.6953125 0.1484375 0.7109375 0.1484375 0.6953125 0.15625 0.7109375 0.15625 0.7109375 0.1484375 0.6953125 0.2578125 0.9140625 0.25 0.9140625 0.25 0.8984375 0.2578125 0.9140625 0.25 0.8984375 0.2578125 0.8984375 0.2578125 0.8984375 0.25 0.9140625 0.25 0.8984375 0.2578125 0.8984375 0.2578125 0.9140625 0.2578125 0.9140625 0.25 0.9140625 0.25 0.8984375 0.2578125 0.8984375 0.2578125 0.7109375 0.25 0.7109375 0.25 0.6953125 0.25 0.7109375 0.25 0.7109375 0.2578125 0.6953125 0.15625 0.9140625 0.1484375 0.9140625 0.1484375 0.9140625 0.2578125 0.6953125 0.25 0.7109375 0.25 0.6953125 0.046875 0.8984375 0.0546875 0.8984375 0.046875 0.8984375 0.0546875 0.8984375 0.046875 0.9140625 0.046875 0.8984375 0.1484375 0.8984375 0.15625 0.9140625 0.1484375 0.9140625 0.0546875 0.6953125 0.046875 0.7109375 0.046875 0.6953125 0.046875 0.6953125 0.0546875 0.6953125 0.046875 0.7109375 0.046875 0.6953125 0.046875 0.7109375 0.0546875 0.7109375 0.046875 0.6953125 0.0546875 0.7109375 0.046875 0.7109375 0.0546875 0.8984375 0.046875 0.9140625 0.046875 0.8984375 0.15625 0.8984375 0.1484375 0.9140625 0.1484375 0.8984375 0.046875 0.6953125 0.0546875 0.6953125 0.0546875 0.7109375 0.046875 0.6953125 0.0546875 0.6953125 0.046875 0.7109375 0.046875 0.6953125 0.0546875 0.7109375 0.046875 0.7109375 0.0546875 0.7109375 0.046875 0.7109375 0.046875 0.7109375 0.1484375 0.8984375 0.15625 0.9140625 0.1484375 0.9140625 0.15625 0.8984375 0.1484375 0.9140625 0.1484375 0.8984375 0.0546875 0.7109375 0.0546875 0.7109375 0.046875 0.6953125 0.0546875 0.6953125 0.046875 0.7109375 0.046875 0.6953125 0.0546875 0.6953125 0.0546875 0.7109375 0.0546875 0.7109375 0.1484375 0.9140625 0.1484375 0.8984375 0.15625 0.9140625 0.0546875 0.7109375 0.046875 0.6953125 0.0546875 0.6953125 0.046875 0.6953125 0.0546875 0.7109375 0.046875 0.7109375 0.046875 0.7109375 0.0546875 0.6953125 0.0546875 0.7109375 0.1484375 0.9140625 0.15625 0.8984375 0.15625 0.9140625 0.1484375 0.8984375 0.15625 0.9140625 0.15625 0.8984375 0.1484375 0.8984375 0.1484375 0.9140625 0.15625 0.9140625 0.15625 0.9140625 0.1640625 0.9140625 0.1640625 0.8984375 0.046875 0.6953125 0.0546875 0.6796875 0.046875 0.6796875 0.046875 0.7109375 0.0546875 0.6953125 0.046875 0.6953125 0.1484375 0.8828125 0.1484375 0.8828125 0.1484375 0.8984375 0.046875 0.8984375 0.0546875 0.9140625 0.0546875 0.8984375 0.15625 0.9140625 0.1484375 0.9140625 0.15625 0.9296875 0.046875 0.7109375 0.0546875 0.7265625 0.0546875 0.7109375 0.046875 0.8984375 0.0546875 0.9140625 0.0546875 0.8984375 0.1484375 0.9140625 0.15625 0.9296875 0.15625 0.9140625 0.0546875 0.7109375 0.0546875 0.7109375 0.0546875 0.6953125 0.0546875 0.7109375 0.0546875 0.6953125 0.046875 0.6953125 0.046875 0.7109375 0.0546875 0.7265625 0.0546875 0.7109375 0.0546875 0.8984375 0.0625 0.9140625 0.0625 0.8984375 0.0546875 0.9140625 0.0546875 0.9140625 0.046875 0.9140625 0.0546875 0.7265625 0.0546875 0.7109375 0.046875 0.7109375 0.046875 0.8828125 0.0546875 0.8671875 0.046875 0.8671875 0.0546875 0.7265625 0.0546875 0.7109375 0.046875 0.7109375 0.15625 0.9140625 0.1640625 0.8984375 0.15625 0.8984375 0.15625 0.9140625 0.1484375 0.9296875 0.1484375 0.9296875 0.0546875 0.6953125 0.0625 0.7109375 0.0625 0.6953125 0.046875 0.6640625 0.0546875 0.6796875 0.0546875 0.6640625 0.0625 0.7109375 0.0625 0.6953125 0.0546875 0.6953125 0.1484375 0.8984375 0.1484375 0.8984375 0.15625 0.8828125 0.0625 0.9140625 0.0625 0.8984375 0.0546875 0.8984375 0.046875 0.8828125 0.0546875 0.8671875 0.046875 0.8671875 0.0546875 0.6796875 0.046875 0.6953125 0.046875 0.6953125 0.046875 0.6953125 0.0546875 0.6796875 0.046875 0.6796875 0.1484375 0.8984375 0.15625 0.8828125 0.1484375 0.8828125 0.046875 0.6953125 0.0546875 0.6953125 0.046875 0.6796875 0.0546875 0.6953125 0.0546875 0.6953125 0.0546875 0.6796875 0.046875 0.8828125 0.046875 0.8984375 0.0546875 0.8828125 0.046875 0.9140625 0.046875 0.8984375 0.046875 0.9296875 0.0546875 0.8828125 0.0546875 0.8828125 0.0546875 0.8671875 0.1484375 0.8828125 0.15625 0.8984375 0.15625 0.8828125 0.1484375 0.8984375 0.15625 0.9140625 0.1484375 0.9140625 0.15625 0.9140625 0.1484375 0.9140625 0.1484375 0.8984375 0.15625 0.8984375 0.1640625 0.8984375 0.1640625 0.8984375 0.0546875 0.6796875 0.046875 0.6953125 0.046875 0.6796875 0.0546875 0.6953125 0.046875 0.7109375 0.046875 0.6953125 0.1484375 0.8984375 0.1484375 0.8828125 0.1484375 0.8828125 0.046875 0.9140625 0.046875 0.8984375 0.046875 0.8984375 0.1484375 0.9140625 0.1484375 0.9140625 0.15625 0.9296875 0.046875 0.7109375 0.0546875 0.7265625 0.046875 0.7265625 0.046875 0.8984375 0.0546875 0.9140625 0.046875 0.9140625 0.15625 0.9296875 0.1484375 0.9140625 0.15625 0.9140625 0.0546875 0.6953125 0.0546875 0.7109375 0.0546875 0.7109375 0.046875 0.6953125 0.0546875 0.7109375 0.0546875 0.7109375 0.0546875 0.7265625 0.046875 0.7109375 0.0546875 0.7109375 0.0625 0.8984375 0.0546875 0.9140625 0.0546875 0.8984375 0.046875 0.9296875 0.046875 0.9140625 0.0546875 0.9140625 0.0546875 0.7265625 0.046875 0.7265625 0.046875 0.7109375 0.0546875 0.8671875 0.046875 0.8828125 0.046875 0.8671875 0.046875 0.7265625 0.046875 0.7109375 0.046875 0.7109375 0.1640625 0.8984375 0.15625 0.9140625 0.15625 0.8984375 0.1484375 0.9296875 0.1484375 0.9296875 0.15625 0.9140625 0.0546875 0.7109375 0.0546875 0.6953125 0.0546875 0.6953125 0.046875 0.6640625 0.0546875 0.6796875 0.046875 0.6796875 0.0546875 0.6953125 0.0625 0.7109375 0.0546875 0.6953125 0.1484375 0.8984375 0.1484375 0.8828125 0.15625 0.8828125 0.0546875 0.8984375 0.0625 0.9140625 0.0546875 0.9140625 0.0546875 0.8671875 0.046875 0.8828125 0.046875 0.8671875 0.046875 0.6953125 0.046875 0.6796875 0.0546875 0.6796875 0.0546875 0.6796875 0.046875 0.6953125 0.046875 0.6796875 0.15625 0.8828125 0.1484375 0.8984375 0.1484375 0.8828125 0.046875 0.6953125 0.046875 0.6796875 0.046875 0.6796875 0.0546875 0.6796875 0.0546875 0.6953125 0.0546875 0.6953125 0.046875 0.8984375 0.0546875 0.8828125 0.0546875 0.8828125 0.046875 0.8984375 0.046875 0.9140625 0.046875 0.9296875 0.0546875 0.8671875 0.0546875 0.8828125 0.046875 0.8671875 0.1484375 0.8828125 0.15625 0.8984375 0.1484375 0.8984375 0.0546875 0.8984375 0.0625 0.9140625 0.0546875 0.9140625 0.15625 0.8984375 0.1484375 0.8828125 0.15625 0.8828125 0.15625 0.8984375 0.1640625 0.9140625 0.15625 0.9140625 0.15625 0.8671875 0.1484375 0.8828125 0.1484375 0.8671875 0.0546875 0.6796875 0.046875 0.6953125 0.046875 0.6796875 0.15625 0.8984375 0.1640625 0.9140625 0.15625 0.9140625 0.1484375 0.9140625 0.15625 0.9140625 0.15625 0.9140625 0.046875 0.8828125 0.0546875 0.8828125 0.0546875 0.8828125 0.046875 0.7109375 0.0390625 0.6953125 0.046875 0.6953125 0.0546875 0.9296875 0.046875 0.9140625 0.0546875 0.9140625 0.0546875 0.7109375 0.046875 0.7265625 0.046875 0.7109375 0.15625 0.9296875 0.1484375 0.9296875 0.1484375 0.9296875 0.0546875 0.8671875 0.0546875 0.8828125 0.046875 0.8828125 0.0546875 0.6640625 0.046875 0.6796875 0.046875 0.6640625 0.0546875 0.6953125 0.0625 0.7109375 0.0546875 0.7109375 0.0546875 0.9140625 0.0546875 0.8984375 0.0546875 0.8984375 0.15625 0.8984375 0.15625 0.9140625 0.1484375 0.9140625 0.046875 0.9140625 0.0546875 0.8984375 0.0546875 0.9140625 0.046875 0.9140625 0.0546875 0.9140625 0.0546875 0.9140625 0.046875 0.7109375 0.046875 0.6953125 0.046875 0.7109375 0.15625 0.9140625 0.15625 0.8984375 0.15625 0.8984375 0.046875 0.8984375 0.0546875 0.8984375 0.046875 0.8984375 0.1484375 0.8984375 0.15625 0.8984375 0.1484375 0.8984375 0.2578125 0.4765625 0.25 0.4921875 0.25 0.4765625 0.2578125 0.4921875 0.25 0.5078125 0.25 0.4921875 0.2578125 0.5078125 0.25 0.5234375 0.25 0.5078125 0.0546875 0.6953125 0.046875 0.7109375 0.046875 0.6953125 0.2578125 0.6953125 0.25 0.6796875 0.2578125 0.6796875 0.15625 0.7109375 0.1484375 0.6953125 0.15625 0.6953125 0.15625 0.7109375 0.1484375 0.7109375 0.15625 0.6953125 0.2578125 0.8984375 0.25 0.9140625 0.25 0.8984375 0.0546875 0.4921875 0.046875 0.5078125 0.046875 0.4921875 0.25 0.6953125 0.2578125 0.7109375 0.25 0.7109375 0.2578125 0.9296875 0.25 0.9140625 0.2578125 0.9140625 0.2578125 0.7109375 0.25 0.7265625 0.25 0.7109375 0.25 0.7109375 0.25 0.7109375 0.2578125 0.6953125 0.2578125 0.6953125 0.25 0.6953125 0.25 0.6953125 0.2578125 0.8984375 0.25 0.9140625 0.25 0.8984375 0.1484375 0.4921875 0.140625 0.5078125 0.140625 0.4921875 0.1640625 0.4921875 0.15625 0.5078125 0.15625 0.4921875 0.15625 0.4921875 0.1484375 0.4765625 0.15625 0.4765625 0.15625 0.4921875 0.1484375 0.5078125 0.1484375 0.4921875 0.15625 0.7109375 0.1484375 0.7265625 0.1484375 0.7109375 0.25 0.7265625 0.25 0.7109375 0.2578125 0.7265625 0.15625 0.5078125 0.1484375 0.5234375 0.1484375 0.5078125 0.1484375 0.6796875 0.15625 0.6796875 0.1484375 0.6953125 0.2578125 0.8828125 0.25 0.8984375 0.25 0.8828125 0.1484375 0.6953125 0.140625 0.7109375 0.140625 0.6953125 0.0546875 0.9140625 0.046875 0.9296875 0.046875 0.9140625 0.046875 0.8984375 0.0390625 0.9140625 0.0390625 0.8984375 0.0390625 0.8984375 0.046875 0.9140625 0.0390625 0.9140625 0.0546875 0.8984375 0.046875 0.9140625 0.046875 0.8984375 0.0546875 0.9140625 0.046875 0.9296875 0.046875 0.9140625 0.046875 0.8984375 0.0390625 0.9140625 0.0390625 0.8984375 0.0546875 0.9140625 0.046875 0.9140625 0.046875 0.9140625 0.0546875 0.8984375 0.046875 0.9140625 0.046875 0.8984375 0.0546875 0.9140625 0.046875 0.9296875 0.046875 0.9140625 0.046875 0.8984375 0.0390625 0.9140625 0.0390625 0.8984375 0.0546875 0.6953125 0.0546875 0.7109375 0.046875 0.7109375 0.0546875 0.9140625 0.046875 0.9296875 0.046875 0.9140625 0.0546875 0.8984375 0.046875 0.9140625 0.046875 0.8984375 0.0546875 0.8828125 0.046875 0.8984375 0.046875 0.8828125 0.0546875 0.8828125 0.046875 0.8984375 0.046875 0.8828125 0.0546875 0.8984375 0.046875 0.9140625 0.046875 0.8984375 0.0390625 0.8984375 0.046875 0.9140625 0.0390625 0.9140625 0.046875 0.9140625 0.046875 0.8984375 0.0546875 0.8984375 0.046875 0.8828125 0.0546875 0.8828125 0.046875 0.8984375 0.046875 0.8984375 0.0390625 0.9140625 0.0390625 0.8984375 0.046875 0.8984375 0.046875 0.9140625 0.046875 0.9140625 0.0546875 0.8828125 0.046875 0.8984375 0.046875 0.8828125 0.0546875 0.8984375 0.046875 0.9140625 0.046875 0.8984375 0.0390625 0.8984375 0.046875 0.9140625 0.0390625 0.9140625 0.046875 0.6953125 0.0546875 0.7109375 0.046875 0.7109375 0.15625 0.9296875 0.1484375 0.9140625 0.15625 0.9140625 0.0546875 0.6953125 0.046875 0.7109375 0.046875 0.6953125 0.15625 0.9140625 0.1484375 0.9296875 0.1484375 0.9140625 0.046875 0.6953125 0.0390625 0.7109375 0.0390625 0.6953125 0.0546875 0.6953125 0.046875 0.7109375 0.046875 0.6953125 0.0546875 0.7109375 0.046875 0.7265625 0.046875 0.7109375 0.0546875 0.6953125 0.046875 0.7109375 0.046875 0.6953125 0.1484375 0.9140625 0.15625 0.9296875 0.1484375 0.9296875 0.15625 0.9140625 0.1484375 0.9296875 0.1484375 0.9140625 0.1484375 0.9296875 0.1484375 0.9140625 0.15625 0.9140625 0.046875 0.7109375 0.0546875 0.7265625 0.046875 0.7265625 0.046875 0.7109375 0.0546875 0.7109375 0.0546875 0.7109375 0.0546875 0.7265625 0.046875 0.7109375 0.0546875 0.7109375 0.15625 0.9140625 0.1484375 0.9296875 0.1484375 0.9140625 0.0546875 0.6953125 0.046875 0.7109375 0.046875 0.6953125 0.046875 0.7265625 0.046875 0.7109375 0.0546875 0.7265625 0.0625 0.9140625 0.0546875 0.9140625 0.0625 0.8984375 0.046875 0.6640625 0.0546875 0.6640625 0.0546875 0.6640625 0.0546875 0.9140625 0.0546875 0.8984375 0.0625 0.8984375 0.0546875 0.7265625 0.046875 0.7265625 0.046875 0.7109375 0.046875 0.7265625 0.046875 0.7109375 0.0546875 0.7265625 0.0546875 0.7265625 0.046875 0.7265625 0.046875 0.7265625 0.046875 0.7265625 0.046875 0.7109375 0.0546875 0.7265625 0.1484375 0.9140625 0.15625 0.9140625 0.15625 0.9140625 0.0546875 0.8984375 0.0625 0.9140625 0.0546875 0.9140625 0.0546875 0.7109375 0.046875 0.7265625 0.046875 0.7109375 0.046875 0.6953125 0.0546875 0.6953125 0.046875 0.7109375 0.046875 0.7109375 0.0546875 0.7109375 0.046875 0.7265625 0.0546875 0.6953125 0.046875 0.7109375 0.046875 0.6953125 0.15625 0.8984375 0.1484375 0.9140625 0.1484375 0.8984375 0.0546875 0.6953125 0.0546875 0.7109375 0.0546875 0.7109375 0.15625 0.8984375 0.1484375 0.9140625 0.1484375 0.8984375 0.15625 0.9140625 0.1484375 0.9140625 0.1484375 0.9140625 0.0546875 0.9140625 0.0625 0.8984375 0.0546875 0.9140625 0.046875 0.6953125 0.0546875 0.7109375 0.046875 0.7109375 0.046875 0.7109375 0.046875 0.6953125 0.0546875 0.7109375 0.046875 0.6953125 0.0546875 0.6953125 0.046875 0.7109375 0.15625 0.8828125 0.15625 0.8984375 0.1484375 0.8984375 0.0546875 0.6953125 0.046875 0.7109375 0.046875 0.6953125 0.0625 0.6953125 0.0546875 0.7109375 0.0546875 0.6953125 0.0625 0.9140625 0.0546875 0.9140625 0.0625 0.8984375 0.1640625 0.8984375 0.1640625 0.9140625 0.1640625 0.9140625 0.0625 0.8984375 0.0546875 0.9140625 0.0546875 0.8984375 0.0625 0.6953125 0.0546875 0.7109375 0.0546875 0.6953125 0.0625 0.8984375 0.0546875 0.9140625 0.0546875 0.9140625 0.1640625 0.8984375 0.15625 0.9140625 0.15625 0.8984375 0.0625 0.8984375 0.0546875 0.9140625 0.0546875 0.8984375 0.0546875 0.9140625 0.0546875 0.8984375 0.0546875 0.8984375 0.0546875 0.6953125 0.0625 0.7109375 0.0546875 0.7109375 0.0546875 0.6953125 0.0625 0.7109375 0.0546875 0.7109375 0.0546875 0.9140625 0.0546875 0.8984375 0.0546875 0.8984375 0.046875 0.6796875 0.0546875 0.6953125 0.046875 0.6953125 0.0546875 0.6796875 0.0546875 0.6953125 0.0546875 0.6953125 0.0625 0.9140625 0.0625 0.9140625 0.0546875 0.8984375 0.0546875 0.6796875 0.0546875 0.6953125 0.0546875 0.6953125 0.0546875 0.6796875 0.0546875 0.6953125 0.046875 0.6953125 0.15625 0.8828125 0.15625 0.8984375 0.15625 0.8984375 0.15625 0.8828125 0.1484375 0.8984375 0.1484375 0.8828125 0.0546875 0.6953125 0.046875 0.7109375 0.046875 0.6953125 0.0390625 0.6953125 0.046875 0.7109375 0.0390625 0.7109375 0.15625 0.8984375 0.1484375 0.8984375 0.1484375 0.8828125 0.15625 0.8828125 0.1484375 0.8984375 0.1484375 0.8828125 0.1484375 0.8828125 0.15625 0.8984375 0.1484375 0.8984375 0.0546875 0.6953125 0.046875 0.7109375 0.046875 0.6953125 0.0546875 0.6796875 0.046875 0.6953125 0.046875 0.6796875 0.0546875 0.6953125 0.046875 0.7109375 0.046875 0.6953125 0.046875 0.6796875 0.0546875 0.6796875 0.0546875 0.6796875 0.0546875 0.6953125 0.046875 0.6953125 0.0546875 0.6953125 0.046875 0.7109375 0.046875 0.6953125 0.0546875 0.6953125 0.046875 0.9140625 0.0390625 0.9140625 0.0390625 0.8984375 0.0390625 0.8984375 0.046875 0.9140625 0.0390625 0.9140625 0.1484375 0.9140625 0.15625 0.9296875 0.1484375 0.9296875 0.0546875 0.6953125 0.046875 0.7109375 0.0546875 0.7109375 0.0546875 0.6796875 0.0546875 0.7109375 0.0546875 0.6953125 0.046875 0.6640625 0.0546875 0.6640625 0.0546875 0.6640625 0.15625 0.8984375 0.1484375 0.9140625 0.1484375 0.8984375 0.046875 0.6953125 0.0390625 0.7109375 0.0390625 0.6953125 0.046875 0.7109375 0.046875 0.6953125 0.0546875 0.7109375 0.0546875 0.7109375 0.0546875 0.7265625 0.0546875 0.7265625 0.0546875 0.7109375 0.046875 0.7109375 0.046875 0.7109375 0.0546875 0.7109375 0.0546875 0.6953125 0.0625 0.6953125 0.046875 0.6796875 0.0546875 0.6796875 0.0546875 0.6953125 0.1640625 0.9140625 0.15625 0.8984375 0.1640625 0.8984375 0.15625 0.8828125 0.1484375 0.8671875 0.15625 0.8671875 0.046875 0.6640625 0.0546875 0.6796875 0.046875 0.6796875 0.0625 0.6953125 0.0546875 0.7109375 0.0546875 0.6953125 0.2578125 0.8984375 0.2578125 0.8984375 0.2578125 0.9140625 0.1484375 0.6953125 0.15625 0.7109375 0.1484375 0.7109375 0.25 0.8984375 0.2421875 0.9140625 0.2421875 0.8984375 0.2578125 0.8984375 0.2578125 0.9140625 0.2578125 0.9140625 0.25 0.8984375 0.2421875 0.9140625 0.2421875 0.8984375 0.25 0.6953125 0.2578125 0.7109375 0.25 0.7109375 0.1484375 0.6953125 0.140625 0.7109375 0.140625 0.6953125 0.046875 0.6953125 0.0390625 0.6953125 0.046875 0.6953125 0.0546875 0.6640625 0.0546875 0.6640625 0.046875 0.6640625 0.1484375 0.9140625 0.15625 0.8984375 0.1484375 0.8984375 0.0390625 0.7109375 0.046875 0.6953125 0.0390625 0.6953125 0.0546875 0.7109375 0.046875 0.6953125 0.046875 0.7109375 0.0546875 0.7265625 0.0546875 0.7109375 0.046875 0.7109375 0.046875 0.7109375 0.046875 0.7109375 0.0546875 0.7109375 0.0546875 0.7109375 0.0546875 0.7109375 0.0625 0.7109375 0.0546875 0.6953125 0.0546875 0.6796875 0.046875 0.6796875 0.15625 0.8984375 0.1640625 0.9140625 0.1640625 0.8984375 0.15625 0.8828125 0.1484375 0.8671875 0.1484375 0.8828125 0.046875 0.6640625 0.0546875 0.6796875 0.0546875 0.6640625 0.0546875 0.7109375 0.0625 0.6953125 0.0546875 0.6953125 0.2578125 0.8984375 0.25 0.8984375 0.25 0.9140625 0.1484375 0.6953125 0.15625 0.7109375 0.15625 0.6953125 0.2421875 0.9140625 0.25 0.8984375 0.2421875 0.8984375 0.2578125 0.9140625 0.2578125 0.9140625 0.2578125 0.8984375 0.2421875 0.9140625 0.25 0.8984375 0.2421875 0.8984375 0.25 0.6953125 0.2578125 0.7109375 0.2578125 0.6953125 0.140625 0.7109375 0.1484375 0.6953125 0.140625 0.6953125 0.046875 0.6953125 0.0390625 0.7109375 0.046875 0.6953125 0.0546875 0.9140625 0.046875 0.9296875 0.046875 0.9140625 0.0546875 0.9140625 0.0546875 0.9296875 0.046875 0.9296875 0.046875 0.7265625 0.046875 0.7265625 0.0546875 0.7109375 0.046875 0.7109375 0.0546875 0.7265625 0.046875 0.7265625 0.15625 0.9140625 0.1484375 0.9296875 0.1484375 0.9140625 0.0546875 0.7109375 0.046875 0.7265625 0.046875 0.7109375 0.0546875 0.7109375 0.046875 0.7265625 0.0546875 0.7109375 0.0625 0.8984375 0.0625 0.9140625 0.0625 0.9140625 0.15625 0.8984375 0.1484375 0.8984375 0.1484375 0.8984375 0.046875 0.9296875 0.046875 0.9140625 0.0546875 0.9140625 0.046875 0.9140625 0.0390625 0.9140625 0.0390625 0.8984375 0.046875 0.6796875 0.0546875 0.6796875 0.0546875 0.6796875 0.046875 0.6796875 0.0546875 0.6953125 0.046875 0.6953125 0.046875 0.6796875 0.0546875 0.6796875 0.0546875 0.6953125 0.15625 0.8984375 0.1484375 0.8828125 0.15625 0.8828125 0.15625 0.8828125 0.1484375 0.8984375 0.1484375 0.8828125 0.1484375 0.8984375 0.15625 0.8828125 0.15625 0.8984375 0.0546875 0.6796875 0.046875 0.6953125 0.046875 0.6796875 0.0546875 0.6796875 0.0546875 0.6796875 0.046875 0.6953125 0.046875 0.6796875 0.046875 0.6796875 0.0546875 0.6796875 0.0546875 0.9296875 0.046875 0.9140625 0.0546875 0.9140625 0.046875 0.7109375 0.0546875 0.7265625 0.046875 0.7265625 0.1484375 0.9140625 0.1484375 0.9140625 0.15625 0.9296875 0.0546875 0.8828125 0.046875 0.8828125 0.046875 0.8671875 0.15625 0.8671875 0.15625 0.8671875 0.1484375 0.8828125 0.15625 0.8984375 0.1640625 0.9140625 0.15625 0.9140625 0.1484375 0.9140625 0.1484375 0.9140625 0.140625 0.8984375 0.1640625 0.8984375 0.15625 0.9140625 0.15625 0.8984375 0.15625 0.8984375 0.1640625 0.9140625 0.15625 0.9140625 0.140625 0.8984375 0.1484375 0.9140625 0.140625 0.9140625 0.046875 0.8828125 0.046875 0.8828125 0.0546875 0.8671875 0.1484375 0.8984375 0.140625 0.9140625 0.140625 0.8984375 0.0546875 0.6796875 0.046875 0.6953125 0.046875 0.6796875 0.140625 0.8984375 0.1484375 0.9140625 0.140625 0.9140625 0.046875 0.6640625 0.0546875 0.6796875 0.046875 0.6796875 0.046875 0.8671875 0.0546875 0.8828125 0.046875 0.8828125 0.0546875 0.6640625 0.046875 0.6796875 0.046875 0.6640625 0.0546875 0.6640625 0.0546875 0.6640625 0.0546875 0.6796875 0.15625 0.8984375 0.1484375 0.8984375 0.1484375 0.8828125 0.1484375 0.8671875 0.15625 0.8828125 0.1484375 0.8828125 0.1484375 0.8984375 0.140625 0.9140625 0.140625 0.8984375 0.046875 0.6953125 0.0390625 0.7109375 0.0390625 0.6953125 0.1484375 0.9140625 0.140625 0.9140625 0.140625 0.8984375 0.046875 0.7109375 0.0390625 0.7109375 0.0390625 0.7109375 0.046875 0.7109375 0.046875 0.7109375 0.0390625 0.6953125 0.046875 0.7109375 0.0390625 0.6953125 0.0390625 0.7109375 0.140625 0.8984375 0.140625 0.9140625 0.1484375 0.9140625 0.046875 0.7109375 0.0390625 0.7109375 0.0390625 0.6953125 0.046875 0.7109375 0.0390625 0.7109375 0.0390625 0.6953125 0.0390625 0.6953125 0.046875 0.7109375 0.0390625 0.7109375 0.0390625 0.9140625 0.046875 0.9140625 0.046875 0.8984375 0.0390625 0.8984375 0.046875 0.9140625 0.0390625 0.9140625 0.046875 0.6953125 0.0390625 0.7109375 0.0390625 0.6953125 0.140625 0.8984375 0.1484375 0.9140625 0.1484375 0.8984375 0.1484375 0.9140625 0.140625 0.9140625 0.140625 0.8984375 0.15625 0.8984375 0.1640625 0.9140625 0.140625 0.9140625 0.0390625 0.7109375 0.046875 0.6953125 0.0390625 0.6953125 0.046875 0.9140625 0.046875 0.9140625 0.0546875 0.9296875 0.046875 0.6953125 0.0390625 0.6953125 0.0390625 0.6953125 0.046875 0.7109375 0.0390625 0.6953125 0.046875 0.6953125 0.0390625 0.6953125 0.0390625 0.6953125 0.046875 0.7109375 0.046875 0.8984375 0.046875 0.9140625 0.046875 0.8984375 0.046875 0.8984375 0.046875 0.9140625 0.046875 0.9140625 0.046875 0.6953125 0.046875 0.6953125 0.0390625 0.7109375 0.1640625 0.9140625 0.140625 0.9140625 0.15625 0.8984375 0.0390625 0.6953125 0.0390625 0.7109375 0.0390625 0.7109375 0.0390625 0.6953125 0.046875 0.7109375 0.046875 0.6953125 0.0390625 0.8984375 0.046875 0.9140625 0.046875 0.8984375 0.0390625 0.6953125 0.046875 0.7109375 0.046875 0.6953125 0.046875 0.9140625 0.0546875 0.9296875 0.046875 0.9296875 0.0546875 0.9296875 0.046875 0.9296875 0.0546875 0.9140625 0.046875 0.7265625 0.046875 0.7265625 0.0546875 0.7109375 0.046875 0.7109375 0.0546875 0.7265625 0.046875 0.7265625 0.15625 0.9140625 0.1484375 0.9296875 0.1484375 0.9140625 0.046875 0.7109375 0.0546875 0.7265625 0.046875 0.7265625 0.046875 0.7265625 0.046875 0.7109375 0.0546875 0.7109375 0.0625 0.9140625 0.0546875 0.9140625 0.0546875 0.8984375 0.15625 0.8984375 0.1484375 0.8984375 0.1484375 0.8984375 0.046875 0.9296875 0.046875 0.9140625 0.0546875 0.9140625 0.046875 0.9140625 0.046875 0.9140625 0.0390625 0.8984375 0.046875 0.6796875 0.0546875 0.6796875 0.046875 0.6953125 0.046875 0.6796875 0.0546875 0.6953125 0.046875 0.6953125 0.046875 0.6796875 0.0546875 0.6796875 0.0546875 0.6953125 0.15625 0.8984375 0.1484375 0.8828125 0.15625 0.8828125 0.15625 0.8828125 0.1484375 0.8984375 0.1484375 0.8828125 0.1484375 0.8984375 0.15625 0.8828125 0.15625 0.8984375 0.046875 0.6796875 0.0546875 0.6953125 0.046875 0.6953125 0.0546875 0.6796875 0.0546875 0.6796875 0.046875 0.6953125 0.046875 0.6953125 0.046875 0.6796875 0.0546875 0.6796875 0.0546875 0.9140625 0.046875 0.9296875 0.046875 0.9140625 0.0546875 0.7109375 0.046875 0.7265625 0.046875 0.7109375 0.1484375 0.9140625 0.1484375 0.9296875 0.1484375 0.9140625 0.0546875 0.8828125 0.046875 0.8828125 0.046875 0.8671875 0.15625 0.8671875 0.1484375 0.8828125 0.15625 0.8671875 0.15625 0.8984375 0.1640625 0.9140625 0.15625 0.9140625 0.1484375 0.9140625 0.1484375 0.9140625 0.140625 0.8984375 0.15625 0.8984375 0.1640625 0.9140625 0.15625 0.9140625 0.1640625 0.8984375 0.15625 0.9140625 0.15625 0.8984375 0.1484375 0.8984375 0.140625 0.9140625 0.140625 0.8984375 0.046875 0.8671875 0.0546875 0.8671875 0.0546875 0.8671875 0.1484375 0.8984375 0.140625 0.9140625 0.140625 0.8984375 0.0546875 0.6796875 0.046875 0.6953125 0.046875 0.6796875 0.1484375 0.8984375 0.140625 0.9140625 0.140625 0.8984375 0.0546875 0.6640625 0.046875 0.6796875 0.046875 0.6640625 0.0546875 0.8671875 0.046875 0.8828125 0.046875 0.8671875 0.0546875 0.6640625 0.046875 0.6796875 0.046875 0.6640625 0.0546875 0.6640625 0.0546875 0.6640625 0.0546875 0.6796875 0.15625 0.8984375 0.1484375 0.8984375 0.1484375 0.8828125 0.1484375 0.8671875 0.15625 0.8828125 0.1484375 0.8828125 0.1484375 0.8984375 0.140625 0.9140625 0.140625 0.8984375 0.046875 0.6953125 0.0390625 0.7109375 0.0390625 0.6953125 0.1484375 0.9140625 0.140625 0.9140625 0.140625 0.8984375 0.0390625 0.7109375 0.0390625 0.7109375 0.0390625 0.6953125 0.046875 0.7109375 0.046875 0.7109375 0.0390625 0.6953125 0.046875 0.7109375 0.0390625 0.6953125 0.0390625 0.7109375 0.140625 0.8984375 0.140625 0.9140625 0.1484375 0.9140625 0.046875 0.7109375 0.0390625 0.7109375 0.046875 0.6953125 0.046875 0.7109375 0.0390625 0.7109375 0.0390625 0.6953125 0.046875 0.6953125 0.0390625 0.7109375 0.0390625 0.6953125 0.0390625 0.9140625 0.046875 0.9140625 0.046875 0.8984375 0.0390625 0.8984375 0.046875 0.9140625 0.0390625 0.9140625 0.0390625 0.6953125 0.046875 0.7109375 0.0390625 0.7109375 0.140625 0.8984375 0.1484375 0.9140625 0.1484375 0.8984375 0.1484375 0.9140625 0.140625 0.9140625 0.140625 0.8984375 0.1640625 0.8984375 0.1640625 0.9140625 0.140625 0.9140625 0.0390625 0.7109375 0.046875 0.6953125 0.0390625 0.6953125 0.046875 0.9140625 0.0546875 0.9296875 0.046875 0.9140625 0.0390625 0.6953125 0.046875 0.7109375 0.046875 0.6953125 0.046875 0.6953125 0.0390625 0.7109375 0.0390625 0.6953125 0.046875 0.6953125 0.0390625 0.6953125 0.046875 0.7109375 0.046875 0.8984375 0.046875 0.8984375 0.046875 0.9140625 0.046875 0.8984375 0.046875 0.9140625 0.046875 0.9140625 0.046875 0.6953125 0.046875 0.6953125 0.0390625 0.7109375 0.1640625 0.8984375 0.1640625 0.9140625 0.140625 0.9140625 0.0390625 0.6953125 0.0390625 0.7109375 0.0390625 0.7109375 0.0390625 0.7109375 0.046875 0.6953125 0.0390625 0.6953125 0.0390625 0.8984375 0.046875 0.9140625 0.046875 0.8984375 0.0390625 0.6953125 0.046875 0.7109375 0.046875 0.6953125 0.046875 0.9296875 0.0546875 0.9140625 0.046875 0.9140625 0.046875 0.9296875 0.0546875 0.9296875 0.0546875 0.9140625 0.046875 0.7265625 0.046875 0.7265625 0.0546875 0.7265625 0.046875 0.7109375 0.0546875 0.7265625 0.0546875 0.7109375 0.15625 0.9140625 0.1484375 0.9296875 0.15625 0.9296875 0.046875 0.7265625 0.0546875 0.7109375 0.046875 0.7109375 0.0546875 0.7109375 0.0546875 0.7109375 0.046875 0.7109375 0.0625 0.9140625 0.0625 0.9140625 0.0625 0.8984375 0.1484375 0.8984375 0.15625 0.8984375 0.15625 0.8828125 0.046875 0.9296875 0.046875 0.9296875 0.0546875 0.9296875 0.046875 0.9140625 0.046875 0.9140625 0.0390625 0.8984375 0.046875 0.6953125 0.0546875 0.6796875 0.046875 0.6796875 0.046875 0.6796875 0.0546875 0.6953125 0.0546875 0.6796875 0.0546875 0.6953125 0.0546875 0.6796875 0.046875 0.6796875 0.15625 0.8984375 0.1484375 0.8828125 0.1484375 0.8984375 0.1484375 0.8984375 0.15625 0.8828125 0.1484375 0.8828125 0.15625 0.8828125 0.1484375 0.8984375 0.15625 0.8984375 0.046875 0.6953125 0.0546875 0.6796875 0.046875 0.6796875 0.046875 0.6796875 0.046875 0.6953125 0.0546875 0.6796875 0.046875 0.6953125 0.046875 0.6953125 0.0546875 0.6953125 0.046875 0.9140625 0.0546875 0.9296875 0.0546875 0.9140625 0.046875 0.7109375 0.0546875 0.7265625 0.0546875 0.7109375 0.1484375 0.9140625 0.1484375 0.9140625 0.1484375 0.9296875 0.046875 0.8671875 0.0546875 0.8828125 0.0546875 0.8828125 0.1484375 0.8828125 0.15625 0.8828125 0.15625 0.8671875 0.15625 0.8984375 0.1640625 0.9140625 0.1640625 0.8984375 0.1484375 0.9140625 0.1484375 0.8984375 0.140625 0.8984375 0.15625 0.9140625 0.1640625 0.8984375 0.15625 0.8984375 0.15625 0.9140625 0.1640625 0.8984375 0.15625 0.8984375 0.140625 0.8984375 0.1484375 0.9140625 0.1484375 0.8984375 0.046875 0.8828125 0.046875 0.8828125 0.0546875 0.8671875 0.140625 0.9140625 0.1484375 0.8984375 0.140625 0.8984375 0.046875 0.6953125 0.0546875 0.6796875 0.046875 0.6796875 0.140625 0.8984375 0.1484375 0.9140625 0.1484375 0.8984375 0.046875 0.6640625 0.0546875 0.6796875 0.0546875 0.6640625 0.046875 0.8671875 0.0546875 0.8828125 0.0546875 0.8671875 0.046875 0.6796875 0.0546875 0.6640625 0.046875 0.6640625 0.0546875 0.6640625 0.046875 0.6640625 0.046875 0.6796875 0.15625 0.8984375 0.15625 0.8984375 0.1484375 0.8828125 0.15625 0.8828125 0.15625 0.8671875 0.1484375 0.8671875 0.140625 0.9140625 0.1484375 0.8984375 0.140625 0.8984375 0.0390625 0.7109375 0.046875 0.6953125 0.0390625 0.6953125 0.1484375 0.9140625 0.1484375 0.9140625 0.1484375 0.8984375 0.0390625 0.7109375 0.046875 0.7109375 0.0390625 0.6953125 0.0390625 0.6953125 0.046875 0.6953125 0.046875 0.7109375 0.0390625 0.6953125 0.046875 0.7109375 0.0390625 0.7109375 0.1484375 0.9140625 0.140625 0.9140625 0.140625 0.8984375 0.046875 0.6953125 0.046875 0.6953125 0.0390625 0.7109375 0.046875 0.7109375 0.046875 0.7109375 0.046875 0.6953125 0.0390625 0.6953125 0.046875 0.7109375 0.046875 0.6953125 0.046875 0.8984375 0.046875 0.9140625 0.0390625 0.9140625 0.0390625 0.8984375 0.046875 0.9140625 0.046875 0.8984375 0.0390625 0.6953125 0.046875 0.7109375 0.046875 0.6953125 0.140625 0.8984375 0.1484375 0.9140625 0.140625 0.9140625 0.140625 0.8984375 0.140625 0.9140625 0.1484375 0.9140625 0.140625 0.9140625 0.1640625 0.8984375 0.15625 0.8984375 0.046875 0.6953125 0.0390625 0.7109375 0.0390625 0.6953125 0.0546875 0.9296875 0.046875 0.9140625 0.046875 0.9140625 0.046875 0.6953125 0.046875 0.7109375 0.0390625 0.7109375 0.0390625 0.6953125 0.046875 0.7109375 0.046875 0.6953125 0.0390625 0.7109375 0.0390625 0.6953125 0.0390625 0.6953125 0.046875 0.8984375 0.046875 0.9140625 0.0546875 0.9140625 0.046875 0.9140625 0.046875 0.9140625 0.046875 0.8984375 0.046875 0.7109375 0.0390625 0.7109375 0.046875 0.6953125 0.15625 0.8984375 0.1484375 0.8984375 0.140625 0.9140625 0.0390625 0.6953125 0.046875 0.6953125 0.0390625 0.7109375 0.0390625 0.6953125 0.046875 0.7109375 0.0390625 0.7109375 0.0390625 0.8984375 0.046875 0.9140625 0.0390625 0.9140625 0.0390625 0.6953125 0.046875 0.7109375 0.0390625 0.7109375 0.046875 0.9140625 0.0546875 0.9296875 0.0546875 0.9140625 0.046875 0.9296875 0.0546875 0.9296875 0.0546875 0.9140625 0.046875 0.7265625 0.046875 0.7265625 0.0546875 0.7265625 0.046875 0.7109375 0.0546875 0.7265625 0.0546875 0.7109375 0.15625 0.9140625 0.1484375 0.9296875 0.15625 0.9296875 0.046875 0.7109375 0.0546875 0.7265625 0.0546875 0.7109375 0.0546875 0.7109375 0.0546875 0.7109375 0.046875 0.7109375 0.0625 0.9140625 0.0625 0.8984375 0.0625 0.9140625 0.1484375 0.8984375 0.15625 0.8984375 0.15625 0.8828125 0.046875 0.9296875 0.046875 0.9296875 0.0546875 0.9296875 0.0390625 0.8984375 0.046875 0.9140625 0.046875 0.9140625 0.046875 0.6953125 0.0546875 0.6796875 0.046875 0.6796875 0.046875 0.6796875 0.0546875 0.6953125 0.0546875 0.6796875 0.0546875 0.6953125 0.0546875 0.6796875 0.046875 0.6796875 0.15625 0.8984375 0.1484375 0.8828125 0.1484375 0.8984375 0.1484375 0.8984375 0.15625 0.8828125 0.1484375 0.8828125 0.15625 0.8828125 0.1484375 0.8984375 0.15625 0.8984375 0.046875 0.6796875 0.0546875 0.6953125 0.0546875 0.6796875 0.0546875 0.6796875 0.046875 0.6796875 0.0546875 0.6796875 0.046875 0.6953125 0.046875 0.6953125 0.0546875 0.6796875 0.0546875 0.9140625 0.046875 0.9296875 0.0546875 0.9296875 0.046875 0.7265625 0.0546875 0.7109375 0.046875 0.7109375 0.1484375 0.9140625 0.15625 0.9296875 0.1484375 0.9140625 0.0546875 0.8828125 0.0546875 0.8828125 0.046875 0.8671875 0.1484375 0.8828125 0.15625 0.8828125 0.15625 0.8671875 0.15625 0.8984375 0.1640625 0.9140625 0.1640625 0.8984375 0.1484375 0.9140625 0.1484375 0.8984375 0.140625 0.8984375 0.15625 0.8984375 0.1640625 0.9140625 0.1640625 0.8984375 0.15625 0.9140625 0.1640625 0.8984375 0.15625 0.8984375 0.140625 0.9140625 0.1484375 0.8984375 0.140625 0.8984375 0.046875 0.8828125 0.046875 0.8828125 0.0546875 0.8671875 0.140625 0.9140625 0.1484375 0.8984375 0.140625 0.8984375 0.046875 0.6953125 0.0546875 0.6796875 0.046875 0.6796875 0.140625 0.9140625 0.1484375 0.8984375 0.140625 0.8984375 0.046875 0.6796875 0.0546875 0.6640625 0.046875 0.6640625 0.046875 0.8828125 0.0546875 0.8671875 0.046875 0.8671875 0.046875 0.6796875 0.0546875 0.6640625 0.046875 0.6640625 0.0546875 0.6640625 0.046875 0.6640625 0.046875 0.6796875 0.15625 0.8984375 0.15625 0.8984375 0.1484375 0.8828125 0.15625 0.8828125 0.15625 0.8671875 0.1484375 0.8671875 0.140625 0.9140625 0.1484375 0.8984375 0.140625 0.8984375 0.0390625 0.7109375 0.046875 0.6953125 0.0390625 0.6953125 0.1484375 0.9140625 0.1484375 0.8984375 0.140625 0.8984375 0.046875 0.7109375 0.046875 0.6953125 0.0390625 0.6953125 0.0390625 0.6953125 0.046875 0.6953125 0.046875 0.7109375 0.0390625 0.6953125 0.046875 0.7109375 0.0390625 0.7109375 0.1484375 0.9140625 0.140625 0.9140625 0.140625 0.8984375 0.046875 0.6953125 0.046875 0.6953125 0.0390625 0.7109375 0.0390625 0.6953125 0.046875 0.7109375 0.046875 0.7109375 0.0390625 0.7109375 0.046875 0.6953125 0.0390625 0.6953125 0.046875 0.8984375 0.046875 0.9140625 0.0390625 0.9140625 0.0390625 0.8984375 0.046875 0.9140625 0.046875 0.8984375 0.0390625 0.6953125 0.046875 0.7109375 0.046875 0.6953125 0.1484375 0.8984375 0.140625 0.9140625 0.140625 0.8984375 0.140625 0.8984375 0.140625 0.9140625 0.1484375 0.9140625 0.15625 0.8984375 0.1484375 0.8984375 0.140625 0.9140625 0.046875 0.6953125 0.0390625 0.7109375 0.0390625 0.6953125 0.0546875 0.9296875 0.046875 0.9296875 0.046875 0.9140625 0.0390625 0.7109375 0.046875 0.6953125 0.046875 0.7109375 0.046875 0.6953125 0.0390625 0.7109375 0.046875 0.7109375 0.0390625 0.6953125 0.0390625 0.6953125 0.046875 0.7109375 0.046875 0.9140625 0.0546875 0.9140625 0.046875 0.8984375 0.046875 0.9140625 0.046875 0.9140625 0.046875 0.8984375 0.0390625 0.7109375 0.046875 0.6953125 0.0390625 0.6953125 0.15625 0.8984375 0.1484375 0.8984375 0.140625 0.9140625 0.0390625 0.6953125 0.046875 0.6953125 0.0390625 0.7109375 0.046875 0.6953125 0.0390625 0.7109375 0.0390625 0.6953125 0.0390625 0.8984375 0.046875 0.9140625 0.0390625 0.9140625 0.0390625 0.6953125 0.046875 0.7109375 0.0390625 0.7109375 0.1679687 0.4609375 0.1367187 0.5234375 0.1367187 0.4609375 0.3710938 0.8671875 0.3398438 0.9296875 0.3398438 0.8671875 0.3710938 0.8671875 0.3398438 0.9296875 0.3398438 0.8671875 0.1679687 0.4609375 0.1367187 0.5234375 0.1367187 0.4609375 0.046875 0.9140625 0.0546875 0.9296875 0.046875 0.9296875 0.0546875 0.9140625 0.0546875 0.9296875 0.046875 0.9296875 0.046875 0.7109375 0.0546875 0.7265625 0.046875 0.7265625 0.15625 0.9296875 0.1484375 0.9296875 0.1484375 0.9296875 0.046875 0.7109375 0.0546875 0.7109375 0.046875 0.7265625 0.046875 0.7109375 0.0546875 0.7265625 0.046875 0.7265625 0.0546875 0.9140625 0.0546875 0.9296875 0.046875 0.9296875 0.0546875 0.9140625 0.046875 0.9296875 0.046875 0.9140625 0.046875 0.8828125 0.0546875 0.8984375 0.046875 0.8984375 0.0390625 0.9140625 0.0390625 0.8984375 0.0390625 0.8984375 0.0625 0.6953125 0.0625 0.7109375 0.0625 0.7109375 0.0625 0.9140625 0.0546875 0.9140625 0.0546875 0.8984375 0.1484375 0.8984375 0.1484375 0.8984375 0.15625 0.8828125 0.0390625 0.9140625 0.0390625 0.8984375 0.046875 0.8984375 0.1484375 0.8828125 0.15625 0.8984375 0.1484375 0.8984375 0.0546875 0.8984375 0.046875 0.8984375 0.046875 0.8984375 0.0546875 0.6953125 0.046875 0.6796875 0.0546875 0.6796875 0.0546875 0.6953125 0.046875 0.6953125 0.046875 0.6953125 0.046875 0.8671875 0.0546875 0.8828125 0.046875 0.8828125 0.0546875 0.7109375 0.046875 0.7265625 0.046875 0.7109375 0.0546875 0.6640625 0.046875 0.6796875 0.046875 0.6640625 0.1484375 0.9140625 0.1484375 0.9140625 0.15625 0.9296875 0.15625 0.8984375 0.1640625 0.8984375 0.1640625 0.9140625 0.046875 0.8671875 0.0546875 0.8828125 0.046875 0.8828125 0.0546875 0.8671875 0.046875 0.8828125 0.046875 0.8828125 0.1484375 0.8828125 0.1484375 0.8671875 0.15625 0.8671875 0.1640625 0.8984375 0.15625 0.9140625 0.15625 0.8984375 0.046875 0.7109375 0.0390625 0.6953125 0.0390625 0.7109375 0.15625 0.8828125 0.1484375 0.8984375 0.1484375 0.8828125 0.1640625 0.8984375 0.15625 0.9140625 0.15625 0.8984375 0.0546875 0.6640625 0.046875 0.6796875 0.046875 0.6640625 0.1484375 0.8984375 0.140625 0.9140625 0.140625 0.8984375 0.046875 0.6796875 0.046875 0.6640625 0.0546875 0.6796875 0.046875 0.8828125 0.0546875 0.8671875 0.0546875 0.8828125 0.046875 0.6796875 0.0546875 0.6953125 0.046875 0.6953125 0.1484375 0.8984375 0.140625 0.9140625 0.140625 0.8984375 0.0546875 0.6640625 0.0546875 0.6796875 0.046875 0.6640625 0.15625 0.8828125 0.15625 0.8828125 0.1484375 0.8671875 0.1484375 0.9140625 0.1484375 0.9140625 0.140625 0.8984375 0.0390625 0.7109375 0.046875 0.6953125 0.046875 0.7109375 0.140625 0.9140625 0.140625 0.8984375 0.140625 0.8984375 0.140625 0.9140625 0.1484375 0.8984375 0.140625 0.8984375 0.046875 0.6953125 0.0390625 0.7109375 0.046875 0.7109375 0.0546875 0.9296875 0.0546875 0.9296875 0.046875 0.9140625 0.046875 0.6953125 0.0390625 0.6953125 0.046875 0.7109375 0.046875 0.7109375 0.046875 0.6953125 0.0390625 0.6953125 0.046875 0.8984375 0.046875 0.8984375 0.0546875 0.9140625 0.140625 0.8984375 0.1484375 0.9140625 0.1484375 0.8984375 0.046875 0.7109375 0.046875 0.6953125 0.0390625 0.6953125 0.0625 0.8984375 0.0625 0.9140625 0.0390625 0.9140625 0.0390625 0.9140625 0.0390625 0.9140625 0.046875 0.8984375 0.0390625 0.7109375 0.046875 0.7109375 0.046875 0.6953125 0.0390625 0.6953125 0.046875 0.6953125 0.0390625 0.7109375 0.046875 0.7265625 0.046875 0.7265625 0.0546875 0.7265625 0.0546875 0.6953125 0.046875 0.6953125 0.046875 0.6953125 0.1640625 0.8984375 0.1640625 0.9140625 0.140625 0.9140625 0.0546875 0.9140625 0.046875 0.9296875 0.046875 0.9140625 0.046875 0.7265625 0.046875 0.7265625 0.0546875 0.7265625 0.046875 0.9140625 0.0546875 0.9140625 0.0546875 0.9140625 0.046875 0.7109375 0.0546875 0.7265625 0.046875 0.7265625 0.15625 0.9296875 0.1484375 0.9296875 0.1484375 0.9296875 0.0546875 0.9140625 0.0546875 0.9296875 0.046875 0.9296875 0.046875 0.9296875 0.046875 0.9296875 0.0546875 0.9140625 0.046875 0.7109375 0.0546875 0.7265625 0.046875 0.7265625 0.046875 0.8828125 0.0546875 0.8984375 0.046875 0.8984375 0.0546875 0.9140625 0.0546875 0.8984375 0.0625 0.9140625 0.15625 0.8984375 0.1484375 0.8984375 0.1484375 0.8984375 0.0390625 0.8984375 0.0390625 0.8984375 0.046875 0.9140625 0.1484375 0.8828125 0.15625 0.8984375 0.1484375 0.8984375 0.0546875 0.8828125 0.0546875 0.8984375 0.046875 0.8984375 0.046875 0.6953125 0.0546875 0.6796875 0.0546875 0.6953125 0.0546875 0.6796875 0.0546875 0.6953125 0.046875 0.6953125 0.0546875 0.7109375 0.046875 0.7265625 0.046875 0.7109375 0.0546875 0.6640625 0.046875 0.6796875 0.046875 0.6640625 0.1484375 0.9140625 0.15625 0.9296875 0.15625 0.9296875 0.0546875 0.8671875 0.046875 0.8828125 0.046875 0.8671875 0.046875 0.8671875 0.0546875 0.8671875 0.0546875 0.8828125 0.15625 0.8828125 0.1484375 0.8828125 0.1484375 0.8828125 0.15625 0.8984375 0.1484375 0.8984375 0.1484375 0.8828125 0.15625 0.9140625 0.15625 0.8984375 0.1640625 0.8984375 0.140625 0.9140625 0.140625 0.8984375 0.1484375 0.8984375 0.046875 0.8828125 0.046875 0.8671875 0.0546875 0.8671875 0.046875 0.6796875 0.0546875 0.6953125 0.046875 0.6953125 0.0546875 0.6640625 0.046875 0.6796875 0.046875 0.6640625 0.046875 0.6640625 0.0546875 0.6796875 0.046875 0.6796875 0.0546875 0.6640625 0.0546875 0.6640625 0.0546875 0.6796875 0.1484375 0.8671875 0.15625 0.8828125 0.15625 0.8828125 0.140625 0.8984375 0.1484375 0.9140625 0.140625 0.8984375 0.0390625 0.6953125 0.046875 0.7109375 0.0390625 0.7109375 0.1484375 0.8984375 0.140625 0.9140625 0.140625 0.8984375 0.1484375 0.9140625 0.140625 0.8984375 0.1484375 0.8984375 0.046875 0.6953125 0.0390625 0.7109375 0.0390625 0.6953125 0.046875 0.7109375 0.046875 0.7109375 0.0390625 0.6953125 0.046875 0.7109375 0.0390625 0.7109375 0.0390625 0.6953125 0.046875 0.7109375 0.0390625 0.7109375 0.046875 0.6953125 0.0390625 0.6953125 0.046875 0.7109375 0.0390625 0.7109375 0.0390625 0.8984375 0.046875 0.9140625 0.0390625 0.9140625 0.0390625 0.6953125 0.046875 0.7109375 0.0390625 0.7109375 0.140625 0.9140625 0.1484375 0.8984375 0.140625 0.8984375 0.1640625 0.8984375 0.1640625 0.9140625 0.140625 0.9140625 0.0390625 0.7109375 0.046875 0.6953125 0.0390625 0.6953125 0.046875 0.9140625 0.046875 0.9140625 0.0546875 0.9296875 0.0390625 0.6953125 0.046875 0.7109375 0.046875 0.6953125 0.046875 0.7109375 0.0390625 0.6953125 0.0390625 0.7109375 0.046875 0.7109375 0.046875 0.7109375 0.046875 0.6953125 0.0390625 0.7109375 0.046875 0.6953125 0.0390625 0.6953125 0.140625 0.8984375 0.140625 0.9140625 0.1484375 0.9140625 0.046875 0.8984375 0.046875 0.8984375 0.0546875 0.9140625 0.1484375 0.9140625 0.1484375 0.8984375 0.1484375 0.8984375 0.046875 0.6953125 0.046875 0.6953125 0.0390625 0.6953125 0.0390625 0.7109375 0.0390625 0.6953125 0.0390625 0.7109375 0.0390625 0.9140625 0.046875 0.9140625 0.046875 0.8984375 0.0390625 0.6953125 0.046875 0.7109375 0.046875 0.6953125 0.0390625 0.8984375 0.046875 0.9140625 0.046875 0.8984375 0.0390625 0.6953125 0.046875 0.7109375 0.046875 0.6953125 0.046875 0.7109375 0.0546875 0.7265625 0.046875 0.7265625 0.1484375 0.8671875 0.15625 0.8828125 0.1484375 0.8828125 0.0546875 0.6796875 0.046875 0.6953125 0.046875 0.6953125 0.046875 0.8984375 0.046875 0.9140625 0.046875 0.9140625 0.140625 0.8984375 0.1484375 0.9140625 0.140625 0.9140625 0.046875 0.7109375 0.0390625 0.7109375 0.0390625 0.6953125 0.046875 0.6953125 0.0390625 0.7109375 0.0390625 0.6953125 0.3398438 0.6640625 0.359375 0.7109375 0.3515625 0.7109375 0.25 0.5078125 0.2382812 0.4609375 0.2382812 0.4609375 0.1367187 0.2578125 0.15625 0.3046875 0.1367187 0.2578125 0.03515625 0.2578125 0.03515625 0.2578125 0.03515625 0.2578125 0.03515625 0.2578125 0.03515625 0.2578125 0.03515625 0.2578125 0.2382812 0.2578125 0.2382812 0.2578125 0.2382812 0.2578125 0.453125 0.6796875 0.4609375 0.6953125 0.453125 0.6953125 0.4609375 0.9140625 0.4609375 0.8984375 0.46875 0.9140625 0.359375 0.3046875 0.3515625 0.2890625 0.359375 0.3046875 0.46875 0.8984375 0.4609375 0.9140625 0.4609375 0.8984375 0.4609375 0.8828125 0.453125 0.8984375 0.453125 0.8828125 0.359375 0.2890625 0.359375 0.3046875 0.359375 0.2890625 0.4609375 0.6953125 0.453125 0.6953125 0.453125 0.6796875 0.359375 0.3046875 0.359375 0.2890625 0.3671875 0.3046875 0.4609375 0.6796875 0.453125 0.6953125 0.453125 0.6796875 0.453125 0.6953125 0.4609375 0.7109375 0.453125 0.7109375 0.4609375 0.6953125 0.4609375 0.7109375 0.4609375 0.6953125 0.4609375 0.8828125 0.453125 0.8984375 0.453125 0.8828125 0.3515625 0.2890625 0.3515625 0.2734375 0.359375 0.2734375 0.4609375 0.8828125 0.453125 0.8984375 0.453125 0.8828125 0.4609375 0.9140625 0.4609375 0.8984375 0.46875 0.9140625 0.34375 0.6953125 0.3515625 0.7109375 0.34375 0.7109375 0.3515625 0.6953125 0.34375 0.7109375 0.34375 0.6953125 0.34375 0.7109375 0.3515625 0.6953125 0.3515625 0.6953125 0.3515625 0.6953125 0.34375 0.7109375 0.34375 0.6953125 0.3515625 0.6953125 0.34375 0.7109375 0.34375 0.6953125 0.25 0.4921875 0.2421875 0.5078125 0.2421875 0.4921875 0.25 0.4921875 0.2421875 0.5078125 0.2421875 0.4921875 0.2421875 0.5078125 0.25 0.4921875 0.25 0.5078125 0.25 0.4921875 0.2421875 0.5078125 0.2421875 0.4921875 0.34375 0.6953125 0.3515625 0.6953125 0.3515625 0.6953125 0.34375 0.6953125 0.34375 0.7109375 0.3515625 0.6953125 0.34375 0.4921875 0.34375 0.5078125 0.3515625 0.5078125 0.34375 0.5078125 0.34375 0.5078125 0.3515625 0.5078125 0.34375 0.7109375 0.3515625 0.6953125 0.3515625 0.6953125 0.25 0.4921875 0.2578125 0.4765625 0.25 0.4765625 0.15625 0.3203125 0.1484375 0.3203125 0.1484375 0.3203125 0.2382812 0.4609375 0.2480468 0.4765625 0.2480468 0.484375 0.0546875 0.2734375 0.046875 0.2890625 0.046875 0.2734375 0.3496094 0.6875 0.3398438 0.6640625 0.3496094 0.6796875 0.2480468 0.484375 0.2578125 0.4921875 0.2578125 0.5078125 0.359375 0.7109375 0.3496094 0.6796875 0.359375 0.6953125 0.25 0.5078125 0.2578125 0.4921875 0.25 0.4921875 0.3515625 0.7109375 0.359375 0.7109375 0.359375 0.6953125 0.1367187 0.2578125 0.15625 0.2890625 0.15625 0.3046875 0.04492187 0.2734375 0.03515625 0.2578125 0.03515625 0.2578125 0.03515625 0.2578125 0.03515625 0.2578125 0.03515625 0.2578125 0.1367187 0.2578125 0.1367187 0.2578125 0.1367187 0.2578125 0.2382812 0.4609375 0.2382812 0.4609375 0.2382812 0.4609375 0.2382812 0.2578125 0.2382812 0.2578125 0.2382812 0.2578125 0.3398438 0.6640625 0.3398438 0.6640625 0.3398438 0.6640625 0.03515625 0.2578125 0.03515625 0.2578125 0.03515625 0.2578125 0.2382812 0.4609375 0.2382812 0.4609375 0.2382812 0.4609375 0.03515625 0.2578125 0.03515625 0.2578125 0.03515625 0.2578125 0.03515625 0.2578125 0.03515625 0.2578125 0.03515625 0.2578125 0.2578125 0.4765625 0.25 0.4921875 0.25 0.4765625 0.1484375 0.3203125 0.1484375 0.3203125 0.15625 0.3203125 0.2480468 0.4765625 0.2382812 0.4609375 0.2480468 0.484375 0.046875 0.2890625 0.0546875 0.2734375 0.046875 0.2734375 0.3398438 0.6640625 0.3496094 0.6875 0.3496094 0.6796875 0.2578125 0.4921875 0.2480468 0.484375 0.2578125 0.5078125 0.3496094 0.6796875 0.359375 0.7109375 0.359375 0.6953125 0.2578125 0.4921875 0.25 0.5078125 0.25 0.4921875 0.359375 0.6953125 0.359375 0.6953125 0.3515625 0.7109375 0.1464843 0.2734375 0.15625 0.2890625 0.15625 0.3046875 0.03515625 0.2578125 0.04492187 0.2734375 0.03515625 0.2578125 0.453125 0.5234375 0.4609375 0.5078125 0.4609375 0.5234375 0.4609375 0.4921875 0.453125 0.5078125 0.453125 0.4921875 0.4609375 0.4765625 0.453125 0.4921875 0.453125 0.4765625 0.25 0.4609375 0.2578125 0.4609375 0.2578125 0.4765625 0.359375 0.7265625 0.3515625 0.7109375 0.359375 0.7109375 0.359375 0.6640625 0.3515625 0.6796875 0.3515625 0.6640625 0.359375 0.7109375 0.3515625 0.7109375 0.3515625 0.7109375 0.3515625 0.6953125 0.359375 0.6796875 0.359375 0.6953125 0.359375 0.6640625 0.3515625 0.6796875 0.3515625 0.6640625 0.2578125 0.4765625 0.25 0.4765625 0.25 0.4765625 0.2578125 0.4609375 0.25 0.4765625 0.25 0.4609375 0.2578125 0.4609375 0.25 0.4765625 0.25 0.4609375 0.2578125 0.5234375 0.25 0.5078125 0.2578125 0.5078125 0.265625 0.4921875 0.265625 0.5078125 0.2578125 0.5078125 0.2578125 0.5078125 0.25 0.4921875 0.2578125 0.4921875 0.2578125 0.4921875 0.25 0.4765625 0.2578125 0.4765625 0.4609375 0.4921875 0.453125 0.5078125 0.453125 0.4921875 0.2578125 0.4921875 0.25 0.5078125 0.25 0.4921875 0.4609375 0.4609375 0.4609375 0.4765625 0.453125 0.4765625 0.25 0.4765625 0.2578125 0.4609375 0.2578125 0.4765625 0.2578125 0.5078125 0.25 0.5234375 0.25 0.5078125 0.25 0.4921875 0.2578125 0.4765625 0.2578125 0.4921875 0.2578125 0.4921875 0.2578125 0.5078125 0.25 0.5078125 0.25 0.5078125 0.25 0.4921875 0.25 0.4921875 0.25 0.5078125 0.2421875 0.5078125 0.2421875 0.5078125 0.25 0.4921875 0.25 0.4765625 0.25 0.4765625 0.25 0.5234375 0.25 0.5078125 0.25 0.5078125 0.25 0.4765625 0.25 0.4609375 0.25 0.4609375 0.25 0.4765625 0.25 0.4609375 0.25 0.4609375 0.0546875 0.8984375 0.046875 0.9140625 0.046875 0.8984375 0.0546875 0.6953125 0.046875 0.7109375 0.046875 0.6953125 0.0546875 0.9140625 0.046875 0.8984375 0.0546875 0.8984375 0.1484375 0.8984375 0.1484375 0.8984375 0.1484375 0.9140625 0.0546875 0.6953125 0.0546875 0.7109375 0.0546875 0.7109375 0.0546875 0.6953125 0.046875 0.7109375 0.046875 0.6953125 0.0546875 0.8984375 0.046875 0.9140625 0.046875 0.8984375 0.0546875 0.6953125 0.046875 0.7109375 0.046875 0.6953125 0.0546875 0.6953125 0.046875 0.7109375 0.046875 0.6953125 0.0546875 0.8984375 0.046875 0.9140625 0.046875 0.8984375 0.0546875 0.7109375 0.046875 0.6953125 0.0546875 0.6953125 0.15625 0.8984375 0.1484375 0.9140625 0.1484375 0.8984375 0.046875 0.7109375 0.046875 0.6953125 0.0546875 0.6953125 0.046875 0.9140625 0.046875 0.8984375 0.046875 0.8984375 0.1484375 0.9140625 0.1484375 0.8984375 0.1484375 0.8984375 0.0546875 0.8984375 0.046875 0.9140625 0.046875 0.8984375 0.0546875 0.6953125 0.046875 0.7109375 0.046875 0.6953125 0.0546875 0.6953125 0.046875 0.7109375 0.046875 0.6953125 0.0546875 0.8984375 0.046875 0.9140625 0.046875 0.8984375 0.0546875 0.7109375 0.046875 0.6953125 0.0546875 0.6953125 0.15625 0.8984375 0.1484375 0.9140625 0.1484375 0.8984375 0.046875 0.7109375 0.046875 0.6953125 0.0546875 0.6953125 0.1484375 0.8984375 0.1484375 0.8984375 0.1484375 0.9140625 0.046875 0.9140625 0.046875 0.8984375 0.046875 0.8984375 0.1484375 0.9140625 0.1484375 0.8984375 0.1484375 0.8984375 0.0546875 0.8984375 0.046875 0.9140625 0.046875 0.8984375 0.0546875 0.6953125 0.046875 0.7109375 0.046875 0.6953125 0.0546875 0.9140625 0.046875 0.8984375 0.0546875 0.8984375 0.0546875 0.6953125 0.0546875 0.7109375 0.0546875 0.7109375 0.0546875 0.6953125 0.046875 0.7109375 0.046875 0.6953125 0.0546875 0.6953125 0.0546875 0.6953125 0.0546875 0.6953125 0.1484375 0.9140625 0.1367187 0.8671875 0.1484375 0.8984375 0.1367187 0.8671875 0.1484375 0.9140625 0.1367187 0.8671875 0.1484375 0.9140625 0.1367187 0.8671875 0.1484375 0.8984375 0.1367187 0.8671875 0.1484375 0.8984375 0.1484375 0.9140625 0.1484375 0.8984375 0.1484375 0.8984375 0.1484375 0.9140625 0.1484375 0.8984375 0.1484375 0.8984375 0.1484375 0.9140625 0.1484375 0.8984375 0.1484375 0.9140625 0.1484375 0.9140625 0.1484375 0.9140625 0.1484375 0.8984375 0.1484375 0.9140625 0.359375 0.7109375 0.3398438 0.6640625 0.3515625 0.7109375 0.2382812 0.4609375 0.25 0.5078125 0.2382812 0.4609375 0.1367187 0.2578125 0.15625 0.3046875 0.1367187 0.2578125 0.03515625 0.2578125 0.03515625 0.2578125 0.03515625 0.2578125 0.03515625 0.2578125 0.03515625 0.2578125 0.03515625 0.2578125 0.2382812 0.2578125 0.2382812 0.2578125 0.2382812 0.2578125 0.453125 0.6796875 0.4609375 0.6953125 0.4609375 0.6796875 0.46875 0.9140625 0.4609375 0.8984375 0.4609375 0.9140625 0.359375 0.3046875 0.3515625 0.2890625 0.359375 0.3046875 0.4609375 0.9140625 0.46875 0.8984375 0.4609375 0.8984375 0.453125 0.8984375 0.4609375 0.8828125 0.453125 0.8828125 0.359375 0.3046875 0.359375 0.2890625 0.359375 0.2890625 0.453125 0.6796875 0.453125 0.6953125 0.4609375 0.6953125 0.3671875 0.3046875 0.359375 0.2890625 0.359375 0.3046875 0.453125 0.6953125 0.4609375 0.6796875 0.453125 0.6796875 0.453125 0.6953125 0.4609375 0.7109375 0.4609375 0.6953125 0.4609375 0.7109375 0.4609375 0.6953125 0.4609375 0.6953125 0.453125 0.8984375 0.4609375 0.8828125 0.453125 0.8828125 0.3515625 0.2890625 0.359375 0.2890625 0.359375 0.2734375 0.453125 0.8984375 0.4609375 0.8828125 0.453125 0.8828125 0.46875 0.9140625 0.4609375 0.8984375 0.4609375 0.9140625 0.34375 0.7109375 0.3515625 0.6953125 0.34375 0.6953125 0.34375 0.7109375 0.3515625 0.6953125 0.34375 0.6953125 0.3515625 0.6953125 0.34375 0.6953125 0.34375 0.7109375 0.34375 0.7109375 0.3515625 0.6953125 0.34375 0.6953125 0.34375 0.7109375 0.3515625 0.6953125 0.34375 0.6953125 0.2421875 0.4921875 0.25 0.5078125 0.25 0.4921875 0.2421875 0.5078125 0.25 0.4921875 0.2421875 0.4921875 0.25 0.4921875 0.2421875 0.5078125 0.25 0.5078125 0.2421875 0.5078125 0.25 0.4921875 0.2421875 0.4921875 0.3515625 0.6953125 0.34375 0.6953125 0.34375 0.7109375 0.34375 0.6953125 0.3515625 0.6953125 0.3515625 0.6953125 0.34375 0.4921875 0.3515625 0.4921875 0.3515625 0.5078125 0.34375 0.5078125 0.3515625 0.4921875 0.34375 0.5078125 0.3515625 0.6953125 0.34375 0.6953125 0.34375 0.7109375 0.2578125 0.4765625 0.25 0.4921875 0.25 0.4765625 0.1484375 0.3203125 0.1484375 0.3203125 0.15625 0.3203125 0.2480468 0.4765625 0.2382812 0.4609375 0.2480468 0.484375 0.046875 0.2890625 0.0546875 0.2734375 0.046875 0.2734375 0.3398438 0.6640625 0.3496094 0.6875 0.3496094 0.6796875 0.2578125 0.4921875 0.2480468 0.484375 0.2578125 0.5078125 0.3496094 0.6796875 0.359375 0.7109375 0.359375 0.6953125 0.2578125 0.4921875 0.25 0.5078125 0.25 0.4921875 0.359375 0.6953125 0.359375 0.6953125 0.3515625 0.7109375 0.1464843 0.2734375 0.15625 0.2890625 0.15625 0.3046875 0.03515625 0.2578125 0.04492187 0.2734375 0.03515625 0.2578125 0.03515625 0.2578125 0.03515625 0.2578125 0.03515625 0.2578125 0.1367187 0.2578125 0.1367187 0.2578125 0.1367187 0.2578125 0.2382812 0.4609375 0.2382812 0.4609375 0.2382812 0.4609375 0.2382812 0.2578125 0.2382812 0.2578125 0.2382812 0.2578125 0.3398438 0.6640625 0.3398438 0.6640625 0.3398438 0.6640625 0.03515625 0.2578125 0.03515625 0.2578125 0.03515625 0.2578125 0.2382812 0.4609375 0.2382812 0.4609375 0.2382812 0.4609375 0.03515625 0.2578125 0.03515625 0.2578125 0.03515625 0.2578125 0.03515625 0.2578125 0.03515625 0.2578125 0.03515625 0.2578125 0.25 0.4921875 0.2578125 0.4765625 0.25 0.4765625 0.15625 0.3203125 0.1484375 0.3203125 0.1484375 0.3203125 0.2382812 0.4609375 0.2480468 0.4765625 0.2480468 0.484375 0.0546875 0.2734375 0.046875 0.2890625 0.046875 0.2734375 0.3496094 0.6875 0.3398438 0.6640625 0.3496094 0.6796875 0.2480468 0.484375 0.2578125 0.4921875 0.2578125 0.5078125 0.359375 0.7109375 0.3496094 0.6796875 0.359375 0.6953125 0.25 0.5078125 0.2578125 0.4921875 0.25 0.4921875 0.3515625 0.7109375 0.359375 0.7109375 0.359375 0.6953125 0.1367187 0.2578125 0.15625 0.2890625 0.15625 0.3046875 0.04492187 0.2734375 0.03515625 0.2578125 0.03515625 0.2578125 0.4609375 0.5078125 0.453125 0.5234375 0.4609375 0.5234375 0.453125 0.5078125 0.4609375 0.4921875 0.453125 0.4921875 0.453125 0.4921875 0.4609375 0.4765625 0.453125 0.4765625 0.2578125 0.4765625 0.2578125 0.4609375 0.25 0.4609375 0.3515625 0.7109375 0.359375 0.7265625 0.359375 0.7109375 0.3515625 0.6796875 0.359375 0.6640625 0.3515625 0.6640625 0.3515625 0.7109375 0.3515625 0.7109375 0.359375 0.7109375 0.359375 0.6796875 0.3515625 0.6953125 0.359375 0.6953125 0.3515625 0.6796875 0.359375 0.6640625 0.3515625 0.6640625 0.2578125 0.4765625 0.2578125 0.4765625 0.2578125 0.4609375 0.25 0.4765625 0.2578125 0.4609375 0.25 0.4609375 0.25 0.4765625 0.2578125 0.4609375 0.25 0.4609375 0.25 0.5078125 0.2578125 0.5234375 0.2578125 0.5078125 0.2578125 0.5078125 0.265625 0.4921875 0.265625 0.4921875 0.25 0.4921875 0.2578125 0.5078125 0.2578125 0.4921875 0.25 0.4765625 0.2578125 0.4921875 0.2578125 0.4765625 0.453125 0.5078125 0.4609375 0.4921875 0.453125 0.4921875 0.25 0.5078125 0.2578125 0.4921875 0.25 0.4921875 0.453125 0.4765625 0.4609375 0.4765625 0.4609375 0.4609375 0.2578125 0.4609375 0.25 0.4765625 0.2578125 0.4765625 0.25 0.5234375 0.2578125 0.5078125 0.25 0.5078125 0.2578125 0.4765625 0.25 0.4921875 0.2578125 0.4921875 0.25 0.5078125 0.2578125 0.5078125 0.2578125 0.4921875 0.25 0.4921875 0.25 0.5078125 0.25 0.4921875 0.2421875 0.5078125 0.2421875 0.5078125 0.25 0.5078125 0.25 0.4765625 0.25 0.4921875 0.25 0.4765625 0.25 0.5078125 0.25 0.5234375 0.25 0.5078125 0.25 0.4609375 0.25 0.4765625 0.25 0.4609375 0.25 0.4609375 0.25 0.4765625 0.25 0.4609375 0.046875 0.9140625 0.0546875 0.8984375 0.046875 0.8984375 0.046875 0.7109375 0.0546875 0.6953125 0.046875 0.6953125 0.046875 0.8984375 0.0546875 0.9140625 0.0546875 0.8984375 0.1484375 0.8984375 0.1484375 0.8984375 0.1484375 0.9140625 0.0546875 0.7109375 0.0546875 0.7109375 0.0546875 0.6953125 0.046875 0.7109375 0.0546875 0.6953125 0.046875 0.6953125 0.046875 0.9140625 0.0546875 0.8984375 0.046875 0.8984375 0.046875 0.7109375 0.0546875 0.6953125 0.046875 0.6953125 0.046875 0.7109375 0.0546875 0.6953125 0.046875 0.6953125 0.046875 0.9140625 0.0546875 0.8984375 0.046875 0.8984375 0.046875 0.6953125 0.0546875 0.7109375 0.0546875 0.6953125 0.1484375 0.9140625 0.15625 0.8984375 0.1484375 0.8984375 0.0546875 0.6953125 0.046875 0.6953125 0.046875 0.7109375 0.046875 0.8984375 0.046875 0.9140625 0.046875 0.8984375 0.1484375 0.8984375 0.1484375 0.9140625 0.1484375 0.9140625 0.046875 0.9140625 0.0546875 0.8984375 0.046875 0.8984375 0.046875 0.7109375 0.0546875 0.6953125 0.046875 0.6953125 0.046875 0.7109375 0.0546875 0.6953125 0.046875 0.6953125 0.046875 0.9140625 0.0546875 0.8984375 0.046875 0.8984375 0.046875 0.6953125 0.0546875 0.7109375 0.0546875 0.6953125 0.1484375 0.9140625 0.15625 0.8984375 0.1484375 0.8984375 0.0546875 0.6953125 0.046875 0.6953125 0.046875 0.7109375 0.1484375 0.8984375 0.1484375 0.8984375 0.1484375 0.9140625 0.046875 0.8984375 0.046875 0.9140625 0.046875 0.8984375 0.1484375 0.8984375 0.1484375 0.9140625 0.1484375 0.8984375 0.046875 0.9140625 0.0546875 0.8984375 0.046875 0.8984375 0.046875 0.7109375 0.0546875 0.6953125 0.046875 0.6953125 0.046875 0.8984375 0.0546875 0.9140625 0.0546875 0.8984375 0.0546875 0.7109375 0.0546875 0.7109375 0.0546875 0.6953125 0.046875 0.7109375 0.0546875 0.6953125 0.046875 0.6953125 0.0546875 0.6953125 0.0546875 0.6953125 0.0546875 0.6953125 0.1367187 0.8671875 0.1484375 0.9140625 0.1484375 0.8984375 0.1484375 0.9140625 0.1367187 0.8671875 0.1367187 0.8671875 0.1367187 0.8671875 0.1484375 0.9140625 0.1484375 0.8984375 0.1484375 0.8984375 0.1367187 0.8671875 0.1484375 0.9140625 0.1484375 0.8984375 0.1484375 0.8984375 0.1484375 0.9140625 0.1484375 0.8984375 0.1484375 0.8984375 0.1484375 0.9140625 0.1484375 0.9140625 0.1484375 0.8984375 0.1484375 0.9140625 0.1484375 0.8984375 0.1484375 0.9140625 0.1484375 0.9140625 0.2578125 0.6953125 0.25 0.7109375 0.25 0.6953125 0.2578125 0.90625 0.25 0.9140625 0.25 0.9140625 0.1484375 0.6953125 0.15625 0.6953125 0.1484375 0.7109375 0.2578125 0.8984375 0.25 0.9140625 0.25 0.8984375 0.2578125 0.8984375 0.25 0.9140625 0.25 0.8984375 0.2578125 0.6953125 0.25 0.7109375 0.25 0.6953125 0.2578125 0.6953125 0.2578125 0.7109375 0.25 0.7109375 0.2578125 0.6953125 0.2578125 0.703125 0.2578125 0.703125 0.2578125 0.90625 0.2578125 0.8984375 0.2578125 0.9140625 0.1484375 0.6953125 0.15625 0.7109375 0.15625 0.6953125 0.2578125 0.90625 0.25 0.8984375 0.2578125 0.8984375 0.25 0.7109375 0.2578125 0.6953125 0.2578125 0.703125 0.15625 0.6953125 0.15625 0.7109375 0.1484375 0.7109375 0.25 0.8984375 0.2578125 0.90625 0.2578125 0.8984375 0.15625 0.703125 0.1484375 0.6953125 0.15625 0.7109375 0.25 0.8984375 0.2578125 0.90625 0.25 0.9140625 0.15625 0.6953125 0.1484375 0.7109375 0.1484375 0.6953125 0.2578125 0.9140625 0.25 0.90625 0.2578125 0.90625 0.2578125 0.8984375 0.25 0.9140625 0.25 0.8984375 0.25 0.8984375 0.2578125 0.9140625 0.25 0.9140625 0.2578125 0.9140625 0.25 0.8984375 0.2578125 0.8984375 0.2578125 0.9140625 0.25 0.90625 0.25 0.8984375 0.2578125 0.6953125 0.25 0.7109375 0.25 0.6953125 0.2578125 0.90625 0.25 0.8984375 0.2578125 0.8984375 0.2578125 0.8984375 0.25 0.8984375 0.2578125 0.9140625 0.2578125 0.4921875 0.25 0.5078125 0.25 0.4921875 0.265625 0.4921875 0.2578125 0.5078125 0.2578125 0.4921875 0.2578125 0.5078125 0.25 0.5234375 0.25 0.5078125 0.2578125 0.4765625 0.25 0.4609375 0.2578125 0.4609375 0.25 0.4921875 0.2421875 0.5078125 0.2421875 0.4921875 0.4609375 0.4921875 0.453125 0.5078125 0.453125 0.4921875 0.4609375 0.5078125 0.4609375 0.4921875 0.46875 0.5078125 0.4609375 0.4609375 0.453125 0.4765625 0.453125 0.4609375 0.4453125 0.4921875 0.453125 0.5078125 0.4453125 0.5078125 0.2578125 0.4921875 0.25 0.5078125 0.25 0.4921875 0.4609375 0.4765625 0.453125 0.4609375 0.4609375 0.4609375 0.359375 0.6953125 0.3671875 0.7109375 0.359375 0.7109375 0.25 0.4921875 0.2421875 0.5078125 0.2421875 0.4921875 0.265625 0.5078125 0.2578125 0.4921875 0.265625 0.4921875 0.3515625 0.6953125 0.34375 0.7109375 0.34375 0.6953125 0.4609375 0.4765625 0.453125 0.4921875 0.453125 0.4765625 0.46875 0.4921875 0.46875 0.5078125 0.46875 0.5078125 0.359375 0.6640625 0.3515625 0.6796875 0.3515625 0.6640625 0.453125 0.5078125 0.4453125 0.5078125 0.4453125 0.4921875 0.4609375 0.4921875 0.453125 0.5078125 0.453125 0.4921875 0.25 0.5234375 0.25 0.5078125 0.2578125 0.5078125 0.2578125 0.5078125 0.2578125 0.4921875 0.2578125 0.4921875 0.2578125 0.4921875 0.25 0.5078125 0.25 0.5078125 0.25 0.5234375 0.25 0.5078125 0.25 0.5078125 0.3671875 0.7109375 0.359375 0.7109375 0.359375 0.6953125 0.4609375 0.4765625 0.453125 0.4921875 0.453125 0.4765625 0.46875 0.5078125 0.4609375 0.4921875 0.46875 0.4921875 0.2578125 0.4765625 0.2578125 0.4921875 0.2578125 0.4921875 0.3671875 0.6953125 0.359375 0.7109375 0.359375 0.6953125 0.3671875 0.7109375 0.359375 0.7109375 0.359375 0.7109375 0.2578125 0.4921875 0.2578125 0.5078125 0.2578125 0.5078125 0.4609375 0.5078125 0.46875 0.4921875 0.46875 0.5078125 0.25 0.4609375 0.2578125 0.4609375 0.25 0.4765625 0.265625 0.5078125 0.2578125 0.5078125 0.2578125 0.5078125 0.25 0.4765625 0.25 0.4609375 0.2578125 0.4765625 0.359375 0.6796875 0.3515625 0.6953125 0.3515625 0.6796875 0.2578125 0.5078125 0.2578125 0.5234375 0.2578125 0.5234375 0.2578125 0.4921875 0.2578125 0.5078125 0.25 0.4921875 0.359375 0.6953125 0.3515625 0.7109375 0.3515625 0.6953125 0.4609375 0.4921875 0.453125 0.5078125 0.453125 0.4921875 0.4609375 0.5078125 0.453125 0.5078125 0.453125 0.4921875 0.359375 0.6953125 0.3515625 0.7109375 0.3515625 0.6953125 0.34375 0.6953125 0.3515625 0.7109375 0.34375 0.7109375 0.3671875 0.6953125 0.359375 0.7109375 0.359375 0.7109375 0.25 0.4609375 0.2578125 0.4609375 0.25 0.4765625 0.453125 0.4765625 0.453125 0.4609375 0.4609375 0.4765625 0.359375 0.7265625 0.3515625 0.7109375 0.359375 0.7109375 0.359375 0.6640625 0.3515625 0.6796875 0.3515625 0.6640625 0.25 0.5078125 0.2578125 0.5078125 0.2578125 0.5078125 0.453125 0.5078125 0.4453125 0.4921875 0.453125 0.4921875 0.359375 0.6640625 0.3515625 0.6796875 0.3515625 0.6640625 0.25 0.4921875 0.2421875 0.5078125 0.2421875 0.4921875 0.4453125 0.4921875 0.453125 0.5078125 0.4453125 0.5078125 0.4609375 0.4765625 0.453125 0.4921875 0.453125 0.4765625 0.453125 0.4921875 0.4453125 0.5078125 0.4453125 0.4921875 0.34375 0.7109375 0.34375 0.6953125 0.34375 0.6953125 0.2578125 0.4765625 0.25 0.4921875 0.25 0.4765625 0.3515625 0.6953125 0.34375 0.7109375 0.34375 0.6953125 0.3515625 0.6953125 0.34375 0.7109375 0.34375 0.6953125 0.4609375 0.4609375 0.453125 0.4765625 0.453125 0.4609375 0.2578125 0.4921875 0.25 0.5078125 0.25 0.5078125 0.2578125 0.8984375 0.2578125 0.90625 0.2578125 0.8984375 0.25 0.7109375 0.2578125 0.6953125 0.25 0.6953125 0.25 0.9140625 0.2578125 0.9140625 0.2578125 0.90625 0.1484375 0.7109375 0.15625 0.6953125 0.1484375 0.6953125 0.25 0.9140625 0.2578125 0.8984375 0.25 0.8984375 0.25 0.9140625 0.2578125 0.8984375 0.25 0.8984375 0.25 0.7109375 0.2578125 0.6953125 0.25 0.6953125 0.2578125 0.6953125 0.2578125 0.7109375 0.25 0.7109375 0.2578125 0.703125 0.2578125 0.6953125 0.2578125 0.703125 0.2578125 0.8984375 0.2578125 0.90625 0.2578125 0.9140625 0.15625 0.7109375 0.1484375 0.6953125 0.15625 0.6953125 0.25 0.8984375 0.2578125 0.90625 0.2578125 0.8984375 0.2578125 0.6953125 0.25 0.7109375 0.2578125 0.703125 0.15625 0.7109375 0.15625 0.6953125 0.1484375 0.7109375 0.2578125 0.90625 0.25 0.8984375 0.2578125 0.8984375 0.1484375 0.6953125 0.15625 0.703125 0.15625 0.7109375 0.25 0.9140625 0.2578125 0.90625 0.25 0.8984375 0.1484375 0.7109375 0.15625 0.6953125 0.1484375 0.6953125 0.25 0.90625 0.2578125 0.9140625 0.2578125 0.90625 0.25 0.9140625 0.2578125 0.8984375 0.25 0.8984375 0.2578125 0.9140625 0.2578125 0.8984375 0.25 0.8984375 0.25 0.8984375 0.25 0.9140625 0.2578125 0.9140625 0.25 0.8984375 0.25 0.90625 0.2578125 0.9140625 0.25 0.7109375 0.2578125 0.6953125 0.25 0.6953125 0.25 0.8984375 0.2578125 0.90625 0.2578125 0.8984375 0.25 0.8984375 0.2578125 0.8984375 0.2578125 0.9140625 0.25 0.5078125 0.2578125 0.4921875 0.25 0.4921875 0.2578125 0.5078125 0.265625 0.4921875 0.2578125 0.4921875 0.25 0.5234375 0.2578125 0.5078125 0.25 0.5078125 0.25 0.4609375 0.2578125 0.4765625 0.2578125 0.4609375 0.2421875 0.5078125 0.25 0.4921875 0.2421875 0.4921875 0.453125 0.5078125 0.4609375 0.4921875 0.453125 0.4921875 0.46875 0.5078125 0.4609375 0.4921875 0.4609375 0.5078125 0.453125 0.4765625 0.4609375 0.4609375 0.453125 0.4609375 0.453125 0.5078125 0.453125 0.4921875 0.4453125 0.4921875 0.25 0.5078125 0.2578125 0.4921875 0.25 0.4921875 0.453125 0.4609375 0.4609375 0.4765625 0.4609375 0.4609375 0.359375 0.7109375 0.3671875 0.6953125 0.359375 0.6953125 0.2421875 0.5078125 0.25 0.4921875 0.2421875 0.4921875 0.2578125 0.4921875 0.265625 0.5078125 0.265625 0.4921875 0.34375 0.7109375 0.3515625 0.6953125 0.34375 0.6953125 0.453125 0.4921875 0.4609375 0.4765625 0.453125 0.4765625 0.46875 0.5078125 0.46875 0.5078125 0.46875 0.4921875 0.3515625 0.6796875 0.359375 0.6640625 0.3515625 0.6640625 0.4453125 0.4921875 0.4453125 0.5078125 0.453125 0.5078125 0.453125 0.5078125 0.4609375 0.4921875 0.453125 0.4921875 0.25 0.5234375 0.25 0.5234375 0.2578125 0.5234375 0.2578125 0.4921875 0.2578125 0.5078125 0.265625 0.5078125 0.25 0.5078125 0.25 0.5078125 0.2578125 0.4921875 0.2578125 0.5234375 0.2578125 0.5078125 0.25 0.5078125 0.3671875 0.7109375 0.3671875 0.6953125 0.359375 0.6953125 0.453125 0.4921875 0.4609375 0.4765625 0.453125 0.4765625 0.4609375 0.4921875 0.46875 0.5078125 0.46875 0.4921875 0.2578125 0.4921875 0.2578125 0.4921875 0.2578125 0.4765625 0.359375 0.7109375 0.3671875 0.6953125 0.359375 0.6953125 0.359375 0.7109375 0.359375 0.7109375 0.3671875 0.7109375 0.2578125 0.5078125 0.2578125 0.5078125 0.2578125 0.4921875 0.46875 0.4921875 0.4609375 0.5078125 0.46875 0.5078125 0.25 0.4765625 0.25 0.4765625 0.25 0.4609375 0.2578125 0.5078125 0.2578125 0.5078125 0.265625 0.5078125 0.2578125 0.4765625 0.25 0.4609375 0.25 0.4765625 0.3515625 0.6953125 0.359375 0.6796875 0.3515625 0.6796875 0.2578125 0.5234375 0.2578125 0.5234375 0.2578125 0.5078125 0.25 0.4921875 0.2578125 0.5078125 0.2578125 0.4921875 0.3515625 0.7109375 0.359375 0.6953125 0.3515625 0.6953125 0.453125 0.5078125 0.4609375 0.4921875 0.453125 0.4921875 0.4609375 0.5078125 0.4609375 0.5078125 0.4609375 0.4921875 0.3515625 0.7109375 0.359375 0.6953125 0.3515625 0.6953125 0.34375 0.6953125 0.3515625 0.7109375 0.3515625 0.6953125 0.359375 0.7109375 0.3671875 0.7109375 0.3671875 0.6953125 0.25 0.4765625 0.2578125 0.4609375 0.25 0.4609375 0.4609375 0.4765625 0.453125 0.4609375 0.453125 0.4765625 0.3515625 0.7109375 0.359375 0.7265625 0.359375 0.7109375 0.3515625 0.6796875 0.359375 0.6640625 0.3515625 0.6640625 0.25 0.5078125 0.25 0.5234375 0.2578125 0.5078125 0.4453125 0.4921875 0.453125 0.5078125 0.453125 0.4921875 0.3515625 0.6796875 0.359375 0.6640625 0.3515625 0.6640625 0.2421875 0.5078125 0.25 0.4921875 0.2421875 0.4921875 0.4453125 0.4921875 0.453125 0.5078125 0.453125 0.4921875 0.453125 0.4921875 0.4609375 0.4765625 0.453125 0.4765625 0.4453125 0.4921875 0.453125 0.5078125 0.453125 0.4921875 0.34375 0.6953125 0.3515625 0.7109375 0.34375 0.6953125 0.25 0.4921875 0.2578125 0.4765625 0.25 0.4765625 0.34375 0.6953125 0.3515625 0.7109375 0.3515625 0.6953125 0.34375 0.7109375 0.3515625 0.6953125 0.34375 0.6953125 0.453125 0.4765625 0.4609375 0.4609375 0.453125 0.4609375 0.25 0.5078125 0.2578125 0.5078125 0.2578125 0.4921875 0.2578125 0.8984375 0.2578125 0.8984375 0.2578125 0.90625 0.453125 0.6796875 0.4609375 0.6953125 0.4609375 0.6796875 0.46875 0.9140625 0.4609375 0.8984375 0.4609375 0.9140625 0.359375 0.3046875 0.3515625 0.2890625 0.359375 0.3046875 0.4609375 0.9140625 0.46875 0.8984375 0.4609375 0.8984375 0.453125 0.8984375 0.4609375 0.8828125 0.453125 0.8828125 0.359375 0.3046875 0.359375 0.2890625 0.359375 0.2890625 0.453125 0.6796875 0.453125 0.6953125 0.4609375 0.6953125 0.3671875 0.3046875 0.359375 0.2890625 0.359375 0.3046875 0.453125 0.6953125 0.4609375 0.6796875 0.453125 0.6796875 0.453125 0.6953125 0.4609375 0.7109375 0.4609375 0.6953125 0.4609375 0.7109375 0.4609375 0.6953125 0.4609375 0.6953125 0.453125 0.8984375 0.4609375 0.8828125 0.453125 0.8828125 0.3515625 0.2890625 0.359375 0.2890625 0.359375 0.2734375 0.453125 0.8984375 0.4609375 0.8828125 0.453125 0.8828125 0.46875 0.9140625 0.4609375 0.8984375 0.4609375 0.9140625 0.453125 0.6796875 0.4609375 0.6953125 0.453125 0.6953125 0.4609375 0.9140625 0.4609375 0.8984375 0.46875 0.9140625 0.359375 0.3046875 0.3515625 0.2890625 0.359375 0.3046875 0.46875 0.8984375 0.4609375 0.9140625 0.4609375 0.8984375 0.4609375 0.8828125 0.453125 0.8984375 0.453125 0.8828125 0.359375 0.2890625 0.359375 0.3046875 0.359375 0.2890625 0.4609375 0.6953125 0.453125 0.6953125 0.453125 0.6796875 0.359375 0.3046875 0.359375 0.2890625 0.3671875 0.3046875 0.4609375 0.6796875 0.453125 0.6953125 0.453125 0.6796875 0.453125 0.6953125 0.4609375 0.7109375 0.453125 0.7109375 0.4609375 0.6953125 0.4609375 0.7109375 0.4609375 0.6953125 0.4609375 0.8828125 0.453125 0.8984375 0.453125 0.8828125 0.3515625 0.2890625 0.3515625 0.2734375 0.359375 0.2734375 0.4609375 0.8828125 0.453125 0.8984375 0.453125 0.8828125 0.4609375 0.9140625 0.4609375 0.8984375 0.46875 0.9140625 0.0546875 0.7109375 0.046875 0.7109375 0.046875 0.6953125 0.046875 0.6953125 0.0546875 0.6953125 0.0546875 0.7109375 0.046875 0.7109375 0.046875 0.6953125 0.0546875 0.6953125 0.1484375 0.9140625 0.1484375 0.8984375 0.15625 0.8984375 0.1484375 0.8984375 0.1484375 0.8984375 0.1484375 0.9140625 0.1484375 0.8984375 0.15625 0.8984375 0.15625 0.9140625 0.046875 0.8984375 0.03515625 0.8671875 0.03515625 0.8671875 0.03515625 0.8671875 0.03515625 0.8671875 0.03515625 0.8671875 0.03515625 0.6640625 0.03515625 0.6640625 0.03515625 0.6640625 0.046875 0.6953125 0.0546875 0.6953125 0.0546875 0.7109375 0.03515625 0.6640625 0.03515625 0.6640625 0.03515625 0.6640625 0.046875 0.9140625 0.046875 0.8984375 0.0546875 0.9140625 0.046875 0.8984375 0.0546875 0.8984375 0.0546875 0.9140625 0.0546875 0.8984375 0.0546875 0.9140625 0.046875 0.9140625 0.0546875 0.7109375 0.046875 0.7109375 0.046875 0.6953125 0.1484375 0.8984375 0.1484375 0.8984375 0.1484375 0.9140625 0.1484375 0.8984375 0.15625 0.8984375 0.15625 0.9140625 0.0546875 0.8984375 0.0546875 0.9140625 0.046875 0.9140625 0.0546875 0.6953125 0.0546875 0.7109375 0.046875 0.7109375 0.15625 0.8984375 0.15625 0.9140625 0.1484375 0.9140625 0.15625 0.8984375 0.15625 0.9140625 0.1484375 0.9140625 0.15625 0.9140625 0.1484375 0.9140625 0.1484375 0.9140625 0.1484375 0.9140625 0.1484375 0.9140625 0.15625 0.9140625 0.0546875 0.7109375 0.046875 0.7109375 0.046875 0.6953125 0.0546875 0.6953125 0.0546875 0.7109375 0.046875 0.7109375 0.15625 0.6953125 0.15625 0.6953125 0.1484375 0.6953125 0.15625 0.6953125 0.15625 0.6953125 0.1484375 0.7109375 0.15625 0.6953125 0.15625 0.7109375 0.1484375 0.7109375 0.15625 0.6953125 0.15625 0.6953125 0.1484375 0.6953125 0.15625 0.6953125 0.1484375 0.7109375 0.1484375 0.6953125 0.15625 0.6953125 0.15625 0.6953125 0.1484375 0.7109375 0.15625 0.6953125 0.15625 0.7109375 0.1484375 0.7109375 0.15625 0.6953125 0.15625 0.7109375 0.1484375 0.7109375 0.1484375 0.7109375 0.1484375 0.6953125 0.15625 0.7109375 0.1484375 0.6953125 0.1484375 0.6953125 0.15625 0.7109375 0.1484375 0.6953125 0.15625 0.6953125 0.15625 0.7109375 0.15625 0.6953125 0.15625 0.7109375 0.15625 0.7109375 0.25 0.8984375 0.2578125 0.8984375 0.2578125 0.9140625 0.2578125 0.8984375 0.2578125 0.9140625 0.2578125 0.9140625 0.2578125 0.9140625 0.25 0.9140625 0.25 0.8984375 0.2578125 0.8984375 0.2578125 0.9140625 0.25 0.9140625 0.25 0.9140625 0.25 0.8984375 0.2578125 0.9140625 0.25 0.8984375 0.2578125 0.8984375 0.2578125 0.9140625 0.2578125 0.8984375 0.2578125 0.8984375 0.25 0.9140625 0.2578125 0.8984375 0.2578125 0.9140625 0.25 0.9140625 0.2578125 0.9140625 0.25 0.9140625 0.25 0.9140625 0.25 0.6953125 0.25 0.6953125 0.25 0.7109375 0.25 0.6953125 0.25 0.6953125 0.25 0.7109375 0.25 0.6953125 0.2578125 0.6953125 0.2578125 0.7109375 0.25 0.6953125 0.25 0.6953125 0.2578125 0.7109375 0.25 0.6953125 0.2578125 0.7109375 0.2578125 0.7109375 0.2578125 0.7109375 0.2578125 0.7109375 0.25 0.6953125 0.25 0.7109375 0.25 0.6953125 0.2578125 0.6953125 0.2578125 0.6953125 0.2578125 0.7109375 0.25 0.7109375 0.2578125 0.7109375 0.25 0.7109375 0.25 0.7109375 0.25 0.7109375 0.2578125 0.6953125 0.2578125 0.6953125 0.25 0.7109375 0.25 0.7109375 0.2578125 0.6953125 0.1484375 0.8984375 0.15625 0.8984375 0.1484375 0.9140625 0.15625 0.8984375 0.15625 0.9140625 0.1484375 0.9140625 0.2578125 0.6953125 0.2578125 0.7109375 0.25 0.7109375 0.0546875 0.9140625 0.046875 0.9140625 0.0546875 0.8984375 0.046875 0.9140625 0.046875 0.8984375 0.046875 0.8984375 0.0546875 0.8984375 0.046875 0.9140625 0.046875 0.8984375 0.046875 0.8984375 0.0546875 0.8984375 0.0546875 0.8984375 0.0546875 0.8984375 0.0546875 0.9140625 0.0546875 0.9140625 0.0546875 0.8984375 0.0546875 0.8984375 0.0546875 0.9140625 0.0546875 0.9140625 0.0546875 0.9140625 0.0546875 0.8984375 0.0546875 0.8984375 0.0546875 0.9140625 0.0546875 0.8984375 0.0546875 0.8984375 0.0546875 0.9140625 0.0546875 0.8984375 0.046875 0.8984375 0.0546875 0.8984375 0.0546875 0.8984375 0.046875 0.8984375 0.0546875 0.8984375 0.0546875 0.8984375 0.0546875 0.8984375 0.0546875 0.9140625 0.046875 0.9140625 0.1484375 0.9140625 0.1484375 0.8984375 0.1484375 0.8984375 0.1484375 0.8984375 0.15625 0.8984375 0.15625 0.9140625 0.0546875 0.6953125 0.0546875 0.7109375 0.046875 0.7109375 0.0546875 0.6953125 0.0546875 0.7109375 0.046875 0.7109375 0.0546875 0.7109375 0.046875 0.7109375 0.046875 0.6953125 0.046875 0.7109375 0.046875 0.7109375 0.046875 0.6953125 0.046875 0.7109375 0.046875 0.6953125 0.046875 0.6953125 0.046875 0.6953125 0.046875 0.6953125 0.046875 0.7109375 0.046875 0.7109375 0.046875 0.6953125 0.0546875 0.6953125 0.046875 0.6953125 0.0546875 0.6953125 0.0546875 0.7109375 0.0546875 0.8984375 0.0546875 0.8984375 0.046875 0.8984375 0.0546875 0.8984375 0.0546875 0.8984375 0.046875 0.8984375 0.0546875 0.8984375 0.0546875 0.9140625 0.046875 0.9140625 0.0546875 0.8984375 0.0546875 0.8984375 0.046875 0.9140625 0.15625 0.8984375 0.15625 0.9140625 0.1484375 0.9140625 0.0546875 0.7109375 0.0546875 0.7109375 0.0546875 0.6953125 0.0546875 0.7109375 0.0546875 0.7109375 0.046875 0.6953125 0.0546875 0.7109375 0.046875 0.7109375 0.046875 0.6953125 0.0546875 0.6953125 0.0546875 0.6953125 0.046875 0.6953125 0.0546875 0.6953125 0.0546875 0.7109375 0.046875 0.7109375 0.046875 0.6953125 0.0546875 0.6953125 0.0546875 0.7109375 0.046875 0.6953125 0.0546875 0.6953125 0.046875 0.7109375 0.0546875 0.6953125 0.0546875 0.7109375 0.046875 0.7109375 0.1484375 0.9140625 0.1484375 0.8984375 0.1484375 0.8984375 0.1484375 0.8984375 0.15625 0.8984375 0.15625 0.9140625 0.15625 0.8984375 0.15625 0.9140625 0.1484375 0.9140625 0.046875 0.6953125 0.046875 0.6953125 0.0546875 0.7109375 0.046875 0.6953125 0.0546875 0.6953125 0.0546875 0.7109375 0.046875 0.6953125 0.0546875 0.7109375 0.046875 0.7109375 0.0546875 0.6953125 0.0546875 0.7109375 0.0546875 0.7109375 0.0546875 0.6953125 0.0546875 0.7109375 0.046875 0.7109375 0.046875 0.7109375 0.046875 0.6953125 0.0546875 0.7109375 0.046875 0.6953125 0.0546875 0.6953125 0.0546875 0.7109375 0.0546875 0.6953125 0.0546875 0.7109375 0.0546875 0.7109375 0.1484375 0.8984375 0.1484375 0.8984375 0.1484375 0.9140625 0.1484375 0.8984375 0.15625 0.8984375 0.15625 0.9140625 0.0546875 0.7109375 0.046875 0.7109375 0.046875 0.6953125 0.046875 0.6953125 0.0546875 0.6953125 0.0546875 0.7109375 0.046875 0.7109375 0.046875 0.6953125 0.0546875 0.6953125 0.1484375 0.9140625 0.1484375 0.8984375 0.15625 0.8984375 0.1484375 0.8984375 0.1484375 0.9140625 0.15625 0.9140625 0.15625 0.9140625 0.15625 0.8984375 0.15625 0.9140625 0.15625 0.8984375 0.1484375 0.8984375 0.15625 0.9140625 0.1640625 0.8984375 0.1640625 0.8984375 0.15625 0.8984375 0.15625 0.8984375 0.15625 0.9140625 0.1640625 0.8984375 0.15625 0.9140625 0.15625 0.9140625 0.1640625 0.8984375 0.046875 0.6953125 0.0546875 0.6953125 0.0546875 0.6796875 0.046875 0.7109375 0.0546875 0.7109375 0.0546875 0.6953125 0.1484375 0.8828125 0.1484375 0.8828125 0.1484375 0.8984375 0.1484375 0.8984375 0.15625 0.8984375 0.1484375 0.8828125 0.15625 0.8984375 0.15625 0.8828125 0.1484375 0.8828125 0.1484375 0.8828125 0.1484375 0.8828125 0.15625 0.8984375 0.046875 0.8984375 0.046875 0.8984375 0.046875 0.9140625 0.0546875 0.9140625 0.0546875 0.9140625 0.0546875 0.8984375 0.046875 0.8984375 0.046875 0.9140625 0.0546875 0.9140625 0.1484375 0.9140625 0.1484375 0.9140625 0.15625 0.9296875 0.1484375 0.9140625 0.1484375 0.9296875 0.15625 0.9296875 0.15625 0.9296875 0.15625 0.9296875 0.1484375 0.9140625 0.15625 0.9296875 0.15625 0.9296875 0.15625 0.9140625 0.046875 0.7109375 0.046875 0.7265625 0.0546875 0.7265625 0.046875 0.8984375 0.046875 0.9140625 0.0546875 0.9140625 0.1484375 0.9140625 0.1484375 0.9296875 0.15625 0.9296875 0.0546875 0.6953125 0.046875 0.6953125 0.0546875 0.7109375 0.046875 0.6953125 0.046875 0.7109375 0.0546875 0.7109375 0.046875 0.6953125 0.046875 0.6953125 0.0546875 0.7109375 0.046875 0.6953125 0.046875 0.7109375 0.0546875 0.7109375 0.0546875 0.7109375 0.0546875 0.7109375 0.046875 0.6953125 0.046875 0.7109375 0.046875 0.7265625 0.0546875 0.7265625 0.0546875 0.8984375 0.0546875 0.9140625 0.0625 0.9140625 0.0546875 0.9140625 0.0546875 0.9140625 0.046875 0.9140625 0.046875 0.9140625 0.046875 0.9140625 0.0546875 0.9140625 0.046875 0.9140625 0.046875 0.9296875 0.0546875 0.9140625 0.046875 0.9296875 0.0546875 0.9296875 0.0546875 0.9140625 0.046875 0.7109375 0.046875 0.7109375 0.046875 0.7265625 0.046875 0.7265625 0.0546875 0.7265625 0.046875 0.7109375 0.0546875 0.7265625 0.0546875 0.7265625 0.046875 0.7109375 0.046875 0.8828125 0.0546875 0.8828125 0.0546875 0.8671875 0.046875 0.7109375 0.046875 0.7109375 0.046875 0.7265625 0.046875 0.7265625 0.0546875 0.7265625 0.046875 0.7109375 0.15625 0.9140625 0.1640625 0.9140625 0.1640625 0.8984375 0.15625 0.9140625 0.15625 0.9140625 0.1484375 0.9296875 0.15625 0.9140625 0.1484375 0.9140625 0.1484375 0.9296875 0.1484375 0.9296875 0.15625 0.9296875 0.1484375 0.9296875 0.15625 0.9296875 0.15625 0.9140625 0.1484375 0.9296875 0.0546875 0.6953125 0.0546875 0.6953125 0.0546875 0.7109375 0.0546875 0.7109375 0.0625 0.7109375 0.0546875 0.6953125 0.0625 0.7109375 0.0625 0.7109375 0.0625 0.6953125 0.046875 0.6640625 0.046875 0.6796875 0.0546875 0.6796875 0.0546875 0.6953125 0.0546875 0.6953125 0.0546875 0.7109375 0.0546875 0.7109375 0.0625 0.7109375 0.0546875 0.6953125 0.0625 0.7109375 0.0625 0.7109375 0.0546875 0.6953125 0.15625 0.8984375 0.15625 0.8828125 0.1484375 0.8984375 0.15625 0.8828125 0.15625 0.8828125 0.1484375 0.8984375 0.15625 0.8828125 0.1484375 0.8828125 0.1484375 0.8984375 0.0546875 0.8984375 0.0546875 0.8984375 0.0546875 0.9140625 0.0546875 0.9140625 0.0625 0.9140625 0.0546875 0.8984375 0.046875 0.8828125 0.0546875 0.8828125 0.0546875 0.8671875 0.046875 0.6953125 0.0546875 0.6953125 0.046875 0.6953125 0.0546875 0.6953125 0.0546875 0.6796875 0.046875 0.6953125 0.0546875 0.6796875 0.046875 0.6796875 0.046875 0.6953125 0.046875 0.6953125 0.0546875 0.6953125 0.0546875 0.6796875 0.1484375 0.8984375 0.15625 0.8984375 0.15625 0.8828125 0.0546875 0.6953125 0.0546875 0.6796875 0.0546875 0.6953125 0.0546875 0.6796875 0.046875 0.6796875 0.0546875 0.6953125 0.046875 0.6796875 0.046875 0.6796875 0.046875 0.6953125 0.0546875 0.6796875 0.046875 0.6796875 0.0546875 0.6953125 0.046875 0.6796875 0.046875 0.6953125 0.0546875 0.6953125 0.0546875 0.8984375 0.0546875 0.8828125 0.0546875 0.8984375 0.0546875 0.8828125 0.0546875 0.8828125 0.046875 0.8984375 0.0546875 0.8828125 0.0546875 0.8828125 0.046875 0.8828125 0.0546875 0.8828125 0.0546875 0.8828125 0.046875 0.8828125 0.0546875 0.8828125 0.046875 0.8984375 0.0546875 0.8984375 0.0546875 0.8828125 0.0546875 0.8828125 0.046875 0.8984375 0.046875 0.9140625 0.046875 0.8984375 0.046875 0.8984375 0.046875 0.8984375 0.046875 0.8828125 0.046875 0.9296875 0.046875 0.9296875 0.046875 0.9296875 0.046875 0.8984375 0.046875 0.9296875 0.046875 0.9140625 0.046875 0.9140625 0.046875 0.9140625 0.046875 0.9296875 0.046875 0.9140625 0.0546875 0.8671875 0.0546875 0.8671875 0.046875 0.8671875 0.0546875 0.8671875 0.0546875 0.8671875 0.046875 0.8671875 0.046875 0.8671875 0.046875 0.8671875 0.0546875 0.8828125 0.0546875 0.8671875 0.046875 0.8671875 0.0546875 0.8828125 0.046875 0.8671875 0.046875 0.8828125 0.0546875 0.8828125 0.1484375 0.8828125 0.1484375 0.8984375 0.15625 0.8984375 0.1484375 0.8984375 0.15625 0.8984375 0.15625 0.9140625 0.1484375 0.8984375 0.15625 0.8984375 0.15625 0.9140625 0.15625 0.8984375 0.15625 0.9140625 0.15625 0.9140625 0.1640625 0.8984375 0.1640625 0.9140625 0.15625 0.9140625 0.1640625 0.9140625 0.15625 0.9140625 0.15625 0.9140625 0.15625 0.9140625 0.15625 0.8984375 0.1640625 0.8984375 0.0546875 0.6796875 0.0546875 0.6953125 0.046875 0.6953125 0.0546875 0.6953125 0.0546875 0.7109375 0.046875 0.7109375 0.1484375 0.8828125 0.1484375 0.8828125 0.1484375 0.8984375 0.1484375 0.8828125 0.1484375 0.8828125 0.15625 0.8984375 0.1484375 0.8984375 0.1484375 0.8828125 0.15625 0.8984375 0.1484375 0.8828125 0.15625 0.8828125 0.15625 0.8984375 0.046875 0.8984375 0.0546875 0.8984375 0.0546875 0.9140625 0.0546875 0.8984375 0.0546875 0.9140625 0.0546875 0.9140625 0.0546875 0.9140625 0.046875 0.9140625 0.046875 0.8984375 0.1484375 0.9140625 0.15625 0.9140625 0.15625 0.9296875 0.15625 0.9296875 0.15625 0.9296875 0.1484375 0.9140625 0.15625 0.9296875 0.15625 0.9296875 0.1484375 0.9140625 0.15625 0.9296875 0.1484375 0.9296875 0.1484375 0.9140625 0.046875 0.7109375 0.0546875 0.7109375 0.0546875 0.7265625 0.046875 0.8984375 0.0546875 0.8984375 0.0546875 0.9140625 0.15625 0.9296875 0.1484375 0.9296875 0.1484375 0.9140625 0.046875 0.7109375 0.046875 0.6953125 0.0546875 0.7109375 0.046875 0.6953125 0.0546875 0.6953125 0.0546875 0.7109375 0.046875 0.7109375 0.046875 0.6953125 0.0546875 0.7109375 0.046875 0.6953125 0.046875 0.6953125 0.0546875 0.7109375 0.046875 0.6953125 0.0546875 0.6953125 0.0546875 0.7109375 0.0546875 0.7265625 0.046875 0.7265625 0.046875 0.7109375 0.0625 0.8984375 0.0625 0.9140625 0.0546875 0.9140625 0.046875 0.9140625 0.0546875 0.9140625 0.0546875 0.9140625 0.0546875 0.9140625 0.0546875 0.9296875 0.046875 0.9296875 0.046875 0.9140625 0.0546875 0.9140625 0.046875 0.9140625 0.0546875 0.9140625 0.0546875 0.9140625 0.046875 0.9140625 0.046875 0.7265625 0.046875 0.7109375 0.046875 0.7109375 0.046875 0.7109375 0.0546875 0.7109375 0.0546875 0.7265625 0.0546875 0.7265625 0.0546875 0.7265625 0.046875 0.7109375 0.0546875 0.8671875 0.0546875 0.8828125 0.046875 0.8828125 0.046875 0.7109375 0.0546875 0.7109375 0.0546875 0.7265625 0.0546875 0.7265625 0.046875 0.7265625 0.046875 0.7109375 0.1640625 0.8984375 0.1640625 0.9140625 0.15625 0.9140625 0.15625 0.9140625 0.15625 0.9140625 0.1484375 0.9140625 0.15625 0.9140625 0.15625 0.9296875 0.1484375 0.9296875 0.1484375 0.9140625 0.15625 0.9140625 0.1484375 0.9296875 0.15625 0.9296875 0.1484375 0.9296875 0.1484375 0.9296875 0.0546875 0.6953125 0.0625 0.6953125 0.0625 0.7109375 0.0625 0.6953125 0.0625 0.7109375 0.0625 0.7109375 0.0625 0.7109375 0.0546875 0.7109375 0.0546875 0.6953125 0.046875 0.6640625 0.0546875 0.6640625 0.0546875 0.6796875 0.0546875 0.6953125 0.0625 0.6953125 0.0625 0.7109375 0.0625 0.7109375 0.0546875 0.7109375 0.0546875 0.6953125 0.0546875 0.6953125 0.0625 0.7109375 0.0625 0.7109375 0.15625 0.8828125 0.15625 0.8828125 0.1484375 0.8984375 0.15625 0.8828125 0.15625 0.8984375 0.1484375 0.8984375 0.1484375 0.8984375 0.15625 0.8828125 0.1484375 0.8984375 0.0546875 0.9140625 0.0546875 0.8984375 0.0546875 0.8984375 0.0546875 0.8984375 0.0625 0.8984375 0.0625 0.9140625 0.0546875 0.8671875 0.0546875 0.8828125 0.046875 0.8828125 0.0546875 0.6796875 0.0546875 0.6953125 0.046875 0.6953125 0.0546875 0.6953125 0.046875 0.6953125 0.046875 0.6953125 0.046875 0.6953125 0.046875 0.6953125 0.0546875 0.6796875 0.0546875 0.6796875 0.0546875 0.6953125 0.046875 0.6953125 0.15625 0.8828125 0.15625 0.8984375 0.1484375 0.8984375 0.046875 0.6796875 0.0546875 0.6796875 0.0546875 0.6953125 0.0546875 0.6796875 0.0546875 0.6953125 0.0546875 0.6953125 0.0546875 0.6953125 0.046875 0.6953125 0.046875 0.6796875 0.046875 0.6953125 0.046875 0.6796875 0.0546875 0.6953125 0.046875 0.6796875 0.0546875 0.6796875 0.0546875 0.6953125 0.0546875 0.8828125 0.0546875 0.8828125 0.046875 0.8984375 0.0546875 0.8828125 0.0546875 0.8984375 0.0546875 0.8984375 0.046875 0.8984375 0.0546875 0.8828125 0.0546875 0.8984375 0.046875 0.8984375 0.046875 0.8828125 0.0546875 0.8828125 0.046875 0.8828125 0.0546875 0.8828125 0.0546875 0.8828125 0.0546875 0.8828125 0.046875 0.8828125 0.0546875 0.8828125 0.046875 0.8984375 0.046875 0.8984375 0.046875 0.9140625 0.046875 0.9140625 0.046875 0.9140625 0.046875 0.9296875 0.046875 0.9140625 0.046875 0.9140625 0.046875 0.9296875 0.046875 0.9296875 0.046875 0.9296875 0.046875 0.8984375 0.046875 0.9296875 0.046875 0.8828125 0.046875 0.8984375 0.0546875 0.8671875 0.0546875 0.8828125 0.0546875 0.8828125 0.0546875 0.8828125 0.046875 0.8828125 0.046875 0.8671875 0.046875 0.8671875 0.046875 0.8671875 0.0546875 0.8828125 0.046875 0.8671875 0.0546875 0.8671875 0.0546875 0.8671875 0.0546875 0.8671875 0.046875 0.8671875 0.0546875 0.8671875 0.1484375 0.8828125 0.15625 0.8828125 0.15625 0.8984375 0.0546875 0.8984375 0.0625 0.8984375 0.0625 0.9140625 0.15625 0.8984375 0.1484375 0.8984375 0.1484375 0.8828125 0.15625 0.8984375 0.1640625 0.8984375 0.1640625 0.9140625 0.15625 0.8671875 0.15625 0.8828125 0.1484375 0.8828125 0.0546875 0.6796875 0.0546875 0.6953125 0.046875 0.6953125 0.15625 0.8984375 0.1640625 0.8984375 0.1640625 0.9140625 0.1484375 0.9140625 0.1484375 0.9140625 0.15625 0.9140625 0.0546875 0.8828125 0.0546875 0.8984375 0.046875 0.8984375 0.046875 0.8984375 0.046875 0.8828125 0.0546875 0.8828125 0.046875 0.6953125 0.046875 0.7109375 0.046875 0.7109375 0.046875 0.7109375 0.0390625 0.7109375 0.0390625 0.6953125 0.0546875 0.9296875 0.046875 0.9296875 0.046875 0.9140625 0.0546875 0.7109375 0.0546875 0.7265625 0.046875 0.7265625 0.1484375 0.9140625 0.15625 0.9140625 0.1484375 0.9296875 0.15625 0.9140625 0.15625 0.9140625 0.1484375 0.9296875 0.15625 0.9140625 0.15625 0.9296875 0.1484375 0.9296875 0.046875 0.8828125 0.046875 0.8671875 0.0546875 0.8671875 0.046875 0.8671875 0.0546875 0.8671875 0.0546875 0.8671875 0.0546875 0.6640625 0.0546875 0.6796875 0.046875 0.6796875 0.0546875 0.6953125 0.0625 0.6953125 0.0625 0.7109375 0.0546875 0.9140625 0.0546875 0.9140625 0.0546875 0.8984375 0.1484375 0.9140625 0.1484375 0.8984375 0.15625 0.8984375 0.1484375 0.8984375 0.15625 0.8984375 0.15625 0.8984375 0.046875 0.9140625 0.046875 0.8984375 0.0546875 0.8984375 0.046875 0.9140625 0.046875 0.9140625 0.0546875 0.9140625 0.046875 0.7109375 0.046875 0.6953125 0.046875 0.6953125 0.15625 0.9140625 0.15625 0.9140625 0.15625 0.8984375 0.046875 0.8984375 0.0546875 0.8984375 0.0546875 0.8984375 0.1484375 0.8984375 0.15625 0.8984375 0.15625 0.8984375 0.2578125 0.4765625 0.2578125 0.4921875 0.25 0.4921875 0.2578125 0.4921875 0.2578125 0.5078125 0.25 0.5078125 0.2578125 0.5078125 0.2578125 0.5234375 0.25 0.5234375 0.0546875 0.6953125 0.0546875 0.7109375 0.046875 0.7109375 0.2578125 0.6953125 0.25 0.6953125 0.25 0.6796875 0.15625 0.7109375 0.1484375 0.7109375 0.1484375 0.6953125 0.1484375 0.6953125 0.15625 0.6953125 0.15625 0.6953125 0.15625 0.6953125 0.15625 0.6953125 0.1484375 0.7109375 0.15625 0.6953125 0.15625 0.6953125 0.1484375 0.7109375 0.15625 0.6953125 0.1484375 0.7109375 0.1484375 0.6953125 0.1484375 0.6953125 0.15625 0.6953125 0.15625 0.6953125 0.2578125 0.8984375 0.2578125 0.9140625 0.25 0.9140625 0.0546875 0.4921875 0.0546875 0.5078125 0.046875 0.5078125 0.25 0.6953125 0.2578125 0.6953125 0.2578125 0.7109375 0.2578125 0.9296875 0.25 0.9296875 0.25 0.9140625 0.2578125 0.7109375 0.2578125 0.7265625 0.25 0.7265625 0.2578125 0.6953125 0.2578125 0.7109375 0.25 0.7109375 0.2578125 0.7109375 0.25 0.7109375 0.25 0.7109375 0.25 0.7109375 0.25 0.7109375 0.2578125 0.7109375 0.25 0.7109375 0.25 0.7109375 0.2578125 0.7109375 0.25 0.7109375 0.25 0.6953125 0.2578125 0.6953125 0.25 0.6796875 0.2578125 0.6796875 0.25 0.6953125 0.2578125 0.6796875 0.2578125 0.6953125 0.25 0.6953125 0.2578125 0.8984375 0.2578125 0.9140625 0.25 0.9140625 0.1484375 0.4921875 0.1484375 0.5078125 0.140625 0.5078125 0.1640625 0.4921875 0.1640625 0.5078125 0.15625 0.5078125 0.15625 0.4921875 0.1484375 0.4921875 0.1484375 0.4765625 0.15625 0.4921875 0.15625 0.5078125 0.1484375 0.5078125 0.1484375 0.7109375 0.15625 0.7109375 0.15625 0.7109375 0.15625 0.7109375 0.15625 0.7265625 0.1484375 0.7265625 0.25 0.7109375 0.25 0.7109375 0.25 0.7265625 0.25 0.7109375 0.2578125 0.7109375 0.2578125 0.7265625 0.15625 0.5078125 0.15625 0.5234375 0.1484375 0.5234375 0.15625 0.6796875 0.15625 0.6796875 0.1484375 0.6796875 0.15625 0.6796875 0.15625 0.6953125 0.1484375 0.6953125 0.2578125 0.8828125 0.2578125 0.8984375 0.25 0.8984375 0.1484375 0.6953125 0.1484375 0.7109375 0.140625 0.7109375 0.0546875 0.9140625 0.0546875 0.9296875 0.046875 0.9296875 0.046875 0.8984375 0.046875 0.9140625 0.0390625 0.9140625 0.0390625 0.9140625 0.0390625 0.8984375 0.0390625 0.8984375 0.0390625 0.8984375 0.046875 0.8984375 0.046875 0.9140625 0.0546875 0.8984375 0.0546875 0.9140625 0.046875 0.9140625 0.0546875 0.9140625 0.0546875 0.9296875 0.046875 0.9296875 0.046875 0.8984375 0.046875 0.9140625 0.0390625 0.9140625 0.046875 0.9140625 0.046875 0.8984375 0.0546875 0.8984375 0.0546875 0.8984375 0.0546875 0.9140625 0.046875 0.9140625 0.0546875 0.8984375 0.0546875 0.9140625 0.046875 0.9140625 0.0546875 0.9140625 0.0546875 0.9296875 0.046875 0.9296875 0.046875 0.8984375 0.046875 0.9140625 0.0390625 0.9140625 0.046875 0.7109375 0.046875 0.6953125 0.0546875 0.6953125 0.046875 0.6953125 0.0546875 0.6953125 0.0546875 0.6953125 0.0546875 0.9140625 0.0546875 0.9296875 0.046875 0.9296875 0.0546875 0.8984375 0.0546875 0.9140625 0.046875 0.9140625 0.0546875 0.8828125 0.0546875 0.8984375 0.046875 0.8984375 0.0546875 0.8828125 0.0546875 0.8984375 0.046875 0.8984375 0.0546875 0.8984375 0.0546875 0.9140625 0.046875 0.9140625 0.0390625 0.8984375 0.046875 0.8984375 0.046875 0.9140625 0.0546875 0.8984375 0.0546875 0.9140625 0.046875 0.9140625 0.0546875 0.9140625 0.046875 0.9140625 0.046875 0.9140625 0.0546875 0.8828125 0.0546875 0.8828125 0.046875 0.8828125 0.0546875 0.8828125 0.0546875 0.8984375 0.046875 0.8984375 0.046875 0.8984375 0.046875 0.9140625 0.0390625 0.9140625 0.0390625 0.9140625 0.0390625 0.8984375 0.046875 0.9140625 0.0390625 0.8984375 0.046875 0.8984375 0.046875 0.9140625 0.0546875 0.8828125 0.0546875 0.8984375 0.046875 0.8984375 0.0546875 0.8984375 0.0546875 0.9140625 0.046875 0.9140625 0.0390625 0.8984375 0.046875 0.8984375 0.046875 0.9140625 0.046875 0.6953125 0.0546875 0.6953125 0.0546875 0.7109375 0.15625 0.9296875 0.1484375 0.9296875 0.1484375 0.9140625 0.0546875 0.6953125 0.0546875 0.7109375 0.046875 0.7109375 0.15625 0.9140625 0.15625 0.9296875 0.1484375 0.9296875 0.046875 0.6953125 0.046875 0.7109375 0.0390625 0.7109375 0.0546875 0.6953125 0.0546875 0.7109375 0.046875 0.7109375 0.0546875 0.7109375 0.0546875 0.7265625 0.046875 0.7265625 0.0546875 0.6953125 0.0546875 0.7109375 0.046875 0.7109375 0.1484375 0.9140625 0.15625 0.9140625 0.15625 0.9296875 0.15625 0.9140625 0.15625 0.9296875 0.1484375 0.9296875 0.15625 0.9296875 0.15625 0.9296875 0.15625 0.9140625 0.15625 0.9296875 0.1484375 0.9296875 0.1484375 0.9296875 0.1484375 0.9296875 0.1484375 0.9140625 0.1484375 0.9140625 0.15625 0.9296875 0.1484375 0.9296875 0.15625 0.9140625 0.1484375 0.9140625 0.15625 0.9140625 0.15625 0.9140625 0.046875 0.7109375 0.0546875 0.7109375 0.0546875 0.7265625 0.0546875 0.7265625 0.046875 0.7265625 0.0546875 0.7109375 0.046875 0.7265625 0.046875 0.7109375 0.0546875 0.7109375 0.046875 0.7109375 0.0546875 0.7109375 0.0546875 0.7109375 0.046875 0.7109375 0.046875 0.7109375 0.0546875 0.7109375 0.0546875 0.7265625 0.046875 0.7265625 0.046875 0.7109375 0.15625 0.9140625 0.15625 0.9296875 0.1484375 0.9296875 0.0546875 0.6953125 0.0546875 0.7109375 0.046875 0.7109375 0.046875 0.7109375 0.046875 0.7109375 0.046875 0.7265625 0.046875 0.7109375 0.0546875 0.7109375 0.0546875 0.7265625 0.0625 0.8984375 0.0625 0.9140625 0.0625 0.9140625 0.0625 0.9140625 0.0546875 0.9140625 0.0546875 0.9140625 0.0546875 0.9140625 0.0546875 0.8984375 0.0625 0.8984375 0.0546875 0.6796875 0.0546875 0.6796875 0.0546875 0.6640625 0.0546875 0.6796875 0.046875 0.6796875 0.046875 0.6640625 0.0546875 0.6640625 0.0546875 0.6796875 0.046875 0.6640625 0.046875 0.6640625 0.046875 0.6640625 0.0546875 0.6796875 0.0625 0.9140625 0.0546875 0.9140625 0.0546875 0.9140625 0.0546875 0.9140625 0.0546875 0.9140625 0.0625 0.9140625 0.0546875 0.9140625 0.0546875 0.9140625 0.0625 0.8984375 0.0546875 0.9140625 0.0625 0.9140625 0.0625 0.9140625 0.0625 0.9140625 0.0546875 0.9140625 0.0546875 0.9140625 0.0625 0.8984375 0.0625 0.9140625 0.0546875 0.9140625 0.046875 0.7109375 0.046875 0.7109375 0.046875 0.7265625 0.046875 0.7109375 0.046875 0.7109375 0.046875 0.7265625 0.046875 0.7109375 0.0546875 0.7109375 0.0546875 0.7265625 0.046875 0.7109375 0.046875 0.7109375 0.046875 0.7265625 0.046875 0.7109375 0.0546875 0.7109375 0.0546875 0.7265625 0.046875 0.7109375 0.046875 0.7109375 0.046875 0.7265625 0.046875 0.7109375 0.046875 0.7109375 0.0546875 0.7265625 0.046875 0.7265625 0.046875 0.7109375 0.0546875 0.7265625 0.046875 0.7109375 0.0546875 0.7109375 0.0546875 0.7265625 0.0546875 0.7265625 0.0546875 0.7265625 0.046875 0.7109375 0.046875 0.7109375 0.046875 0.7109375 0.046875 0.7265625 0.046875 0.7109375 0.0546875 0.7109375 0.0546875 0.7265625 0.15625 0.9140625 0.15625 0.9296875 0.1484375 0.9296875 0.15625 0.9296875 0.1484375 0.9296875 0.1484375 0.9296875 0.1484375 0.9296875 0.1484375 0.9296875 0.15625 0.9140625 0.1484375 0.9296875 0.1484375 0.9140625 0.15625 0.9140625 0.0546875 0.8984375 0.0625 0.8984375 0.0625 0.9140625 0.0625 0.9140625 0.0546875 0.9140625 0.0546875 0.9140625 0.0546875 0.8984375 0.0625 0.9140625 0.0625 0.9140625 0.0546875 0.9140625 0.0546875 0.8984375 0.0546875 0.8984375 0.046875 0.7109375 0.0546875 0.7109375 0.0546875 0.7109375 0.0546875 0.7109375 0.0546875 0.7265625 0.046875 0.7265625 0.0546875 0.6953125 0.0546875 0.6953125 0.046875 0.6953125 0.0546875 0.6953125 0.0546875 0.7109375 0.046875 0.7109375 0.0546875 0.7109375 0.0546875 0.7109375 0.046875 0.7109375 0.0546875 0.7109375 0.0546875 0.7265625 0.046875 0.7265625 0.0546875 0.6953125 0.0546875 0.7109375 0.046875 0.7109375 0.15625 0.8984375 0.15625 0.9140625 0.1484375 0.9140625 0.046875 0.7109375 0.046875 0.6953125 0.0546875 0.7109375 0.046875 0.6953125 0.0546875 0.6953125 0.0546875 0.7109375 0.0546875 0.6953125 0.0546875 0.7109375 0.0546875 0.7109375 0.15625 0.8984375 0.15625 0.9140625 0.1484375 0.9140625 0.1484375 0.9140625 0.1484375 0.8984375 0.15625 0.8984375 0.15625 0.8984375 0.15625 0.9140625 0.1484375 0.9140625 0.0625 0.8984375 0.0625 0.8984375 0.0546875 0.9140625 0.0625 0.8984375 0.0625 0.8984375 0.0546875 0.9140625 0.0546875 0.9140625 0.0625 0.8984375 0.0625 0.8984375 0.0625 0.8984375 0.0625 0.8984375 0.0546875 0.9140625 0.0625 0.8984375 0.0625 0.9140625 0.0546875 0.9140625 0.0546875 0.9140625 0.0625 0.8984375 0.0546875 0.9140625 0.0625 0.8984375 0.0625 0.8984375 0.0546875 0.9140625 0.0625 0.8984375 0.0546875 0.9140625 0.0546875 0.9140625 0.0546875 0.9140625 0.0625 0.8984375 0.0546875 0.9140625 0.0546875 0.9140625 0.0546875 0.9140625 0.0625 0.8984375 0.0625 0.8984375 0.0546875 0.9140625 0.0546875 0.9140625 0.0546875 0.9140625 0.0546875 0.8984375 0.0625 0.8984375 0.046875 0.7109375 0.046875 0.6953125 0.046875 0.6953125 0.046875 0.6953125 0.0546875 0.6953125 0.0546875 0.7109375 0.046875 0.6953125 0.046875 0.6953125 0.046875 0.7109375 0.046875 0.6953125 0.0546875 0.6953125 0.0546875 0.7109375 0.0546875 0.6953125 0.0546875 0.6953125 0.046875 0.6953125 0.0546875 0.6953125 0.0546875 0.7109375 0.046875 0.7109375 0.1484375 0.8984375 0.1484375 0.8828125 0.15625 0.8828125 0.1484375 0.8828125 0.15625 0.8828125 0.15625 0.8828125 0.0546875 0.6953125 0.0546875 0.7109375 0.046875 0.7109375 0.0625 0.6953125 0.0625 0.7109375 0.0546875 0.7109375 0.0625 0.8984375 0.0625 0.8984375 0.0546875 0.8984375 0.0625 0.8984375 0.0625 0.8984375 0.0625 0.9140625 0.0546875 0.8984375 0.0625 0.8984375 0.0546875 0.9140625 0.0625 0.8984375 0.0625 0.9140625 0.0625 0.9140625 0.15625 0.9140625 0.15625 0.8984375 0.1640625 0.9140625 0.15625 0.8984375 0.1640625 0.8984375 0.1640625 0.9140625 0.0625 0.8984375 0.0625 0.9140625 0.0546875 0.9140625 0.0625 0.6953125 0.0625 0.7109375 0.0546875 0.7109375 0.0546875 0.9140625 0.0546875 0.8984375 0.0625 0.8984375 0.0625 0.8984375 0.0625 0.9140625 0.0546875 0.9140625 0.0546875 0.9140625 0.0625 0.8984375 0.0625 0.8984375 0.1640625 0.8984375 0.1640625 0.9140625 0.15625 0.9140625 0.0625 0.8984375 0.0625 0.9140625 0.0546875 0.9140625 0.0546875 0.8984375 0.0625 0.8984375 0.0625 0.9140625 0.0625 0.9140625 0.0546875 0.9140625 0.0546875 0.8984375 0.0546875 0.6953125 0.0625 0.6953125 0.0625 0.7109375 0.0546875 0.6953125 0.0625 0.6953125 0.0625 0.7109375 0.0625 0.8984375 0.0625 0.9140625 0.0546875 0.8984375 0.0625 0.9140625 0.0546875 0.9140625 0.0546875 0.8984375 0.046875 0.6796875 0.0546875 0.6796875 0.0546875 0.6953125 0.046875 0.6953125 0.046875 0.6796875 0.0546875 0.6953125 0.046875 0.6796875 0.0546875 0.6796875 0.0546875 0.6953125 0.0546875 0.8984375 0.0546875 0.8984375 0.0546875 0.9140625 0.0546875 0.8984375 0.0546875 0.8984375 0.0625 0.9140625 0.0546875 0.9140625 0.0546875 0.8984375 0.0625 0.9140625 0.0546875 0.8984375 0.0625 0.8984375 0.0625 0.9140625 0.0546875 0.8984375 0.0546875 0.8984375 0.0625 0.9140625 0.0546875 0.8984375 0.0625 0.9140625 0.0625 0.9140625 0.046875 0.6953125 0.046875 0.6796875 0.0546875 0.6953125 0.046875 0.6796875 0.0546875 0.6796875 0.0546875 0.6953125 0.046875 0.6953125 0.046875 0.6796875 0.0546875 0.6796875 0.046875 0.6796875 0.0546875 0.6796875 0.0546875 0.6796875 0.1484375 0.8984375 0.1484375 0.8828125 0.15625 0.8984375 0.1484375 0.8828125 0.15625 0.8828125 0.15625 0.8984375 0.15625 0.8828125 0.15625 0.8984375 0.1484375 0.8984375 0.0546875 0.6953125 0.0546875 0.7109375 0.046875 0.7109375 0.0390625 0.6953125 0.046875 0.6953125 0.046875 0.7109375 0.1484375 0.8828125 0.1484375 0.8828125 0.15625 0.8984375 0.1484375 0.8828125 0.15625 0.8828125 0.15625 0.8984375 0.15625 0.8828125 0.15625 0.8984375 0.15625 0.8984375 0.15625 0.8828125 0.15625 0.8984375 0.1484375 0.8984375 0.1484375 0.8828125 0.15625 0.8828125 0.15625 0.8984375 0.0546875 0.6953125 0.0546875 0.7109375 0.046875 0.7109375 0.0546875 0.6796875 0.0546875 0.6953125 0.046875 0.6953125 0.0546875 0.6953125 0.0546875 0.7109375 0.046875 0.7109375 0.0546875 0.6796875 0.0546875 0.6796875 0.046875 0.6953125 0.0546875 0.6796875 0.0546875 0.6953125 0.046875 0.6953125 0.046875 0.6953125 0.046875 0.6796875 0.0546875 0.6796875 0.046875 0.6953125 0.046875 0.6796875 0.0546875 0.6953125 0.046875 0.6796875 0.0546875 0.6796875 0.0546875 0.6953125 0.0546875 0.6953125 0.046875 0.6796875 0.0546875 0.6953125 0.0546875 0.6796875 0.0546875 0.6953125 0.0546875 0.6953125 0.0546875 0.6953125 0.046875 0.6953125 0.0546875 0.6953125 0.0546875 0.6796875 0.0546875 0.6796875 0.0546875 0.6953125 0.0546875 0.6796875 0.0546875 0.6953125 0.0546875 0.6953125 0.0546875 0.6953125 0.046875 0.6953125 0.046875 0.6953125 0.0546875 0.6953125 0.0546875 0.6953125 0.0546875 0.6796875 0.0546875 0.6953125 0.0546875 0.6953125 0.046875 0.6953125 0.0546875 0.6953125 0.0546875 0.6953125 0.046875 0.7109375 0.0546875 0.6953125 0.0546875 0.7109375 0.046875 0.7109375 0.0390625 0.8984375 0.046875 0.8984375 0.046875 0.9140625 0.046875 0.8984375 0.046875 0.9140625 0.046875 0.9140625 0.046875 0.9140625 0.046875 0.9140625 0.046875 0.8984375 0.0390625 0.8984375 0.046875 0.8984375 0.046875 0.9140625 0.1484375 0.9296875 0.1484375 0.9140625 0.1484375 0.9140625 0.1484375 0.9140625 0.15625 0.9140625 0.15625 0.9296875 0.0546875 0.6953125 0.046875 0.6953125 0.046875 0.7109375 0.0546875 0.6796875 0.046875 0.7109375 0.0546875 0.7109375 0.0546875 0.6796875 0.046875 0.6796875 0.0546875 0.6640625 0.046875 0.6796875 0.046875 0.6640625 0.0546875 0.6640625 0.15625 0.8984375 0.15625 0.9140625 0.1484375 0.9140625 0.046875 0.6953125 0.046875 0.7109375 0.0390625 0.7109375 0.046875 0.6953125 0.046875 0.6953125 0.046875 0.7109375 0.046875 0.6953125 0.0546875 0.6953125 0.0546875 0.7109375 0.0546875 0.7265625 0.046875 0.7265625 0.046875 0.7109375 0.046875 0.7265625 0.046875 0.7265625 0.046875 0.7109375 0.046875 0.7265625 0.046875 0.7109375 0.046875 0.7109375 0.046875 0.7109375 0.0546875 0.7109375 0.0546875 0.7265625 0.0546875 0.7109375 0.0546875 0.7109375 0.0546875 0.7265625 0.046875 0.6953125 0.0546875 0.6953125 0.046875 0.7109375 0.0546875 0.6953125 0.0546875 0.7109375 0.046875 0.7109375 0.0546875 0.7109375 0.046875 0.7109375 0.046875 0.7109375 0.0625 0.6953125 0.0625 0.6953125 0.0546875 0.6953125 0.0625 0.6953125 0.0625 0.7109375 0.0546875 0.7109375 0.0625 0.7109375 0.0546875 0.7109375 0.0546875 0.7109375 0.046875 0.6953125 0.046875 0.6796875 0.046875 0.6796875 0.046875 0.6796875 0.0546875 0.6796875 0.0546875 0.6796875 0.0546875 0.6796875 0.0546875 0.6953125 0.0546875 0.6953125 0.0546875 0.6953125 0.046875 0.6953125 0.046875 0.6953125 0.046875 0.6953125 0.046875 0.6796875 0.0546875 0.6953125 0.1640625 0.9140625 0.15625 0.9140625 0.15625 0.8984375 0.15625 0.8828125 0.1484375 0.8828125 0.1484375 0.8671875 0.046875 0.6640625 0.0546875 0.6640625 0.0546875 0.6796875 0.0625 0.6953125 0.0625 0.7109375 0.0546875 0.7109375 0.2578125 0.9140625 0.25 0.9140625 0.2578125 0.8984375 0.25 0.9140625 0.25 0.9140625 0.25 0.8984375 0.2578125 0.8984375 0.25 0.9140625 0.25 0.8984375 0.1484375 0.6953125 0.15625 0.6953125 0.15625 0.7109375 0.25 0.8984375 0.25 0.9140625 0.2421875 0.9140625 0.25 0.9140625 0.25 0.8984375 0.2578125 0.9140625 0.25 0.8984375 0.2578125 0.8984375 0.2578125 0.9140625 0.25 0.8984375 0.25 0.9140625 0.2421875 0.9140625 0.25 0.6953125 0.2578125 0.6953125 0.2578125 0.7109375 0.1484375 0.6953125 0.1484375 0.7109375 0.140625 0.7109375 0.046875 0.6953125 0.046875 0.6953125 0.0390625 0.7109375 0.046875 0.6953125 0.046875 0.7109375 0.0390625 0.7109375 0.0390625 0.7109375 0.0390625 0.6953125 0.046875 0.6953125 0.0390625 0.6953125 0.046875 0.6953125 0.046875 0.6953125 0.046875 0.6640625 0.046875 0.6796875 0.0546875 0.6640625 0.046875 0.6796875 0.0546875 0.6796875 0.0546875 0.6640625 0.1484375 0.9140625 0.15625 0.9140625 0.15625 0.8984375 0.0390625 0.7109375 0.046875 0.7109375 0.046875 0.6953125 0.0546875 0.6953125 0.046875 0.6953125 0.0546875 0.7109375 0.046875 0.6953125 0.046875 0.6953125 0.046875 0.7109375 0.0546875 0.7265625 0.0546875 0.7265625 0.0546875 0.7109375 0.0546875 0.7109375 0.0546875 0.7109375 0.046875 0.7109375 0.046875 0.7109375 0.046875 0.7109375 0.046875 0.7265625 0.046875 0.7265625 0.046875 0.7265625 0.046875 0.7109375 0.046875 0.7265625 0.0546875 0.7265625 0.046875 0.7109375 0.0546875 0.7109375 0.0546875 0.6953125 0.046875 0.7109375 0.0546875 0.6953125 0.046875 0.6953125 0.046875 0.7109375 0.046875 0.7109375 0.046875 0.7109375 0.0546875 0.7109375 0.0625 0.7109375 0.0625 0.6953125 0.0546875 0.7109375 0.0625 0.6953125 0.0625 0.6953125 0.0546875 0.6953125 0.0546875 0.7109375 0.0625 0.6953125 0.0546875 0.6953125 0.046875 0.6796875 0.046875 0.6796875 0.046875 0.6953125 0.046875 0.6953125 0.046875 0.6953125 0.0546875 0.6953125 0.0546875 0.6953125 0.0546875 0.6953125 0.0546875 0.6796875 0.0546875 0.6796875 0.0546875 0.6796875 0.046875 0.6796875 0.046875 0.6796875 0.046875 0.6953125 0.0546875 0.6953125 0.15625 0.8984375 0.15625 0.9140625 0.1640625 0.9140625 0.15625 0.8828125 0.15625 0.8671875 0.1484375 0.8671875 0.046875 0.6640625 0.046875 0.6796875 0.0546875 0.6796875 0.0546875 0.7109375 0.0625 0.7109375 0.0625 0.6953125 0.25 0.9140625 0.25 0.9140625 0.25 0.8984375 0.25 0.9140625 0.2578125 0.9140625 0.2578125 0.8984375 0.2578125 0.9140625 0.2578125 0.8984375 0.2578125 0.8984375 0.1484375 0.6953125 0.1484375 0.7109375 0.15625 0.7109375 0.2421875 0.9140625 0.25 0.9140625 0.25 0.8984375 0.2578125 0.8984375 0.25 0.8984375 0.2578125 0.9140625 0.25 0.8984375 0.25 0.9140625 0.2578125 0.9140625 0.2421875 0.9140625 0.25 0.9140625 0.25 0.8984375 0.25 0.6953125 0.25 0.7109375 0.2578125 0.7109375 0.140625 0.7109375 0.1484375 0.7109375 0.1484375 0.6953125 0.046875 0.6953125 0.046875 0.6953125 0.0390625 0.6953125 0.046875 0.6953125 0.046875 0.6953125 0.0390625 0.6953125 0.0390625 0.6953125 0.0390625 0.7109375 0.046875 0.6953125 0.0390625 0.7109375 0.046875 0.7109375 0.046875 0.6953125 0.0546875 0.9140625 0.0546875 0.9296875 0.046875 0.9296875 0.046875 0.9296875 0.046875 0.9140625 0.0546875 0.9140625 0.046875 0.9140625 0.0546875 0.9140625 0.0546875 0.9140625 0.0546875 0.9140625 0.0546875 0.9296875 0.0546875 0.9296875 0.046875 0.7109375 0.0546875 0.7109375 0.046875 0.7265625 0.0546875 0.7109375 0.0546875 0.7265625 0.046875 0.7265625 0.0546875 0.7265625 0.046875 0.7265625 0.046875 0.7265625 0.046875 0.7265625 0.046875 0.7265625 0.0546875 0.7265625 0.046875 0.7265625 0.046875 0.7265625 0.0546875 0.7265625 0.046875 0.7109375 0.0546875 0.7109375 0.0546875 0.7265625 0.15625 0.9140625 0.15625 0.9296875 0.1484375 0.9296875 0.0546875 0.7109375 0.0546875 0.7265625 0.046875 0.7265625 0.046875 0.7109375 0.0546875 0.7109375 0.0546875 0.7109375 0.046875 0.7109375 0.0546875 0.7109375 0.0546875 0.7109375 0.0546875 0.7265625 0.046875 0.7265625 0.0546875 0.7109375 0.046875 0.7265625 0.046875 0.7109375 0.0546875 0.7109375 0.0546875 0.8984375 0.0625 0.8984375 0.0625 0.9140625 0.0625 0.8984375 0.0625 0.9140625 0.0625 0.9140625 0.0625 0.8984375 0.0625 0.9140625 0.0625 0.9140625 0.0625 0.9140625 0.0546875 0.9140625 0.0546875 0.8984375 0.0625 0.9140625 0.0625 0.9140625 0.0625 0.8984375 0.1484375 0.8984375 0.1484375 0.8828125 0.15625 0.8828125 0.15625 0.8828125 0.15625 0.8984375 0.1484375 0.8984375 0.0546875 0.9140625 0.0546875 0.9296875 0.046875 0.9296875 0.0546875 0.9296875 0.046875 0.9296875 0.046875 0.9296875 0.046875 0.9296875 0.046875 0.9296875 0.0546875 0.9140625 0.046875 0.9296875 0.046875 0.9296875 0.0546875 0.9140625 0.046875 0.9140625 0.0546875 0.9140625 0.0546875 0.9140625 0.0390625 0.8984375 0.046875 0.8984375 0.046875 0.9140625 0.046875 0.8984375 0.046875 0.9140625 0.046875 0.9140625 0.0390625 0.8984375 0.046875 0.9140625 0.046875 0.9140625 0.046875 0.9140625 0.046875 0.9140625 0.0390625 0.8984375 0.046875 0.9140625 0.046875 0.9140625 0.0390625 0.8984375 0.0546875 0.6796875 0.0546875 0.6953125 0.046875 0.6953125 0.046875 0.6953125 0.046875 0.6796875 0.0546875 0.6796875 0.046875 0.6796875 0.0546875 0.6796875 0.0546875 0.6953125 0.0546875 0.6953125 0.046875 0.6953125 0.0546875 0.6953125 0.046875 0.6953125 0.046875 0.6796875 0.0546875 0.6953125 0.0546875 0.6796875 0.0546875 0.6796875 0.0546875 0.6953125 0.15625 0.8984375 0.1484375 0.8984375 0.1484375 0.8828125 0.15625 0.8828125 0.15625 0.8984375 0.1484375 0.8984375 0.1484375 0.8984375 0.1484375 0.8828125 0.15625 0.8828125 0.0546875 0.6796875 0.0546875 0.6953125 0.046875 0.6953125 0.0546875 0.6796875 0.0546875 0.6953125 0.046875 0.6953125 0.046875 0.6953125 0.046875 0.6796875 0.0546875 0.6796875 0.046875 0.6796875 0.0546875 0.6796875 0.0546875 0.6796875 0.0546875 0.6796875 0.046875 0.6796875 0.0546875 0.6796875 0.0546875 0.6796875 0.0546875 0.6953125 0.046875 0.6953125 0.0546875 0.6953125 0.046875 0.6953125 0.046875 0.6953125 0.046875 0.6953125 0.0546875 0.6953125 0.046875 0.6953125 0.046875 0.6953125 0.046875 0.6953125 0.0546875 0.6796875 0.046875 0.6953125 0.046875 0.6796875 0.0546875 0.6796875 0.0546875 0.9296875 0.046875 0.9296875 0.046875 0.9140625 0.046875 0.7109375 0.0546875 0.7109375 0.0546875 0.7265625 0.1484375 0.9140625 0.15625 0.9140625 0.15625 0.9296875 0.15625 0.9296875 0.1484375 0.9296875 0.1484375 0.9140625 0.1484375 0.9296875 0.1484375 0.9140625 0.1484375 0.9140625 0.1484375 0.9296875 0.1484375 0.9140625 0.1484375 0.9140625 0.046875 0.8671875 0.0546875 0.8671875 0.0546875 0.8828125 0.0546875 0.8671875 0.0546875 0.8828125 0.0546875 0.8828125 0.0546875 0.8828125 0.0546875 0.8828125 0.0546875 0.8671875 0.0546875 0.8828125 0.0546875 0.8828125 0.046875 0.8671875 0.15625 0.8671875 0.15625 0.8828125 0.1484375 0.8828125 0.1484375 0.8828125 0.1484375 0.8671875 0.15625 0.8671875 0.15625 0.8671875 0.1484375 0.8828125 0.1484375 0.8828125 0.1484375 0.8828125 0.15625 0.8671875 0.15625 0.8671875 0.15625 0.8984375 0.1640625 0.8984375 0.1640625 0.9140625 0.140625 0.8984375 0.140625 0.8984375 0.140625 0.9140625 0.140625 0.8984375 0.140625 0.8984375 0.1484375 0.9140625 0.140625 0.9140625 0.140625 0.8984375 0.1484375 0.9140625 0.140625 0.8984375 0.1484375 0.8984375 0.1484375 0.9140625 0.1640625 0.8984375 0.1640625 0.9140625 0.15625 0.9140625 0.15625 0.8984375 0.1640625 0.8984375 0.1640625 0.9140625 0.140625 0.8984375 0.1484375 0.8984375 0.1484375 0.9140625 0.0546875 0.8671875 0.0546875 0.8671875 0.046875 0.8828125 0.0546875 0.8671875 0.0546875 0.8671875 0.046875 0.8828125 0.0546875 0.8671875 0.0546875 0.8828125 0.046875 0.8828125 0.0546875 0.8828125 0.046875 0.8828125 0.046875 0.8828125 0.046875 0.8671875 0.0546875 0.8671875 0.046875 0.8828125 0.0546875 0.8671875 0.0546875 0.8671875 0.046875 0.8828125 0.0546875 0.8671875 0.046875 0.8828125 0.046875 0.8828125 0.0546875 0.8671875 0.046875 0.8828125 0.046875 0.8828125 0.1484375 0.8984375 0.1484375 0.9140625 0.140625 0.9140625 0.0546875 0.6796875 0.0546875 0.6953125 0.046875 0.6953125 0.140625 0.8984375 0.1484375 0.8984375 0.1484375 0.9140625 0.046875 0.6640625 0.0546875 0.6640625 0.0546875 0.6796875 0.046875 0.8671875 0.0546875 0.8671875 0.0546875 0.8828125 0.0546875 0.6640625 0.0546875 0.6796875 0.046875 0.6796875 0.0546875 0.6640625 0.0546875 0.6796875 0.0546875 0.6640625 0.0546875 0.6796875 0.046875 0.6796875 0.0546875 0.6640625 0.046875 0.6796875 0.046875 0.6640625 0.0546875 0.6640625 0.1484375 0.8828125 0.15625 0.8828125 0.15625 0.8984375 0.15625 0.8828125 0.15625 0.8984375 0.15625 0.8984375 0.15625 0.8984375 0.15625 0.8984375 0.15625 0.8828125 0.15625 0.8984375 0.15625 0.8984375 0.1484375 0.8828125 0.1484375 0.8828125 0.1484375 0.8671875 0.1484375 0.8671875 0.1484375 0.8671875 0.15625 0.8671875 0.15625 0.8828125 0.1484375 0.8984375 0.1484375 0.9140625 0.140625 0.9140625 0.046875 0.6953125 0.046875 0.7109375 0.0390625 0.7109375 0.140625 0.8984375 0.140625 0.8984375 0.1484375 0.9140625 0.140625 0.8984375 0.1484375 0.8984375 0.1484375 0.9140625 0.1484375 0.8984375 0.1484375 0.9140625 0.1484375 0.9140625 0.0390625 0.6953125 0.0390625 0.6953125 0.0390625 0.7109375 0.0390625 0.6953125 0.046875 0.6953125 0.046875 0.7109375 0.0390625 0.7109375 0.0390625 0.6953125 0.046875 0.7109375 0.046875 0.7109375 0.0390625 0.7109375 0.046875 0.6953125 0.0390625 0.7109375 0.0390625 0.6953125 0.046875 0.6953125 0.046875 0.6953125 0.0390625 0.6953125 0.046875 0.7109375 0.0390625 0.6953125 0.046875 0.6953125 0.046875 0.7109375 0.046875 0.7109375 0.046875 0.6953125 0.046875 0.7109375 0.046875 0.7109375 0.046875 0.6953125 0.0390625 0.6953125 0.1484375 0.9140625 0.1484375 0.8984375 0.1484375 0.9140625 0.1484375 0.8984375 0.140625 0.8984375 0.1484375 0.9140625 0.0390625 0.7109375 0.0390625 0.6953125 0.046875 0.6953125 0.046875 0.6953125 0.046875 0.6953125 0.0390625 0.7109375 0.046875 0.6953125 0.0390625 0.6953125 0.0390625 0.7109375 0.0390625 0.6953125 0.046875 0.6953125 0.046875 0.7109375 0.0390625 0.6953125 0.046875 0.6953125 0.046875 0.7109375 0.046875 0.6953125 0.046875 0.7109375 0.046875 0.7109375 0.046875 0.7109375 0.046875 0.7109375 0.0390625 0.6953125 0.0390625 0.6953125 0.046875 0.6953125 0.046875 0.7109375 0.046875 0.8984375 0.0390625 0.8984375 0.0390625 0.9140625 0.0390625 0.8984375 0.0390625 0.9140625 0.0390625 0.9140625 0.0390625 0.8984375 0.046875 0.8984375 0.046875 0.9140625 0.046875 0.6953125 0.046875 0.7109375 0.0390625 0.7109375 0.140625 0.8984375 0.140625 0.9140625 0.1484375 0.9140625 0.140625 0.8984375 0.1484375 0.8984375 0.1484375 0.9140625 0.1484375 0.8984375 0.1484375 0.9140625 0.1484375 0.9140625 0.140625 0.9140625 0.1484375 0.9140625 0.1484375 0.8984375 0.15625 0.8984375 0.1640625 0.8984375 0.1640625 0.9140625 0.140625 0.9140625 0.1484375 0.8984375 0.15625 0.8984375 0.0390625 0.7109375 0.046875 0.7109375 0.046875 0.6953125 0.046875 0.9140625 0.046875 0.9296875 0.0546875 0.9296875 0.0546875 0.9296875 0.0546875 0.9296875 0.046875 0.9140625 0.0546875 0.9296875 0.0546875 0.9140625 0.046875 0.9140625 0.046875 0.9140625 0.0546875 0.9296875 0.046875 0.9140625 0.046875 0.9140625 0.046875 0.9140625 0.0546875 0.9296875 0.0390625 0.6953125 0.0390625 0.7109375 0.046875 0.6953125 0.0390625 0.7109375 0.046875 0.7109375 0.046875 0.6953125 0.046875 0.7109375 0.046875 0.6953125 0.046875 0.6953125 0.046875 0.7109375 0.0390625 0.7109375 0.0390625 0.6953125 0.0390625 0.6953125 0.0390625 0.6953125 0.0390625 0.7109375 0.046875 0.7109375 0.046875 0.7109375 0.0390625 0.6953125 0.046875 0.7109375 0.046875 0.7109375 0.046875 0.6953125 0.0390625 0.6953125 0.0390625 0.7109375 0.046875 0.7109375 0.046875 0.6953125 0.0390625 0.6953125 0.046875 0.7109375 0.0546875 0.8984375 0.046875 0.8984375 0.046875 0.8984375 0.046875 0.8984375 0.046875 0.8984375 0.046875 0.8984375 0.046875 0.8984375 0.046875 0.9140625 0.0546875 0.9140625 0.046875 0.8984375 0.046875 0.8984375 0.046875 0.8984375 0.046875 0.8984375 0.046875 0.8984375 0.046875 0.8984375 0.046875 0.8984375 0.0546875 0.9140625 0.0546875 0.9140625 0.0546875 0.9140625 0.0546875 0.9140625 0.046875 0.9140625 0.0546875 0.9140625 0.046875 0.9140625 0.046875 0.9140625 0.0546875 0.9140625 0.046875 0.9140625 0.046875 0.9140625 0.046875 0.9140625 0.046875 0.8984375 0.046875 0.8984375 0.046875 0.9140625 0.046875 0.9140625 0.046875 0.8984375 0.046875 0.9140625 0.046875 0.8984375 0.046875 0.8984375 0.046875 0.8984375 0.0546875 0.9140625 0.046875 0.9140625 0.0390625 0.9140625 0.0390625 0.8984375 0.046875 0.9140625 0.0390625 0.8984375 0.046875 0.8984375 0.046875 0.9140625 0.046875 0.6953125 0.0390625 0.6953125 0.0390625 0.7109375 0.0390625 0.7109375 0.046875 0.7109375 0.046875 0.6953125 0.046875 0.7109375 0.046875 0.6953125 0.0390625 0.6953125 0.046875 0.6953125 0.046875 0.7109375 0.0390625 0.6953125 0.140625 0.9140625 0.1484375 0.9140625 0.1484375 0.8984375 0.1484375 0.9140625 0.1484375 0.8984375 0.1484375 0.8984375 0.1484375 0.8984375 0.15625 0.8984375 0.140625 0.9140625 0.15625 0.8984375 0.1640625 0.8984375 0.1640625 0.9140625 0.0390625 0.7109375 0.0390625 0.7109375 0.046875 0.6953125 0.0390625 0.7109375 0.046875 0.7109375 0.046875 0.6953125 0.046875 0.6953125 0.0390625 0.6953125 0.0390625 0.7109375 0.0390625 0.6953125 0.0390625 0.7109375 0.046875 0.7109375 0.0390625 0.8984375 0.0390625 0.9140625 0.046875 0.9140625 0.0390625 0.6953125 0.0390625 0.7109375 0.046875 0.7109375 0.046875 0.9140625 0.0546875 0.9140625 0.0546875 0.9296875 0.046875 0.9296875 0.046875 0.9140625 0.0546875 0.9140625 0.046875 0.9140625 0.0546875 0.9140625 0.0546875 0.9140625 0.0546875 0.9140625 0.0546875 0.9296875 0.0546875 0.9296875 0.046875 0.7109375 0.0546875 0.7109375 0.046875 0.7265625 0.0546875 0.7109375 0.0546875 0.7265625 0.046875 0.7265625 0.0546875 0.7265625 0.046875 0.7265625 0.046875 0.7265625 0.046875 0.7265625 0.046875 0.7265625 0.0546875 0.7265625 0.046875 0.7265625 0.046875 0.7265625 0.0546875 0.7265625 0.046875 0.7109375 0.0546875 0.7109375 0.0546875 0.7265625 0.15625 0.9140625 0.15625 0.9296875 0.1484375 0.9296875 0.046875 0.7109375 0.0546875 0.7109375 0.0546875 0.7265625 0.046875 0.7109375 0.0546875 0.7109375 0.0546875 0.7109375 0.0546875 0.7109375 0.0546875 0.7109375 0.046875 0.7265625 0.0546875 0.7109375 0.0546875 0.7265625 0.046875 0.7265625 0.046875 0.7109375 0.0546875 0.7109375 0.0546875 0.7109375 0.0546875 0.8984375 0.0625 0.8984375 0.0625 0.9140625 0.0625 0.8984375 0.0625 0.9140625 0.0625 0.9140625 0.0625 0.9140625 0.0625 0.8984375 0.0625 0.9140625 0.0625 0.9140625 0.0625 0.9140625 0.0625 0.8984375 0.0625 0.9140625 0.0625 0.9140625 0.0625 0.8984375 0.1484375 0.8984375 0.1484375 0.8828125 0.15625 0.8828125 0.15625 0.8828125 0.15625 0.8984375 0.1484375 0.8984375 0.0546875 0.9140625 0.0546875 0.9140625 0.046875 0.9296875 0.0546875 0.9140625 0.0546875 0.9296875 0.046875 0.9296875 0.0546875 0.9296875 0.046875 0.9296875 0.046875 0.9296875 0.046875 0.9296875 0.046875 0.9296875 0.0546875 0.9140625 0.046875 0.9296875 0.046875 0.9296875 0.0546875 0.9140625 0.0390625 0.8984375 0.046875 0.8984375 0.046875 0.9140625 0.046875 0.8984375 0.046875 0.9140625 0.046875 0.9140625 0.0390625 0.8984375 0.046875 0.9140625 0.046875 0.9140625 0.046875 0.9140625 0.046875 0.9140625 0.0390625 0.8984375 0.046875 0.9140625 0.0390625 0.9140625 0.0390625 0.8984375 0.0546875 0.6796875 0.0546875 0.6796875 0.046875 0.6796875 0.0546875 0.6796875 0.0546875 0.6953125 0.046875 0.6953125 0.046875 0.6796875 0.0546875 0.6796875 0.0546875 0.6953125 0.0546875 0.6953125 0.046875 0.6953125 0.0546875 0.6953125 0.046875 0.6953125 0.046875 0.6796875 0.0546875 0.6953125 0.0546875 0.6796875 0.0546875 0.6796875 0.0546875 0.6953125 0.15625 0.8984375 0.1484375 0.8984375 0.1484375 0.8828125 0.15625 0.8828125 0.15625 0.8984375 0.1484375 0.8984375 0.1484375 0.8984375 0.1484375 0.8828125 0.15625 0.8828125 0.046875 0.6796875 0.0546875 0.6796875 0.0546875 0.6953125 0.0546875 0.6796875 0.0546875 0.6953125 0.046875 0.6953125 0.046875 0.6953125 0.046875 0.6796875 0.0546875 0.6796875 0.046875 0.6796875 0.0546875 0.6796875 0.0546875 0.6796875 0.046875 0.6796875 0.0546875 0.6796875 0.0546875 0.6796875 0.0546875 0.6796875 0.0546875 0.6953125 0.046875 0.6953125 0.0546875 0.6953125 0.046875 0.6953125 0.046875 0.6953125 0.0546875 0.6953125 0.046875 0.6953125 0.046875 0.6953125 0.046875 0.6796875 0.046875 0.6796875 0.0546875 0.6796875 0.046875 0.6953125 0.046875 0.6953125 0.0546875 0.6796875 0.0546875 0.9140625 0.0546875 0.9296875 0.046875 0.9296875 0.0546875 0.7109375 0.0546875 0.7265625 0.046875 0.7265625 0.1484375 0.9140625 0.1484375 0.9140625 0.15625 0.9296875 0.1484375 0.9140625 0.15625 0.9140625 0.15625 0.9296875 0.15625 0.9296875 0.1484375 0.9296875 0.1484375 0.9140625 0.1484375 0.9296875 0.1484375 0.9140625 0.1484375 0.9140625 0.046875 0.8671875 0.0546875 0.8671875 0.0546875 0.8828125 0.0546875 0.8671875 0.0546875 0.8828125 0.0546875 0.8828125 0.0546875 0.8828125 0.0546875 0.8828125 0.0546875 0.8671875 0.0546875 0.8828125 0.0546875 0.8828125 0.046875 0.8671875 0.15625 0.8671875 0.15625 0.8671875 0.1484375 0.8828125 0.15625 0.8671875 0.15625 0.8828125 0.1484375 0.8828125 0.1484375 0.8828125 0.15625 0.8671875 0.1484375 0.8828125 0.1484375 0.8828125 0.1484375 0.8671875 0.15625 0.8671875 0.15625 0.8984375 0.1640625 0.8984375 0.1640625 0.9140625 0.140625 0.8984375 0.140625 0.8984375 0.140625 0.9140625 0.140625 0.8984375 0.140625 0.8984375 0.1484375 0.9140625 0.140625 0.9140625 0.140625 0.8984375 0.1484375 0.9140625 0.140625 0.8984375 0.1484375 0.8984375 0.1484375 0.9140625 0.15625 0.8984375 0.1640625 0.8984375 0.1640625 0.9140625 0.1640625 0.8984375 0.1640625 0.9140625 0.15625 0.9140625 0.1484375 0.8984375 0.1484375 0.9140625 0.140625 0.9140625 0.0546875 0.8671875 0.0546875 0.8671875 0.046875 0.8828125 0.0546875 0.8671875 0.0546875 0.8671875 0.046875 0.8828125 0.0546875 0.8671875 0.0546875 0.8828125 0.046875 0.8828125 0.046875 0.8828125 0.046875 0.8828125 0.0546875 0.8671875 0.046875 0.8828125 0.046875 0.8828125 0.0546875 0.8671875 0.046875 0.8828125 0.046875 0.8828125 0.0546875 0.8671875 0.046875 0.8828125 0.046875 0.8828125 0.0546875 0.8671875 0.046875 0.8828125 0.046875 0.8671875 0.0546875 0.8671875 0.1484375 0.8984375 0.1484375 0.9140625 0.140625 0.9140625 0.0546875 0.6796875 0.0546875 0.6953125 0.046875 0.6953125 0.1484375 0.8984375 0.1484375 0.9140625 0.140625 0.9140625 0.0546875 0.6640625 0.0546875 0.6796875 0.046875 0.6796875 0.0546875 0.8671875 0.0546875 0.8828125 0.046875 0.8828125 0.0546875 0.6640625 0.0546875 0.6796875 0.046875 0.6796875 0.0546875 0.6640625 0.0546875 0.6796875 0.0546875 0.6640625 0.0546875 0.6796875 0.046875 0.6796875 0.0546875 0.6640625 0.046875 0.6796875 0.046875 0.6640625 0.0546875 0.6640625 0.1484375 0.8828125 0.15625 0.8828125 0.15625 0.8984375 0.15625 0.8828125 0.15625 0.8984375 0.15625 0.8984375 0.15625 0.8984375 0.15625 0.8984375 0.15625 0.8828125 0.15625 0.8984375 0.15625 0.8984375 0.1484375 0.8828125 0.1484375 0.8828125 0.1484375 0.8671875 0.1484375 0.8671875 0.1484375 0.8671875 0.15625 0.8671875 0.15625 0.8828125 0.1484375 0.8984375 0.1484375 0.9140625 0.140625 0.9140625 0.046875 0.6953125 0.046875 0.7109375 0.0390625 0.7109375 0.140625 0.8984375 0.140625 0.8984375 0.1484375 0.9140625 0.140625 0.8984375 0.1484375 0.8984375 0.1484375 0.9140625 0.1484375 0.8984375 0.1484375 0.9140625 0.1484375 0.9140625 0.0390625 0.6953125 0.0390625 0.6953125 0.0390625 0.7109375 0.0390625 0.6953125 0.046875 0.6953125 0.046875 0.7109375 0.0390625 0.7109375 0.0390625 0.6953125 0.046875 0.7109375 0.046875 0.7109375 0.0390625 0.7109375 0.046875 0.6953125 0.0390625 0.7109375 0.0390625 0.6953125 0.046875 0.6953125 0.046875 0.6953125 0.0390625 0.6953125 0.046875 0.7109375 0.0390625 0.6953125 0.046875 0.6953125 0.046875 0.7109375 0.046875 0.6953125 0.046875 0.7109375 0.046875 0.7109375 0.046875 0.7109375 0.046875 0.6953125 0.0390625 0.6953125 0.1484375 0.9140625 0.1484375 0.8984375 0.1484375 0.9140625 0.1484375 0.8984375 0.140625 0.8984375 0.1484375 0.9140625 0.0390625 0.7109375 0.0390625 0.6953125 0.046875 0.6953125 0.046875 0.6953125 0.0390625 0.6953125 0.046875 0.7109375 0.0390625 0.6953125 0.046875 0.6953125 0.046875 0.7109375 0.0390625 0.7109375 0.046875 0.6953125 0.046875 0.6953125 0.0390625 0.6953125 0.046875 0.6953125 0.046875 0.7109375 0.046875 0.6953125 0.046875 0.7109375 0.046875 0.7109375 0.046875 0.7109375 0.046875 0.7109375 0.0390625 0.6953125 0.046875 0.6953125 0.046875 0.7109375 0.0390625 0.7109375 0.046875 0.8984375 0.0390625 0.8984375 0.0390625 0.9140625 0.0390625 0.8984375 0.0390625 0.9140625 0.0390625 0.9140625 0.0390625 0.8984375 0.046875 0.8984375 0.046875 0.9140625 0.0390625 0.6953125 0.046875 0.6953125 0.046875 0.7109375 0.140625 0.8984375 0.140625 0.9140625 0.1484375 0.9140625 0.140625 0.8984375 0.1484375 0.8984375 0.1484375 0.9140625 0.1484375 0.8984375 0.1484375 0.9140625 0.1484375 0.9140625 0.140625 0.9140625 0.1484375 0.9140625 0.1484375 0.8984375 0.1484375 0.8984375 0.15625 0.8984375 0.140625 0.9140625 0.15625 0.8984375 0.1640625 0.8984375 0.140625 0.9140625 0.0390625 0.7109375 0.046875 0.7109375 0.046875 0.6953125 0.046875 0.9140625 0.046875 0.9140625 0.0546875 0.9296875 0.046875 0.9140625 0.046875 0.9140625 0.0546875 0.9296875 0.046875 0.9140625 0.046875 0.9296875 0.0546875 0.9296875 0.0546875 0.9296875 0.0546875 0.9296875 0.046875 0.9140625 0.0546875 0.9296875 0.0546875 0.9140625 0.046875 0.9140625 0.0390625 0.6953125 0.0390625 0.7109375 0.046875 0.7109375 0.046875 0.7109375 0.046875 0.6953125 0.046875 0.6953125 0.046875 0.6953125 0.0390625 0.6953125 0.0390625 0.6953125 0.046875 0.6953125 0.046875 0.7109375 0.0390625 0.7109375 0.0390625 0.6953125 0.0390625 0.6953125 0.046875 0.7109375 0.0390625 0.6953125 0.0390625 0.6953125 0.0390625 0.7109375 0.046875 0.7109375 0.0390625 0.6953125 0.0390625 0.7109375 0.046875 0.7109375 0.046875 0.7109375 0.046875 0.6953125 0.046875 0.7109375 0.046875 0.7109375 0.0390625 0.6953125 0.0546875 0.8984375 0.046875 0.8984375 0.046875 0.8984375 0.046875 0.8984375 0.046875 0.8984375 0.046875 0.8984375 0.046875 0.8984375 0.046875 0.8984375 0.0546875 0.9140625 0.046875 0.8984375 0.046875 0.9140625 0.0546875 0.9140625 0.0546875 0.9140625 0.0546875 0.9140625 0.046875 0.8984375 0.0546875 0.9140625 0.0546875 0.9140625 0.046875 0.9140625 0.046875 0.8984375 0.0546875 0.9140625 0.046875 0.9140625 0.046875 0.8984375 0.046875 0.8984375 0.046875 0.9140625 0.046875 0.8984375 0.046875 0.8984375 0.046875 0.8984375 0.046875 0.9140625 0.046875 0.8984375 0.046875 0.8984375 0.046875 0.9140625 0.046875 0.9140625 0.0546875 0.9140625 0.046875 0.9140625 0.046875 0.9140625 0.0546875 0.9140625 0.046875 0.9140625 0.046875 0.9140625 0.046875 0.8984375 0.0390625 0.9140625 0.0390625 0.8984375 0.046875 0.9140625 0.0390625 0.8984375 0.046875 0.8984375 0.046875 0.9140625 0.046875 0.6953125 0.0390625 0.6953125 0.0390625 0.7109375 0.0390625 0.7109375 0.046875 0.7109375 0.046875 0.6953125 0.046875 0.7109375 0.046875 0.6953125 0.0390625 0.6953125 0.046875 0.6953125 0.046875 0.7109375 0.0390625 0.6953125 0.140625 0.9140625 0.1484375 0.9140625 0.1484375 0.8984375 0.1484375 0.9140625 0.1484375 0.8984375 0.1484375 0.8984375 0.1484375 0.8984375 0.15625 0.8984375 0.140625 0.9140625 0.15625 0.8984375 0.1640625 0.8984375 0.140625 0.9140625 0.0390625 0.7109375 0.0390625 0.7109375 0.046875 0.6953125 0.0390625 0.7109375 0.046875 0.7109375 0.046875 0.6953125 0.046875 0.6953125 0.0390625 0.6953125 0.0390625 0.7109375 0.0390625 0.7109375 0.046875 0.7109375 0.046875 0.6953125 0.0390625 0.8984375 0.0390625 0.9140625 0.046875 0.9140625 0.0390625 0.6953125 0.0390625 0.7109375 0.046875 0.7109375 0.046875 0.9296875 0.0546875 0.9296875 0.0546875 0.9140625 0.0546875 0.9140625 0.046875 0.9140625 0.0546875 0.9140625 0.046875 0.9140625 0.046875 0.9296875 0.0546875 0.9140625 0.0546875 0.9296875 0.0546875 0.9296875 0.0546875 0.9140625 0.0546875 0.7265625 0.0546875 0.7109375 0.046875 0.7265625 0.0546875 0.7109375 0.046875 0.7109375 0.046875 0.7265625 0.046875 0.7265625 0.0546875 0.7109375 0.046875 0.7265625 0.046875 0.7265625 0.046875 0.7265625 0.0546875 0.7265625 0.046875 0.7265625 0.046875 0.7265625 0.0546875 0.7265625 0.046875 0.7109375 0.046875 0.7265625 0.0546875 0.7265625 0.15625 0.9140625 0.1484375 0.9140625 0.1484375 0.9296875 0.046875 0.7265625 0.0546875 0.7265625 0.0546875 0.7109375 0.0546875 0.7109375 0.0546875 0.7109375 0.046875 0.7109375 0.046875 0.7109375 0.046875 0.7265625 0.0546875 0.7109375 0.046875 0.7265625 0.0546875 0.7265625 0.0546875 0.7109375 0.0546875 0.7109375 0.0546875 0.7109375 0.046875 0.7265625 0.0625 0.9140625 0.0625 0.8984375 0.0625 0.9140625 0.0625 0.8984375 0.0546875 0.8984375 0.0625 0.9140625 0.0625 0.9140625 0.0625 0.8984375 0.0625 0.9140625 0.0546875 0.8984375 0.0546875 0.9140625 0.0625 0.9140625 0.0625 0.9140625 0.0625 0.9140625 0.0625 0.8984375 0.15625 0.8828125 0.1484375 0.8828125 0.1484375 0.8984375 0.1484375 0.8984375 0.1484375 0.8984375 0.15625 0.8984375 0.0546875 0.9296875 0.0546875 0.9140625 0.046875 0.9296875 0.0546875 0.9140625 0.0546875 0.9140625 0.046875 0.9296875 0.0546875 0.9140625 0.046875 0.9140625 0.046875 0.9296875 0.046875 0.9296875 0.046875 0.9296875 0.0546875 0.9140625 0.046875 0.9296875 0.046875 0.9296875 0.0546875 0.9140625 0.046875 0.9140625 0.046875 0.8984375 0.046875 0.9140625 0.046875 0.8984375 0.0390625 0.8984375 0.046875 0.9140625 0.046875 0.9140625 0.0390625 0.8984375 0.046875 0.9140625 0.0390625 0.8984375 0.0390625 0.9140625 0.046875 0.9140625 0.046875 0.9140625 0.046875 0.9140625 0.0390625 0.8984375 0.0546875 0.6953125 0.0546875 0.6796875 0.046875 0.6953125 0.0546875 0.6796875 0.0546875 0.6796875 0.046875 0.6796875 0.046875 0.6796875 0.046875 0.6953125 0.0546875 0.6953125 0.046875 0.6796875 0.046875 0.6953125 0.0546875 0.6953125 0.046875 0.6953125 0.0546875 0.6953125 0.0546875 0.6953125 0.0546875 0.6953125 0.0546875 0.6796875 0.0546875 0.6796875 0.15625 0.8984375 0.15625 0.8828125 0.1484375 0.8828125 0.1484375 0.8984375 0.15625 0.8984375 0.15625 0.8828125 0.15625 0.8828125 0.1484375 0.8828125 0.1484375 0.8984375 0.046875 0.6953125 0.0546875 0.6953125 0.0546875 0.6796875 0.046875 0.6953125 0.0546875 0.6953125 0.0546875 0.6796875 0.0546875 0.6796875 0.0546875 0.6796875 0.046875 0.6796875 0.0546875 0.6796875 0.0546875 0.6796875 0.046875 0.6796875 0.046875 0.6953125 0.0546875 0.6796875 0.0546875 0.6796875 0.046875 0.6953125 0.0546875 0.6953125 0.046875 0.6953125 0.0546875 0.6953125 0.0546875 0.6796875 0.046875 0.6953125 0.0546875 0.6796875 0.046875 0.6796875 0.046875 0.6796875 0.046875 0.6796875 0.046875 0.6953125 0.0546875 0.6796875 0.046875 0.6953125 0.046875 0.6953125 0.0546875 0.6796875 0.046875 0.9140625 0.046875 0.9296875 0.0546875 0.9296875 0.046875 0.7109375 0.046875 0.7265625 0.0546875 0.7265625 0.1484375 0.9140625 0.1484375 0.9140625 0.1484375 0.9296875 0.1484375 0.9296875 0.15625 0.9296875 0.1484375 0.9140625 0.15625 0.9296875 0.15625 0.9140625 0.1484375 0.9140625 0.15625 0.9296875 0.1484375 0.9140625 0.1484375 0.9140625 0.0546875 0.8828125 0.0546875 0.8671875 0.0546875 0.8828125 0.0546875 0.8671875 0.046875 0.8671875 0.0546875 0.8828125 0.0546875 0.8828125 0.0546875 0.8671875 0.0546875 0.8828125 0.046875 0.8671875 0.046875 0.8828125 0.0546875 0.8828125 0.15625 0.8671875 0.15625 0.8671875 0.1484375 0.8828125 0.15625 0.8671875 0.15625 0.8671875 0.1484375 0.8828125 0.15625 0.8671875 0.1484375 0.8671875 0.1484375 0.8828125 0.1484375 0.8828125 0.1484375 0.8828125 0.15625 0.8671875 0.15625 0.8984375 0.15625 0.9140625 0.1640625 0.9140625 0.140625 0.8984375 0.140625 0.8984375 0.1484375 0.9140625 0.140625 0.8984375 0.140625 0.8984375 0.1484375 0.9140625 0.140625 0.8984375 0.140625 0.9140625 0.1484375 0.9140625 0.1484375 0.9140625 0.1484375 0.9140625 0.140625 0.8984375 0.15625 0.9140625 0.1640625 0.9140625 0.1640625 0.8984375 0.15625 0.9140625 0.1640625 0.9140625 0.1640625 0.8984375 0.140625 0.8984375 0.140625 0.9140625 0.1484375 0.9140625 0.0546875 0.8671875 0.0546875 0.8671875 0.046875 0.8828125 0.0546875 0.8671875 0.046875 0.8671875 0.046875 0.8828125 0.046875 0.8828125 0.046875 0.8828125 0.0546875 0.8671875 0.046875 0.8828125 0.046875 0.8828125 0.0546875 0.8671875 0.0546875 0.8671875 0.046875 0.8828125 0.0546875 0.8671875 0.0546875 0.8671875 0.0546875 0.8671875 0.046875 0.8828125 0.046875 0.8828125 0.0546875 0.8828125 0.0546875 0.8671875 0.046875 0.8828125 0.046875 0.8828125 0.0546875 0.8671875 0.140625 0.9140625 0.1484375 0.9140625 0.1484375 0.8984375 0.046875 0.6953125 0.0546875 0.6953125 0.0546875 0.6796875 0.140625 0.8984375 0.140625 0.9140625 0.1484375 0.9140625 0.046875 0.6640625 0.046875 0.6796875 0.0546875 0.6796875 0.046875 0.8671875 0.046875 0.8828125 0.0546875 0.8828125 0.046875 0.6796875 0.0546875 0.6796875 0.0546875 0.6640625 0.046875 0.6796875 0.0546875 0.6796875 0.0546875 0.6640625 0.0546875 0.6796875 0.0546875 0.6640625 0.0546875 0.6640625 0.0546875 0.6640625 0.0546875 0.6640625 0.046875 0.6796875 0.15625 0.8984375 0.15625 0.8828125 0.15625 0.8984375 0.15625 0.8828125 0.1484375 0.8828125 0.15625 0.8984375 0.15625 0.8984375 0.15625 0.8828125 0.15625 0.8984375 0.1484375 0.8828125 0.1484375 0.8984375 0.15625 0.8984375 0.1484375 0.8671875 0.1484375 0.8671875 0.1484375 0.8828125 0.1484375 0.8828125 0.15625 0.8828125 0.1484375 0.8671875 0.140625 0.9140625 0.1484375 0.9140625 0.1484375 0.8984375 0.0390625 0.7109375 0.046875 0.7109375 0.046875 0.6953125 0.1484375 0.8984375 0.140625 0.8984375 0.1484375 0.9140625 0.140625 0.8984375 0.140625 0.8984375 0.1484375 0.9140625 0.140625 0.8984375 0.140625 0.9140625 0.1484375 0.9140625 0.046875 0.6953125 0.0390625 0.6953125 0.046875 0.7109375 0.0390625 0.6953125 0.0390625 0.6953125 0.0390625 0.7109375 0.0390625 0.7109375 0.0390625 0.6953125 0.0390625 0.7109375 0.0390625 0.6953125 0.0390625 0.7109375 0.046875 0.6953125 0.0390625 0.7109375 0.046875 0.7109375 0.046875 0.6953125 0.046875 0.7109375 0.046875 0.7109375 0.0390625 0.6953125 0.046875 0.7109375 0.046875 0.7109375 0.046875 0.6953125 0.0390625 0.6953125 0.046875 0.7109375 0.046875 0.6953125 0.0390625 0.6953125 0.046875 0.6953125 0.046875 0.7109375 0.140625 0.8984375 0.1484375 0.8984375 0.1484375 0.9140625 0.1484375 0.8984375 0.1484375 0.9140625 0.1484375 0.9140625 0.046875 0.6953125 0.0390625 0.6953125 0.0390625 0.7109375 0.0390625 0.7109375 0.046875 0.7109375 0.046875 0.6953125 0.046875 0.7109375 0.046875 0.6953125 0.0390625 0.6953125 0.046875 0.6953125 0.046875 0.7109375 0.0390625 0.6953125 0.046875 0.7109375 0.046875 0.6953125 0.046875 0.7109375 0.046875 0.6953125 0.0390625 0.6953125 0.046875 0.7109375 0.0390625 0.6953125 0.0390625 0.7109375 0.046875 0.7109375 0.0390625 0.6953125 0.0390625 0.7109375 0.046875 0.7109375 0.0390625 0.9140625 0.0390625 0.8984375 0.0390625 0.9140625 0.0390625 0.8984375 0.046875 0.8984375 0.0390625 0.9140625 0.0390625 0.8984375 0.0390625 0.9140625 0.046875 0.9140625 0.0390625 0.6953125 0.0390625 0.7109375 0.046875 0.7109375 0.140625 0.8984375 0.1484375 0.8984375 0.1484375 0.9140625 0.1484375 0.9140625 0.1484375 0.8984375 0.1484375 0.9140625 0.1484375 0.8984375 0.140625 0.8984375 0.1484375 0.9140625 0.1484375 0.8984375 0.1484375 0.9140625 0.140625 0.9140625 0.140625 0.9140625 0.1640625 0.9140625 0.1640625 0.8984375 0.15625 0.8984375 0.1484375 0.8984375 0.140625 0.9140625 0.046875 0.6953125 0.046875 0.7109375 0.0390625 0.7109375 0.046875 0.9140625 0.046875 0.9140625 0.0546875 0.9296875 0.046875 0.9140625 0.046875 0.9140625 0.0546875 0.9296875 0.046875 0.9140625 0.0546875 0.9140625 0.0546875 0.9296875 0.0546875 0.9296875 0.0546875 0.9296875 0.046875 0.9140625 0.0546875 0.9296875 0.046875 0.9296875 0.046875 0.9140625 0.0390625 0.7109375 0.0390625 0.6953125 0.046875 0.6953125 0.0390625 0.6953125 0.0390625 0.6953125 0.046875 0.6953125 0.046875 0.6953125 0.046875 0.6953125 0.046875 0.7109375 0.0390625 0.6953125 0.0390625 0.7109375 0.046875 0.7109375 0.0390625 0.6953125 0.0390625 0.6953125 0.046875 0.7109375 0.0390625 0.6953125 0.046875 0.6953125 0.046875 0.7109375 0.046875 0.7109375 0.0390625 0.6953125 0.046875 0.7109375 0.046875 0.6953125 0.046875 0.7109375 0.046875 0.7109375 0.046875 0.7109375 0.0390625 0.7109375 0.0390625 0.6953125 0.046875 0.8984375 0.046875 0.8984375 0.046875 0.8984375 0.046875 0.8984375 0.0546875 0.8984375 0.046875 0.8984375 0.046875 0.8984375 0.046875 0.8984375 0.046875 0.8984375 0.046875 0.8984375 0.046875 0.8984375 0.046875 0.9140625 0.046875 0.9140625 0.046875 0.8984375 0.046875 0.9140625 0.0546875 0.9140625 0.046875 0.9140625 0.046875 0.8984375 0.046875 0.8984375 0.046875 0.8984375 0.046875 0.8984375 0.046875 0.8984375 0.046875 0.8984375 0.046875 0.9140625 0.0546875 0.9140625 0.046875 0.8984375 0.0546875 0.9140625 0.0546875 0.9140625 0.046875 0.8984375 0.046875 0.8984375 0.046875 0.9140625 0.0546875 0.9140625 0.046875 0.9140625 0.0546875 0.9140625 0.0546875 0.9140625 0.046875 0.9140625 0.046875 0.9140625 0.0546875 0.9140625 0.046875 0.9140625 0.046875 0.8984375 0.0390625 0.8984375 0.046875 0.9140625 0.0390625 0.8984375 0.0390625 0.9140625 0.046875 0.9140625 0.0390625 0.7109375 0.0390625 0.6953125 0.046875 0.6953125 0.046875 0.6953125 0.0390625 0.6953125 0.046875 0.7109375 0.0390625 0.6953125 0.046875 0.6953125 0.046875 0.7109375 0.0390625 0.7109375 0.046875 0.6953125 0.046875 0.6953125 0.1484375 0.9140625 0.140625 0.9140625 0.1484375 0.8984375 0.140625 0.9140625 0.1640625 0.9140625 0.15625 0.8984375 0.1484375 0.9140625 0.1484375 0.8984375 0.1484375 0.8984375 0.1640625 0.9140625 0.1640625 0.8984375 0.15625 0.8984375 0.046875 0.7109375 0.0390625 0.7109375 0.046875 0.6953125 0.0390625 0.7109375 0.0390625 0.7109375 0.046875 0.6953125 0.0390625 0.7109375 0.0390625 0.7109375 0.0390625 0.6953125 0.0390625 0.6953125 0.046875 0.6953125 0.046875 0.7109375 0.0390625 0.8984375 0.046875 0.8984375 0.046875 0.9140625 0.0390625 0.6953125 0.046875 0.6953125 0.046875 0.7109375 0.046875 0.9140625 0.046875 0.9296875 0.0546875 0.9296875 0.0546875 0.9140625 0.046875 0.9140625 0.0546875 0.9140625 0.046875 0.9140625 0.046875 0.9296875 0.0546875 0.9140625 0.0546875 0.9296875 0.0546875 0.9296875 0.0546875 0.9140625 0.0546875 0.7265625 0.0546875 0.7109375 0.046875 0.7265625 0.0546875 0.7109375 0.046875 0.7109375 0.046875 0.7265625 0.046875 0.7265625 0.0546875 0.7109375 0.046875 0.7265625 0.046875 0.7265625 0.046875 0.7265625 0.0546875 0.7265625 0.046875 0.7265625 0.046875 0.7265625 0.0546875 0.7265625 0.046875 0.7109375 0.046875 0.7265625 0.0546875 0.7265625 0.15625 0.9140625 0.1484375 0.9140625 0.1484375 0.9296875 0.046875 0.7109375 0.046875 0.7265625 0.0546875 0.7265625 0.0546875 0.7109375 0.0546875 0.7109375 0.046875 0.7109375 0.046875 0.7109375 0.046875 0.7265625 0.0546875 0.7109375 0.046875 0.7265625 0.0546875 0.7265625 0.0546875 0.7109375 0.0546875 0.7109375 0.046875 0.7265625 0.0546875 0.7109375 0.0625 0.9140625 0.0625 0.8984375 0.0625 0.9140625 0.0625 0.8984375 0.0546875 0.8984375 0.0625 0.9140625 0.0625 0.9140625 0.0625 0.8984375 0.0625 0.9140625 0.0546875 0.8984375 0.0546875 0.9140625 0.0625 0.9140625 0.0625 0.9140625 0.0625 0.9140625 0.0625 0.8984375 0.15625 0.8828125 0.1484375 0.8828125 0.1484375 0.8984375 0.1484375 0.8984375 0.1484375 0.8984375 0.15625 0.8984375 0.0546875 0.9296875 0.0546875 0.9140625 0.046875 0.9296875 0.0546875 0.9140625 0.0546875 0.9140625 0.046875 0.9296875 0.0546875 0.9140625 0.046875 0.9140625 0.046875 0.9296875 0.046875 0.9296875 0.046875 0.9296875 0.0546875 0.9140625 0.046875 0.9296875 0.046875 0.9296875 0.0546875 0.9140625 0.046875 0.9140625 0.046875 0.8984375 0.046875 0.9140625 0.046875 0.8984375 0.0390625 0.8984375 0.046875 0.9140625 0.0390625 0.8984375 0.0390625 0.9140625 0.046875 0.9140625 0.0390625 0.8984375 0.046875 0.9140625 0.046875 0.9140625 0.0390625 0.8984375 0.046875 0.9140625 0.046875 0.9140625 0.0546875 0.6953125 0.0546875 0.6796875 0.046875 0.6953125 0.0546875 0.6796875 0.0546875 0.6796875 0.046875 0.6796875 0.046875 0.6796875 0.046875 0.6953125 0.0546875 0.6953125 0.046875 0.6796875 0.046875 0.6953125 0.0546875 0.6953125 0.046875 0.6953125 0.0546875 0.6953125 0.0546875 0.6953125 0.0546875 0.6953125 0.0546875 0.6796875 0.0546875 0.6796875 0.15625 0.8984375 0.15625 0.8828125 0.1484375 0.8828125 0.1484375 0.8984375 0.15625 0.8984375 0.15625 0.8828125 0.15625 0.8828125 0.1484375 0.8828125 0.1484375 0.8984375 0.046875 0.6796875 0.046875 0.6953125 0.0546875 0.6953125 0.046875 0.6953125 0.0546875 0.6953125 0.0546875 0.6796875 0.046875 0.6953125 0.0546875 0.6796875 0.0546875 0.6796875 0.0546875 0.6796875 0.046875 0.6796875 0.0546875 0.6796875 0.046875 0.6796875 0.046875 0.6953125 0.0546875 0.6796875 0.046875 0.6953125 0.0546875 0.6953125 0.046875 0.6953125 0.0546875 0.6953125 0.0546875 0.6796875 0.046875 0.6953125 0.046875 0.6953125 0.0546875 0.6953125 0.046875 0.6953125 0.0546875 0.6796875 0.046875 0.6796875 0.046875 0.6796875 0.046875 0.6796875 0.046875 0.6953125 0.0546875 0.6796875 0.0546875 0.9140625 0.046875 0.9140625 0.046875 0.9296875 0.046875 0.7265625 0.0546875 0.7265625 0.0546875 0.7109375 0.1484375 0.9140625 0.1484375 0.9140625 0.1484375 0.9296875 0.1484375 0.9140625 0.1484375 0.9140625 0.1484375 0.9296875 0.1484375 0.9296875 0.15625 0.9296875 0.1484375 0.9140625 0.15625 0.9296875 0.15625 0.9140625 0.1484375 0.9140625 0.0546875 0.8828125 0.0546875 0.8671875 0.0546875 0.8828125 0.0546875 0.8671875 0.046875 0.8671875 0.0546875 0.8828125 0.0546875 0.8828125 0.0546875 0.8671875 0.0546875 0.8828125 0.046875 0.8671875 0.046875 0.8828125 0.0546875 0.8828125 0.15625 0.8671875 0.15625 0.8671875 0.1484375 0.8828125 0.15625 0.8671875 0.15625 0.8671875 0.1484375 0.8828125 0.15625 0.8671875 0.1484375 0.8671875 0.1484375 0.8828125 0.1484375 0.8828125 0.1484375 0.8828125 0.15625 0.8671875 0.15625 0.8984375 0.15625 0.9140625 0.1640625 0.9140625 0.140625 0.8984375 0.140625 0.8984375 0.1484375 0.9140625 0.140625 0.8984375 0.140625 0.8984375 0.1484375 0.9140625 0.140625 0.8984375 0.140625 0.9140625 0.1484375 0.9140625 0.1484375 0.9140625 0.1484375 0.9140625 0.140625 0.8984375 0.15625 0.8984375 0.15625 0.9140625 0.1640625 0.9140625 0.15625 0.9140625 0.1640625 0.9140625 0.1640625 0.8984375 0.140625 0.9140625 0.1484375 0.9140625 0.1484375 0.8984375 0.0546875 0.8671875 0.0546875 0.8671875 0.046875 0.8828125 0.0546875 0.8671875 0.0546875 0.8671875 0.046875 0.8828125 0.046875 0.8828125 0.0546875 0.8671875 0.046875 0.8828125 0.0546875 0.8671875 0.046875 0.8671875 0.046875 0.8828125 0.046875 0.8828125 0.046875 0.8828125 0.0546875 0.8671875 0.046875 0.8828125 0.046875 0.8828125 0.0546875 0.8671875 0.0546875 0.8671875 0.0546875 0.8671875 0.046875 0.8828125 0.046875 0.8828125 0.0546875 0.8828125 0.0546875 0.8671875 0.140625 0.9140625 0.1484375 0.9140625 0.1484375 0.8984375 0.046875 0.6953125 0.0546875 0.6953125 0.0546875 0.6796875 0.140625 0.9140625 0.1484375 0.9140625 0.1484375 0.8984375 0.046875 0.6796875 0.0546875 0.6796875 0.0546875 0.6640625 0.046875 0.8828125 0.0546875 0.8828125 0.0546875 0.8671875 0.046875 0.6796875 0.0546875 0.6796875 0.0546875 0.6640625 0.046875 0.6796875 0.0546875 0.6796875 0.0546875 0.6640625 0.0546875 0.6796875 0.0546875 0.6640625 0.0546875 0.6640625 0.0546875 0.6640625 0.0546875 0.6796875 0.0546875 0.6640625 0.15625 0.8984375 0.15625 0.8828125 0.15625 0.8984375 0.15625 0.8828125 0.1484375 0.8828125 0.15625 0.8984375 0.15625 0.8984375 0.15625 0.8828125 0.15625 0.8984375 0.1484375 0.8828125 0.1484375 0.8984375 0.15625 0.8984375 0.1484375 0.8671875 0.1484375 0.8671875 0.1484375 0.8828125 0.1484375 0.8828125 0.15625 0.8828125 0.1484375 0.8671875 0.140625 0.9140625 0.1484375 0.9140625 0.1484375 0.8984375 0.0390625 0.7109375 0.046875 0.7109375 0.046875 0.6953125 0.140625 0.8984375 0.140625 0.8984375 0.140625 0.9140625 0.140625 0.9140625 0.1484375 0.9140625 0.140625 0.8984375 0.1484375 0.9140625 0.1484375 0.9140625 0.140625 0.8984375 0.0390625 0.6953125 0.0390625 0.6953125 0.0390625 0.7109375 0.0390625 0.7109375 0.0390625 0.7109375 0.0390625 0.6953125 0.0390625 0.7109375 0.046875 0.7109375 0.0390625 0.6953125 0.0390625 0.6953125 0.0390625 0.7109375 0.046875 0.6953125 0.0390625 0.7109375 0.046875 0.7109375 0.046875 0.6953125 0.046875 0.7109375 0.046875 0.7109375 0.0390625 0.6953125 0.046875 0.7109375 0.046875 0.7109375 0.046875 0.6953125 0.0390625 0.6953125 0.046875 0.7109375 0.046875 0.6953125 0.0390625 0.6953125 0.046875 0.6953125 0.046875 0.7109375 0.140625 0.8984375 0.1484375 0.8984375 0.1484375 0.9140625 0.1484375 0.8984375 0.1484375 0.9140625 0.1484375 0.9140625 0.046875 0.6953125 0.0390625 0.6953125 0.0390625 0.7109375 0.0390625 0.7109375 0.046875 0.7109375 0.046875 0.6953125 0.046875 0.7109375 0.046875 0.6953125 0.0390625 0.6953125 0.046875 0.6953125 0.046875 0.7109375 0.0390625 0.6953125 0.046875 0.7109375 0.046875 0.6953125 0.046875 0.7109375 0.046875 0.6953125 0.0390625 0.6953125 0.046875 0.7109375 0.0390625 0.6953125 0.0390625 0.7109375 0.046875 0.7109375 0.0390625 0.7109375 0.046875 0.7109375 0.046875 0.6953125 0.0390625 0.9140625 0.0390625 0.8984375 0.0390625 0.9140625 0.0390625 0.8984375 0.046875 0.8984375 0.0390625 0.9140625 0.0390625 0.8984375 0.0390625 0.9140625 0.046875 0.9140625 0.0390625 0.6953125 0.0390625 0.7109375 0.046875 0.7109375 0.1484375 0.8984375 0.1484375 0.9140625 0.140625 0.9140625 0.1484375 0.9140625 0.1484375 0.8984375 0.1484375 0.9140625 0.1484375 0.8984375 0.140625 0.8984375 0.1484375 0.9140625 0.1484375 0.8984375 0.1484375 0.9140625 0.140625 0.9140625 0.140625 0.9140625 0.1640625 0.9140625 0.15625 0.8984375 0.1640625 0.9140625 0.1640625 0.8984375 0.15625 0.8984375 0.046875 0.6953125 0.046875 0.7109375 0.0390625 0.7109375 0.046875 0.9140625 0.046875 0.9140625 0.0546875 0.9296875 0.046875 0.9140625 0.046875 0.9140625 0.0546875 0.9296875 0.046875 0.9140625 0.046875 0.9140625 0.0546875 0.9296875 0.046875 0.9140625 0.0546875 0.9140625 0.0546875 0.9296875 0.0546875 0.9296875 0.0546875 0.9296875 0.046875 0.9140625 0.0390625 0.7109375 0.0390625 0.6953125 0.046875 0.6953125 0.0390625 0.6953125 0.0390625 0.6953125 0.046875 0.6953125 0.046875 0.6953125 0.046875 0.6953125 0.046875 0.7109375 0.046875 0.6953125 0.0390625 0.6953125 0.0390625 0.7109375 0.0390625 0.6953125 0.046875 0.6953125 0.046875 0.7109375 0.046875 0.6953125 0.046875 0.7109375 0.046875 0.7109375 0.046875 0.7109375 0.046875 0.7109375 0.0390625 0.6953125 0.046875 0.7109375 0.0390625 0.7109375 0.0390625 0.6953125 0.0390625 0.7109375 0.0390625 0.6953125 0.0390625 0.6953125 0.046875 0.8984375 0.046875 0.8984375 0.046875 0.8984375 0.046875 0.8984375 0.0546875 0.8984375 0.046875 0.8984375 0.046875 0.8984375 0.046875 0.8984375 0.046875 0.8984375 0.046875 0.8984375 0.046875 0.8984375 0.046875 0.9140625 0.046875 0.8984375 0.046875 0.8984375 0.046875 0.9140625 0.046875 0.8984375 0.046875 0.8984375 0.046875 0.9140625 0.046875 0.9140625 0.046875 0.8984375 0.0546875 0.9140625 0.046875 0.8984375 0.046875 0.8984375 0.0546875 0.9140625 0.0546875 0.9140625 0.046875 0.8984375 0.0546875 0.9140625 0.046875 0.8984375 0.046875 0.9140625 0.046875 0.9140625 0.046875 0.9140625 0.046875 0.9140625 0.0546875 0.9140625 0.046875 0.9140625 0.046875 0.9140625 0.0546875 0.9140625 0.0546875 0.9140625 0.0546875 0.9140625 0.046875 0.9140625 0.046875 0.8984375 0.0390625 0.8984375 0.046875 0.9140625 0.0390625 0.8984375 0.0390625 0.9140625 0.046875 0.9140625 0.0390625 0.7109375 0.0390625 0.6953125 0.046875 0.6953125 0.0390625 0.7109375 0.046875 0.6953125 0.046875 0.6953125 0.046875 0.6953125 0.046875 0.7109375 0.0390625 0.6953125 0.046875 0.7109375 0.0390625 0.7109375 0.0390625 0.6953125 0.1484375 0.9140625 0.140625 0.9140625 0.1484375 0.8984375 0.140625 0.9140625 0.1640625 0.9140625 0.15625 0.8984375 0.1484375 0.9140625 0.1484375 0.8984375 0.1484375 0.8984375 0.1640625 0.9140625 0.1640625 0.8984375 0.15625 0.8984375 0.046875 0.7109375 0.0390625 0.7109375 0.046875 0.6953125 0.0390625 0.7109375 0.0390625 0.7109375 0.046875 0.6953125 0.0390625 0.7109375 0.0390625 0.7109375 0.0390625 0.6953125 0.046875 0.6953125 0.046875 0.7109375 0.0390625 0.7109375 0.0390625 0.8984375 0.046875 0.8984375 0.046875 0.9140625 0.0390625 0.6953125 0.046875 0.6953125 0.046875 0.7109375 0.1679687 0.4609375 0.1679687 0.5234375 0.1367187 0.5234375 0.3710938 0.8671875 0.3710938 0.9296875 0.3398438 0.9296875 0.3710938 0.8671875 0.3710938 0.9296875 0.3398438 0.9296875 0.1679687 0.4609375 0.1679687 0.5234375 0.1367187 0.5234375 0.046875 0.9140625 0.0546875 0.9140625 0.0546875 0.9296875 0.046875 0.9296875 0.046875 0.9140625 0.0546875 0.9140625 0.046875 0.9140625 0.0546875 0.9140625 0.0546875 0.9140625 0.0546875 0.9140625 0.0546875 0.9296875 0.0546875 0.9296875 0.046875 0.7109375 0.0546875 0.7109375 0.0546875 0.7265625 0.1484375 0.9140625 0.15625 0.9140625 0.1484375 0.9296875 0.15625 0.9140625 0.15625 0.9296875 0.1484375 0.9296875 0.0546875 0.7109375 0.0546875 0.7109375 0.046875 0.7109375 0.0546875 0.7109375 0.0546875 0.7265625 0.046875 0.7265625 0.046875 0.7109375 0.0546875 0.7109375 0.0546875 0.7265625 0.0546875 0.9140625 0.0546875 0.9296875 0.0546875 0.9296875 0.0546875 0.9296875 0.046875 0.9296875 0.046875 0.9296875 0.046875 0.9296875 0.046875 0.9140625 0.0546875 0.9140625 0.0546875 0.9140625 0.0546875 0.9140625 0.046875 0.9296875 0.0546875 0.9140625 0.0546875 0.9296875 0.046875 0.9296875 0.046875 0.8828125 0.0546875 0.8828125 0.0546875 0.8984375 0.0390625 0.8984375 0.046875 0.8984375 0.046875 0.9140625 0.046875 0.9140625 0.0390625 0.9140625 0.0390625 0.8984375 0.0546875 0.7109375 0.0546875 0.6953125 0.0625 0.7109375 0.0546875 0.6953125 0.0625 0.6953125 0.0625 0.7109375 0.0546875 0.8984375 0.0625 0.8984375 0.0625 0.9140625 0.0625 0.8984375 0.0625 0.9140625 0.0625 0.9140625 0.0625 0.9140625 0.0625 0.8984375 0.0625 0.9140625 0.15625 0.8828125 0.15625 0.8828125 0.1484375 0.8984375 0.15625 0.8828125 0.15625 0.8984375 0.1484375 0.8984375 0.1484375 0.8984375 0.15625 0.8828125 0.1484375 0.8984375 0.1484375 0.8984375 0.1484375 0.8828125 0.15625 0.8828125 0.1484375 0.8828125 0.15625 0.8828125 0.15625 0.8828125 0.046875 0.8984375 0.046875 0.9140625 0.0390625 0.9140625 0.0390625 0.9140625 0.0390625 0.9140625 0.0390625 0.8984375 0.1484375 0.8828125 0.15625 0.8828125 0.15625 0.8984375 0.046875 0.8984375 0.046875 0.8828125 0.0546875 0.8828125 0.046875 0.8828125 0.046875 0.8828125 0.0546875 0.8828125 0.046875 0.8828125 0.0546875 0.8828125 0.0546875 0.8828125 0.0546875 0.8828125 0.0546875 0.8984375 0.046875 0.8984375 0.0546875 0.6953125 0.046875 0.6953125 0.046875 0.6796875 0.046875 0.6796875 0.0546875 0.6796875 0.046875 0.6953125 0.0546875 0.6796875 0.0546875 0.6953125 0.0546875 0.6953125 0.046875 0.6953125 0.0546875 0.6796875 0.0546875 0.6953125 0.046875 0.8671875 0.0546875 0.8671875 0.0546875 0.8828125 0.0546875 0.7109375 0.0546875 0.7265625 0.046875 0.7265625 0.0546875 0.6640625 0.0546875 0.6796875 0.046875 0.6796875 0.1484375 0.9140625 0.1484375 0.9140625 0.15625 0.9296875 0.1484375 0.9140625 0.15625 0.9140625 0.15625 0.9296875 0.15625 0.9296875 0.1484375 0.9140625 0.15625 0.9296875 0.15625 0.9140625 0.15625 0.9296875 0.15625 0.9296875 0.15625 0.9296875 0.1484375 0.9296875 0.1484375 0.9140625 0.1484375 0.9296875 0.1484375 0.9140625 0.1484375 0.9140625 0.1640625 0.9140625 0.1484375 0.9140625 0.15625 0.8984375 0.1484375 0.9140625 0.1484375 0.8984375 0.15625 0.8984375 0.046875 0.8671875 0.0546875 0.8671875 0.0546875 0.8828125 0.046875 0.8828125 0.046875 0.8671875 0.0546875 0.8671875 0.046875 0.8671875 0.0546875 0.8671875 0.0546875 0.8671875 0.0546875 0.8671875 0.0546875 0.8828125 0.046875 0.8828125 0.15625 0.8671875 0.15625 0.8671875 0.1484375 0.8671875 0.15625 0.8671875 0.15625 0.8671875 0.1484375 0.8828125 0.15625 0.8671875 0.15625 0.8828125 0.1484375 0.8828125 0.1640625 0.8984375 0.1640625 0.9140625 0.15625 0.9140625 0.046875 0.7109375 0.046875 0.6953125 0.0390625 0.6953125 0.15625 0.8828125 0.15625 0.8984375 0.1484375 0.8984375 0.1640625 0.8984375 0.1640625 0.9140625 0.15625 0.9140625 0.0546875 0.6640625 0.0546875 0.6796875 0.046875 0.6796875 0.1484375 0.8984375 0.1484375 0.9140625 0.140625 0.9140625 0.046875 0.6640625 0.046875 0.6640625 0.046875 0.6796875 0.046875 0.6640625 0.0546875 0.6640625 0.0546875 0.6796875 0.046875 0.8828125 0.046875 0.8671875 0.0546875 0.8671875 0.046875 0.6796875 0.0546875 0.6796875 0.0546875 0.6953125 0.1484375 0.8984375 0.1484375 0.9140625 0.140625 0.9140625 0.046875 0.6796875 0.046875 0.6640625 0.0546875 0.6796875 0.046875 0.6640625 0.046875 0.6640625 0.0546875 0.6640625 0.046875 0.6640625 0.046875 0.6640625 0.0546875 0.6640625 0.1484375 0.8671875 0.1484375 0.8671875 0.15625 0.8828125 0.1484375 0.8671875 0.1484375 0.8671875 0.15625 0.8828125 0.15625 0.8828125 0.1484375 0.8671875 0.15625 0.8828125 0.1484375 0.8671875 0.15625 0.8671875 0.15625 0.8828125 0.15625 0.8828125 0.15625 0.8828125 0.1484375 0.8671875 0.15625 0.8828125 0.1484375 0.8828125 0.1484375 0.8671875 0.140625 0.8984375 0.140625 0.8984375 0.140625 0.9140625 0.140625 0.8984375 0.1484375 0.8984375 0.1484375 0.9140625 0.140625 0.9140625 0.140625 0.8984375 0.1484375 0.9140625 0.1484375 0.8984375 0.1484375 0.9140625 0.1484375 0.9140625 0.0390625 0.7109375 0.0390625 0.6953125 0.046875 0.6953125 0.140625 0.8984375 0.1484375 0.8984375 0.1484375 0.9140625 0.1484375 0.9140625 0.140625 0.9140625 0.140625 0.8984375 0.140625 0.9140625 0.1484375 0.9140625 0.1484375 0.8984375 0.046875 0.6953125 0.0390625 0.6953125 0.0390625 0.7109375 0.046875 0.9140625 0.046875 0.9140625 0.0546875 0.9296875 0.046875 0.9140625 0.046875 0.9140625 0.0546875 0.9296875 0.046875 0.9140625 0.0546875 0.9296875 0.0546875 0.9140625 0.046875 0.9140625 0.046875 0.9296875 0.0546875 0.9296875 0.0390625 0.6953125 0.0390625 0.6953125 0.046875 0.7109375 0.0390625 0.6953125 0.0390625 0.6953125 0.0390625 0.7109375 0.046875 0.7109375 0.0390625 0.6953125 0.0390625 0.7109375 0.046875 0.7109375 0.046875 0.7109375 0.046875 0.6953125 0.046875 0.7109375 0.046875 0.7109375 0.0390625 0.6953125 0.0390625 0.6953125 0.046875 0.7109375 0.0390625 0.6953125 0.0390625 0.6953125 0.0390625 0.6953125 0.0390625 0.7109375 0.0390625 0.7109375 0.046875 0.7109375 0.0390625 0.6953125 0.0546875 0.8984375 0.046875 0.8984375 0.046875 0.8984375 0.046875 0.8984375 0.046875 0.8984375 0.046875 0.8984375 0.046875 0.8984375 0.046875 0.8984375 0.0546875 0.9140625 0.046875 0.8984375 0.046875 0.9140625 0.0546875 0.9140625 0.046875 0.8984375 0.046875 0.8984375 0.046875 0.8984375 0.046875 0.8984375 0.046875 0.8984375 0.046875 0.8984375 0.046875 0.8984375 0.046875 0.8984375 0.046875 0.9140625 0.046875 0.8984375 0.046875 0.8984375 0.046875 0.8984375 0.046875 0.8984375 0.0546875 0.9140625 0.0546875 0.9140625 0.0546875 0.9140625 0.046875 0.9140625 0.046875 0.8984375 0.140625 0.8984375 0.140625 0.9140625 0.1484375 0.9140625 0.0390625 0.6953125 0.0390625 0.6953125 0.0390625 0.7109375 0.0390625 0.7109375 0.046875 0.7109375 0.0390625 0.6953125 0.0390625 0.9140625 0.046875 0.9140625 0.046875 0.8984375 0.046875 0.9140625 0.046875 0.8984375 0.046875 0.8984375 0.046875 0.8984375 0.0625 0.8984375 0.0390625 0.9140625 0.0390625 0.9140625 0.046875 0.9140625 0.046875 0.8984375 0.046875 0.9140625 0.046875 0.8984375 0.046875 0.8984375 0.046875 0.8984375 0.0390625 0.8984375 0.0390625 0.9140625 0.0390625 0.8984375 0.0390625 0.9140625 0.0390625 0.9140625 0.046875 0.6953125 0.0390625 0.6953125 0.0390625 0.7109375 0.0390625 0.6953125 0.0390625 0.7109375 0.0390625 0.7109375 0.046875 0.6953125 0.046875 0.7109375 0.0390625 0.7109375 0.0390625 0.7109375 0.0390625 0.7109375 0.0390625 0.6953125 0.0390625 0.7109375 0.0390625 0.7109375 0.0390625 0.7109375 0.0390625 0.7109375 0.0390625 0.7109375 0.046875 0.6953125 0.0390625 0.7109375 0.0390625 0.7109375 0.046875 0.6953125 0.0390625 0.7109375 0.0390625 0.6953125 0.0390625 0.7109375 0.046875 0.7109375 0.0546875 0.7109375 0.046875 0.7265625 0.0546875 0.7109375 0.0546875 0.7265625 0.046875 0.7265625 0.0546875 0.7265625 0.046875 0.7265625 0.046875 0.7265625 0.046875 0.7265625 0.046875 0.7265625 0.0546875 0.7265625 0.046875 0.6953125 0.046875 0.6796875 0.0546875 0.6796875 0.046875 0.6796875 0.0546875 0.6796875 0.0546875 0.6796875 0.0546875 0.6796875 0.0546875 0.6953125 0.046875 0.6953125 0.140625 0.9140625 0.1484375 0.9140625 0.1484375 0.8984375 0.1484375 0.8984375 0.15625 0.8984375 0.140625 0.9140625 0.15625 0.8984375 0.1640625 0.8984375 0.140625 0.9140625 0.0546875 0.9140625 0.0546875 0.9296875 0.046875 0.9296875 0.046875 0.7109375 0.0546875 0.7109375 0.046875 0.7265625 0.0546875 0.7109375 0.0546875 0.7265625 0.046875 0.7265625 0.0546875 0.7265625 0.046875 0.7265625 0.046875 0.7265625 0.046875 0.7265625 0.046875 0.7265625 0.0546875 0.7265625 0.0546875 0.9140625 0.0546875 0.9296875 0.046875 0.9296875 0.046875 0.9296875 0.046875 0.9140625 0.0546875 0.9140625 0.046875 0.7109375 0.0546875 0.7109375 0.0546875 0.7265625 0.1484375 0.9140625 0.15625 0.9140625 0.1484375 0.9296875 0.15625 0.9140625 0.15625 0.9296875 0.1484375 0.9296875 0.046875 0.9296875 0.046875 0.9140625 0.0546875 0.9140625 0.046875 0.9140625 0.0546875 0.9140625 0.0546875 0.9140625 0.0546875 0.9140625 0.0546875 0.9140625 0.046875 0.9296875 0.0546875 0.9140625 0.0546875 0.9296875 0.0546875 0.9296875 0.046875 0.9296875 0.0546875 0.9140625 0.046875 0.9296875 0.0546875 0.9296875 0.046875 0.9296875 0.0546875 0.9140625 0.046875 0.9296875 0.046875 0.9296875 0.0546875 0.9140625 0.046875 0.9296875 0.046875 0.9296875 0.0546875 0.9140625 0.046875 0.9140625 0.0546875 0.9140625 0.046875 0.9296875 0.0546875 0.9140625 0.0546875 0.9140625 0.046875 0.9296875 0.046875 0.7109375 0.0546875 0.7109375 0.0546875 0.7265625 0.046875 0.8828125 0.0546875 0.8828125 0.0546875 0.8984375 0.0546875 0.8984375 0.0625 0.8984375 0.0625 0.9140625 0.0625 0.8984375 0.0625 0.9140625 0.0625 0.9140625 0.0625 0.9140625 0.0625 0.8984375 0.0625 0.9140625 0.0625 0.9140625 0.0625 0.9140625 0.0625 0.8984375 0.0625 0.9140625 0.0625 0.9140625 0.0625 0.8984375 0.1484375 0.8984375 0.1484375 0.8828125 0.15625 0.8828125 0.15625 0.8828125 0.15625 0.8984375 0.1484375 0.8984375 0.0390625 0.8984375 0.046875 0.8984375 0.046875 0.9140625 0.046875 0.8984375 0.046875 0.9140625 0.046875 0.9140625 0.046875 0.9140625 0.046875 0.8984375 0.046875 0.9140625 0.046875 0.9140625 0.046875 0.9140625 0.0390625 0.8984375 0.046875 0.9140625 0.046875 0.9140625 0.0390625 0.8984375 0.046875 0.9140625 0.046875 0.9140625 0.0390625 0.8984375 0.046875 0.9140625 0.0390625 0.9140625 0.0390625 0.8984375 0.1484375 0.8828125 0.15625 0.8828125 0.15625 0.8984375 0.046875 0.8984375 0.046875 0.8828125 0.0546875 0.8828125 0.046875 0.8828125 0.046875 0.8828125 0.0546875 0.8828125 0.046875 0.8828125 0.0546875 0.8828125 0.0546875 0.8828125 0.046875 0.6953125 0.046875 0.6796875 0.0546875 0.6796875 0.046875 0.6796875 0.0546875 0.6796875 0.046875 0.6953125 0.0546875 0.6796875 0.0546875 0.6953125 0.0546875 0.6953125 0.0546875 0.6953125 0.046875 0.6953125 0.046875 0.6953125 0.0546875 0.7109375 0.0546875 0.7265625 0.046875 0.7265625 0.0546875 0.6640625 0.0546875 0.6796875 0.046875 0.6796875 0.1484375 0.9140625 0.1484375 0.9140625 0.1484375 0.9296875 0.1484375 0.9140625 0.1484375 0.9140625 0.15625 0.9296875 0.1484375 0.9296875 0.1484375 0.9140625 0.15625 0.9296875 0.1484375 0.9140625 0.15625 0.9140625 0.15625 0.9296875 0.15625 0.9296875 0.15625 0.9296875 0.1484375 0.9140625 0.0546875 0.8671875 0.0546875 0.8828125 0.046875 0.8828125 0.0546875 0.8828125 0.0546875 0.8828125 0.046875 0.8671875 0.0546875 0.8828125 0.046875 0.8828125 0.046875 0.8671875 0.046875 0.8828125 0.046875 0.8671875 0.046875 0.8671875 0.046875 0.8671875 0.0546875 0.8671875 0.0546875 0.8671875 0.0546875 0.8671875 0.0546875 0.8828125 0.0546875 0.8828125 0.1484375 0.8671875 0.15625 0.8671875 0.1484375 0.8828125 0.15625 0.8671875 0.15625 0.8828125 0.1484375 0.8828125 0.15625 0.8828125 0.1484375 0.8828125 0.1484375 0.8828125 0.1484375 0.8828125 0.15625 0.8828125 0.15625 0.8984375 0.15625 0.8828125 0.15625 0.8984375 0.15625 0.8984375 0.1640625 0.8984375 0.1640625 0.8984375 0.15625 0.9140625 0.1640625 0.8984375 0.1640625 0.9140625 0.15625 0.9140625 0.1640625 0.9140625 0.15625 0.9140625 0.15625 0.9140625 0.15625 0.9140625 0.15625 0.9140625 0.1640625 0.8984375 0.15625 0.9140625 0.15625 0.9140625 0.1640625 0.8984375 0.1484375 0.8984375 0.1484375 0.8984375 0.140625 0.8984375 0.1484375 0.8984375 0.1484375 0.8984375 0.140625 0.9140625 0.140625 0.9140625 0.1484375 0.8984375 0.1484375 0.8984375 0.1484375 0.8984375 0.1484375 0.8984375 0.140625 0.9140625 0.1484375 0.8984375 0.1484375 0.9140625 0.140625 0.9140625 0.140625 0.9140625 0.1484375 0.8984375 0.140625 0.9140625 0.0546875 0.8671875 0.0546875 0.8671875 0.046875 0.8671875 0.0546875 0.8671875 0.0546875 0.8671875 0.046875 0.8828125 0.0546875 0.8671875 0.0546875 0.8828125 0.046875 0.8828125 0.046875 0.6796875 0.0546875 0.6796875 0.0546875 0.6953125 0.0546875 0.6640625 0.0546875 0.6796875 0.046875 0.6796875 0.046875 0.6640625 0.0546875 0.6640625 0.0546875 0.6796875 0.0546875 0.6796875 0.046875 0.6796875 0.0546875 0.6640625 0.046875 0.6796875 0.046875 0.6640625 0.0546875 0.6640625 0.1484375 0.8828125 0.1484375 0.8671875 0.15625 0.8828125 0.1484375 0.8671875 0.1484375 0.8671875 0.15625 0.8828125 0.1484375 0.8671875 0.15625 0.8671875 0.15625 0.8828125 0.140625 0.8984375 0.1484375 0.8984375 0.1484375 0.9140625 0.1484375 0.9140625 0.140625 0.9140625 0.140625 0.8984375 0.140625 0.8984375 0.1484375 0.9140625 0.1484375 0.9140625 0.0390625 0.6953125 0.046875 0.6953125 0.046875 0.7109375 0.1484375 0.8984375 0.1484375 0.9140625 0.140625 0.9140625 0.1484375 0.9140625 0.140625 0.9140625 0.140625 0.8984375 0.046875 0.6953125 0.046875 0.7109375 0.0390625 0.7109375 0.0390625 0.7109375 0.0390625 0.6953125 0.046875 0.7109375 0.0390625 0.6953125 0.046875 0.6953125 0.046875 0.7109375 0.046875 0.6953125 0.046875 0.7109375 0.046875 0.7109375 0.0390625 0.6953125 0.0390625 0.6953125 0.046875 0.7109375 0.0390625 0.6953125 0.0390625 0.6953125 0.046875 0.6953125 0.0390625 0.6953125 0.0390625 0.6953125 0.046875 0.6953125 0.046875 0.6953125 0.046875 0.7109375 0.0390625 0.6953125 0.0390625 0.7109375 0.0390625 0.6953125 0.046875 0.6953125 0.0390625 0.6953125 0.0390625 0.6953125 0.046875 0.6953125 0.046875 0.6953125 0.046875 0.6953125 0.0390625 0.7109375 0.046875 0.6953125 0.046875 0.6953125 0.046875 0.7109375 0.046875 0.6953125 0.046875 0.6953125 0.046875 0.6953125 0.046875 0.6953125 0.046875 0.7109375 0.046875 0.6953125 0.0390625 0.6953125 0.046875 0.6953125 0.046875 0.7109375 0.0390625 0.8984375 0.046875 0.8984375 0.046875 0.9140625 0.0390625 0.6953125 0.046875 0.6953125 0.046875 0.7109375 0.140625 0.9140625 0.1484375 0.9140625 0.1484375 0.8984375 0.140625 0.9140625 0.1484375 0.9140625 0.1484375 0.8984375 0.1484375 0.9140625 0.1484375 0.8984375 0.1484375 0.8984375 0.1484375 0.8984375 0.15625 0.8984375 0.140625 0.9140625 0.15625 0.8984375 0.1640625 0.8984375 0.140625 0.9140625 0.0390625 0.7109375 0.046875 0.7109375 0.046875 0.6953125 0.046875 0.9140625 0.046875 0.9140625 0.0546875 0.9296875 0.046875 0.9140625 0.046875 0.9296875 0.0546875 0.9296875 0.0546875 0.9296875 0.0546875 0.9296875 0.046875 0.9140625 0.0546875 0.9296875 0.0546875 0.9140625 0.046875 0.9140625 0.046875 0.9140625 0.046875 0.9140625 0.0546875 0.9296875 0.0390625 0.6953125 0.0390625 0.6953125 0.046875 0.6953125 0.0390625 0.6953125 0.0390625 0.7109375 0.046875 0.7109375 0.046875 0.6953125 0.046875 0.7109375 0.046875 0.6953125 0.046875 0.7109375 0.046875 0.6953125 0.0390625 0.6953125 0.046875 0.6953125 0.0390625 0.6953125 0.046875 0.7109375 0.0390625 0.6953125 0.0390625 0.7109375 0.046875 0.7109375 0.0390625 0.7109375 0.046875 0.7109375 0.046875 0.6953125 0.1484375 0.9140625 0.1484375 0.8984375 0.1484375 0.9140625 0.1484375 0.8984375 0.140625 0.8984375 0.1484375 0.9140625 0.0546875 0.8984375 0.046875 0.8984375 0.046875 0.8984375 0.046875 0.8984375 0.046875 0.8984375 0.046875 0.8984375 0.046875 0.8984375 0.046875 0.9140625 0.0546875 0.9140625 0.046875 0.8984375 0.046875 0.8984375 0.0546875 0.9140625 0.046875 0.8984375 0.0546875 0.9140625 0.0546875 0.9140625 0.046875 0.8984375 0.046875 0.8984375 0.046875 0.8984375 0.046875 0.9140625 0.046875 0.8984375 0.046875 0.8984375 0.046875 0.8984375 0.046875 0.8984375 0.046875 0.8984375 0.046875 0.8984375 0.0546875 0.9140625 0.0546875 0.9140625 0.0546875 0.9140625 0.046875 0.9140625 0.046875 0.9140625 0.046875 0.9140625 0.046875 0.8984375 0.0546875 0.9140625 0.1484375 0.8984375 0.140625 0.8984375 0.140625 0.9140625 0.140625 0.9140625 0.1484375 0.9140625 0.1484375 0.8984375 0.0390625 0.6953125 0.0390625 0.6953125 0.0390625 0.7109375 0.0390625 0.6953125 0.0390625 0.6953125 0.0390625 0.7109375 0.0390625 0.7109375 0.0390625 0.7109375 0.0390625 0.6953125 0.0390625 0.7109375 0.046875 0.7109375 0.0390625 0.6953125 0.046875 0.7109375 0.046875 0.6953125 0.0390625 0.6953125 0.0390625 0.6953125 0.046875 0.7109375 0.0390625 0.6953125 0.0390625 0.7109375 0.046875 0.7109375 0.046875 0.6953125 0.046875 0.6953125 0.0390625 0.6953125 0.0390625 0.7109375 0.0390625 0.6953125 0.0390625 0.7109375 0.0390625 0.7109375 0.046875 0.8984375 0.0390625 0.8984375 0.0390625 0.9140625 0.0390625 0.8984375 0.0390625 0.9140625 0.0390625 0.9140625 0.0390625 0.6953125 0.0390625 0.7109375 0.046875 0.7109375 0.0390625 0.8984375 0.0390625 0.9140625 0.046875 0.9140625 0.0390625 0.6953125 0.0390625 0.7109375 0.046875 0.7109375 0.046875 0.7265625 0.046875 0.7109375 0.046875 0.7109375 0.046875 0.7109375 0.0546875 0.7109375 0.0546875 0.7265625 0.1484375 0.8828125 0.1484375 0.8671875 0.1484375 0.8671875 0.1484375 0.8671875 0.15625 0.8671875 0.15625 0.8828125 0.046875 0.6953125 0.046875 0.6796875 0.0546875 0.6796875 0.046875 0.6796875 0.0546875 0.6796875 0.0546875 0.6796875 0.0546875 0.6796875 0.0546875 0.6953125 0.046875 0.6953125 0.0390625 0.9140625 0.0390625 0.8984375 0.046875 0.9140625 0.0390625 0.8984375 0.046875 0.8984375 0.046875 0.9140625 0.140625 0.9140625 0.140625 0.8984375 0.140625 0.8984375 0.140625 0.8984375 0.1484375 0.8984375 0.1484375 0.9140625 0.0390625 0.6953125 0.046875 0.6953125 0.046875 0.7109375 0.046875 0.6953125 0.046875 0.7109375 0.046875 0.7109375 0.046875 0.6953125 0.046875 0.7109375 0.0390625 0.7109375 0.3398438 0.6640625 0.3398438 0.6640625 0.359375 0.7109375 0.25 0.5078125 0.2578125 0.5078125 0.2382812 0.4609375 0.1367187 0.2578125 0.15625 0.3046875 0.1367187 0.2578125 0.15625 0.3046875 0.1367187 0.2578125 0.1367187 0.2578125 0.03515625 0.2578125 0.03515625 0.2578125 0.03515625 0.2578125 0.03515625 0.2578125 0.03515625 0.2578125 0.03515625 0.2578125 0.03515625 0.2578125 0.03515625 0.2578125 0.03515625 0.2578125 0.03515625 0.2578125 0.03515625 0.2578125 0.03515625 0.2578125 0.03515625 0.2578125 0.03515625 0.2578125 0.03515625 0.2578125 0.2382812 0.2578125 0.2382812 0.2578125 0.2382812 0.2578125 0.453125 0.6796875 0.4609375 0.6796875 0.4609375 0.6953125 0.4609375 0.8984375 0.4609375 0.8984375 0.4609375 0.9140625 0.4609375 0.8984375 0.46875 0.8984375 0.46875 0.9140625 0.359375 0.2890625 0.3515625 0.2890625 0.359375 0.3046875 0.3515625 0.2890625 0.359375 0.2890625 0.359375 0.3046875 0.46875 0.8984375 0.46875 0.9140625 0.4609375 0.9140625 0.4609375 0.8828125 0.4609375 0.8984375 0.453125 0.8984375 0.359375 0.2890625 0.359375 0.3046875 0.359375 0.3046875 0.4609375 0.6796875 0.4609375 0.6953125 0.453125 0.6796875 0.4609375 0.6953125 0.4609375 0.6953125 0.453125 0.6796875 0.359375 0.2890625 0.359375 0.2890625 0.359375 0.3046875 0.359375 0.2890625 0.3671875 0.2890625 0.3671875 0.3046875 0.4609375 0.6796875 0.4609375 0.6953125 0.453125 0.6953125 0.453125 0.6953125 0.4609375 0.6953125 0.4609375 0.7109375 0.4609375 0.6953125 0.4609375 0.7109375 0.4609375 0.7109375 0.4609375 0.8828125 0.4609375 0.8984375 0.453125 0.8984375 0.359375 0.2734375 0.359375 0.2890625 0.3515625 0.2734375 0.359375 0.2890625 0.359375 0.2734375 0.3515625 0.2734375 0.359375 0.2734375 0.359375 0.2890625 0.3515625 0.2890625 0.4609375 0.8828125 0.4609375 0.8984375 0.453125 0.8984375 0.4609375 0.8984375 0.4609375 0.8984375 0.4609375 0.9140625 0.4609375 0.8984375 0.46875 0.8984375 0.46875 0.9140625 0.34375 0.6953125 0.3515625 0.6953125 0.3515625 0.7109375 0.3515625 0.6953125 0.3515625 0.7109375 0.34375 0.7109375 0.3515625 0.6953125 0.3515625 0.7109375 0.34375 0.7109375 0.34375 0.7109375 0.34375 0.6953125 0.3515625 0.6953125 0.3515625 0.6953125 0.34375 0.7109375 0.34375 0.7109375 0.3515625 0.6953125 0.3515625 0.7109375 0.34375 0.7109375 0.3515625 0.6953125 0.3515625 0.7109375 0.34375 0.7109375 0.25 0.4921875 0.25 0.5078125 0.2421875 0.5078125 0.25 0.4921875 0.25 0.5078125 0.2421875 0.5078125 0.2421875 0.5078125 0.2421875 0.4921875 0.25 0.4921875 0.25 0.4921875 0.25 0.5078125 0.2421875 0.5078125 0.3515625 0.6953125 0.3515625 0.7109375 0.34375 0.7109375 0.34375 0.7109375 0.34375 0.7109375 0.3515625 0.6953125 0.34375 0.7109375 0.34375 0.6953125 0.3515625 0.6953125 0.34375 0.7109375 0.34375 0.6953125 0.3515625 0.6953125 0.3515625 0.6953125 0.3515625 0.6953125 0.34375 0.6953125 0.3515625 0.6953125 0.34375 0.6953125 0.34375 0.6953125 0.3515625 0.5078125 0.3515625 0.5078125 0.34375 0.4921875 0.3515625 0.5078125 0.3515625 0.5078125 0.3515625 0.4921875 0.34375 0.4921875 0.3515625 0.5078125 0.3515625 0.4921875 0.3515625 0.5078125 0.3515625 0.4921875 0.34375 0.5078125 0.3515625 0.4921875 0.34375 0.4921875 0.34375 0.5078125 0.34375 0.5078125 0.34375 0.5078125 0.3515625 0.4921875 0.34375 0.5078125 0.34375 0.5078125 0.3515625 0.4921875 0.34375 0.5078125 0.34375 0.5078125 0.3515625 0.5078125 0.34375 0.5078125 0.34375 0.5078125 0.3515625 0.5078125 0.34375 0.5078125 0.34375 0.5078125 0.3515625 0.5078125 0.3515625 0.6953125 0.3515625 0.7109375 0.34375 0.7109375 0.34375 0.7109375 0.34375 0.6953125 0.3515625 0.6953125 0.3515625 0.6953125 0.34375 0.7109375 0.34375 0.7109375 0.25 0.4921875 0.2578125 0.4921875 0.2578125 0.4765625 0.1484375 0.3046875 0.15625 0.3046875 0.1484375 0.3203125 0.15625 0.3046875 0.15625 0.3203125 0.1484375 0.3203125 0.2382812 0.4609375 0.2382812 0.4609375 0.2480468 0.4765625 0.0546875 0.2734375 0.0546875 0.2890625 0.046875 0.2890625 0.3496094 0.6875 0.3398438 0.6640625 0.3398438 0.6640625 0.2480468 0.484375 0.2480468 0.4765625 0.2578125 0.4921875 0.359375 0.7109375 0.3496094 0.6875 0.3496094 0.6796875 0.25 0.5078125 0.2578125 0.5078125 0.2578125 0.4921875 0.359375 0.6953125 0.359375 0.6953125 0.3515625 0.7109375 0.359375 0.6953125 0.359375 0.6953125 0.3515625 0.7109375 0.359375 0.6953125 0.359375 0.6953125 0.3515625 0.6953125 0.3515625 0.6953125 0.3515625 0.7109375 0.359375 0.6953125 0.15625 0.3046875 0.15625 0.2890625 0.1464843 0.2734375 0.1464843 0.2734375 0.1367187 0.2578125 0.15625 0.3046875 0.04492187 0.2734375 0.03515625 0.2578125 0.03515625 0.2578125 0.03515625 0.2578125 0.03515625 0.2578125 0.03515625 0.2578125 0.1367187 0.2578125 0.1367187 0.2578125 0.1367187 0.2578125 0.2382812 0.4609375 0.2382812 0.4609375 0.2382812 0.4609375 0.2382812 0.2578125 0.2382812 0.2578125 0.2382812 0.2578125 0.3398438 0.6640625 0.3398438 0.6640625 0.3398438 0.6640625 0.03515625 0.2578125 0.03515625 0.2578125 0.03515625 0.2578125 0.2382812 0.4609375 0.2382812 0.4609375 0.2382812 0.4609375 0.03515625 0.2578125 0.03515625 0.2578125 0.03515625 0.2578125 0.03515625 0.2578125 0.03515625 0.2578125 0.03515625 0.2578125 0.03515625 0.2578125 0.03515625 0.2578125 0.03515625 0.2578125 0.03515625 0.2578125 0.03515625 0.2578125 0.03515625 0.2578125 0.03515625 0.2578125 0.03515625 0.2578125 0.03515625 0.2578125 0.2578125 0.4765625 0.2578125 0.4921875 0.25 0.4921875 0.15625 0.3203125 0.15625 0.3046875 0.1484375 0.3203125 0.15625 0.3046875 0.1484375 0.3046875 0.1484375 0.3203125 0.2480468 0.4765625 0.2382812 0.4609375 0.2382812 0.4609375 0.046875 0.2890625 0.0546875 0.2890625 0.0546875 0.2734375 0.3398438 0.6640625 0.3398438 0.6640625 0.3496094 0.6875 0.2578125 0.4921875 0.2480468 0.4765625 0.2480468 0.484375 0.3496094 0.6796875 0.3496094 0.6875 0.359375 0.7109375 0.2578125 0.4921875 0.2578125 0.5078125 0.25 0.5078125 0.359375 0.6953125 0.359375 0.6953125 0.3515625 0.7109375 0.359375 0.6953125 0.359375 0.7109375 0.3515625 0.7109375 0.3515625 0.7109375 0.3515625 0.6953125 0.359375 0.6953125 0.3515625 0.6953125 0.359375 0.6953125 0.359375 0.6953125 0.15625 0.3046875 0.15625 0.2890625 0.1367187 0.2578125 0.1367187 0.2578125 0.1464843 0.2734375 0.15625 0.3046875 0.03515625 0.2578125 0.03515625 0.2578125 0.04492187 0.2734375 0.453125 0.5234375 0.453125 0.5078125 0.4609375 0.5078125 0.4609375 0.4921875 0.4609375 0.5078125 0.453125 0.5078125 0.4609375 0.4765625 0.4609375 0.4921875 0.453125 0.4921875 0.25 0.4765625 0.25 0.4609375 0.25 0.4609375 0.25 0.4609375 0.2578125 0.4609375 0.2578125 0.4609375 0.2578125 0.4609375 0.2578125 0.4765625 0.2578125 0.4765625 0.2578125 0.4765625 0.25 0.4765625 0.25 0.4609375 0.359375 0.7265625 0.3515625 0.7265625 0.3515625 0.7109375 0.359375 0.6640625 0.359375 0.6796875 0.3515625 0.6796875 0.3515625 0.6953125 0.359375 0.6953125 0.3515625 0.7109375 0.359375 0.6953125 0.359375 0.7109375 0.3515625 0.7109375 0.3515625 0.7109375 0.359375 0.6953125 0.3515625 0.7109375 0.3515625 0.6953125 0.3515625 0.6796875 0.359375 0.6796875 0.359375 0.6640625 0.359375 0.6796875 0.3515625 0.6796875 0.25 0.4609375 0.25 0.4609375 0.25 0.4765625 0.25 0.4609375 0.2578125 0.4609375 0.2578125 0.4765625 0.25 0.4765625 0.25 0.4609375 0.2578125 0.4765625 0.2578125 0.4609375 0.2578125 0.4765625 0.2578125 0.4765625 0.2578125 0.4609375 0.2578125 0.4765625 0.25 0.4765625 0.2578125 0.4609375 0.2578125 0.4765625 0.25 0.4765625 0.2578125 0.5234375 0.25 0.5234375 0.25 0.5078125 0.2578125 0.5078125 0.2578125 0.4921875 0.265625 0.4921875 0.2578125 0.4921875 0.265625 0.4921875 0.265625 0.4921875 0.265625 0.4921875 0.265625 0.4921875 0.2578125 0.5078125 0.2578125 0.5078125 0.25 0.5078125 0.25 0.4921875 0.2578125 0.4921875 0.25 0.4921875 0.25 0.4765625 0.4609375 0.4921875 0.4609375 0.5078125 0.453125 0.5078125 0.2578125 0.4921875 0.2578125 0.5078125 0.25 0.5078125 0.453125 0.4765625 0.453125 0.4609375 0.4609375 0.4609375 0.453125 0.4609375 0.4609375 0.4609375 0.4609375 0.4609375 0.25 0.4765625 0.25 0.4609375 0.2578125 0.4609375 0.2578125 0.5078125 0.2578125 0.5234375 0.25 0.5234375 0.25 0.4921875 0.25 0.4765625 0.2578125 0.4765625 0.2578125 0.4921875 0.2578125 0.4921875 0.25 0.4921875 0.2578125 0.4921875 0.2578125 0.4921875 0.25 0.4921875 0.25 0.4921875 0.2578125 0.4921875 0.25 0.5078125 0.25 0.5078125 0.25 0.5078125 0.25 0.4921875 0.2421875 0.4921875 0.25 0.4921875 0.2421875 0.5078125 0.25 0.4921875 0.25 0.5078125 0.2421875 0.5078125 0.25 0.4921875 0.25 0.4921875 0.25 0.4765625 0.25 0.5234375 0.25 0.5234375 0.25 0.5078125 0.25 0.4765625 0.25 0.4765625 0.25 0.4609375 0.25 0.4765625 0.25 0.4765625 0.25 0.4609375 0.0546875 0.8984375 0.0546875 0.9140625 0.046875 0.9140625 0.0546875 0.6953125 0.0546875 0.7109375 0.046875 0.7109375 0.0546875 0.9140625 0.046875 0.9140625 0.046875 0.8984375 0.1484375 0.8984375 0.1484375 0.9140625 0.1484375 0.8984375 0.046875 0.7109375 0.046875 0.6953125 0.0546875 0.7109375 0.046875 0.6953125 0.0546875 0.6953125 0.0546875 0.7109375 0.0546875 0.6953125 0.0546875 0.7109375 0.046875 0.7109375 0.0546875 0.8984375 0.0546875 0.9140625 0.046875 0.9140625 0.0546875 0.6953125 0.0546875 0.7109375 0.046875 0.7109375 0.0546875 0.6953125 0.0546875 0.7109375 0.046875 0.7109375 0.0546875 0.8984375 0.0546875 0.9140625 0.046875 0.9140625 0.0546875 0.7109375 0.046875 0.7109375 0.046875 0.6953125 0.15625 0.8984375 0.15625 0.9140625 0.1484375 0.9140625 0.0546875 0.6953125 0.0546875 0.7109375 0.046875 0.7109375 0.0546875 0.7109375 0.046875 0.7109375 0.046875 0.7109375 0.046875 0.9140625 0.046875 0.9140625 0.046875 0.8984375 0.1484375 0.9140625 0.1484375 0.9140625 0.1484375 0.8984375 0.0546875 0.8984375 0.0546875 0.9140625 0.046875 0.9140625 0.0546875 0.6953125 0.0546875 0.7109375 0.046875 0.7109375 0.0546875 0.6953125 0.0546875 0.7109375 0.046875 0.7109375 0.0546875 0.8984375 0.0546875 0.9140625 0.046875 0.9140625 0.0546875 0.7109375 0.046875 0.7109375 0.046875 0.6953125 0.15625 0.8984375 0.15625 0.9140625 0.1484375 0.9140625 0.0546875 0.6953125 0.0546875 0.7109375 0.046875 0.7109375 0.0546875 0.7109375 0.046875 0.7109375 0.046875 0.7109375 0.1484375 0.8984375 0.15625 0.8984375 0.1484375 0.8984375 0.046875 0.9140625 0.046875 0.9140625 0.046875 0.8984375 0.1484375 0.9140625 0.1484375 0.9140625 0.1484375 0.8984375 0.0546875 0.8984375 0.0546875 0.9140625 0.046875 0.9140625 0.0546875 0.6953125 0.0546875 0.7109375 0.046875 0.7109375 0.0546875 0.9140625 0.046875 0.9140625 0.046875 0.8984375 0.046875 0.7109375 0.046875 0.6953125 0.0546875 0.7109375 0.046875 0.6953125 0.0546875 0.6953125 0.0546875 0.7109375 0.0546875 0.6953125 0.0546875 0.7109375 0.046875 0.7109375 0.0546875 0.6953125 0.0546875 0.7109375 0.0546875 0.6953125 0.0546875 0.6953125 0.0546875 0.6953125 0.0546875 0.6953125 0.0546875 0.6953125 0.0546875 0.6953125 0.0546875 0.6953125 0.1484375 0.9140625 0.1367187 0.8671875 0.1367187 0.8671875 0.1367187 0.8671875 0.1484375 0.8984375 0.1484375 0.9140625 0.1484375 0.9140625 0.15625 0.9140625 0.1367187 0.8671875 0.1367187 0.8671875 0.15625 0.8984375 0.1484375 0.8984375 0.1484375 0.8984375 0.15625 0.8984375 0.1484375 0.8984375 0.1484375 0.8984375 0.15625 0.9140625 0.1484375 0.8984375 0.1484375 0.8984375 0.1367187 0.8671875 0.1484375 0.9140625 0.1484375 0.9140625 0.15625 0.8984375 0.1484375 0.8984375 0.359375 0.7109375 0.3398438 0.6640625 0.3398438 0.6640625 0.2382812 0.4609375 0.2578125 0.5078125 0.25 0.5078125 0.1367187 0.2578125 0.15625 0.3046875 0.1367187 0.2578125 0.15625 0.3046875 0.1367187 0.2578125 0.1367187 0.2578125 0.03515625 0.2578125 0.03515625 0.2578125 0.03515625 0.2578125 0.03515625 0.2578125 0.03515625 0.2578125 0.03515625 0.2578125 0.03515625 0.2578125 0.03515625 0.2578125 0.03515625 0.2578125 0.03515625 0.2578125 0.03515625 0.2578125 0.03515625 0.2578125 0.03515625 0.2578125 0.03515625 0.2578125 0.03515625 0.2578125 0.2382812 0.2578125 0.2382812 0.2578125 0.2382812 0.2578125 0.453125 0.6796875 0.453125 0.6953125 0.4609375 0.6953125 0.46875 0.8984375 0.4609375 0.8984375 0.46875 0.9140625 0.4609375 0.8984375 0.4609375 0.8984375 0.4609375 0.9140625 0.359375 0.2890625 0.3515625 0.2890625 0.359375 0.3046875 0.3515625 0.2890625 0.359375 0.2890625 0.359375 0.3046875 0.4609375 0.9140625 0.46875 0.9140625 0.46875 0.8984375 0.453125 0.8984375 0.4609375 0.8984375 0.4609375 0.8828125 0.359375 0.3046875 0.359375 0.3046875 0.359375 0.2890625 0.4609375 0.6953125 0.4609375 0.6953125 0.453125 0.6796875 0.4609375 0.6953125 0.4609375 0.6796875 0.453125 0.6796875 0.3671875 0.2890625 0.359375 0.2890625 0.3671875 0.3046875 0.359375 0.2890625 0.359375 0.2890625 0.359375 0.3046875 0.453125 0.6953125 0.4609375 0.6953125 0.4609375 0.6796875 0.453125 0.6953125 0.453125 0.7109375 0.4609375 0.7109375 0.4609375 0.7109375 0.4609375 0.7109375 0.4609375 0.6953125 0.453125 0.8984375 0.4609375 0.8984375 0.4609375 0.8828125 0.359375 0.2734375 0.359375 0.2890625 0.3515625 0.2734375 0.359375 0.2890625 0.359375 0.2734375 0.3515625 0.2734375 0.3515625 0.2734375 0.3515625 0.2890625 0.359375 0.2734375 0.453125 0.8984375 0.4609375 0.8984375 0.4609375 0.8828125 0.46875 0.8984375 0.4609375 0.8984375 0.46875 0.9140625 0.4609375 0.8984375 0.4609375 0.8984375 0.4609375 0.9140625 0.34375 0.7109375 0.3515625 0.7109375 0.3515625 0.6953125 0.34375 0.7109375 0.3515625 0.7109375 0.3515625 0.6953125 0.34375 0.7109375 0.3515625 0.7109375 0.3515625 0.6953125 0.3515625 0.6953125 0.3515625 0.6953125 0.34375 0.6953125 0.34375 0.7109375 0.34375 0.7109375 0.3515625 0.6953125 0.34375 0.7109375 0.3515625 0.7109375 0.3515625 0.6953125 0.34375 0.7109375 0.3515625 0.7109375 0.3515625 0.6953125 0.2421875 0.4921875 0.2421875 0.5078125 0.25 0.5078125 0.2421875 0.5078125 0.25 0.5078125 0.25 0.4921875 0.25 0.4921875 0.2421875 0.4921875 0.2421875 0.5078125 0.2421875 0.5078125 0.25 0.5078125 0.25 0.4921875 0.34375 0.7109375 0.3515625 0.7109375 0.3515625 0.6953125 0.3515625 0.6953125 0.3515625 0.6953125 0.34375 0.6953125 0.34375 0.7109375 0.34375 0.7109375 0.3515625 0.6953125 0.3515625 0.6953125 0.34375 0.6953125 0.34375 0.7109375 0.34375 0.6953125 0.34375 0.6953125 0.3515625 0.6953125 0.3515625 0.6953125 0.34375 0.7109375 0.34375 0.6953125 0.3515625 0.5078125 0.3515625 0.5078125 0.3515625 0.4921875 0.3515625 0.5078125 0.3515625 0.5078125 0.34375 0.4921875 0.3515625 0.5078125 0.34375 0.5078125 0.34375 0.4921875 0.34375 0.4921875 0.3515625 0.4921875 0.34375 0.5078125 0.3515625 0.4921875 0.3515625 0.5078125 0.34375 0.5078125 0.34375 0.5078125 0.3515625 0.4921875 0.34375 0.5078125 0.3515625 0.5078125 0.34375 0.5078125 0.34375 0.5078125 0.34375 0.5078125 0.34375 0.5078125 0.3515625 0.5078125 0.34375 0.5078125 0.34375 0.5078125 0.3515625 0.5078125 0.3515625 0.5078125 0.34375 0.5078125 0.34375 0.5078125 0.34375 0.7109375 0.3515625 0.7109375 0.34375 0.7109375 0.3515625 0.7109375 0.3515625 0.6953125 0.34375 0.7109375 0.3515625 0.6953125 0.3515625 0.6953125 0.34375 0.6953125 0.2578125 0.4765625 0.2578125 0.4921875 0.25 0.4921875 0.15625 0.3203125 0.15625 0.3046875 0.1484375 0.3203125 0.15625 0.3046875 0.1484375 0.3046875 0.1484375 0.3203125 0.2480468 0.4765625 0.2382812 0.4609375 0.2382812 0.4609375 0.046875 0.2890625 0.0546875 0.2890625 0.0546875 0.2734375 0.3398438 0.6640625 0.3398438 0.6640625 0.3496094 0.6875 0.2578125 0.4921875 0.2480468 0.4765625 0.2480468 0.484375 0.3496094 0.6796875 0.3496094 0.6875 0.359375 0.7109375 0.2578125 0.4921875 0.2578125 0.5078125 0.25 0.5078125 0.359375 0.6953125 0.359375 0.7109375 0.3515625 0.7109375 0.3515625 0.7109375 0.3515625 0.6953125 0.359375 0.6953125 0.3515625 0.6953125 0.359375 0.6953125 0.359375 0.6953125 0.359375 0.6953125 0.359375 0.6953125 0.3515625 0.7109375 0.15625 0.3046875 0.15625 0.2890625 0.1367187 0.2578125 0.1367187 0.2578125 0.1464843 0.2734375 0.15625 0.3046875 0.03515625 0.2578125 0.03515625 0.2578125 0.04492187 0.2734375 0.03515625 0.2578125 0.03515625 0.2578125 0.03515625 0.2578125 0.1367187 0.2578125 0.1367187 0.2578125 0.1367187 0.2578125 0.2382812 0.4609375 0.2382812 0.4609375 0.2382812 0.4609375 0.2382812 0.2578125 0.2382812 0.2578125 0.2382812 0.2578125 0.3398438 0.6640625 0.3398438 0.6640625 0.3398438 0.6640625 0.03515625 0.2578125 0.03515625 0.2578125 0.03515625 0.2578125 0.2382812 0.4609375 0.2382812 0.4609375 0.2382812 0.4609375 0.03515625 0.2578125 0.03515625 0.2578125 0.03515625 0.2578125 0.03515625 0.2578125 0.03515625 0.2578125 0.03515625 0.2578125 0.03515625 0.2578125 0.03515625 0.2578125 0.03515625 0.2578125 0.03515625 0.2578125 0.03515625 0.2578125 0.03515625 0.2578125 0.03515625 0.2578125 0.03515625 0.2578125 0.03515625 0.2578125 0.25 0.4921875 0.2578125 0.4921875 0.2578125 0.4765625 0.1484375 0.3046875 0.15625 0.3046875 0.1484375 0.3203125 0.15625 0.3046875 0.15625 0.3203125 0.1484375 0.3203125 0.2382812 0.4609375 0.2382812 0.4609375 0.2480468 0.4765625 0.0546875 0.2734375 0.0546875 0.2890625 0.046875 0.2890625 0.3496094 0.6875 0.3398438 0.6640625 0.3398438 0.6640625 0.2480468 0.484375 0.2480468 0.4765625 0.2578125 0.4921875 0.359375 0.7109375 0.3496094 0.6875 0.3496094 0.6796875 0.25 0.5078125 0.2578125 0.5078125 0.2578125 0.4921875 0.359375 0.6953125 0.359375 0.6953125 0.3515625 0.7109375 0.359375 0.6953125 0.359375 0.6953125 0.3515625 0.7109375 0.359375 0.6953125 0.359375 0.6953125 0.3515625 0.6953125 0.3515625 0.6953125 0.3515625 0.7109375 0.359375 0.6953125 0.15625 0.3046875 0.15625 0.2890625 0.1464843 0.2734375 0.1464843 0.2734375 0.1367187 0.2578125 0.15625 0.3046875 0.04492187 0.2734375 0.03515625 0.2578125 0.03515625 0.2578125 0.4609375 0.5078125 0.453125 0.5078125 0.453125 0.5234375 0.453125 0.5078125 0.4609375 0.5078125 0.4609375 0.4921875 0.453125 0.4921875 0.4609375 0.4921875 0.4609375 0.4765625 0.25 0.4609375 0.25 0.4609375 0.25 0.4765625 0.2578125 0.4765625 0.2578125 0.4765625 0.2578125 0.4609375 0.25 0.4609375 0.25 0.4765625 0.2578125 0.4765625 0.2578125 0.4609375 0.2578125 0.4609375 0.25 0.4609375 0.3515625 0.7109375 0.3515625 0.7265625 0.359375 0.7265625 0.3515625 0.6796875 0.359375 0.6796875 0.359375 0.6640625 0.359375 0.7109375 0.359375 0.6953125 0.3515625 0.7109375 0.359375 0.6953125 0.3515625 0.6953125 0.3515625 0.7109375 0.3515625 0.7109375 0.3515625 0.7109375 0.359375 0.6953125 0.359375 0.6796875 0.3515625 0.6796875 0.3515625 0.6953125 0.3515625 0.6796875 0.359375 0.6796875 0.359375 0.6640625 0.2578125 0.4609375 0.25 0.4609375 0.2578125 0.4765625 0.25 0.4609375 0.25 0.4609375 0.25 0.4765625 0.25 0.4765625 0.25 0.4765625 0.2578125 0.4765625 0.25 0.4609375 0.25 0.4765625 0.2578125 0.4765625 0.25 0.4765625 0.2578125 0.4765625 0.2578125 0.4609375 0.25 0.4765625 0.2578125 0.4765625 0.2578125 0.4609375 0.25 0.5078125 0.25 0.5234375 0.2578125 0.5234375 0.265625 0.4921875 0.2578125 0.4921875 0.265625 0.4921875 0.2578125 0.4921875 0.2578125 0.5078125 0.265625 0.4921875 0.2578125 0.5078125 0.265625 0.5078125 0.265625 0.4921875 0.25 0.4921875 0.25 0.5078125 0.2578125 0.5078125 0.25 0.4765625 0.25 0.4921875 0.2578125 0.4921875 0.453125 0.5078125 0.4609375 0.5078125 0.4609375 0.4921875 0.25 0.5078125 0.2578125 0.5078125 0.2578125 0.4921875 0.4609375 0.4609375 0.453125 0.4609375 0.4609375 0.4609375 0.453125 0.4609375 0.453125 0.4765625 0.4609375 0.4609375 0.2578125 0.4609375 0.25 0.4609375 0.25 0.4765625 0.25 0.5234375 0.2578125 0.5234375 0.2578125 0.5078125 0.2578125 0.4765625 0.25 0.4765625 0.25 0.4921875 0.2578125 0.4921875 0.2578125 0.4921875 0.25 0.4921875 0.2578125 0.4921875 0.2578125 0.4921875 0.25 0.4921875 0.2578125 0.4921875 0.25 0.4921875 0.25 0.5078125 0.25 0.4921875 0.25 0.5078125 0.25 0.5078125 0.25 0.5078125 0.25 0.4921875 0.2421875 0.5078125 0.25 0.4921875 0.2421875 0.4921875 0.2421875 0.5078125 0.25 0.4765625 0.25 0.4921875 0.25 0.4921875 0.25 0.5078125 0.25 0.5234375 0.25 0.5234375 0.25 0.4609375 0.25 0.4765625 0.25 0.4765625 0.25 0.4609375 0.25 0.4765625 0.25 0.4765625 0.046875 0.9140625 0.0546875 0.9140625 0.0546875 0.8984375 0.046875 0.7109375 0.0546875 0.7109375 0.0546875 0.6953125 0.046875 0.8984375 0.046875 0.9140625 0.0546875 0.9140625 0.1484375 0.8984375 0.1484375 0.9140625 0.1484375 0.8984375 0.0546875 0.6953125 0.046875 0.6953125 0.0546875 0.7109375 0.046875 0.6953125 0.046875 0.7109375 0.0546875 0.7109375 0.046875 0.7109375 0.0546875 0.7109375 0.0546875 0.6953125 0.046875 0.9140625 0.0546875 0.9140625 0.0546875 0.8984375 0.046875 0.7109375 0.0546875 0.7109375 0.0546875 0.6953125 0.046875 0.7109375 0.0546875 0.7109375 0.0546875 0.6953125 0.046875 0.9140625 0.0546875 0.9140625 0.0546875 0.8984375 0.046875 0.6953125 0.046875 0.7109375 0.0546875 0.7109375 0.1484375 0.9140625 0.15625 0.9140625 0.15625 0.8984375 0.046875 0.7109375 0.0546875 0.7109375 0.046875 0.7109375 0.0546875 0.7109375 0.0546875 0.6953125 0.046875 0.7109375 0.046875 0.8984375 0.046875 0.9140625 0.046875 0.9140625 0.1484375 0.8984375 0.1484375 0.8984375 0.1484375 0.9140625 0.046875 0.9140625 0.0546875 0.9140625 0.0546875 0.8984375 0.046875 0.7109375 0.0546875 0.7109375 0.0546875 0.6953125 0.046875 0.7109375 0.0546875 0.7109375 0.0546875 0.6953125 0.046875 0.9140625 0.0546875 0.9140625 0.0546875 0.8984375 0.046875 0.6953125 0.046875 0.7109375 0.0546875 0.7109375 0.1484375 0.9140625 0.15625 0.9140625 0.15625 0.8984375 0.046875 0.7109375 0.0546875 0.7109375 0.046875 0.7109375 0.0546875 0.7109375 0.0546875 0.6953125 0.046875 0.7109375 0.1484375 0.8984375 0.15625 0.8984375 0.1484375 0.8984375 0.046875 0.8984375 0.046875 0.9140625 0.046875 0.9140625 0.1484375 0.8984375 0.1484375 0.9140625 0.1484375 0.9140625 0.046875 0.9140625 0.0546875 0.9140625 0.0546875 0.8984375 0.046875 0.7109375 0.0546875 0.7109375 0.0546875 0.6953125 0.046875 0.8984375 0.046875 0.9140625 0.0546875 0.9140625 0.0546875 0.6953125 0.046875 0.6953125 0.0546875 0.7109375 0.046875 0.6953125 0.046875 0.7109375 0.0546875 0.7109375 0.046875 0.7109375 0.0546875 0.7109375 0.0546875 0.6953125 0.0546875 0.6953125 0.0546875 0.7109375 0.0546875 0.6953125 0.0546875 0.6953125 0.0546875 0.6953125 0.0546875 0.6953125 0.0546875 0.6953125 0.0546875 0.6953125 0.0546875 0.6953125 0.1367187 0.8671875 0.1367187 0.8671875 0.1484375 0.9140625 0.1484375 0.9140625 0.1484375 0.8984375 0.1367187 0.8671875 0.1367187 0.8671875 0.15625 0.9140625 0.1484375 0.9140625 0.1484375 0.8984375 0.15625 0.8984375 0.1367187 0.8671875 0.1484375 0.8984375 0.15625 0.8984375 0.1484375 0.8984375 0.1484375 0.8984375 0.15625 0.9140625 0.1484375 0.8984375 0.1484375 0.9140625 0.1367187 0.8671875 0.1484375 0.8984375 0.1484375 0.8984375 0.15625 0.8984375 0.1484375 0.9140625 0.2578125 0.6953125 0.2578125 0.7109375 0.25 0.7109375 0.25 0.9140625 0.25 0.8984375 0.2578125 0.8984375 0.2578125 0.90625 0.2578125 0.9140625 0.25 0.9140625 0.25 0.9140625 0.2578125 0.8984375 0.2578125 0.90625 0.15625 0.6953125 0.15625 0.6953125 0.1484375 0.6953125 0.15625 0.6953125 0.15625 0.7109375 0.1484375 0.7109375 0.2578125 0.8984375 0.2578125 0.9140625 0.25 0.9140625 0.2578125 0.8984375 0.2578125 0.9140625 0.25 0.9140625 0.2578125 0.6953125 0.2578125 0.7109375 0.25 0.7109375 0.25 0.7109375 0.25 0.6953125 0.2578125 0.6953125 0.25 0.6953125 0.25 0.7109375 0.2578125 0.6953125 0.25 0.7109375 0.2578125 0.7109375 0.2578125 0.6953125 0.2578125 0.6953125 0.2578125 0.7109375 0.2578125 0.703125 0.2578125 0.90625 0.2578125 0.90625 0.2578125 0.8984375 0.1484375 0.6953125 0.1484375 0.7109375 0.15625 0.7109375 0.2578125 0.90625 0.2578125 0.8984375 0.25 0.8984375 0.25 0.7109375 0.25 0.6953125 0.2578125 0.6953125 0.15625 0.6953125 0.15625 0.6953125 0.15625 0.7109375 0.25 0.8984375 0.25 0.9140625 0.2578125 0.90625 0.15625 0.703125 0.1484375 0.7109375 0.1484375 0.6953125 0.25 0.9140625 0.25 0.9140625 0.25 0.9140625 0.25 0.8984375 0.2578125 0.8984375 0.2578125 0.90625 0.25 0.9140625 0.25 0.9140625 0.25 0.8984375 0.2578125 0.90625 0.25 0.8984375 0.25 0.9140625 0.15625 0.6953125 0.15625 0.7109375 0.1484375 0.7109375 0.2578125 0.9140625 0.25 0.9140625 0.25 0.90625 0.2578125 0.8984375 0.2578125 0.9140625 0.25 0.9140625 0.25 0.9140625 0.25 0.8984375 0.25 0.8984375 0.25 0.8984375 0.2578125 0.8984375 0.2578125 0.9140625 0.2578125 0.8984375 0.2578125 0.9140625 0.2578125 0.9140625 0.2578125 0.9140625 0.25 0.9140625 0.25 0.8984375 0.25 0.8984375 0.2578125 0.8984375 0.2578125 0.9140625 0.2578125 0.9140625 0.2578125 0.9140625 0.25 0.8984375 0.2578125 0.9140625 0.25 0.9140625 0.25 0.90625 0.25 0.90625 0.25 0.8984375 0.25 0.8984375 0.2578125 0.6953125 0.2578125 0.7109375 0.25 0.7109375 0.2578125 0.90625 0.25 0.90625 0.25 0.8984375 0.2578125 0.8984375 0.2578125 0.9140625 0.25 0.8984375 0.2578125 0.4921875 0.2578125 0.5078125 0.25 0.5078125 0.265625 0.4921875 0.265625 0.5078125 0.2578125 0.5078125 0.2578125 0.5078125 0.2578125 0.5234375 0.25 0.5234375 0.2578125 0.4765625 0.25 0.4765625 0.25 0.4609375 0.25 0.4921875 0.25 0.5078125 0.2421875 0.5078125 0.4609375 0.4921875 0.4609375 0.5078125 0.453125 0.5078125 0.4609375 0.4921875 0.4609375 0.4921875 0.4609375 0.5078125 0.4609375 0.4921875 0.46875 0.4921875 0.46875 0.5078125 0.4609375 0.4609375 0.4609375 0.4765625 0.453125 0.4765625 0.4453125 0.5078125 0.4453125 0.4921875 0.4453125 0.4921875 0.4453125 0.4921875 0.453125 0.4921875 0.453125 0.5078125 0.2578125 0.4921875 0.2578125 0.5078125 0.25 0.5078125 0.4609375 0.4765625 0.453125 0.4765625 0.453125 0.4609375 0.359375 0.6953125 0.3671875 0.6953125 0.3671875 0.7109375 0.25 0.4921875 0.25 0.5078125 0.2421875 0.5078125 0.265625 0.5078125 0.2578125 0.5078125 0.2578125 0.4921875 0.3515625 0.6953125 0.3515625 0.7109375 0.34375 0.7109375 0.4609375 0.4765625 0.4609375 0.4921875 0.453125 0.4921875 0.4609375 0.5078125 0.4609375 0.4921875 0.46875 0.5078125 0.4609375 0.4921875 0.46875 0.4921875 0.46875 0.5078125 0.359375 0.6640625 0.359375 0.6796875 0.3515625 0.6796875 0.4453125 0.4921875 0.453125 0.4921875 0.453125 0.5078125 0.453125 0.4921875 0.453125 0.5078125 0.453125 0.5078125 0.4609375 0.4921875 0.4609375 0.5078125 0.453125 0.5078125 0.2578125 0.5078125 0.2578125 0.5078125 0.25 0.5234375 0.2578125 0.5078125 0.2578125 0.5234375 0.25 0.5234375 0.25 0.5234375 0.2578125 0.5078125 0.25 0.5234375 0.2578125 0.5234375 0.25 0.5234375 0.25 0.5234375 0.2578125 0.4921875 0.265625 0.4921875 0.265625 0.5078125 0.265625 0.5078125 0.2578125 0.5078125 0.2578125 0.4921875 0.25 0.4921875 0.2578125 0.4921875 0.25 0.5078125 0.2578125 0.4921875 0.2578125 0.4921875 0.25 0.5078125 0.2578125 0.4921875 0.2578125 0.5078125 0.25 0.5078125 0.25 0.5078125 0.25 0.5078125 0.2578125 0.4921875 0.25 0.5078125 0.25 0.5078125 0.2578125 0.4921875 0.25 0.5078125 0.2578125 0.5078125 0.2578125 0.5234375 0.2578125 0.5234375 0.25 0.5234375 0.25 0.5078125 0.359375 0.6953125 0.359375 0.6953125 0.359375 0.7109375 0.359375 0.6953125 0.359375 0.6953125 0.3671875 0.7109375 0.359375 0.6953125 0.3671875 0.6953125 0.3671875 0.7109375 0.4609375 0.4765625 0.4609375 0.4921875 0.453125 0.4921875 0.46875 0.5078125 0.4609375 0.5078125 0.4609375 0.4921875 0.25 0.4921875 0.25 0.4765625 0.2578125 0.4921875 0.25 0.4765625 0.2578125 0.4765625 0.2578125 0.4921875 0.3671875 0.6953125 0.3671875 0.7109375 0.359375 0.7109375 0.359375 0.6953125 0.3671875 0.6953125 0.359375 0.7109375 0.3671875 0.6953125 0.3671875 0.7109375 0.359375 0.7109375 0.25 0.5078125 0.25 0.4921875 0.2578125 0.5078125 0.25 0.4921875 0.2578125 0.4921875 0.2578125 0.5078125 0.4609375 0.5078125 0.4609375 0.4921875 0.46875 0.4921875 0.2578125 0.4609375 0.2578125 0.4765625 0.25 0.4765625 0.2578125 0.4765625 0.25 0.4765625 0.25 0.4765625 0.25 0.4765625 0.25 0.4765625 0.2578125 0.4765625 0.25 0.4765625 0.25 0.4765625 0.25 0.4609375 0.25 0.4765625 0.25 0.4609375 0.25 0.4609375 0.265625 0.4921875 0.265625 0.4921875 0.2578125 0.4921875 0.265625 0.4921875 0.265625 0.5078125 0.2578125 0.5078125 0.265625 0.5078125 0.2578125 0.5078125 0.2578125 0.5078125 0.2578125 0.5078125 0.2578125 0.4921875 0.265625 0.4921875 0.25 0.4609375 0.25 0.4609375 0.25 0.4765625 0.25 0.4609375 0.2578125 0.4609375 0.2578125 0.4765625 0.359375 0.6796875 0.359375 0.6953125 0.3515625 0.6953125 0.25 0.5234375 0.25 0.5078125 0.2578125 0.5234375 0.25 0.5078125 0.2578125 0.5078125 0.2578125 0.5234375 0.25 0.4921875 0.2578125 0.4921875 0.2578125 0.4921875 0.2578125 0.4921875 0.2578125 0.5078125 0.2578125 0.5078125 0.2578125 0.5078125 0.25 0.5078125 0.25 0.4921875 0.359375 0.6953125 0.359375 0.7109375 0.3515625 0.7109375 0.4609375 0.4921875 0.4609375 0.5078125 0.453125 0.5078125 0.453125 0.4921875 0.453125 0.4921875 0.453125 0.5078125 0.453125 0.4921875 0.4609375 0.4921875 0.4609375 0.5078125 0.4609375 0.4921875 0.4609375 0.5078125 0.4609375 0.5078125 0.359375 0.6953125 0.359375 0.7109375 0.3515625 0.7109375 0.34375 0.6953125 0.3515625 0.6953125 0.3515625 0.7109375 0.3671875 0.6953125 0.3671875 0.6953125 0.359375 0.7109375 0.3671875 0.6953125 0.3671875 0.6953125 0.359375 0.7109375 0.3671875 0.6953125 0.3671875 0.7109375 0.359375 0.7109375 0.359375 0.7109375 0.359375 0.6953125 0.3671875 0.6953125 0.2578125 0.4609375 0.2578125 0.4609375 0.25 0.4609375 0.2578125 0.4609375 0.2578125 0.4765625 0.25 0.4765625 0.453125 0.4609375 0.453125 0.4609375 0.453125 0.4765625 0.453125 0.4609375 0.4609375 0.4609375 0.4609375 0.4765625 0.359375 0.7265625 0.3515625 0.7265625 0.3515625 0.7109375 0.359375 0.6640625 0.359375 0.6796875 0.3515625 0.6796875 0.2578125 0.5078125 0.2578125 0.5078125 0.25 0.5078125 0.2578125 0.5078125 0.2578125 0.5234375 0.25 0.5234375 0.25 0.5078125 0.2578125 0.5078125 0.25 0.5234375 0.453125 0.5078125 0.4453125 0.5078125 0.4453125 0.4921875 0.359375 0.6640625 0.359375 0.6796875 0.3515625 0.6796875 0.25 0.4921875 0.25 0.5078125 0.2421875 0.5078125 0.4453125 0.4921875 0.453125 0.4921875 0.453125 0.5078125 0.4609375 0.4765625 0.4609375 0.4921875 0.453125 0.4921875 0.453125 0.4921875 0.453125 0.5078125 0.4453125 0.5078125 0.34375 0.6953125 0.34375 0.6953125 0.34375 0.7109375 0.34375 0.6953125 0.34375 0.6953125 0.34375 0.7109375 0.34375 0.6953125 0.34375 0.6953125 0.3515625 0.7109375 0.34375 0.6953125 0.3515625 0.6953125 0.3515625 0.7109375 0.3515625 0.7109375 0.34375 0.7109375 0.34375 0.6953125 0.2578125 0.4765625 0.2578125 0.4921875 0.25 0.4921875 0.3515625 0.6953125 0.3515625 0.7109375 0.34375 0.7109375 0.3515625 0.6953125 0.3515625 0.7109375 0.34375 0.7109375 0.4609375 0.4609375 0.4609375 0.4765625 0.453125 0.4765625 0.25 0.5078125 0.25 0.4921875 0.2578125 0.4921875 0.2578125 0.4921875 0.2578125 0.5078125 0.25 0.5078125 0.25 0.5078125 0.2578125 0.4921875 0.2578125 0.4921875 0.2578125 0.8984375 0.2578125 0.9140625 0.2578125 0.90625 0.2578125 0.90625 0.2578125 0.8984375 0.2578125 0.8984375 0.2578125 0.8984375 0.2578125 0.9140625 0.2578125 0.8984375 0.2578125 0.8984375 0.2578125 0.8984375 0.2578125 0.8984375 0.25 0.7109375 0.2578125 0.7109375 0.2578125 0.6953125 0.2578125 0.8984375 0.25 0.8984375 0.25 0.9140625 0.25 0.9140625 0.25 0.9140625 0.2578125 0.9140625 0.2578125 0.90625 0.2578125 0.8984375 0.25 0.9140625 0.15625 0.7109375 0.15625 0.6953125 0.1484375 0.7109375 0.15625 0.6953125 0.15625 0.6953125 0.1484375 0.6953125 0.25 0.9140625 0.2578125 0.9140625 0.2578125 0.8984375 0.25 0.9140625 0.2578125 0.9140625 0.2578125 0.8984375 0.25 0.7109375 0.2578125 0.7109375 0.2578125 0.6953125 0.25 0.7109375 0.25 0.6953125 0.2578125 0.6953125 0.25 0.6953125 0.25 0.7109375 0.2578125 0.6953125 0.25 0.7109375 0.2578125 0.7109375 0.2578125 0.6953125 0.2578125 0.703125 0.2578125 0.7109375 0.2578125 0.6953125 0.2578125 0.8984375 0.2578125 0.90625 0.2578125 0.90625 0.15625 0.7109375 0.1484375 0.7109375 0.1484375 0.6953125 0.25 0.8984375 0.2578125 0.8984375 0.2578125 0.90625 0.2578125 0.6953125 0.25 0.6953125 0.25 0.7109375 0.15625 0.7109375 0.15625 0.6953125 0.15625 0.6953125 0.2578125 0.90625 0.25 0.9140625 0.25 0.8984375 0.1484375 0.6953125 0.1484375 0.7109375 0.15625 0.703125 0.25 0.9140625 0.25 0.9140625 0.25 0.9140625 0.25 0.9140625 0.25 0.8984375 0.2578125 0.90625 0.2578125 0.90625 0.2578125 0.8984375 0.25 0.8984375 0.25 0.8984375 0.25 0.9140625 0.25 0.9140625 0.1484375 0.7109375 0.15625 0.7109375 0.15625 0.6953125 0.25 0.90625 0.25 0.9140625 0.2578125 0.9140625 0.25 0.9140625 0.2578125 0.9140625 0.2578125 0.8984375 0.25 0.8984375 0.25 0.8984375 0.25 0.9140625 0.25 0.9140625 0.2578125 0.9140625 0.25 0.8984375 0.2578125 0.9140625 0.2578125 0.9140625 0.2578125 0.8984375 0.2578125 0.8984375 0.25 0.8984375 0.2578125 0.9140625 0.2578125 0.9140625 0.2578125 0.8984375 0.25 0.8984375 0.25 0.8984375 0.25 0.8984375 0.25 0.90625 0.25 0.90625 0.25 0.9140625 0.2578125 0.9140625 0.2578125 0.9140625 0.2578125 0.9140625 0.25 0.8984375 0.25 0.7109375 0.2578125 0.7109375 0.2578125 0.6953125 0.25 0.8984375 0.25 0.90625 0.2578125 0.90625 0.25 0.8984375 0.2578125 0.9140625 0.2578125 0.8984375 0.25 0.5078125 0.2578125 0.5078125 0.2578125 0.4921875 0.2578125 0.5078125 0.265625 0.5078125 0.265625 0.4921875 0.25 0.5234375 0.2578125 0.5234375 0.2578125 0.5078125 0.25 0.4609375 0.25 0.4765625 0.2578125 0.4765625 0.2421875 0.5078125 0.25 0.5078125 0.25 0.4921875 0.453125 0.5078125 0.4609375 0.5078125 0.4609375 0.4921875 0.46875 0.4921875 0.4609375 0.4921875 0.46875 0.5078125 0.4609375 0.4921875 0.4609375 0.4921875 0.4609375 0.5078125 0.453125 0.4765625 0.4609375 0.4765625 0.4609375 0.4609375 0.4453125 0.4921875 0.4453125 0.4921875 0.4453125 0.5078125 0.4453125 0.5078125 0.453125 0.5078125 0.4453125 0.4921875 0.25 0.5078125 0.2578125 0.5078125 0.2578125 0.4921875 0.453125 0.4609375 0.453125 0.4765625 0.4609375 0.4765625 0.359375 0.7109375 0.3671875 0.7109375 0.3671875 0.6953125 0.2421875 0.5078125 0.25 0.5078125 0.25 0.4921875 0.2578125 0.4921875 0.2578125 0.5078125 0.265625 0.5078125 0.34375 0.7109375 0.3515625 0.7109375 0.3515625 0.6953125 0.453125 0.4921875 0.4609375 0.4921875 0.4609375 0.4765625 0.46875 0.4921875 0.4609375 0.4921875 0.46875 0.5078125 0.4609375 0.4921875 0.4609375 0.5078125 0.46875 0.5078125 0.3515625 0.6796875 0.359375 0.6796875 0.359375 0.6640625 0.453125 0.5078125 0.453125 0.4921875 0.453125 0.5078125 0.453125 0.4921875 0.4453125 0.4921875 0.453125 0.5078125 0.453125 0.5078125 0.4609375 0.5078125 0.4609375 0.4921875 0.2578125 0.5234375 0.2578125 0.5078125 0.25 0.5234375 0.2578125 0.5078125 0.2578125 0.5078125 0.25 0.5234375 0.25 0.5234375 0.2578125 0.5078125 0.25 0.5234375 0.2578125 0.5078125 0.25 0.5078125 0.25 0.5234375 0.265625 0.5078125 0.265625 0.4921875 0.2578125 0.4921875 0.2578125 0.4921875 0.2578125 0.4921875 0.2578125 0.5078125 0.2578125 0.4921875 0.2578125 0.4921875 0.25 0.5078125 0.2578125 0.4921875 0.25 0.4921875 0.25 0.5078125 0.25 0.5078125 0.25 0.5078125 0.2578125 0.4921875 0.25 0.5078125 0.25 0.5078125 0.2578125 0.4921875 0.25 0.5078125 0.2578125 0.5078125 0.2578125 0.4921875 0.25 0.5078125 0.25 0.5078125 0.25 0.5234375 0.25 0.5234375 0.2578125 0.5234375 0.25 0.5078125 0.359375 0.6953125 0.359375 0.6953125 0.3671875 0.7109375 0.359375 0.6953125 0.359375 0.6953125 0.359375 0.7109375 0.3671875 0.7109375 0.359375 0.6953125 0.359375 0.7109375 0.453125 0.4921875 0.4609375 0.4921875 0.4609375 0.4765625 0.4609375 0.4921875 0.4609375 0.5078125 0.46875 0.5078125 0.2578125 0.4765625 0.25 0.4765625 0.2578125 0.4921875 0.25 0.4765625 0.25 0.4921875 0.2578125 0.4921875 0.359375 0.7109375 0.3671875 0.7109375 0.3671875 0.6953125 0.3671875 0.7109375 0.3671875 0.6953125 0.359375 0.7109375 0.3671875 0.6953125 0.359375 0.6953125 0.359375 0.7109375 0.2578125 0.4921875 0.25 0.4921875 0.2578125 0.5078125 0.25 0.4921875 0.25 0.5078125 0.2578125 0.5078125 0.46875 0.4921875 0.4609375 0.4921875 0.4609375 0.5078125 0.25 0.4765625 0.2578125 0.4765625 0.25 0.4765625 0.2578125 0.4765625 0.2578125 0.4609375 0.25 0.4765625 0.25 0.4765625 0.2578125 0.4765625 0.25 0.4765625 0.25 0.4609375 0.25 0.4609375 0.25 0.4765625 0.2578125 0.4609375 0.25 0.4609375 0.25 0.4765625 0.265625 0.5078125 0.265625 0.4921875 0.2578125 0.5078125 0.265625 0.4921875 0.265625 0.4921875 0.2578125 0.4921875 0.265625 0.5078125 0.2578125 0.5078125 0.2578125 0.5078125 0.2578125 0.4921875 0.2578125 0.5078125 0.265625 0.4921875 0.2578125 0.4609375 0.25 0.4609375 0.2578125 0.4765625 0.25 0.4609375 0.25 0.4609375 0.25 0.4765625 0.3515625 0.6953125 0.359375 0.6953125 0.359375 0.6796875 0.2578125 0.5078125 0.25 0.5078125 0.2578125 0.5234375 0.25 0.5078125 0.25 0.5234375 0.2578125 0.5234375 0.2578125 0.4921875 0.2578125 0.4921875 0.25 0.4921875 0.25 0.4921875 0.25 0.5078125 0.2578125 0.5078125 0.2578125 0.5078125 0.2578125 0.5078125 0.2578125 0.4921875 0.3515625 0.7109375 0.359375 0.7109375 0.359375 0.6953125 0.453125 0.5078125 0.4609375 0.5078125 0.4609375 0.4921875 0.4609375 0.4921875 0.453125 0.4921875 0.4609375 0.5078125 0.453125 0.4921875 0.453125 0.4921875 0.453125 0.5078125 0.4609375 0.5078125 0.453125 0.4921875 0.453125 0.5078125 0.3515625 0.7109375 0.359375 0.7109375 0.359375 0.6953125 0.34375 0.6953125 0.34375 0.7109375 0.3515625 0.7109375 0.3671875 0.6953125 0.3671875 0.6953125 0.359375 0.7109375 0.3671875 0.6953125 0.3671875 0.6953125 0.359375 0.7109375 0.3671875 0.6953125 0.359375 0.6953125 0.359375 0.7109375 0.359375 0.7109375 0.359375 0.7109375 0.3671875 0.6953125 0.2578125 0.4765625 0.2578125 0.4609375 0.25 0.4765625 0.2578125 0.4609375 0.2578125 0.4609375 0.25 0.4609375 0.4609375 0.4609375 0.453125 0.4609375 0.4609375 0.4765625 0.453125 0.4609375 0.453125 0.4609375 0.453125 0.4765625 0.3515625 0.7109375 0.3515625 0.7265625 0.359375 0.7265625 0.3515625 0.6796875 0.359375 0.6796875 0.359375 0.6640625 0.2578125 0.5234375 0.2578125 0.5078125 0.25 0.5234375 0.2578125 0.5078125 0.2578125 0.5078125 0.25 0.5078125 0.2578125 0.5078125 0.2578125 0.5078125 0.25 0.5078125 0.4453125 0.4921875 0.4453125 0.5078125 0.453125 0.5078125 0.3515625 0.6796875 0.359375 0.6796875 0.359375 0.6640625 0.2421875 0.5078125 0.25 0.5078125 0.25 0.4921875 0.4453125 0.4921875 0.4453125 0.5078125 0.453125 0.5078125 0.453125 0.4921875 0.4609375 0.4921875 0.4609375 0.4765625 0.4453125 0.4921875 0.4453125 0.5078125 0.453125 0.5078125 0.34375 0.6953125 0.34375 0.6953125 0.34375 0.7109375 0.34375 0.6953125 0.34375 0.6953125 0.34375 0.7109375 0.34375 0.6953125 0.34375 0.6953125 0.34375 0.7109375 0.34375 0.7109375 0.3515625 0.7109375 0.34375 0.6953125 0.3515625 0.7109375 0.3515625 0.6953125 0.34375 0.6953125 0.25 0.4921875 0.2578125 0.4921875 0.2578125 0.4765625 0.34375 0.6953125 0.34375 0.7109375 0.3515625 0.7109375 0.34375 0.7109375 0.3515625 0.7109375 0.3515625 0.6953125 0.453125 0.4765625 0.4609375 0.4765625 0.4609375 0.4609375 0.2578125 0.4921875 0.25 0.4921875 0.25 0.5078125 0.25 0.5078125 0.25 0.5078125 0.2578125 0.5078125 0.2578125 0.4921875 0.2578125 0.4921875 0.25 0.5078125 0.2578125 0.90625 0.2578125 0.9140625 0.2578125 0.8984375 0.2578125 0.8984375 0.2578125 0.8984375 0.2578125 0.9140625 0.2578125 0.8984375 0.2578125 0.8984375 0.2578125 0.90625 0.2578125 0.8984375 0.2578125 0.9140625 0.2578125 0.8984375 0.453125 0.6796875 0.453125 0.6953125 0.4609375 0.6953125 0.46875 0.8984375 0.4609375 0.8984375 0.46875 0.9140625 0.4609375 0.8984375 0.4609375 0.8984375 0.4609375 0.9140625 0.359375 0.2890625 0.3515625 0.2890625 0.359375 0.3046875 0.3515625 0.2890625 0.359375 0.2890625 0.359375 0.3046875 0.4609375 0.9140625 0.46875 0.9140625 0.46875 0.8984375 0.453125 0.8984375 0.4609375 0.8984375 0.4609375 0.8828125 0.359375 0.3046875 0.359375 0.3046875 0.359375 0.2890625 0.4609375 0.6953125 0.4609375 0.6953125 0.453125 0.6796875 0.4609375 0.6953125 0.4609375 0.6796875 0.453125 0.6796875 0.3671875 0.2890625 0.359375 0.2890625 0.3671875 0.3046875 0.359375 0.2890625 0.359375 0.2890625 0.359375 0.3046875 0.453125 0.6953125 0.4609375 0.6953125 0.4609375 0.6796875 0.453125 0.6953125 0.453125 0.7109375 0.4609375 0.7109375 0.4609375 0.7109375 0.4609375 0.7109375 0.4609375 0.6953125 0.453125 0.8984375 0.4609375 0.8984375 0.4609375 0.8828125 0.359375 0.2734375 0.359375 0.2890625 0.3515625 0.2734375 0.359375 0.2890625 0.359375 0.2734375 0.3515625 0.2734375 0.3515625 0.2734375 0.3515625 0.2890625 0.359375 0.2734375 0.453125 0.8984375 0.4609375 0.8984375 0.4609375 0.8828125 0.46875 0.8984375 0.4609375 0.8984375 0.46875 0.9140625 0.4609375 0.8984375 0.4609375 0.8984375 0.4609375 0.9140625 0.453125 0.6796875 0.4609375 0.6796875 0.4609375 0.6953125 0.4609375 0.8984375 0.4609375 0.8984375 0.4609375 0.9140625 0.4609375 0.8984375 0.46875 0.8984375 0.46875 0.9140625 0.359375 0.2890625 0.3515625 0.2890625 0.359375 0.3046875 0.3515625 0.2890625 0.359375 0.2890625 0.359375 0.3046875 0.46875 0.8984375 0.46875 0.9140625 0.4609375 0.9140625 0.4609375 0.8828125 0.4609375 0.8984375 0.453125 0.8984375 0.359375 0.2890625 0.359375 0.3046875 0.359375 0.3046875 0.4609375 0.6796875 0.4609375 0.6953125 0.453125 0.6796875 0.4609375 0.6953125 0.4609375 0.6953125 0.453125 0.6796875 0.359375 0.2890625 0.359375 0.2890625 0.359375 0.3046875 0.359375 0.2890625 0.3671875 0.2890625 0.3671875 0.3046875 0.4609375 0.6796875 0.4609375 0.6953125 0.453125 0.6953125 0.453125 0.6953125 0.4609375 0.6953125 0.4609375 0.7109375 0.4609375 0.6953125 0.4609375 0.7109375 0.4609375 0.7109375 0.4609375 0.8828125 0.4609375 0.8984375 0.453125 0.8984375 0.359375 0.2734375 0.359375 0.2890625 0.3515625 0.2734375 0.359375 0.2890625 0.359375 0.2734375 0.3515625 0.2734375 0.359375 0.2734375 0.359375 0.2890625 0.3515625 0.2890625 0.4609375 0.8828125 0.4609375 0.8984375 0.453125 0.8984375 0.4609375 0.8984375 0.4609375 0.8984375 0.4609375 0.9140625 0.4609375 0.8984375 0.46875 0.8984375 0.46875 0.9140625</float_array>
          <technique_common>
            <accessor source="#Body-mesh-map-0-array" count="10623" stride="2">
              <param name="S" type="float"/>
              <param name="T" type="float"/>
            </accessor>
          </technique_common>
        </source>
        <vertices id="Body-mesh-vertices">
          <input semantic="POSITION" source="#Body-mesh-positions"/>
        </vertices>
        <triangles material="Minecraft_Sonic-material" count="3541">
          <input semantic="VERTEX" source="#Body-mesh-vertices" offset="0"/>
          <input semantic="NORMAL" source="#Body-mesh-normals" offset="1"/>
          <input semantic="TEXCOORD" source="#Body-mesh-map-0" offset="2" set="0"/>
          <p>2 0 0 0 1 1 6 2 2 1 3 3 3 4 4 2 5 5 4 6 6 7 7 7 5 8 8 1 3 9 5 8 10 8 7 11 22 9 12 9 9 13 30 9 14 19 9 15 17 9 16 22 9 17 9 9 18 13 9 19 11 9 20 14 10 21 10 9 22 9 9 23 17 9 24 11 9 25 13 9 26 18 11 27 15 12 28 14 10 29 18 11 30 14 10 31 17 9 32 22 13 33 20 14 34 19 15 35 21 16 36 20 14 37 35 17 38 21 15 39 53 15 40 26 15 41 24 18 42 23 19 43 22 15 44 55 15 45 26 15 46 54 15 47 56 20 48 28 15 49 55 15 50 58 21 51 60 15 52 33 22 53 31 23 54 24 18 55 27 24 56 32 25 57 60 15 58 45 15 59 41 26 60 34 15 61 35 27 62 40 28 63 41 26 64 36 29 65 46 30 66 42 31 67 37 32 68 44 33 69 39 34 70 25 35 71 52 36 72 43 37 73 46 30 74 57 15 75 47 38 76 50 15 77 43 37 78 36 29 79 42 31 80 44 33 81 51 39 82 46 30 83 40 28 84 43 37 85 52 36 86 54 15 87 53 15 88 49 15 89 59 40 90 51 39 91 60 15 92 32 25 93 45 15 94 31 23 95 59 40 96 47 38 97 52 36 98 61 41 99 69 41 100 63 41 101 75 41 102 73 42 103 71 41 104 67 43 105 7 41 106 66 41 107 71 41 108 70 41 109 62 41 110 75 41 111 76 44 112 74 45 113 74 45 114 76 44 115 68 46 116 69 41 117 72 47 118 63 41 119 77 48 120 98 48 121 65 48 122 94 49 123 91 48 124 90 48 125 66 50 126 7 51 127 94 49 128 78 48 129 91 48 130 77 48 131 80 48 132 0 48 133 79 48 134 81 52 135 97 48 136 89 53 137 82 48 138 93 48 139 80 48 140 88 54 141 85 54 142 87 55 143 84 56 144 83 48 145 92 57 146 84 56 147 93 48 148 83 48 149 95 58 150 88 54 151 87 55 152 86 48 153 85 54 154 97 48 155 100 59 156 19 59 157 103 59 158 99 60 159 65 61 160 100 62 161 101 63 162 61 64 163 102 65 164 99 60 165 102 65 166 104 66 167 130 67 168 105 68 169 106 69 170 113 70 171 128 71 172 130 67 173 122 72 174 140 73 175 145 74 176 112 75 177 110 76 178 109 77 179 111 78 180 113 70 181 112 79 182 115 80 183 114 81 184 113 82 185 120 83 186 117 84 187 127 85 188 126 86 189 125 87 190 123 88 191 116 89 192 118 90 193 117 91 194 111 78 195 120 83 196 128 71 197 119 92 198 134 93 199 123 88 200 127 85 201 129 94 202 130 67 203 122 95 204 105 68 205 129 94 206 123 88 207 144 96 208 124 97 209 143 98 210 138 99 211 147 100 212 133 101 213 132 102 214 131 103 215 138 104 216 142 105 217 141 106 218 139 107 219 138 108 220 137 109 221 141 106 222 144 96 223 134 93 224 140 73 225 143 110 226 145 74 227 140 111 228 124 97 229 144 96 230 149 112 231 143 112 232 148 112 233 139 107 234 148 113 235 147 114 236 149 115 237 150 116 238 107 117 239 151 118 240 154 119 241 150 120 242 148 121 243 153 121 244 152 121 245 158 122 246 148 113 247 157 123 248 151 118 249 160 124 250 155 125 251 159 126 252 160 124 253 163 127 254 163 127 255 162 128 256 161 129 257 164 130 258 156 131 259 158 132 260 162 128 261 151 118 262 156 131 263 166 133 264 109 77 265 161 129 266 111 134 267 109 135 268 131 136 269 165 137 270 158 138 271 157 139 272 159 126 273 115 80 274 155 125 275 192 140 276 167 141 277 191 142 278 192 140 279 190 143 280 175 144 281 168 145 282 208 146 283 207 147 284 172 148 285 174 149 286 171 150 287 175 144 288 173 151 289 174 152 290 175 153 291 172 148 292 176 154 293 178 155 294 183 156 295 182 157 296 179 158 297 187 159 298 181 160 299 178 161 300 180 162 301 193 163 302 173 151 303 182 157 304 183 156 305 196 164 306 181 160 307 185 165 308 192 140 309 191 142 310 189 166 311 191 142 312 184 167 313 188 168 314 206 169 315 185 165 316 186 170 317 209 171 318 204 172 319 205 173 320 197 174 321 193 163 322 195 175 323 199 176 324 198 177 325 203 178 326 200 179 327 201 180 328 199 181 329 195 175 330 194 182 331 196 164 332 205 183 333 202 184 334 207 147 335 206 169 336 186 170 337 202 185 338 207 147 339 208 146 340 211 186 341 201 180 342 210 187 343 219 188 344 169 189 345 208 146 346 170 190 347 213 191 348 218 192 349 214 193 350 214 194 351 210 194 352 211 194 353 210 187 354 220 195 355 219 188 356 222 196 357 224 197 358 213 191 359 222 196 360 221 198 361 225 199 362 224 197 363 225 199 364 223 200 365 226 201 366 227 202 367 220 203 368 218 192 369 213 191 370 224 197 371 171 150 372 223 200 373 225 199 374 171 204 375 173 205 376 193 206 377 219 207 378 227 208 379 198 209 380 221 198 381 177 210 382 176 154 383 230 211 384 247 212 385 229 213 386 231 214 387 236 215 388 232 216 389 231 217 390 248 218 391 230 211 392 234 219 393 240 220 394 233 221 395 235 9 396 236 215 397 240 9 398 232 222 399 234 223 400 248 218 401 242 224 402 250 225 403 229 226 404 239 227 405 240 9 406 236 215 407 245 228 408 239 229 409 237 230 410 246 231 411 241 232 412 242 224 413 246 231 414 243 233 415 245 41 416 249 234 417 244 235 418 246 231 419 233 221 420 240 220 421 239 236 422 249 237 423 233 221 424 244 238 425 248 218 426 249 239 427 247 212 428 229 213 429 251 240 430 230 211 431 251 241 432 250 242 433 256 243 434 255 244 435 254 245 436 256 243 437 241 232 438 256 246 439 242 224 440 241 247 441 253 248 442 255 249 443 230 211 444 252 250 445 231 217 446 237 251 447 254 252 448 253 253 449 238 254 450 252 255 451 254 252 452 260 256 453 263 257 454 259 258 455 264 259 456 261 260 457 263 261 458 262 262 459 257 263 460 261 264 461 329 15 462 439 15 463 440 15 464 298 9 465 297 9 466 299 9 467 272 15 468 271 15 469 280 15 470 276 15 471 275 15 472 274 15 473 272 15 474 274 15 475 273 15 476 268 15 477 271 15 478 267 15 479 274 15 480 277 15 481 276 15 482 292 265 483 276 41 484 277 41 485 278 41 486 292 265 487 277 41 488 280 15 489 268 15 490 281 15 491 281 9 492 298 9 493 299 9 494 298 15 495 267 15 496 266 15 497 288 59 498 282 59 499 284 59 500 285 7 501 287 7 502 289 7 503 289 9 504 284 9 505 285 9 506 289 15 507 286 15 508 288 15 509 291 266 510 290 267 511 275 268 512 293 269 513 292 265 514 294 270 515 287 41 516 282 41 517 286 41 518 296 9 519 297 9 520 265 9 521 270 9 522 297 9 523 269 9 524 265 271 525 290 272 526 296 273 527 302 41 528 376 41 529 301 41 530 318 59 531 314 59 532 317 59 533 309 59 534 301 59 535 376 59 536 304 15 537 307 15 538 308 15 539 376 41 540 363 41 541 307 41 542 308 59 543 363 59 544 306 59 545 302 274 546 301 15 547 303 275 548 392 15 549 313 15 550 316 15 551 391 41 552 310 41 553 313 41 554 316 59 555 310 59 556 312 59 557 399 15 558 392 15 559 316 15 560 316 41 561 314 41 562 315 41 563 400 15 564 315 15 565 318 15 566 319 9 567 318 9 568 317 9 569 321 9 570 322 9 571 320 9 572 403 15 573 400 15 574 322 15 575 320 59 576 400 59 577 319 59 578 323 15 579 324 15 580 325 15 581 327 9 582 436 9 583 324 9 584 323 276 585 321 277 586 326 278 587 324 279 588 323 276 589 326 278 590 438 280 591 332 9 592 329 9 593 327 15 594 330 15 595 332 15 596 329 59 597 330 59 598 328 59 599 334 15 600 333 15 601 341 15 602 356 41 603 353 41 604 354 41 605 339 281 606 336 281 607 338 281 608 337 41 609 335 41 610 336 41 611 338 59 612 335 59 613 344 59 614 344 15 615 346 15 616 343 15 617 335 41 618 342 41 619 346 41 620 343 15 621 345 15 622 462 282 623 345 41 624 342 41 625 354 41 626 347 41 627 349 41 628 348 283 629 352 284 630 340 285 631 348 283 632 350 41 633 354 41 634 353 41 635 356 41 636 351 41 637 359 41 638 352 284 639 354 41 640 342 41 641 361 41 642 359 41 643 351 41 644 306 15 645 333 15 646 365 15 647 357 41 648 360 41 649 368 41 650 371 7 651 427 7 652 369 286 653 357 287 654 368 48 655 369 288 656 426 7 657 435 7 658 370 7 659 371 41 660 360 41 661 362 289 662 362 289 663 373 290 664 372 291 665 347 41 666 348 283 667 364 292 668 305 293 669 381 294 670 375 295 671 382 41 672 380 41 673 377 41 674 423 296 675 374 7 676 379 7 677 382 41 678 381 294 679 302 41 680 390 297 681 387 15 682 302 274 683 383 41 684 385 41 685 382 41 686 393 15 687 387 15 688 389 15 689 388 15 690 383 15 691 387 15 692 394 15 693 389 15 694 390 297 695 402 15 696 392 15 697 399 15 698 396 15 699 395 15 700 405 298 701 396 7 702 410 7 703 402 7 704 395 15 705 402 15 706 399 15 707 401 15 708 404 299 709 395 15 710 325 15 711 397 300 712 404 299 713 429 9 714 407 9 715 406 9 716 407 15 717 397 300 718 406 15 719 413 7 720 408 7 721 409 7 722 413 7 723 409 7 724 415 301 725 379 7 726 377 7 727 380 7 728 418 7 729 412 7 730 413 7 731 428 302 732 423 296 733 421 303 734 421 303 735 417 7 736 418 7 737 426 7 738 419 304 739 433 305 740 433 305 741 420 306 742 416 307 743 386 7 744 408 7 745 412 7 746 415 301 747 422 7 748 414 7 749 411 308 750 420 306 751 410 7 752 415 301 753 420 306 754 419 304 755 436 9 756 406 9 757 325 9 758 434 309 759 430 9 760 437 310 761 433 305 762 416 307 763 430 7 764 430 9 765 432 9 766 431 9 767 447 9 768 451 9 769 449 9 770 461 9 771 329 9 772 440 9 773 440 9 774 443 9 775 455 9 776 444 311 777 441 311 778 443 311 779 455 59 780 441 59 781 454 59 782 452 9 783 451 9 784 447 9 785 460 312 786 447 9 787 446 313 788 449 9 789 450 9 790 458 9 791 450 15 792 456 314 793 458 15 794 452 9 795 450 9 796 451 9 797 455 15 798 453 15 799 450 15 800 366 9 801 367 315 802 459 9 803 438 280 804 461 9 805 445 9 806 350 316 807 457 317 808 456 314 809 355 318 810 358 319 811 366 320 812 311 59 813 303 59 814 309 59 815 341 321 816 364 292 817 340 285 818 339 7 819 341 7 820 337 7 821 440 322 822 442 322 823 444 322 824 491 323 825 492 324 826 493 325 827 482 326 828 465 327 829 481 328 830 481 329 831 464 330 832 479 331 833 466 332 834 467 333 835 469 334 836 468 335 837 474 336 838 492 337 839 470 338 840 478 339 841 488 340 842 470 341 843 473 342 844 471 343 845 494 344 846 472 345 847 485 346 848 474 347 849 471 343 850 475 348 851 475 349 852 492 324 853 474 350 854 493 325 855 476 351 856 494 48 857 476 352 858 471 343 859 472 353 860 477 354 861 478 339 862 467 333 863 490 355 864 477 354 865 483 356 866 483 357 867 479 331 868 480 358 869 485 359 870 488 340 871 484 360 872 487 361 873 489 362 874 486 363 875 484 360 876 478 339 877 477 354 878 490 364 879 480 358 880 489 362 881 480 358 882 463 365 883 489 362 884 525 366 885 524 367 886 523 368 887 497 369 888 514 370 889 513 371 890 496 372 891 513 373 892 511 374 893 501 375 894 499 376 895 498 377 896 524 378 897 500 379 898 498 380 899 510 381 900 499 376 901 502 382 902 502 383 903 501 384 904 500 385 905 517 386 906 504 387 907 526 388 908 503 389 909 506 390 910 507 391 911 507 392 912 524 367 913 525 366 914 525 366 915 508 393 916 507 392 917 503 389 918 508 394 919 504 395 920 509 396 921 515 397 922 514 370 923 522 398 924 509 396 925 516 399 926 511 374 927 515 400 928 512 401 929 516 399 930 520 402 931 517 403 932 521 404 933 519 405 934 518 406 935 516 399 936 510 381 937 520 402 938 512 401 939 522 407 940 521 404 941 512 401 942 523 408 943 511 374 944 627 409 945 528 410 946 527 411 947 528 410 948 531 412 949 598 413 950 533 414 951 529 415 952 624 416 953 530 417 954 532 418 955 534 419 956 532 418 957 535 420 958 534 419 959 536 421 960 567 422 961 535 420 962 535 420 963 595 423 964 534 419 965 575 424 966 540 425 967 648 426 968 539 427 969 547 428 970 537 429 971 597 430 972 599 431 973 598 413 974 622 432 975 581 433 976 584 434 977 584 435 978 593 436 979 550 437 980 548 438 981 547 428 982 546 439 983 550 437 984 549 440 985 548 438 986 554 441 987 551 442 988 553 443 989 555 444 990 551 442 991 552 445 992 552 445 993 560 446 994 555 444 995 558 447 996 557 448 997 556 449 998 552 445 999 551 442 1000 550 437 1001 560 446 1002 558 447 1003 559 450 1004 533 414 1005 531 412 1006 529 415 1007 594 451 1008 562 452 1009 561 453 1010 568 454 1011 564 455 1012 563 456 1013 586 457 1014 577 458 1015 562 459 1016 571 460 1017 572 461 1018 570 462 1019 633 463 1020 569 464 1021 623 465 1022 617 466 1023 606 467 1024 618 468 1025 573 469 1026 645 470 1027 650 471 1028 575 424 1029 573 469 1030 650 471 1031 578 472 1032 596 473 1033 576 474 1034 578 475 1035 576 476 1036 577 458 1037 581 433 1038 579 477 1039 582 478 1040 592 479 1041 584 435 1042 583 480 1043 583 481 1044 581 433 1045 582 478 1046 566 482 1047 570 462 1048 588 483 1049 586 457 1050 588 483 1051 587 484 1052 586 457 1053 589 485 1054 577 458 1055 587 484 1056 588 483 1057 590 486 1058 556 449 1059 593 436 1060 592 479 1061 590 486 1062 574 487 1063 592 488 1064 604 489 1065 601 490 1066 603 491 1067 603 491 1068 602 492 1069 605 493 1070 594 494 1071 561 495 1072 576 474 1073 599 496 1074 597 497 1075 604 489 1076 603 491 1077 605 493 1078 612 498 1079 637 499 1080 636 500 1081 635 501 1082 641 502 1083 639 503 1084 634 504 1085 612 498 1086 617 466 1087 613 505 1088 614 506 1089 613 505 1090 544 507 1091 621 508 1092 615 509 1093 620 510 1094 643 511 1095 647 512 1096 540 425 1097 545 513 1098 613 505 1099 615 509 1100 622 432 1101 580 514 1102 581 433 1103 630 515 1104 625 516 1105 631 517 1106 607 518 1107 612 498 1108 614 506 1109 623 465 1110 563 519 1111 565 520 1112 629 521 1113 630 515 1114 632 522 1115 628 523 1116 629 524 1117 624 416 1118 635 501 1119 634 504 1120 631 517 1121 610 525 1122 609 526 1123 611 527 1124 639 503 1125 644 528 1126 632 522 1127 637 529 1128 611 530 1129 546 531 1130 621 508 1131 620 510 1132 616 532 1133 642 533 1134 647 512 1135 644 528 1136 571 534 1137 633 463 1138 645 470 1139 541 535 1140 640 536 1141 641 502 1142 540 425 1143 642 533 1144 648 426 1145 648 426 1146 640 536 1147 541 535 1148 650 471 1149 646 537 1150 649 538 1151 651 539 1152 748 540 1153 652 541 1154 655 542 1155 722 543 1156 652 541 1157 657 544 1158 653 545 1159 748 540 1160 654 546 1161 656 547 1162 658 548 1163 656 547 1164 659 549 1165 658 548 1166 659 549 1167 692 550 1168 691 551 1169 719 552 1170 722 543 1171 658 548 1172 665 553 1173 662 554 1174 663 555 1175 663 556 1176 671 557 1177 661 558 1178 721 559 1179 723 560 1180 724 561 1181 745 562 1182 746 563 1183 708 564 1184 708 565 1185 674 566 1186 666 567 1187 672 568 1188 671 557 1189 670 569 1190 674 566 1191 673 570 1192 672 568 1193 678 571 1194 675 572 1195 677 573 1196 679 574 1197 675 572 1198 676 575 1199 676 575 1200 684 576 1201 679 574 1202 680 577 1203 684 576 1204 681 578 1205 676 575 1206 675 572 1207 674 566 1208 679 574 1209 684 576 1210 683 579 1211 653 545 1212 654 546 1213 655 542 1214 719 552 1215 685 580 1216 718 581 1217 692 550 1218 686 582 1219 691 551 1220 710 583 1221 701 584 1222 686 585 1223 695 586 1224 694 587 1225 693 588 1226 757 589 1227 693 590 1228 747 591 1229 741 592 1230 730 593 1231 742 594 1232 774 595 1233 696 596 1234 769 597 1235 698 598 1236 774 595 1237 699 599 1238 730 593 1239 700 600 1240 702 601 1241 685 602 1242 686 585 1243 701 584 1244 705 603 1245 703 604 1246 706 605 1247 716 606 1248 708 565 1249 707 607 1250 708 564 1251 706 605 1252 707 608 1253 709 609 1254 712 610 1255 690 611 1256 690 611 1257 711 612 1258 710 583 1259 710 583 1260 713 613 1261 701 584 1262 711 612 1263 712 610 1264 714 614 1265 680 577 1266 717 615 1267 716 606 1268 714 614 1269 698 616 1270 716 617 1271 728 618 1272 725 619 1273 727 620 1274 727 620 1275 726 621 1276 729 622 1277 718 623 1278 685 624 1279 700 600 1280 721 625 1281 728 618 1282 732 626 1283 727 620 1284 729 622 1285 736 627 1286 761 628 1287 760 629 1288 759 630 1289 765 631 1290 763 632 1291 758 633 1292 736 627 1293 741 592 1294 739 634 1295 738 635 1296 737 636 1297 668 637 1298 669 638 1299 744 639 1300 745 562 1301 767 640 1302 771 641 1303 664 642 1304 669 638 1305 737 636 1306 739 634 1307 705 603 1308 742 594 1309 704 643 1310 754 644 1311 749 645 1312 755 646 1313 731 647 1314 736 627 1315 738 635 1316 693 590 1317 687 648 1318 689 649 1319 753 650 1320 754 644 1321 756 651 1322 749 652 1323 748 540 1324 750 653 1325 755 646 1326 750 654 1327 759 630 1328 735 655 1329 732 626 1330 733 656 1331 758 633 1332 763 632 1333 754 644 1334 670 657 1335 762 658 1336 735 659 1337 745 562 1338 744 639 1339 740 660 1340 766 661 1341 771 641 1342 768 662 1343 696 596 1344 695 663 1345 757 589 1346 665 553 1347 764 664 1348 765 631 1349 771 641 1350 772 665 1351 664 642 1352 772 665 1353 764 664 1354 665 553 1355 774 595 1356 770 666 1357 773 667 1358 776 668 1359 875 669 1360 775 670 1361 846 671 1362 779 672 1363 776 668 1364 784 673 1365 816 674 1366 812 675 1367 778 676 1368 780 677 1369 781 678 1370 780 677 1371 783 679 1372 784 673 1373 815 680 1374 784 673 1375 783 679 1376 782 681 1377 778 676 1378 846 671 1379 896 682 1380 788 683 1381 823 684 1382 785 685 1383 787 686 1384 823 687 1385 850 688 1386 842 689 1387 843 690 1388 869 691 1389 793 692 1390 832 693 1391 790 694 1392 798 695 1393 832 696 1394 796 697 1395 795 698 1396 785 685 1397 796 697 1398 797 699 1399 798 695 1400 802 700 1401 799 701 1402 797 699 1403 799 701 1404 803 702 1405 800 703 1406 808 704 1407 800 703 1408 803 702 1409 805 705 1410 806 706 1411 804 707 1412 841 708 1413 798 695 1414 800 703 1415 801 709 1416 802 700 1417 785 685 1418 779 672 1419 781 678 1420 777 710 1421 842 689 1422 810 711 1423 843 690 1424 816 674 1425 815 680 1426 810 711 1427 810 712 1428 834 713 1429 814 714 1430 838 715 1431 821 716 1432 820 717 1433 881 718 1434 817 719 1435 819 720 1436 865 721 1437 864 722 1438 866 723 1439 893 724 1440 821 725 1441 898 726 1442 898 726 1443 822 727 1444 823 684 1445 826 728 1446 844 729 1447 854 730 1448 830 731 1449 831 732 1450 839 733 1451 827 734 1452 829 735 1453 830 736 1454 832 696 1455 840 737 1456 831 738 1457 831 739 1458 829 735 1459 832 693 1460 814 714 1461 818 740 1462 833 741 1463 834 713 1464 836 742 1465 814 714 1466 837 743 1467 834 713 1468 825 744 1469 835 745 1470 837 743 1471 839 733 1472 804 707 1473 806 706 1474 840 737 1475 822 746 1476 821 716 1477 838 715 1478 849 747 1479 852 748 1480 851 749 1481 850 750 1482 851 749 1483 853 751 1484 842 752 1485 850 750 1486 853 751 1487 845 753 1488 847 754 1489 856 755 1490 860 756 1491 865 721 1492 853 751 1493 884 757 1494 885 758 1495 883 759 1496 882 760 1497 887 761 1498 889 762 1499 863 763 1500 868 764 1501 865 721 1502 862 765 1503 857 766 1504 867 767 1505 869 691 1506 863 763 1507 793 692 1508 788 683 1509 895 768 1510 891 769 1511 793 692 1512 861 770 1513 792 771 1514 829 735 1515 866 723 1516 870 772 1517 878 773 1518 873 774 1519 876 775 1520 862 765 1521 860 756 1522 855 776 1523 813 777 1524 817 719 1525 871 778 1526 878 773 1527 877 779 1528 880 780 1529 872 781 1530 877 782 1531 876 783 1532 883 759 1533 874 784 1534 873 774 1535 857 766 1536 858 785 1537 859 786 1538 871 778 1539 881 718 1540 892 787 1541 794 788 1542 859 789 1543 775 790 1544 864 722 1545 868 764 1546 869 691 1547 887 761 1548 892 787 1549 890 791 1550 893 724 1551 894 792 1552 881 718 1553 789 793 1554 786 794 1555 889 762 1556 788 683 1557 890 791 1558 895 768 1559 896 682 1560 888 795 1561 890 791 1562 898 726 1563 894 792 1564 893 724 1565 899 796 1566 996 797 1567 999 798 1568 970 799 1569 903 800 1570 900 801 1571 908 802 1572 940 803 1573 936 804 1574 902 805 1575 904 806 1576 905 807 1577 904 806 1578 907 808 1579 908 802 1580 907 808 1581 940 803 1582 908 802 1583 906 809 1584 902 805 1585 970 799 1586 912 810 1587 947 811 1588 1020 812 1589 909 813 1590 911 814 1591 947 815 1592 974 816 1593 966 817 1594 967 818 1595 956 819 1596 917 820 1597 916 821 1598 914 822 1599 922 823 1600 956 824 1601 920 825 1602 919 826 1603 909 813 1604 920 825 1605 921 827 1606 922 823 1607 926 828 1608 923 829 1609 921 827 1610 923 829 1611 927 830 1612 924 831 1613 932 832 1614 924 831 1615 927 830 1616 928 833 1617 932 832 1618 930 834 1619 929 835 1620 965 836 1621 924 831 1622 927 830 1623 925 837 1624 931 838 1625 901 839 1626 902 805 1627 905 807 1628 933 840 1629 967 818 1630 966 817 1631 940 803 1632 935 841 1633 936 804 1634 958 842 1635 938 843 1636 934 844 1637 962 845 1638 945 846 1639 944 847 1640 1005 848 1641 941 849 1642 943 850 1643 989 851 1644 988 852 1645 990 853 1646 1022 854 1647 944 855 1648 945 856 1649 1022 854 1650 946 857 1651 947 811 1652 948 858 1653 978 859 1654 950 860 1655 954 861 1656 955 862 1657 963 863 1658 951 864 1659 953 865 1660 954 866 1661 956 824 1662 964 867 1663 955 868 1664 954 866 1665 956 819 1666 955 869 1667 960 870 1668 957 871 1669 938 843 1670 959 872 1671 938 843 1672 958 842 1673 961 873 1674 958 842 1675 949 874 1676 959 872 1677 961 873 1678 963 863 1679 928 833 1680 930 834 1681 964 867 1682 946 875 1683 945 846 1684 962 845 1685 973 876 1686 976 877 1687 975 878 1688 974 879 1689 975 878 1690 977 880 1691 974 879 1692 977 880 1693 968 881 1694 971 882 1695 982 883 1696 980 884 1697 984 885 1698 989 851 1699 977 880 1700 1008 886 1701 1009 887 1702 1007 888 1703 1006 889 1704 1011 890 1705 1013 891 1706 987 892 1707 992 893 1708 989 851 1709 916 821 1710 986 894 1711 981 895 1712 992 893 1713 917 820 1714 993 896 1715 912 810 1716 1019 897 1717 1015 898 1718 917 820 1719 985 899 1720 916 821 1721 953 865 1722 990 853 1723 994 900 1724 1003 901 1725 1000 902 1726 1002 903 1727 986 894 1728 984 885 1729 979 904 1730 995 905 1731 1004 906 1732 937 907 1733 1002 903 1734 1001 908 1735 1004 906 1736 936 804 1737 937 909 1738 1001 910 1739 997 911 1740 1007 888 1741 998 912 1742 983 913 1743 980 884 1744 982 883 1745 1016 914 1746 1011 890 1747 1004 906 1748 983 915 1749 899 916 1750 1010 917 1751 988 852 1752 992 893 1753 993 896 1754 1016 914 1755 1014 918 1756 1012 919 1757 1017 920 1758 1018 921 1759 1005 848 1760 913 922 1761 910 923 1762 1013 891 1763 1020 812 1764 1019 897 1765 912 810 1766 1020 812 1767 1012 919 1768 1014 918 1769 1022 854 1770 1018 921 1771 1017 920 1772 1029 15 1773 1032 15 1774 1031 15 1775 1025 15 1776 1028 15 1777 1027 15 1778 1031 15 1779 1034 15 1780 1033 15 1781 1023 15 1782 1026 15 1783 1025 15 1784 1035 924 1785 1108 925 1786 1036 926 1787 1036 926 1788 1037 927 1789 1101 41 1790 1037 927 1791 1038 928 1792 1040 929 1793 1043 930 1794 1042 931 1795 1041 932 1796 1103 933 1797 1042 931 1798 1096 934 1799 1042 931 1800 1070 935 1801 1069 41 1802 1040 929 1803 1103 933 1804 1099 41 1805 1103 933 1806 1095 936 1807 1102 41 1808 1084 9 1809 1051 937 1810 1050 938 1811 1081 939 1812 1084 940 1813 1050 941 1814 1046 942 1815 1129 943 1816 1128 944 1817 1130 945 1818 1129 943 1819 1046 942 1820 1059 946 1821 1060 947 1822 1076 948 1823 1105 949 1824 1080 950 1825 1106 951 1826 1055 952 1827 1052 953 1828 1054 954 1829 1054 954 1830 1047 955 1831 1049 956 1832 1053 957 1833 1058 958 1834 1059 946 1835 1058 958 1836 1055 952 1837 1057 959 1838 1061 960 1839 1078 961 1840 1077 962 1841 1096 934 1842 1061 963 1843 1095 936 1844 1063 964 1845 1085 965 1846 1067 966 1847 1069 41 1848 1070 935 1849 1066 41 1850 1132 967 1851 1074 968 1852 1073 969 1853 1066 970 1854 1085 965 1855 1068 971 1856 1068 971 1857 1088 972 1858 1078 961 1859 1089 973 1860 1085 965 1861 1072 974 1862 1072 975 1863 1107 976 1864 1116 977 1865 1119 978 1866 1128 944 1867 1117 979 1868 1091 980 1869 1056 981 1870 1093 982 1871 1075 983 1872 1132 967 1873 1076 984 1874 1078 961 1875 1079 985 1876 1077 962 1877 1105 949 1878 1077 986 1879 1079 987 1880 1080 988 1881 1088 972 1882 1087 989 1883 1082 990 1884 1087 989 1885 1090 991 1886 1083 992 1887 1094 993 1888 1084 9 1889 1084 940 1890 1082 994 1891 1083 995 1892 1085 965 1893 1089 973 1894 1087 989 1895 1093 996 1896 1092 997 1897 1082 990 1898 1102 998 1899 1095 999 1900 1097 1000 1901 1097 1000 1902 1104 1001 1903 1100 1002 1904 1080 950 1905 1082 994 1906 1081 939 1907 1109 1003 1908 1112 1004 1909 1114 1005 1910 1114 1005 1911 1113 1006 1912 1109 1003 1913 1064 1007 1914 1108 925 1915 1113 1008 1916 1118 1009 1917 1120 1010 1918 1114 1005 1919 1118 1009 1920 1119 978 1921 1117 979 1922 1054 1011 1923 1118 1012 1924 1035 1013 1925 1125 1014 1926 1120 1010 1927 1121 1015 1928 1123 1016 1929 1125 1014 1930 1122 1017 1931 1073 969 1932 1072 975 1933 1116 977 1934 1125 1014 1935 1121 1015 1936 1129 943 1937 1124 1018 1938 1122 1017 1939 1130 945 1940 1049 1019 1941 1047 1020 1942 1048 1021 1943 1038 928 1944 1039 1022 1945 1064 1007 1946 1057 959 1947 1051 937 1948 1094 993 1949 1071 1023 1950 1063 1024 1951 1065 1025 1952 1227 1026 1953 1135 1027 1954 1133 1028 1955 1137 1029 1956 1138 1030 1957 1164 1031 1958 1134 1032 1959 1133 1028 1960 1135 1027 1961 1136 1033 1962 1137 1029 1963 1139 1034 1964 1142 1035 1965 1141 1036 1966 1140 1037 1967 1195 1038 1968 1193 1039 1969 1192 1040 1970 1196 1041 1971 1197 41 1972 1134 1032 1973 1202 1042 1974 1141 1036 1975 1195 1038 1976 1179 1043 1977 1151 1044 1978 1150 1045 1979 1143 1046 1980 1144 1047 1981 1146 1048 1982 1144 1049 1983 1153 1050 1984 1159 1051 1985 1179 1052 1986 1150 1053 1987 1222 1054 1988 1155 1055 1989 1152 1056 1990 1154 1057 1991 1155 1055 1992 1154 1057 1993 1147 1058 1994 1152 1056 1995 1159 1051 1996 1153 1050 1997 1160 1059 1998 1158 1060 1999 1157 1061 2000 1193 1039 2001 1161 1062 2002 1192 1040 2003 1163 1063 2004 1180 1064 2005 1167 1065 2006 1164 1031 2007 1163 1066 2008 1167 41 2009 1167 1065 2010 1168 1067 2011 1166 1068 2012 1162 1069 2013 1168 1067 2014 1181 1070 2015 1172 1071 2016 1183 1072 2017 1171 1073 2018 1160 1059 2019 1156 1074 2020 1190 1075 2021 1251 1076 2022 1174 1077 2023 1173 1078 2024 1175 1079 2025 1178 1080 2026 1177 1081 2027 1178 1082 2028 1175 1083 2029 1187 1084 2030 1178 1085 2031 1191 1086 2032 1179 1043 2033 1180 1064 2034 1182 1087 2035 1168 1067 2036 1185 1088 2037 1184 1089 2038 1187 1084 2039 1184 1089 2040 1183 1072 2041 1186 1090 2042 1186 1090 2043 1173 1091 2044 1190 1092 2045 1207 1093 2046 1201 1094 2047 1194 1095 2048 1205 1096 2049 1197 1097 2050 1196 1098 2051 1205 1096 2052 1199 1099 2053 1204 1100 2054 1209 1101 2055 1213 1102 2056 1210 1103 2057 1204 1100 2058 1200 1104 2059 1206 1105 2060 1205 1096 2061 1204 1100 2062 1211 1106 2063 1198 1107 2064 1197 1097 2065 1203 1108 2066 1206 1105 2067 1207 1093 2068 1214 1109 2069 1221 1110 2070 1214 1109 2071 1220 1111 2072 1149 1112 2073 1212 1113 2074 1214 1109 2075 1177 1081 2076 1217 1114 2077 1176 1115 2078 1228 1116 2079 1231 1117 2080 1230 1118 2081 1170 1119 2082 1163 1120 2083 1165 1121 2084 1229 1122 2085 1230 1118 2086 1232 1123 2087 1225 1124 2088 1228 1125 2089 1224 1126 2090 1231 1117 2091 1226 1127 2092 1236 1128 2093 1238 1129 2094 1237 1130 2095 1236 1128 2096 1230 1118 2097 1231 1117 2098 1235 1131 2099 1223 1132 2100 1245 1133 2101 1234 1134 2102 1242 1135 2103 1240 1136 2104 1235 1131 2105 1154 1137 2106 1239 1138 2107 1134 1139 2108 1245 1133 2109 1244 1140 2110 1247 1141 2111 1240 1136 2112 1242 1135 2113 1241 1142 2114 1237 1130 2115 1146 1048 2116 1242 1135 2117 1244 1140 2118 1248 1143 2119 1145 1144 2120 1145 1144 2121 1243 1145 2122 1249 1146 2123 1249 1146 2124 1241 1142 2125 1146 1048 2126 1251 1076 2127 1247 1141 2128 1250 1147 2129 1141 1036 2130 1169 1148 2131 1193 1039 2132 1182 1087 2133 1183 1072 2134 1184 1089 2135 1156 1074 2136 1151 1044 2137 1191 1086 2138 1221 1110 2139 1220 1111 2140 1215 1149 2141 1217 1114 2142 1216 1150 2143 1208 1151 2144 1213 1102 2145 1212 1113 2146 1148 1152 2147 1216 1150 2148 1194 1095 2149 1208 1151 2150 1287 15 2151 1260 15 2152 1259 15 2153 1259 15 2154 1313 15 2155 1299 15 2156 1254 15 2157 1260 15 2158 1253 15 2159 1318 1153 2160 1257 1154 2161 1319 1155 2162 1255 1156 2163 1254 15 2164 1253 15 2165 1255 1156 2166 1257 1154 2167 1258 1157 2168 1261 9 2169 1262 9 2170 1280 1158 2171 1270 48 2172 1269 48 2173 1273 48 2174 1263 1159 2175 1267 1160 2176 1266 1161 2177 1262 15 2178 1264 15 2179 1265 15 2180 1282 9 2181 1267 9 2182 1261 9 2183 1271 7 2184 1284 7 2185 1281 7 2186 1278 1162 2187 1277 1163 2188 1280 1158 2189 1274 59 2190 1279 1164 2191 1350 1165 2192 1279 9 2193 1275 9 2194 1272 9 2195 1275 48 2196 1274 48 2197 1273 48 2198 1265 1166 2199 1350 1165 2200 1278 1167 2201 1278 1162 2202 1272 9 2203 1277 1163 2204 1261 9 2205 1283 9 2206 1281 9 2207 1275 9 2208 1283 9 2209 1272 9 2210 1266 7 2211 1282 7 2212 1284 7 2213 1289 59 2214 1307 59 2215 1306 59 2216 1291 59 2217 1292 59 2218 1293 59 2219 1305 59 2220 1289 59 2221 1306 59 2222 1294 59 2223 1301 59 2224 1295 59 2225 1286 59 2226 1297 59 2227 1288 59 2228 1285 59 2229 1312 59 2230 1297 59 2231 1307 59 2232 1310 59 2233 1306 59 2234 1304 59 2235 1305 59 2236 1309 59 2237 1296 59 2238 1303 59 2239 1301 59 2240 1294 59 2241 1293 59 2242 1292 59 2243 1302 59 2244 1285 59 2245 1287 59 2246 1300 59 2247 1295 59 2248 1301 59 2249 1309 59 2250 1310 59 2251 1298 59 2252 1307 59 2253 1288 59 2254 1297 59 2255 1299 41 2256 1315 41 2257 1298 41 2258 1317 41 2259 1314 41 2260 1315 41 2261 1337 41 2262 1322 41 2263 1317 41 2264 1319 41 2265 1317 41 2266 1318 41 2267 1322 41 2268 1321 41 2269 1323 41 2270 1317 41 2271 1328 41 2272 1314 41 2273 1328 41 2274 1323 41 2275 1327 41 2276 1326 41 2277 1325 41 2278 1331 41 2279 1298 41 2280 1315 41 2281 1314 41 2282 1330 41 2283 1325 41 2284 1316 41 2285 1323 41 2286 1324 41 2287 1330 41 2288 1329 1168 2289 1324 1169 2290 1347 1170 2291 1330 1171 2292 1348 48 2293 1325 48 2294 1331 48 2295 1348 48 2296 1300 48 2297 1256 7 2298 1333 7 2299 1257 7 2300 1344 7 2301 1321 1172 2302 1320 7 2303 1321 1172 2304 1347 1173 2305 1324 1174 2306 1337 7 2307 1344 7 2308 1320 7 2309 1333 7 2310 1319 7 2311 1257 7 2312 1332 7 2313 1334 7 2314 1335 7 2315 1340 1175 2316 1287 9 2317 1286 1176 2318 1340 1175 2319 1339 1177 2320 1342 1178 2321 1345 1179 2322 1335 1180 2323 1342 1178 2324 1342 1178 2325 1334 1181 2326 1343 1182 2327 1338 1183 2328 1345 1179 2329 1346 1184 2330 1350 1185 2331 1342 1178 2332 1339 1177 2333 1346 1184 2334 1350 1185 2335 1349 1186 2336 1348 9 2337 1295 1187 2338 1300 9 2339 1349 1186 2340 1350 1185 2341 1286 1176 2342 1346 1184 2343 1349 1186 2344 1341 1188 2345 1347 1189 2346 1346 1184 2347 1329 1190 2348 1351 41 2349 1357 41 2350 1359 41 2351 1354 15 2352 1374 15 2353 1353 15 2354 1362 9 2355 1353 9 2356 1378 9 2357 1351 1191 2358 1363 48 2359 1376 1192 2360 1367 41 2361 1357 41 2362 1358 41 2363 1367 48 2364 1363 48 2365 1359 48 2366 1358 1193 2367 1357 15 2368 1373 1194 2369 1354 9 2370 1365 9 2371 1371 9 2372 1361 48 2373 1362 1195 2374 1355 1196 2375 1361 48 2376 1355 1196 2377 1356 48 2378 1364 48 2379 1365 48 2380 1361 48 2381 1368 48 2382 1360 48 2383 1367 48 2384 1368 41 2385 1358 41 2386 1370 41 2387 1369 7 2388 1368 7 2389 1370 7 2390 1370 1197 2391 1371 1198 2392 1372 1199 2393 1372 9 2394 1365 9 2395 1366 9 2396 1373 1194 2397 1352 15 2398 1383 1200 2399 1375 15 2400 1383 1200 2401 1374 15 2402 1355 1196 2403 1362 1195 2404 1378 1201 2405 1377 1202 2406 1376 1192 2407 1378 1201 2408 1352 41 2409 1379 41 2410 1381 41 2411 1382 9 2412 1378 9 2413 1353 9 2414 1383 1200 2415 1352 15 2416 1381 1203 2417 1381 1203 2418 1388 15 2419 1382 1204 2420 1387 59 2421 1386 59 2422 1385 59 2423 1382 9 2424 1384 9 2425 1377 9 2426 1379 41 2427 1387 41 2428 1381 41 2429 1380 1205 2430 1386 1206 2431 1379 1207 2432 1377 1202 2433 1385 1208 2434 1380 1205 2435 1390 48 2436 1389 48 2437 1429 48 2438 1391 48 2439 1392 48 2440 1390 48 2441 1394 48 2442 1391 48 2443 1396 48 2444 1432 1209 2445 1402 15 2446 1403 1210 2447 1397 48 2448 1398 48 2449 1395 48 2450 1398 48 2451 1423 48 2452 1395 48 2453 1400 15 2454 1402 15 2455 1399 15 2456 1416 1211 2457 1403 1210 2458 1400 15 2459 1407 15 2460 1404 1212 2461 1406 1213 2462 1417 1214 2463 1406 1213 2464 1416 1211 2465 1408 1215 2466 1417 1214 2467 1425 15 2468 1408 1215 2469 1405 15 2470 1407 15 2471 1408 1215 2472 1425 15 2473 1426 1216 2474 1402 15 2475 1410 15 2476 1399 15 2477 1401 15 2478 1411 15 2479 1402 15 2480 1413 9 2481 1414 9 2482 1412 9 2483 1420 9 2484 1415 9 2485 1413 9 2486 1419 9 2487 1416 9 2488 1418 9 2489 1421 9 2490 1418 9 2491 1420 9 2492 1422 9 2493 1421 9 2494 1423 9 2495 1422 9 2496 1417 9 2497 1419 9 2498 1422 9 2499 1423 9 2500 1424 9 2501 1406 1213 2502 1432 1209 2503 1403 1210 2504 1414 9 2505 1427 9 2506 1412 9 2507 1399 9 2508 1428 9 2509 1414 9 2510 1432 41 2511 1430 41 2512 1431 41 2513 1404 41 2514 1433 41 2515 1432 41 2516 1435 41 2517 1404 41 2518 1437 1217 2519 1438 41 2520 1440 41 2521 1436 41 2522 1440 41 2523 1439 41 2524 1436 41 2525 1440 1218 2526 1426 1219 2527 1398 1220 2528 1439 41 2529 1434 41 2530 1436 41 2531 1393 48 2532 1423 48 2533 1420 48 2534 1433 41 2535 1391 41 2536 1390 41 2537 1393 48 2538 1413 48 2539 1392 48 2540 1418 9 2541 1400 9 2542 1415 9 2543 1414 9 2544 1400 9 2545 1399 9 2546 1413 48 2547 1389 48 2548 1392 48 2549 1433 41 2550 1429 41 2551 1430 41 2552 1449 1221 2553 1476 15 2554 1448 1222 2555 1502 1223 2556 1448 1222 2557 1488 1224 2558 1442 1225 2559 1449 1221 2560 1443 1226 2561 1446 1227 2562 1507 1228 2563 1508 1155 2564 1523 15 2565 1442 1225 2566 1444 1229 2567 1446 1227 2568 1444 1229 2569 1447 1230 2570 1450 1231 2571 1451 1232 2572 1456 41 2573 1462 1233 2574 1458 48 2575 1459 48 2576 1455 15 2577 1456 15 2578 1452 1234 2579 1453 1235 2580 1451 1236 2581 1454 1237 2582 1456 41 2583 1471 41 2584 1450 1231 2585 1473 1238 2586 1460 7 2587 1470 7 2588 1469 1239 2589 1466 41 2590 1467 41 2591 1539 1240 2592 1468 59 2593 1463 59 2594 1464 41 2595 1468 41 2596 1461 41 2597 1464 48 2598 1463 48 2599 1465 48 2600 1539 1240 2601 1454 1241 2602 1467 59 2603 1461 41 2604 1467 41 2605 1466 41 2606 1450 1231 2607 1471 41 2608 1470 41 2609 1472 41 2610 1464 41 2611 1461 41 2612 1473 1238 2613 1471 1242 2614 1455 1243 2615 1495 59 2616 1479 59 2617 1478 59 2618 1481 59 2619 1480 59 2620 1482 59 2621 1495 59 2622 1480 59 2623 1494 59 2624 1490 59 2625 1483 59 2626 1484 59 2627 1486 59 2628 1475 59 2629 1477 59 2630 1486 59 2631 1491 59 2632 1474 59 2633 1499 59 2634 1496 59 2635 1495 59 2636 1494 59 2637 1493 59 2638 1498 59 2639 1492 59 2640 1485 59 2641 1490 59 2642 1481 59 2643 1483 59 2644 1485 59 2645 1491 59 2646 1488 59 2647 1476 59 2648 1489 59 2649 1520 59 2650 1492 59 2651 1493 59 2652 1515 59 2653 1498 59 2654 1486 59 2655 1479 59 2656 1496 59 2657 1504 9 2658 1488 9 2659 1487 9 2660 1504 9 2661 1503 9 2662 1506 9 2663 1511 9 2664 1526 9 2665 1506 9 2666 1506 9 2667 1508 9 2668 1507 9 2669 1510 9 2670 1511 9 2671 1512 9 2672 1517 9 2673 1506 9 2674 1503 9 2675 1512 9 2676 1517 9 2677 1516 9 2678 1514 9 2679 1515 9 2680 1520 9 2681 1517 9 2682 1503 9 2683 1487 9 2684 1512 9 2685 1516 9 2686 1505 9 2687 1513 9 2688 1512 9 2689 1519 9 2690 1513 1244 2691 1518 1245 2692 1536 48 2693 1537 1246 2694 1519 1247 2695 1514 1248 2696 1537 1246 2697 1520 1249 2698 1489 1250 2699 1522 7 2700 1445 7 2701 1446 7 2702 1510 1251 2703 1533 1252 2704 1509 1253 2705 1536 1254 2706 1510 1251 2707 1513 7 2708 1509 1253 2709 1524 7 2710 1526 7 2711 1508 7 2712 1522 7 2713 1446 7 2714 1523 7 2715 1445 7 2716 1521 7 2717 1476 41 2718 1529 1255 2719 1475 1256 2720 1531 1257 2721 1528 1258 2722 1529 1255 2723 1524 1259 2724 1534 41 2725 1531 1257 2726 1523 1260 2727 1531 1257 2728 1532 1261 2729 1534 41 2730 1527 41 2731 1535 41 2732 1531 1257 2733 1539 1262 2734 1528 1258 2735 1539 1262 2736 1535 41 2737 1538 1263 2738 1484 1264 2739 1537 41 2740 1489 41 2741 1475 1256 2742 1529 1255 2743 1528 1258 2744 1518 41 2745 1537 41 2746 1530 41 2747 1535 41 2748 1536 41 2749 1518 41 2750 1546 9 2751 1540 9 2752 1548 9 2753 1563 15 2754 1543 15 2755 1542 15 2756 1542 41 2757 1551 41 2758 1567 41 2759 1565 48 2760 1552 48 2761 1540 48 2762 1546 9 2763 1556 9 2764 1547 9 2765 1552 48 2766 1556 48 2767 1548 48 2768 1562 1265 2769 1546 1266 2770 1547 1267 2771 1554 41 2772 1543 41 2773 1560 41 2774 1551 48 2775 1550 48 2776 1544 48 2777 1550 48 2778 1553 48 2779 1558 48 2780 1554 48 2781 1553 48 2782 1550 48 2783 1549 48 2784 1557 48 2785 1556 48 2786 1547 9 2787 1557 9 2788 1559 9 2789 1559 7 2790 1558 7 2791 1553 7 2792 1560 1268 2793 1559 1269 2794 1561 15 2795 1554 41 2796 1561 41 2797 1555 41 2798 1541 1270 2799 1562 1265 2800 1572 1271 2801 1572 1271 2802 1564 15 2803 1563 15 2804 1567 48 2805 1551 48 2806 1544 48 2807 1565 48 2808 1566 48 2809 1567 48 2810 1568 9 2811 1541 9 2812 1570 9 2813 1567 41 2814 1571 41 2815 1542 41 2816 1570 1272 2817 1541 1270 2818 1572 1271 2819 1577 1273 2820 1570 1272 2821 1571 1274 2822 1574 1275 2823 1575 1276 2824 1576 1277 2825 1573 41 2826 1571 41 2827 1566 41 2828 1576 9 2829 1568 9 2830 1570 9 2831 1575 1278 2832 1569 1279 2833 1568 1280 2834 1574 1281 2835 1566 48 2836 1569 1279 2837 1578 48 2838 1579 48 2839 1618 48 2840 1581 48 2841 1580 48 2842 1579 48 2843 1580 48 2844 1583 48 2845 1585 48 2846 1591 1282 2847 1621 15 2848 1592 15 2849 1584 1283 2850 1587 1284 2851 1586 1285 2852 1612 1286 2853 1587 1284 2854 1584 1283 2855 1591 1282 2856 1589 15 2857 1588 15 2858 1592 15 2859 1605 15 2860 1589 15 2861 1593 15 2862 1596 1287 2863 1595 15 2864 1595 15 2865 1606 1288 2866 1605 15 2867 1606 1288 2868 1597 1289 2869 1614 1290 2870 1594 1291 2871 1597 1289 2872 1596 1287 2873 1615 15 2874 1614 1290 2875 1597 1289 2876 1599 1292 2877 1591 1282 2878 1588 15 2879 1591 1282 2880 1620 1293 2881 1590 1294 2882 1603 41 2883 1602 41 2884 1601 41 2885 1604 41 2886 1609 41 2887 1602 41 2888 1605 41 2889 1608 41 2890 1607 41 2891 1607 41 2892 1610 41 2893 1609 41 2894 1610 41 2895 1611 41 2896 1612 41 2897 1606 41 2898 1611 41 2899 1608 41 2900 1613 41 2901 1612 41 2902 1611 41 2903 1621 15 2904 1595 15 2905 1592 15 2906 1616 41 2907 1603 41 2908 1601 41 2909 1617 41 2910 1588 41 2911 1603 41 2912 1619 9 2913 1621 9 2914 1620 9 2915 1622 9 2916 1593 9 2917 1621 9 2918 1593 9 2919 1624 9 2920 1626 1295 2921 1625 1296 2922 1629 9 2923 1627 1297 2924 1628 9 2925 1629 9 2926 1625 1296 2927 1587 1298 2928 1615 1299 2929 1629 1300 2930 1623 9 2931 1628 9 2932 1625 1296 2933 1612 48 2934 1582 48 2935 1609 48 2936 1580 9 2937 1622 9 2938 1579 9 2939 1602 48 2940 1582 48 2941 1581 48 2942 1589 41 2943 1607 41 2944 1604 41 2945 1589 41 2946 1603 41 2947 1588 41 2948 1578 48 2949 1602 48 2950 1581 48 2951 1618 9 2952 1622 9 2953 1619 9 2954 1631 1301 2955 1644 59 2956 1642 59 2957 1651 1302 2958 1642 1303 2959 1632 1304 2960 1630 41 2961 1648 41 2962 1640 41 2963 1641 1305 2964 1637 1306 2965 1638 1307 2966 1645 41 2967 1646 41 2968 1635 41 2969 1641 41 2970 1645 41 2971 1647 41 2972 1638 1307 2973 1637 1306 2974 1636 48 2975 1636 7 2976 1650 1308 2977 1649 7 2978 1649 7 2979 1634 1309 2980 1633 7 2981 1630 1310 2982 1643 1311 2983 1631 1301 2984 1650 1308 2985 1635 1312 2986 1634 1309 2987 1637 1313 2988 1645 1314 2989 1650 1308 2990 1641 1305 2991 1643 1315 2992 1640 1316 2993 1635 1317 2994 1651 1302 2995 1634 1318 2996 1651 1302 2997 1630 1319 2998 1631 1320 2999 1639 9 3000 1649 9 3001 1632 9 3002 1653 1321 3003 1663 1322 3004 1664 1323 3005 1653 1324 3006 1667 1325 3007 1666 7 3008 1661 48 3009 1656 48 3010 1655 48 3011 1658 1326 3012 1657 1327 3013 1654 1328 3014 1661 59 3015 1665 59 3016 1660 59 3017 1656 9 3018 1667 9 3019 1663 9 3020 1652 1329 3021 1665 1330 3022 1663 1322 3023 1666 7 3024 1654 7 3025 1657 7 3026 1661 48 3027 1659 48 3028 1658 1326 3029 1674 15 3030 1671 15 3031 1672 15 3032 1670 7 3033 1668 7 3034 1674 7 3035 1668 41 3036 1673 41 3037 1671 41 3038 1670 48 3039 1673 48 3040 1669 48 3041 1672 1331 3042 1673 59 3043 1678 1332 3044 1679 15 3045 1672 15 3046 1676 15 3047 1674 7 3048 1682 7 3049 1670 7 3050 1670 48 3051 1685 48 3052 1678 48 3053 1677 1333 3054 1672 1331 3055 1678 1332 3056 1680 15 3057 1676 15 3058 1683 1334 3059 1688 48 3060 1690 48 3061 1687 48 3062 1681 7 3063 1675 7 3064 1682 7 3065 1683 59 3066 1677 1333 3067 1684 59 3068 1682 7 3069 1680 7 3070 1681 7 3071 1684 59 3072 1685 59 3073 1690 59 3074 1688 9 3075 1689 9 3076 1691 9 3077 1688 7 3078 1687 7 3079 1681 7 3080 1675 48 3081 1690 48 3082 1685 48 3083 1684 59 3084 1690 59 3085 1691 59 3086 1686 1335 3087 1683 1334 3088 1689 1336 3089 1715 41 3090 1693 41 3091 1694 41 3092 1694 1337 3093 1695 7 3094 1732 1338 3095 1695 15 3096 1693 15 3097 1717 15 3098 1711 41 3099 1714 41 3100 1716 41 3101 1699 1339 3102 1732 1338 3103 1696 1340 3104 1701 9 3105 1745 9 3106 1749 9 3107 1707 1341 3108 1703 7 3109 1708 7 3110 1703 9 3111 1706 9 3112 1728 9 3113 1707 1341 3114 1730 7 3115 1729 7 3116 1697 1342 3117 1696 1340 3118 1707 1341 3119 1706 1343 3120 1705 15 3121 1704 1344 3122 1697 1342 3123 1701 7 3124 1700 7 3125 1733 48 3126 1698 48 3127 1752 1345 3128 1698 7 3129 1699 1339 3130 1700 7 3131 1748 1346 3132 1753 1347 3133 1710 1348 3134 1702 9 3135 1743 9 3136 1745 9 3137 1734 41 3138 1733 41 3139 1736 41 3140 1712 15 3141 1714 15 3142 1719 1349 3143 1717 15 3144 1716 15 3145 1712 15 3146 1720 15 3147 1712 15 3148 1718 15 3149 1718 15 3150 1719 1349 3151 1724 1350 3152 1704 1344 3153 1724 1350 3154 1722 1351 3155 1725 59 3156 1726 59 3157 1723 59 3158 1730 7 3159 1695 7 3160 1705 7 3161 1739 48 3162 1740 48 3163 1741 48 3164 1754 48 3165 1751 48 3166 1750 1352 3167 1734 41 3168 1711 41 3169 1715 41 3170 1736 48 3171 1740 48 3172 1735 48 3173 1713 41 3174 1714 41 3175 1711 41 3176 1719 59 3177 1754 1353 3178 1721 1354 3179 1750 1352 3180 1747 1355 3181 1754 48 3182 1719 59 3183 1739 59 3184 1741 59 3185 1743 59 3186 1723 59 3187 1742 1356 3188 1708 9 3189 1725 9 3190 1743 9 3191 1745 59 3192 1746 59 3193 1749 1357 3194 1754 1353 3195 1747 1358 3196 1746 59 3197 1710 9 3198 1749 9 3199 1748 9 3200 1749 1357 3201 1747 1358 3202 1748 1359 3203 1743 59 3204 1744 59 3205 1745 59 3206 1737 48 3207 1751 48 3208 1740 48 3209 1722 1351 3210 1721 1360 3211 1726 1361 3212 1652 41 3213 1666 41 3214 1659 41 3215 1769 59 3216 1756 59 3217 1767 59 3218 1757 15 3219 1756 15 3220 1776 15 3221 1765 9 3222 1773 9 3223 1755 9 3224 1762 48 3225 1766 48 3226 1763 48 3227 1771 9 3228 1770 9 3229 1760 9 3230 1770 9 3231 1766 9 3232 1772 9 3233 1763 48 3234 1768 48 3235 1769 48 3236 1775 1362 3237 1761 1363 3238 1774 1364 3239 1759 1365 3240 1774 1364 3241 1758 7 3242 1768 59 3243 1755 59 3244 1756 59 3245 1760 1366 3246 1775 1362 3247 1759 1365 3248 1770 1367 3249 1762 1368 3250 1775 1362 3251 1768 48 3252 1766 48 3253 1765 48 3254 1776 15 3255 1760 15 3256 1759 15 3257 1755 15 3258 1776 15 3259 1756 15 3260 1757 41 3261 1774 41 3262 1764 41 3263 1788 15 3264 1778 15 3265 1789 15 3266 1792 1369 3267 1778 7 3268 1791 1370 3269 1781 1371 3270 1786 1372 3271 1780 1373 3272 1782 1374 3273 1784 48 3274 1783 1375 3275 1790 59 3276 1780 59 3277 1786 59 3278 1788 41 3279 1792 41 3280 1781 41 3281 1790 15 3282 1777 15 3283 1788 15 3284 1779 1376 3285 1791 1370 3286 1782 7 3287 1784 48 3288 1786 1372 3289 1783 1375 3290 1796 1377 3291 1799 1378 3292 1797 1379 3293 1793 7 3294 1795 7 3295 1799 7 3296 1798 9 3297 1793 9 3298 1796 9 3299 1798 48 3300 1795 1380 3301 1794 48 3302 1798 1381 3303 1797 1382 3304 1803 1383 3305 1797 1379 3306 1804 15 3307 1801 15 3308 1795 7 3309 1807 7 3310 1799 7 3311 1810 1384 3312 1795 1380 3313 1803 48 3314 1797 1382 3315 1801 59 3316 1802 1385 3317 1801 15 3318 1805 15 3319 1808 15 3320 1815 1386 3321 1813 1387 3322 1812 1388 3323 1807 7 3324 1812 7 3325 1806 7 3326 1802 1385 3327 1808 59 3328 1809 1389 3329 1805 7 3330 1807 7 3331 1806 7 3332 1810 59 3333 1809 1389 3334 1815 59 3335 1814 41 3336 1813 41 3337 1816 41 3338 1806 7 3339 1812 7 3340 1813 7 3341 1815 1386 3342 1800 1390 3343 1810 1384 3344 1816 1391 3345 1815 59 3346 1809 1389 3347 1808 15 3348 1811 15 3349 1814 15 3350 1859 9 3351 1858 9 3352 1823 9 3353 1857 7 3354 1819 7 3355 1817 7 3356 1842 15 3357 1818 15 3358 1820 1392 3359 1840 9 3360 1818 9 3361 1841 9 3362 1824 7 3363 1825 1393 3364 1822 7 3365 1870 41 3366 1826 41 3367 1874 41 3368 1828 1394 3369 1832 7 3370 1833 7 3371 1853 41 3372 1831 41 3373 1828 41 3374 1855 7 3375 1832 7 3376 1854 7 3377 1832 7 3378 1821 7 3379 1822 7 3380 1829 1395 3381 1830 1396 3382 1831 1397 3383 1826 7 3384 1822 7 3385 1825 1393 3386 1862 48 3387 1877 1398 3388 1858 48 3389 1824 7 3390 1817 7 3391 1823 1399 3392 1835 48 3393 1878 1400 3394 1873 1401 3395 1868 41 3396 1827 41 3397 1870 41 3398 1861 9 3399 1858 9 3400 1859 9 3401 1844 15 3402 1839 15 3403 1837 15 3404 1841 15 3405 1842 15 3406 1837 15 3407 1837 15 3408 1845 1402 3409 1843 1403 3410 1843 1403 3411 1845 1402 3412 1856 1404 3413 1849 1405 3414 1829 1395 3415 1847 1406 3416 1850 59 3417 1851 59 3418 1852 59 3419 1820 7 3420 1857 7 3421 1855 7 3422 1866 48 3423 1865 48 3424 1864 48 3425 1875 1407 3426 1876 1408 3427 1879 1409 3428 1836 9 3429 1859 9 3430 1840 9 3431 1865 48 3432 1861 48 3433 1860 48 3434 1838 9 3435 1864 9 3436 1863 9 3437 1879 1410 3438 1844 59 3439 1846 1411 3440 1872 1412 3441 1875 1407 3442 1879 1409 3443 1864 59 3444 1844 59 3445 1866 59 3446 1868 59 3447 1848 1413 3448 1850 59 3449 1850 41 3450 1833 41 3451 1868 41 3452 1874 59 3453 1869 1414 3454 1870 59 3455 1867 1415 3456 1846 1411 3457 1848 1413 3458 1874 41 3459 1835 41 3460 1873 41 3461 1873 59 3462 1871 1416 3463 1874 59 3464 1869 1414 3465 1868 59 3466 1870 59 3467 1876 1408 3468 1862 48 3469 1865 48 3470 1851 1417 3471 1849 1405 3472 1847 1406 3473 1777 9 3474 1784 9 3475 1791 9 3476 1880 41 3477 1881 41 3478 1886 41 3479 1892 15 3480 1888 15 3481 1889 15 3482 1885 1418 3483 1886 1419 3484 1882 1420 3485 1883 48 3486 1881 48 3487 1884 48 3488 1886 41 3489 1901 41 3490 1880 41 3491 1903 59 3492 1890 59 3493 1900 59 3494 1899 41 3495 1896 41 3496 1897 41 3497 1904 7 3498 1898 7 3499 1893 7 3500 1894 41 3501 1898 41 3502 1891 41 3503 1894 15 3504 1893 15 3505 1895 15 3506 1904 7 3507 1884 7 3508 1897 7 3509 1891 41 3510 1897 41 3511 1896 41 3512 1880 41 3513 1901 41 3514 1900 41 3515 1902 41 3516 1894 41 3517 1891 41 3518 1903 59 3519 1901 59 3520 1885 59 3521 1905 1421 3522 1906 1422 3523 1924 1423 3524 1914 15 3525 1913 15 3526 1917 1424 3527 1907 1425 3528 1911 48 3529 1910 48 3530 1906 1426 3531 1908 1426 3532 1909 1426 3533 1926 9 3534 1911 9 3535 1905 1421 3536 1915 59 3537 1928 1427 3538 1925 59 3539 1922 9 3540 1921 9 3541 1924 1423 3542 1918 7 3543 1923 7 3544 1929 7 3545 1923 9 3546 1919 9 3547 1916 9 3548 1919 1428 3549 1918 1429 3550 1917 1424 3551 1909 7 3552 1929 7 3553 1922 7 3554 1922 9 3555 1916 9 3556 1921 9 3557 1905 1421 3558 1927 9 3559 1925 9 3560 1919 9 3561 1927 9 3562 1916 9 3563 1910 1430 3564 1926 1431 3565 1928 1427 3566 2 0 3567 30 1432 3568 0 1 3569 1 3 3570 8 7 3571 3 4 3572 4 6 3573 6 7 3574 7 7 3575 1 3 3576 4 6 3577 5 8 3578 12 9 3579 9 9 3580 22 9 3581 9 9 3582 10 9 3583 30 9 3584 19 9 3585 16 9 3586 17 9 3587 9 9 3588 12 9 3589 13 9 3590 14 10 3591 15 12 3592 10 9 3593 17 9 3594 14 10 3595 11 9 3596 18 11 3597 0 9 3598 15 12 3599 16 9 3600 98 9 3601 17 9 3602 98 9 3603 18 11 3604 17 9 3605 22 13 3606 35 17 3607 20 14 3608 21 16 3609 61 1433 3610 20 14 3611 34 15 3612 53 15 3613 21 15 3614 53 15 3615 54 15 3616 26 15 3617 24 18 3618 25 35 3619 23 19 3620 55 15 3621 28 15 3622 26 15 3623 56 20 3624 29 1434 3625 28 15 3626 33 22 3627 3 1435 3628 58 21 3629 3 1435 3630 29 1434 3631 56 20 3632 56 20 3633 58 21 3634 3 1435 3635 31 23 3636 25 35 3637 24 18 3638 32 25 3639 33 22 3640 60 15 3641 37 32 3642 42 31 3643 38 1436 3644 42 31 3645 36 29 3646 35 27 3647 41 26 3648 53 15 3649 34 15 3650 39 34 3651 37 32 3652 38 1436 3653 42 31 3654 35 27 3655 38 1436 3656 36 29 3657 41 26 3658 35 27 3659 40 28 3660 48 15 3661 41 26 3662 46 30 3663 43 37 3664 42 31 3665 38 1436 3666 23 19 3667 39 34 3668 23 19 3669 25 35 3670 39 34 3671 25 35 3672 31 23 3673 44 33 3674 31 23 3675 45 15 3676 44 33 3677 46 30 3678 51 39 3679 52 36 3680 51 39 3681 59 40 3682 52 36 3683 57 15 3684 49 15 3685 47 38 3686 43 37 3687 40 28 3688 36 29 3689 37 32 3690 39 34 3691 46 30 3692 39 34 3693 44 33 3694 46 30 3695 52 36 3696 47 38 3697 40 28 3698 47 38 3699 49 15 3700 40 28 3701 49 15 3702 48 15 3703 40 28 3704 41 26 3705 48 15 3706 53 15 3707 48 15 3708 49 15 3709 53 15 3710 57 15 3711 58 21 3712 56 20 3713 49 15 3714 57 15 3715 54 15 3716 57 15 3717 56 20 3718 55 15 3719 55 15 3720 54 15 3721 57 15 3722 51 39 3723 44 33 3724 45 15 3725 60 15 3726 58 21 3727 50 15 3728 58 21 3729 57 15 3730 50 15 3731 51 39 3732 45 15 3733 60 15 3734 50 15 3735 59 40 3736 60 15 3737 27 24 3738 30 1437 3739 31 23 3740 30 1437 3741 32 25 3742 31 23 3743 59 40 3744 50 15 3745 47 38 3746 66 41 3747 65 41 3748 64 41 3749 65 41 3750 61 41 3751 63 41 3752 64 41 3753 65 41 3754 63 41 3755 61 41 3756 28 41 3757 62 41 3758 28 41 3759 76 44 3760 75 41 3761 62 41 3762 28 41 3763 71 41 3764 75 41 3765 71 41 3766 28 41 3767 62 41 3768 70 41 3769 69 41 3770 72 47 3771 67 43 3772 64 41 3773 63 41 3774 72 47 3775 64 41 3776 61 41 3777 62 41 3778 69 41 3779 75 41 3780 74 45 3781 73 42 3782 66 41 3783 64 41 3784 67 43 3785 67 43 3786 68 46 3787 7 1438 3788 71 41 3789 73 42 3790 70 41 3791 3 1439 3792 68 46 3793 76 44 3794 68 46 3795 67 43 3796 74 45 3797 67 43 3798 72 47 3799 74 45 3800 72 47 3801 70 41 3802 73 42 3803 73 42 3804 74 45 3805 72 47 3806 76 44 3807 28 41 3808 3 1439 3809 69 41 3810 70 41 3811 72 47 3812 66 50 3813 78 48 3814 65 48 3815 78 48 3816 77 48 3817 65 48 3818 80 48 3819 79 48 3820 98 48 3821 77 48 3822 80 48 3823 98 48 3824 94 49 3825 92 57 3826 91 48 3827 95 58 3828 94 49 3829 7 51 3830 94 49 3831 90 48 3832 66 50 3833 90 48 3834 78 48 3835 66 50 3836 90 48 3837 91 48 3838 78 48 3839 91 48 3840 82 48 3841 77 48 3842 80 48 3843 81 48 3844 0 48 3845 88 54 3846 96 1440 3847 89 53 3848 96 1440 3849 81 52 3850 89 53 3851 80 48 3852 77 48 3853 82 48 3854 82 48 3855 83 48 3856 93 48 3857 88 54 3858 89 53 3859 85 54 3860 91 48 3861 92 57 3862 83 48 3863 92 57 3864 87 55 3865 84 56 3866 91 48 3867 83 48 3868 82 48 3869 87 55 3870 85 54 3871 84 56 3872 84 56 3873 86 48 3874 93 48 3875 92 57 3876 94 49 3877 87 55 3878 94 49 3879 95 58 3880 87 55 3881 95 58 3882 96 1440 3883 88 54 3884 84 56 3885 85 54 3886 86 48 3887 85 54 3888 89 53 3889 97 48 3890 100 59 3891 98 59 3892 19 59 3893 99 60 3894 104 66 3895 65 61 3896 101 63 3897 103 1441 3898 61 64 3899 99 60 3900 101 63 3901 102 65 3902 130 67 3903 129 94 3904 105 68 3905 106 69 3906 108 1442 3907 130 67 3908 108 1442 3909 113 70 3910 130 67 3911 145 74 3912 146 1443 3913 106 1444 3914 106 1444 3915 105 1445 3916 145 74 3917 105 1445 3918 122 72 3919 145 74 3920 112 75 3921 113 82 3922 110 76 3923 111 78 3924 128 71 3925 113 70 3926 114 81 3927 110 76 3928 113 82 3929 113 82 3930 108 1446 3931 115 80 3932 108 1446 3933 107 1447 3934 154 119 3935 154 119 3936 115 80 3937 108 1446 3938 120 83 3939 121 1448 3940 116 1449 3941 117 84 3942 125 1450 3943 127 85 3944 120 83 3945 116 1449 3946 117 84 3947 125 87 3948 117 91 3949 119 92 3950 117 91 3951 118 90 3952 119 92 3953 119 92 3954 123 88 3955 125 87 3956 123 88 3957 124 97 3958 126 86 3959 116 89 3960 131 103 3961 118 90 3962 111 78 3963 121 1448 3964 120 83 3965 119 92 3966 132 102 3967 134 93 3968 130 67 3969 128 71 3970 127 85 3971 128 71 3972 120 83 3973 127 85 3974 129 94 3975 127 85 3976 126 1451 3977 127 85 3978 125 1450 3979 126 1451 3980 126 1451 3981 122 95 3982 129 94 3983 123 88 3984 134 93 3985 144 96 3986 143 98 3987 142 1452 3988 138 99 3989 132 102 3990 119 92 3991 118 90 3992 118 90 3993 131 103 3994 132 102 3995 131 103 3996 135 1453 3997 133 101 3998 135 1453 3999 136 1454 4000 133 101 4001 141 106 4002 133 101 4003 136 1454 4004 136 1454 4005 137 1455 4006 141 106 4007 137 1455 4008 138 104 4009 141 106 4010 139 107 4011 147 114 4012 138 108 4013 134 93 4014 132 102 4015 133 101 4016 133 101 4017 141 106 4018 134 93 4019 140 73 4020 142 1456 4021 143 110 4022 140 111 4023 122 1457 4024 124 97 4025 122 1457 4026 126 86 4027 124 97 4028 141 106 4029 142 105 4030 144 96 4031 142 105 4032 140 111 4033 144 96 4034 149 115 4035 146 1443 4036 145 74 4037 145 74 4038 143 110 4039 149 115 4040 143 98 4041 147 100 4042 148 1458 4043 139 107 4044 157 123 4045 148 113 4046 107 117 4047 108 1459 4048 106 1444 4049 106 1444 4050 146 1443 4051 107 117 4052 146 1443 4053 149 115 4054 107 117 4055 107 1447 4056 150 120 4057 154 119 4058 150 120 4059 152 1460 4060 151 118 4061 152 1460 4062 156 131 4063 151 118 4064 152 1461 4065 150 116 4066 149 115 4067 149 1462 4068 148 1462 4069 152 1462 4070 158 122 4071 153 1463 4072 148 113 4073 115 80 4074 154 119 4075 155 125 4076 154 119 4077 151 118 4078 155 125 4079 151 118 4080 162 128 4081 160 124 4082 159 126 4083 155 125 4084 160 124 4085 163 127 4086 160 124 4087 162 128 4088 152 1460 4089 153 1464 4090 156 131 4091 153 1464 4092 158 132 4093 156 131 4094 158 132 4095 165 1465 4096 164 130 4097 156 131 4098 164 130 4099 162 128 4100 164 130 4101 161 129 4102 162 128 4103 114 81 4104 159 126 4105 110 76 4106 159 126 4107 163 127 4108 109 77 4109 161 129 4110 164 130 4111 166 133 4112 164 130 4113 165 1465 4114 166 133 4115 159 126 4116 109 77 4117 110 76 4118 163 127 4119 161 129 4120 109 77 4121 111 134 4122 112 1466 4123 109 135 4124 109 135 4125 166 1467 4126 135 1468 4127 135 1468 4128 131 136 4129 109 135 4130 131 136 4131 116 1469 4132 121 1470 4133 111 134 4134 131 136 4135 121 1470 4136 157 139 4137 139 1471 4138 136 1472 4139 139 1471 4140 137 1473 4141 136 1472 4142 136 1472 4143 135 1474 4144 165 137 4145 157 139 4146 136 1472 4147 165 137 4148 135 1474 4149 166 1475 4150 165 137 4151 159 126 4152 114 81 4153 115 80 4154 192 140 4155 168 1476 4156 167 141 4157 175 144 4158 170 1477 4159 192 140 4160 170 1477 4161 168 1476 4162 192 140 4163 207 147 4164 202 184 4165 167 1478 4166 202 184 4167 184 1479 4168 167 1478 4169 167 1478 4170 168 145 4171 207 147 4172 172 148 4173 175 153 4174 174 149 4175 175 144 4176 190 143 4177 173 151 4178 176 154 4179 177 210 4180 175 153 4181 177 210 4182 216 1480 4183 170 1481 4184 175 153 4185 177 210 4186 170 1481 4187 216 1480 4188 169 1482 4189 170 1481 4190 182 157 4191 189 166 4192 179 1483 4193 189 166 4194 187 1484 4195 179 1483 4196 179 1483 4197 178 155 4198 182 157 4199 187 159 4200 188 1485 4201 186 170 4202 186 170 4203 185 165 4204 187 159 4205 185 165 4206 181 160 4207 187 159 4208 181 160 4209 180 162 4210 179 158 4211 178 161 4212 179 158 4213 180 162 4214 173 151 4215 190 143 4216 182 157 4217 196 164 4218 194 182 4219 181 160 4220 182 157 4221 190 143 4222 189 166 4223 190 143 4224 192 140 4225 189 166 4226 187 1484 4227 189 166 4228 188 168 4229 189 166 4230 191 142 4231 188 168 4232 191 142 4233 167 141 4234 184 167 4235 206 169 4236 196 164 4237 185 165 4238 209 171 4239 200 1486 4240 204 172 4241 180 162 4242 181 160 4243 194 182 4244 195 175 4245 198 177 4246 197 174 4247 180 162 4248 194 182 4249 193 163 4250 194 182 4251 195 175 4252 193 163 4253 198 177 4254 195 175 4255 203 178 4256 203 178 4257 204 1487 4258 200 1488 4259 200 1488 4260 199 176 4261 203 178 4262 200 179 4263 209 1489 4264 201 180 4265 196 164 4266 206 169 4267 203 178 4268 203 178 4269 195 175 4270 196 164 4271 205 183 4272 204 1490 4273 202 184 4274 184 1491 4275 202 185 4276 188 1485 4277 202 185 4278 204 1487 4279 206 169 4280 188 1485 4281 202 185 4282 186 170 4283 204 1487 4284 203 178 4285 206 169 4286 211 1492 4287 210 1492 4288 205 1492 4289 210 1493 4290 209 171 4291 205 173 4292 205 183 4293 207 147 4294 211 186 4295 201 180 4296 209 1489 4297 210 187 4298 169 189 4299 212 1494 4300 211 186 4301 208 146 4302 168 145 4303 170 190 4304 169 189 4305 211 186 4306 208 146 4307 214 193 4308 212 1495 4309 213 191 4310 212 1495 4311 169 1482 4312 216 1480 4313 213 191 4314 212 1495 4315 216 1480 4316 211 186 4317 212 1494 4318 214 1496 4319 214 1497 4320 215 1497 4321 210 1497 4322 210 187 4323 215 1498 4324 220 195 4325 213 191 4326 216 1480 4327 217 1499 4328 216 1480 4329 177 210 4330 217 1499 4331 217 1499 4332 222 196 4333 213 191 4334 222 196 4335 217 1499 4336 221 198 4337 224 197 4338 222 196 4339 225 199 4340 220 203 4341 215 1500 4342 218 192 4343 215 1500 4344 214 193 4345 218 192 4346 218 192 4347 226 201 4348 220 203 4349 223 200 4350 226 201 4351 224 197 4352 226 201 4353 218 192 4354 224 197 4355 225 199 4356 221 198 4357 171 150 4358 221 198 4359 176 154 4360 172 148 4361 171 150 4362 221 198 4363 172 148 4364 171 150 4365 228 1501 4366 223 200 4367 228 1501 4368 227 202 4369 226 201 4370 223 200 4371 228 1501 4372 226 201 4373 171 204 4374 174 1502 4375 173 205 4376 173 205 4377 183 1503 4378 193 206 4379 183 1503 4380 178 1504 4381 193 206 4382 193 206 4383 197 1505 4384 171 204 4385 197 1505 4386 228 1506 4387 171 204 4388 219 207 4389 220 1507 4390 227 208 4391 227 208 4392 228 1508 4393 197 1509 4394 197 1509 4395 198 209 4396 227 208 4397 198 209 4398 199 1510 4399 201 1511 4400 219 207 4401 198 209 4402 201 1511 4403 221 198 4404 217 1499 4405 177 210 4406 230 211 4407 248 218 4408 247 212 4409 231 214 4410 238 254 4411 236 215 4412 231 217 4413 232 222 4414 248 218 4415 234 219 4416 235 237 4417 240 220 4418 235 9 4419 232 216 4420 236 215 4421 232 222 4422 235 1512 4423 234 223 4424 242 224 4425 256 246 4426 250 225 4427 236 215 4428 238 254 4429 237 251 4430 237 251 4431 239 227 4432 236 215 4433 237 230 4434 241 247 4435 245 228 4436 245 228 4437 243 1513 4438 239 229 4439 246 231 4440 245 41 4441 241 232 4442 246 231 4443 244 235 4444 243 233 4445 242 224 4446 229 226 4447 246 231 4448 229 226 4449 247 1514 4450 246 231 4451 247 1514 4452 249 234 4453 246 231 4454 239 236 4455 243 1515 4456 233 221 4457 243 1515 4458 244 238 4459 233 221 4460 249 237 4461 234 219 4462 233 221 4463 248 218 4464 234 223 4465 249 239 4466 229 213 4467 250 1516 4468 251 240 4469 256 243 4470 254 245 4471 251 241 4472 254 245 4473 252 1517 4474 251 241 4475 255 244 4476 253 1518 4477 254 245 4478 241 232 4479 255 1519 4480 256 246 4481 241 247 4482 237 230 4483 253 248 4484 230 211 4485 251 240 4486 252 250 4487 237 251 4488 238 254 4489 254 252 4490 238 254 4491 231 214 4492 252 255 4493 260 256 4494 264 1520 4495 263 257 4496 264 259 4497 262 15 4498 261 260 4499 262 262 4500 258 1521 4501 257 263 4502 329 1522 4503 328 1522 4504 439 1522 4505 298 9 4506 266 9 4507 297 9 4508 272 15 4509 273 15 4510 271 15 4511 265 15 4512 266 15 4513 267 15 4514 271 15 4515 273 15 4516 275 15 4517 273 15 4518 274 15 4519 275 15 4520 271 15 4521 275 15 4522 265 15 4523 265 15 4524 267 15 4525 271 15 4526 272 15 4527 279 15 4528 274 15 4529 268 15 4530 280 15 4531 271 15 4532 274 15 4533 279 15 4534 277 15 4535 292 265 4536 291 266 4537 276 41 4538 278 41 4539 295 1523 4540 292 265 4541 281 15 4542 278 15 4543 280 15 4544 278 15 4545 277 15 4546 279 15 4547 279 15 4548 272 15 4549 278 15 4550 272 15 4551 280 15 4552 278 15 4553 268 15 4554 298 15 4555 281 15 4556 270 9 4557 300 9 4558 299 9 4559 300 9 4560 281 9 4561 299 9 4562 298 15 4563 268 15 4564 267 15 4565 288 59 4566 286 59 4567 282 59 4568 285 7 4569 283 7 4570 287 7 4571 289 9 4572 288 9 4573 284 9 4574 289 15 4575 287 15 4576 286 15 4577 275 268 4578 276 41 4579 291 266 4580 291 266 4581 293 269 4582 290 1524 4583 291 266 4584 292 265 4585 293 269 4586 292 265 4587 295 1523 4588 294 270 4589 287 41 4590 283 41 4591 282 41 4592 269 9 4593 297 9 4594 296 9 4595 297 9 4596 266 9 4597 265 9 4598 270 9 4599 299 9 4600 297 9 4601 265 271 4602 275 59 4603 290 272 4604 302 41 4605 381 294 4606 376 41 4607 318 59 4608 315 59 4609 314 59 4610 376 59 4611 304 59 4612 309 59 4613 309 59 4614 303 59 4615 301 59 4616 304 15 4617 376 15 4618 307 15 4619 376 41 4620 305 293 4621 363 41 4622 308 59 4623 307 59 4624 363 59 4625 303 275 4626 391 15 4627 390 297 4628 390 297 4629 302 274 4630 303 275 4631 392 15 4632 391 15 4633 313 15 4634 391 41 4635 311 41 4636 310 41 4637 316 59 4638 313 59 4639 310 59 4640 316 15 4641 400 15 4642 399 15 4643 400 15 4644 401 15 4645 399 15 4646 316 41 4647 312 41 4648 314 41 4649 400 15 4650 316 15 4651 315 15 4652 319 9 4653 400 9 4654 318 9 4655 321 9 4656 403 9 4657 322 9 4658 403 15 4659 401 15 4660 400 15 4661 320 59 4662 322 59 4663 400 59 4664 325 15 4665 404 299 4666 323 15 4667 404 299 4668 403 15 4669 323 15 4670 437 310 4671 436 9 4672 327 9 4673 436 9 4674 325 9 4675 324 9 4676 323 276 4677 403 59 4678 321 277 4679 331 59 4680 327 1525 4681 326 278 4682 327 1525 4683 324 279 4684 326 278 4685 438 280 4686 327 9 4687 332 9 4688 327 15 4689 331 15 4690 330 15 4691 329 59 4692 332 59 4693 330 59 4694 334 15 4695 365 15 4696 333 15 4697 356 41 4698 355 41 4699 353 41 4700 339 1526 4701 337 1526 4702 336 1526 4703 337 41 4704 341 321 4705 335 41 4706 338 59 4707 336 59 4708 335 59 4709 344 15 4710 335 15 4711 346 15 4712 335 41 4713 340 285 4714 342 41 4715 343 15 4716 346 15 4717 345 15 4718 345 41 4719 346 41 4720 342 41 4721 347 41 4722 362 289 4723 349 41 4724 349 41 4725 361 41 4726 348 283 4727 361 41 4728 351 41 4729 352 284 4730 352 284 4731 342 41 4732 340 285 4733 361 41 4734 352 284 4735 348 283 4736 340 285 4737 364 292 4738 348 283 4739 350 41 4740 345 41 4741 354 41 4742 357 41 4743 358 41 4744 359 41 4745 358 41 4746 355 41 4747 359 41 4748 356 41 4749 352 284 4750 351 41 4751 355 41 4752 356 41 4753 359 41 4754 352 284 4755 356 41 4756 354 41 4757 361 41 4758 360 41 4759 359 41 4760 306 15 4761 363 15 4762 333 15 4763 359 41 4764 360 41 4765 357 41 4766 360 41 4767 371 41 4768 368 41 4769 369 286 4770 368 7 4771 371 7 4772 371 7 4773 372 7 4774 427 7 4775 427 7 4776 428 302 4777 369 286 4778 370 1527 4779 367 1528 4780 369 288 4781 367 1528 4782 366 1529 4783 358 1530 4784 369 288 4785 367 1528 4786 357 287 4787 358 1530 4788 357 287 4789 367 1528 4790 428 302 4791 421 303 4792 422 7 4793 424 1531 4794 425 7 4795 369 286 4796 425 7 4797 426 7 4798 370 7 4799 424 1531 4800 369 286 4801 428 302 4802 428 302 4803 422 7 4804 424 1531 4805 370 7 4806 369 286 4807 425 7 4808 361 41 4809 349 41 4810 360 41 4811 349 41 4812 362 289 4813 360 41 4814 362 289 4815 372 291 4816 371 41 4817 347 41 4818 373 290 4819 362 289 4820 373 290 4821 374 41 4822 372 291 4823 333 41 4824 363 41 4825 364 292 4826 363 41 4827 305 293 4828 347 41 4829 364 292 4830 363 41 4831 347 41 4832 305 293 4833 375 295 4834 373 290 4835 373 290 4836 347 41 4837 305 293 4838 376 41 4839 381 294 4840 305 293 4841 381 294 4842 378 41 4843 375 295 4844 377 41 4845 374 41 4846 375 295 4847 374 41 4848 373 290 4849 375 295 4850 375 295 4851 378 41 4852 377 41 4853 378 41 4854 382 41 4855 377 41 4856 423 296 4857 427 7 4858 372 7 4859 374 7 4860 377 7 4861 379 7 4862 423 296 4863 372 7 4864 374 7 4865 379 7 4866 417 7 4867 423 296 4868 302 41 4869 383 41 4870 382 41 4871 382 41 4872 378 41 4873 381 294 4874 389 15 4875 387 15 4876 390 297 4877 387 15 4878 383 15 4879 302 274 4880 384 41 4881 385 41 4882 383 41 4883 385 41 4884 380 41 4885 382 41 4886 393 15 4887 388 15 4888 387 15 4889 388 15 4890 384 15 4891 383 15 4892 391 15 4893 392 15 4894 390 297 4895 392 15 4896 394 15 4897 390 297 4898 394 15 4899 393 15 4900 389 15 4901 402 15 4902 394 15 4903 392 15 4904 405 298 4905 397 300 4906 398 15 4907 398 15 4908 396 15 4909 405 298 4910 411 308 4911 410 7 4912 398 7 4913 410 7 4914 409 7 4915 402 7 4916 393 7 4917 409 7 4918 408 7 4919 408 7 4920 386 7 4921 388 7 4922 386 7 4923 385 7 4924 384 7 4925 388 7 4926 386 7 4927 384 7 4928 429 7 4929 411 308 4930 398 7 4931 409 7 4932 393 7 4933 394 7 4934 393 7 4935 408 7 4936 388 7 4937 394 7 4938 402 7 4939 409 7 4940 410 7 4941 396 7 4942 398 7 4943 398 7 4944 407 7 4945 429 7 4946 399 15 4947 401 15 4948 395 15 4949 395 15 4950 396 15 4951 402 15 4952 403 15 4953 404 299 4954 401 15 4955 404 299 4956 405 298 4957 395 15 4958 406 15 4959 397 300 4960 325 15 4961 397 300 4962 405 298 4963 404 299 4964 406 9 4965 431 9 4966 429 9 4967 431 9 4968 432 9 4969 429 9 4970 407 15 4971 398 15 4972 397 300 4973 413 7 4974 412 7 4975 408 7 4976 420 306 4977 415 301 4978 410 7 4979 415 301 4980 414 7 4981 413 7 4982 410 7 4983 415 301 4984 409 7 4985 414 7 4986 418 7 4987 413 7 4988 385 7 4989 386 7 4990 380 7 4991 386 7 4992 379 7 4993 380 7 4994 418 7 4995 417 7 4996 412 7 4997 428 302 4998 427 7 4999 423 296 5000 418 7 5001 414 7 5002 422 7 5003 421 303 5004 423 296 5005 417 7 5006 418 7 5007 422 7 5008 421 303 5009 426 7 5010 425 7 5011 419 304 5012 433 305 5013 419 304 5014 420 306 5015 412 7 5016 417 7 5017 379 7 5018 379 7 5019 386 7 5020 412 7 5021 415 301 5022 424 1531 5023 422 7 5024 411 308 5025 416 307 5026 420 306 5027 425 7 5028 424 1531 5029 419 304 5030 424 1531 5031 415 301 5032 419 304 5033 436 9 5034 431 9 5035 406 9 5036 327 9 5037 438 280 5038 437 310 5039 438 280 5040 434 309 5041 437 310 5042 429 7 5043 432 7 5044 411 308 5045 432 7 5046 430 7 5047 416 307 5048 411 308 5049 432 7 5050 416 307 5051 434 7 5052 435 7 5053 426 7 5054 430 7 5055 434 7 5056 433 305 5057 434 7 5058 426 7 5059 433 305 5060 436 9 5061 437 310 5062 431 9 5063 437 310 5064 430 9 5065 431 9 5066 449 9 5067 459 9 5068 447 9 5069 459 9 5070 446 313 5071 447 9 5072 455 9 5073 452 9 5074 440 9 5075 452 9 5076 461 9 5077 440 9 5078 440 9 5079 444 9 5080 443 9 5081 444 1532 5082 442 1532 5083 441 1532 5084 455 59 5085 443 59 5086 441 59 5087 447 9 5088 448 9 5089 452 9 5090 448 9 5091 445 9 5092 452 9 5093 445 9 5094 461 9 5095 452 9 5096 460 312 5097 448 9 5098 447 9 5099 449 9 5100 451 9 5101 450 9 5102 450 15 5103 453 15 5104 456 314 5105 452 9 5106 455 9 5107 450 9 5108 455 15 5109 454 15 5110 453 15 5111 459 9 5112 449 9 5113 457 9 5114 449 9 5115 458 9 5116 457 9 5117 457 9 5118 366 9 5119 459 9 5120 459 9 5121 367 315 5122 446 313 5123 367 315 5124 370 9 5125 460 312 5126 446 313 5127 367 315 5128 460 312 5129 435 9 5130 434 309 5131 438 280 5132 445 9 5133 448 9 5134 460 312 5135 370 9 5136 435 9 5137 445 9 5138 435 9 5139 438 280 5140 445 9 5141 438 280 5142 329 9 5143 461 9 5144 445 9 5145 460 312 5146 370 9 5147 458 15 5148 456 314 5149 457 317 5150 456 314 5151 462 282 5152 350 316 5153 462 282 5154 345 15 5155 350 316 5156 366 320 5157 457 1533 5158 355 318 5159 457 1533 5160 350 1534 5161 353 1535 5162 353 1535 5163 355 318 5164 457 1533 5165 311 59 5166 391 59 5167 303 59 5168 340 285 5169 335 41 5170 341 321 5171 341 321 5172 333 41 5173 364 292 5174 339 7 5175 334 7 5176 341 7 5177 440 7 5178 439 7 5179 442 7 5180 494 48 5181 463 48 5182 493 325 5183 463 48 5184 491 323 5185 493 325 5186 482 326 5187 466 332 5188 465 327 5189 481 329 5190 465 1536 5191 464 330 5192 482 326 5193 467 333 5194 466 332 5195 467 333 5196 470 338 5197 469 334 5198 492 337 5199 491 1537 5200 466 1538 5201 491 1537 5202 464 1539 5203 466 1538 5204 464 1539 5205 465 1540 5206 466 1538 5207 466 1538 5208 469 1541 5209 492 337 5210 469 1541 5211 468 335 5212 492 337 5213 485 359 5214 473 1542 5215 488 340 5216 473 1542 5217 470 338 5218 488 340 5219 470 338 5220 467 333 5221 478 339 5222 472 353 5223 471 343 5224 473 342 5225 471 343 5226 468 1543 5227 470 341 5228 468 1543 5229 469 1544 5230 470 341 5231 486 1545 5232 463 1546 5233 494 344 5234 494 344 5235 476 1547 5236 472 345 5237 472 345 5238 473 1548 5239 485 346 5240 485 346 5241 487 1549 5242 486 1545 5243 486 1545 5244 494 344 5245 485 346 5246 474 347 5247 468 1543 5248 471 343 5249 475 349 5250 493 325 5251 492 324 5252 493 325 5253 475 349 5254 476 351 5255 476 352 5256 475 348 5257 471 343 5258 467 333 5259 482 326 5260 477 354 5261 482 326 5262 481 328 5263 483 356 5264 477 354 5265 482 326 5266 483 356 5267 490 355 5268 484 360 5269 477 354 5270 483 357 5271 481 329 5272 479 331 5273 490 355 5274 487 1550 5275 484 360 5276 487 1550 5277 485 359 5278 484 360 5279 487 361 5280 490 364 5281 489 362 5282 484 360 5283 488 340 5284 478 339 5285 490 364 5286 483 357 5287 480 358 5288 480 358 5289 479 331 5290 491 1551 5291 479 331 5292 464 330 5293 491 1551 5294 491 1551 5295 463 365 5296 480 358 5297 463 365 5298 486 363 5299 489 362 5300 523 368 5301 495 1552 5302 525 366 5303 495 1552 5304 526 1553 5305 525 366 5306 497 369 5307 498 377 5308 514 370 5309 496 372 5310 497 1554 5311 513 373 5312 502 382 5313 499 376 5314 501 375 5315 499 376 5316 514 370 5317 498 377 5318 524 378 5319 506 1555 5320 500 379 5321 500 379 5322 501 1556 5323 498 380 5324 498 380 5325 497 1557 5326 496 1558 5327 496 1558 5328 523 1559 5329 498 380 5330 523 1559 5331 524 378 5332 498 380 5333 502 382 5334 505 1560 5335 520 402 5336 505 1560 5337 517 403 5338 520 402 5339 520 402 5340 510 381 5341 502 382 5342 500 385 5343 503 389 5344 502 383 5345 503 389 5346 504 395 5347 505 1561 5348 502 383 5349 503 389 5350 505 1561 5351 526 388 5352 495 1562 5353 518 1563 5354 518 1563 5355 519 1564 5356 517 386 5357 517 386 5358 505 1565 5359 504 387 5360 504 387 5361 508 1566 5362 526 388 5363 526 388 5364 518 1563 5365 517 386 5366 503 389 5367 500 385 5368 506 390 5369 507 392 5370 506 1567 5371 524 367 5372 525 366 5373 526 1553 5374 508 393 5375 503 389 5376 507 391 5377 508 394 5378 513 371 5379 514 370 5380 515 397 5381 514 370 5382 499 376 5383 509 396 5384 499 376 5385 510 381 5386 509 396 5387 522 398 5388 515 397 5389 509 396 5390 511 374 5391 513 373 5392 515 400 5393 517 403 5394 519 1568 5395 516 399 5396 519 1568 5397 522 398 5398 516 399 5399 521 404 5400 522 407 5401 519 405 5402 516 399 5403 509 396 5404 510 381 5405 512 401 5406 515 400 5407 522 407 5408 512 401 5409 521 404 5410 495 1569 5411 521 404 5412 518 406 5413 495 1569 5414 495 1569 5415 523 408 5416 512 401 5417 523 408 5418 496 372 5419 511 374 5420 627 409 5421 624 416 5422 528 410 5423 598 413 5424 600 1570 5425 528 410 5426 600 1570 5427 527 411 5428 528 410 5429 528 410 5430 529 415 5431 531 412 5432 528 410 5433 624 416 5434 529 415 5435 624 416 5436 564 455 5437 533 414 5438 564 455 5439 568 454 5440 536 421 5441 536 421 5442 532 418 5443 564 455 5444 532 418 5445 533 414 5446 564 455 5447 530 417 5448 533 414 5449 532 418 5450 532 418 5451 536 421 5452 535 420 5453 536 421 5454 568 454 5455 567 422 5456 598 413 5457 531 412 5458 530 417 5459 598 413 5460 530 417 5461 534 419 5462 567 422 5463 595 423 5464 535 420 5465 595 423 5466 598 413 5467 534 419 5468 539 1571 5469 575 424 5470 541 535 5471 575 424 5472 650 471 5473 649 538 5474 575 424 5475 649 538 5476 540 425 5477 541 535 5478 538 1572 5479 539 1571 5480 648 426 5481 541 535 5482 575 424 5483 537 429 5484 559 450 5485 575 1573 5486 575 1573 5487 539 427 5488 537 429 5489 598 413 5490 595 423 5491 602 1574 5492 595 423 5493 594 451 5494 602 1574 5495 602 1574 5496 601 1575 5497 598 413 5498 601 1575 5499 597 430 5500 598 413 5501 599 431 5502 600 1570 5503 598 413 5504 584 434 5505 542 1576 5506 544 507 5507 542 1576 5508 619 1577 5509 544 507 5510 584 434 5511 544 507 5512 545 513 5513 545 513 5514 621 508 5515 584 434 5516 621 508 5517 622 432 5518 584 434 5519 550 437 5520 543 1578 5521 542 1579 5522 542 1579 5523 584 435 5524 550 437 5525 548 438 5526 537 429 5527 547 428 5528 546 439 5529 543 1578 5530 548 438 5531 543 1578 5532 550 437 5533 548 438 5534 549 440 5535 554 441 5536 548 438 5537 554 441 5538 549 440 5539 551 442 5540 555 444 5541 553 443 5542 551 442 5543 552 445 5544 557 448 5545 560 446 5546 558 447 5547 560 446 5548 557 448 5549 551 442 5550 549 440 5551 550 437 5552 550 437 5553 593 436 5554 552 445 5555 593 436 5556 556 449 5557 557 448 5558 552 445 5559 593 436 5560 557 448 5561 559 450 5562 537 429 5563 553 443 5564 537 429 5565 548 438 5566 554 441 5567 553 443 5568 537 429 5569 554 441 5570 553 443 5571 555 444 5572 559 450 5573 555 444 5574 560 446 5575 559 450 5576 533 414 5577 530 417 5578 531 412 5579 594 451 5580 595 423 5581 562 452 5582 564 455 5583 565 1580 5584 563 456 5585 563 456 5586 562 452 5587 568 454 5588 562 452 5589 595 423 5590 567 422 5591 562 452 5592 567 422 5593 568 454 5594 562 459 5595 563 1581 5596 566 482 5597 563 1581 5598 569 1582 5599 585 1583 5600 585 1583 5601 566 482 5602 563 1581 5603 566 482 5604 586 457 5605 562 459 5606 572 461 5607 573 1584 5608 590 486 5609 570 462 5610 585 1583 5611 569 1582 5612 572 461 5613 590 486 5614 570 462 5615 570 462 5616 569 1582 5617 571 460 5618 633 463 5619 571 534 5620 569 464 5621 579 477 5622 580 514 5623 578 472 5624 580 514 5625 618 468 5626 606 467 5627 578 472 5628 580 514 5629 606 467 5630 618 468 5631 616 532 5632 617 466 5633 573 469 5634 572 1585 5635 645 470 5636 575 424 5637 574 1586 5638 573 469 5639 578 472 5640 606 467 5641 596 473 5642 577 458 5643 589 485 5644 578 475 5645 589 485 5646 591 1587 5647 579 1588 5648 591 1587 5649 592 488 5650 582 1589 5651 592 488 5652 583 1590 5653 582 1589 5654 561 1591 5655 562 459 5656 576 476 5657 562 459 5658 577 458 5659 576 476 5660 589 485 5661 579 1588 5662 578 475 5663 591 1587 5664 582 1589 5665 579 1588 5666 581 433 5667 580 514 5668 579 477 5669 592 479 5670 593 436 5671 584 435 5672 583 481 5673 584 434 5674 581 433 5675 566 482 5676 585 1583 5677 570 462 5678 586 457 5679 566 482 5680 588 483 5681 586 457 5682 587 484 5683 589 485 5684 570 462 5685 590 486 5686 588 483 5687 590 486 5688 591 1587 5689 587 484 5690 591 1587 5691 589 485 5692 587 484 5693 592 479 5694 574 1592 5695 558 447 5696 574 1592 5697 575 1573 5698 559 450 5699 559 450 5700 558 447 5701 574 1592 5702 558 447 5703 556 449 5704 592 479 5705 592 488 5706 591 1587 5707 590 486 5708 590 486 5709 573 1584 5710 574 487 5711 604 489 5712 597 497 5713 601 490 5714 603 491 5715 601 490 5716 602 492 5717 576 474 5718 596 473 5719 594 494 5720 596 473 5721 605 493 5722 594 494 5723 605 493 5724 602 492 5725 594 494 5726 607 518 5727 608 1593 5728 604 489 5729 608 1593 5730 610 525 5731 599 496 5732 604 489 5733 608 1593 5734 599 496 5735 605 493 5736 596 473 5737 617 466 5738 596 473 5739 606 467 5740 617 466 5741 617 466 5742 612 498 5743 605 493 5744 612 498 5745 607 518 5746 603 491 5747 603 491 5748 607 518 5749 604 489 5750 637 499 5751 638 1594 5752 636 500 5753 635 501 5754 636 500 5755 634 504 5756 636 500 5757 641 502 5758 634 504 5759 617 466 5760 616 532 5761 620 510 5762 620 510 5763 615 509 5764 617 466 5765 615 509 5766 613 505 5767 617 466 5768 613 505 5769 614 506 5770 612 498 5771 544 507 5772 619 1577 5773 609 526 5774 619 1577 5775 611 527 5776 609 526 5777 609 526 5778 614 506 5779 544 507 5780 621 508 5781 545 513 5782 615 509 5783 540 425 5784 649 538 5785 643 511 5786 649 538 5787 646 537 5788 643 511 5789 545 513 5790 544 507 5791 613 505 5792 622 432 5793 618 468 5794 580 514 5795 630 515 5796 628 1595 5797 625 516 5798 614 506 5799 609 526 5800 607 518 5801 609 526 5802 608 1593 5803 607 518 5804 565 520 5805 629 521 5806 632 522 5807 623 465 5808 569 464 5809 563 519 5810 565 520 5811 632 522 5812 623 465 5813 629 521 5814 628 1595 5815 630 515 5816 629 524 5817 565 1580 5818 564 455 5819 564 455 5820 624 416 5821 629 524 5822 624 416 5823 627 409 5824 626 1596 5825 628 523 5826 624 416 5827 625 1597 5828 626 1596 5829 625 1597 5830 624 416 5831 631 517 5832 625 516 5833 635 501 5834 625 516 5835 626 1598 5836 635 501 5837 626 1598 5838 637 499 5839 635 501 5840 610 525 5841 608 1593 5842 609 526 5843 644 528 5844 633 463 5845 623 465 5846 632 522 5847 630 515 5848 639 503 5849 630 515 5850 631 517 5851 634 504 5852 644 528 5853 623 465 5854 632 522 5855 634 504 5856 639 503 5857 630 515 5858 539 1599 5859 538 1600 5860 547 1601 5861 538 1600 5862 638 1602 5863 547 1601 5864 637 529 5865 626 1603 5866 627 1604 5867 638 1602 5868 637 529 5869 546 531 5870 547 1601 5871 638 1602 5872 546 531 5873 637 529 5874 627 1604 5875 527 1605 5876 527 1605 5877 600 1606 5878 610 1607 5879 600 1606 5880 599 1608 5881 610 1607 5882 527 1605 5883 610 1607 5884 611 530 5885 619 1609 5886 542 1610 5887 543 1611 5888 611 530 5889 619 1609 5890 543 1611 5891 611 530 5892 543 1611 5893 546 531 5894 637 529 5895 527 1605 5896 611 530 5897 618 468 5898 622 432 5899 616 532 5900 622 432 5901 621 508 5902 616 532 5903 647 512 5904 643 511 5905 644 528 5906 644 528 5907 639 503 5908 642 533 5909 639 503 5910 641 502 5911 640 536 5912 642 533 5913 639 503 5914 640 536 5915 633 463 5916 644 528 5917 646 537 5918 644 528 5919 643 511 5920 646 537 5921 646 537 5922 645 470 5923 633 463 5924 645 470 5925 572 1585 5926 571 534 5927 641 502 5928 636 500 5929 538 1572 5930 636 500 5931 638 1594 5932 538 1572 5933 538 1572 5934 541 535 5935 641 502 5936 540 425 5937 647 512 5938 642 533 5939 648 426 5940 642 533 5941 640 536 5942 650 471 5943 645 470 5944 646 537 5945 651 539 5946 751 1612 5947 748 540 5948 722 543 5949 724 561 5950 652 541 5951 724 561 5952 651 539 5953 652 541 5954 652 541 5955 653 545 5956 655 542 5957 652 541 5958 748 540 5959 653 545 5960 748 540 5961 688 1613 5962 657 544 5963 688 1613 5964 692 550 5965 660 1614 5966 660 1614 5967 656 547 5968 688 1613 5969 656 547 5970 657 544 5971 688 1613 5972 654 546 5973 657 544 5974 656 547 5975 656 547 5976 660 1614 5977 659 549 5978 659 549 5979 660 1614 5980 692 550 5981 722 543 5982 655 542 5983 654 546 5984 658 548 5985 659 549 5986 719 552 5987 659 549 5988 691 551 5989 719 552 5990 722 543 5991 654 546 5992 658 548 5993 663 555 5994 699 599 5995 665 553 5996 699 599 5997 774 595 5998 773 667 5999 664 642 6000 699 599 6001 773 667 6002 664 642 6003 772 665 6004 699 599 6005 772 665 6006 665 553 6007 699 599 6008 661 558 6009 683 579 6010 699 1615 6011 699 1615 6012 663 556 6013 661 558 6014 724 561 6015 722 543 6016 721 559 6017 722 543 6018 719 552 6019 726 1616 6020 719 552 6021 718 581 6022 726 1616 6023 726 1616 6024 725 1617 6025 722 543 6026 725 1617 6027 721 559 6028 722 543 6029 708 564 6030 666 1618 6031 668 637 6032 666 1618 6033 743 1619 6034 668 637 6035 708 564 6036 669 638 6037 745 562 6038 668 637 6039 669 638 6040 708 564 6041 746 563 6042 705 603 6043 708 564 6044 717 615 6045 674 566 6046 708 565 6047 674 566 6048 667 1620 6049 666 567 6050 672 568 6051 661 558 6052 671 557 6053 670 569 6054 667 1620 6055 672 568 6056 667 1620 6057 674 566 6058 672 568 6059 673 570 6060 678 571 6061 672 568 6062 678 571 6063 673 570 6064 675 572 6065 679 574 6066 677 573 6067 675 572 6068 676 575 6069 681 578 6070 684 576 6071 680 577 6072 682 1621 6073 684 576 6074 675 572 6075 673 570 6076 674 566 6077 674 566 6078 717 615 6079 676 575 6080 717 615 6081 680 577 6082 681 578 6083 717 615 6084 681 578 6085 676 575 6086 683 579 6087 661 558 6088 677 573 6089 661 558 6090 672 568 6091 678 571 6092 661 558 6093 678 571 6094 677 573 6095 684 576 6096 682 1621 6097 683 579 6098 677 573 6099 679 574 6100 683 579 6101 653 545 6102 657 544 6103 654 546 6104 719 552 6105 686 582 6106 685 580 6107 692 550 6108 688 1613 6109 687 1622 6110 688 1613 6111 689 1623 6112 687 1622 6113 687 1622 6114 686 582 6115 692 550 6116 686 582 6117 719 552 6118 691 551 6119 686 585 6120 687 1624 6121 690 611 6122 687 1624 6123 693 588 6124 709 609 6125 709 609 6126 690 611 6127 687 1624 6128 690 611 6129 710 583 6130 686 585 6131 695 586 6132 696 1625 6133 694 587 6134 696 1625 6135 697 1626 6136 714 614 6137 694 587 6138 696 1625 6139 714 614 6140 694 587 6141 709 609 6142 693 588 6143 757 589 6144 695 663 6145 693 590 6146 703 604 6147 704 643 6148 702 601 6149 704 643 6150 742 594 6151 730 593 6152 702 601 6153 704 643 6154 730 593 6155 742 594 6156 740 660 6157 741 592 6158 774 595 6159 697 1627 6160 696 596 6161 698 598 6162 697 1627 6163 774 595 6164 730 593 6165 720 1628 6166 700 600 6167 701 584 6168 713 613 6169 702 1629 6170 713 613 6171 715 1630 6172 703 1631 6173 715 1630 6174 716 617 6175 707 1632 6176 707 1632 6177 706 1633 6178 715 1630 6179 706 1633 6180 703 1631 6181 715 1630 6182 703 1631 6183 702 1629 6184 713 613 6185 702 1629 6186 700 1634 6187 701 584 6188 700 1634 6189 685 602 6190 701 584 6191 705 603 6192 704 643 6193 703 604 6194 716 606 6195 717 615 6196 708 565 6197 708 564 6198 705 603 6199 706 605 6200 709 609 6201 694 587 6202 712 610 6203 690 611 6204 712 610 6205 711 612 6206 710 583 6207 711 612 6208 713 613 6209 694 587 6210 714 614 6211 712 610 6212 714 614 6213 715 1630 6214 711 612 6215 715 1630 6216 713 613 6217 711 612 6218 716 606 6219 698 1635 6220 682 1621 6221 698 1635 6222 699 1615 6223 683 579 6224 683 579 6225 682 1621 6226 698 1635 6227 682 1621 6228 680 577 6229 716 606 6230 716 617 6231 715 1630 6232 714 614 6233 714 614 6234 697 1626 6235 698 616 6236 728 618 6237 721 625 6238 725 619 6239 727 620 6240 725 619 6241 726 621 6242 700 600 6243 720 1628 6244 718 623 6245 720 1628 6246 729 622 6247 718 623 6248 729 622 6249 726 621 6250 718 623 6251 731 647 6252 732 626 6253 728 618 6254 732 626 6255 734 1636 6256 723 1637 6257 721 625 6258 732 626 6259 723 1637 6260 729 622 6261 720 1628 6262 741 592 6263 720 1628 6264 730 593 6265 741 592 6266 741 592 6267 736 627 6268 729 622 6269 736 627 6270 731 647 6271 727 620 6272 731 647 6273 728 618 6274 727 620 6275 761 628 6276 762 1638 6277 760 629 6278 759 630 6279 760 629 6280 758 633 6281 760 629 6282 765 631 6283 758 633 6284 741 592 6285 740 660 6286 744 639 6287 739 634 6288 737 636 6289 736 627 6290 737 636 6291 738 635 6292 736 627 6293 741 592 6294 744 639 6295 739 634 6296 668 637 6297 743 1619 6298 733 656 6299 743 1619 6300 735 655 6301 733 656 6302 733 656 6303 738 635 6304 668 637 6305 669 638 6306 739 634 6307 744 639 6308 664 642 6309 773 667 6310 767 640 6311 773 667 6312 770 666 6313 767 640 6314 669 638 6315 668 637 6316 737 636 6317 705 603 6318 746 563 6319 742 594 6320 754 644 6321 752 1639 6322 749 645 6323 738 635 6324 733 656 6325 731 647 6326 733 656 6327 732 626 6328 731 647 6329 689 649 6330 753 650 6331 756 651 6332 756 651 6333 747 591 6334 689 649 6335 747 591 6336 693 590 6337 689 649 6338 753 650 6339 752 1639 6340 754 644 6341 749 652 6342 752 1640 6343 748 540 6344 752 1640 6345 753 1641 6346 748 540 6347 753 1641 6348 689 1623 6349 688 1613 6350 688 1613 6351 748 540 6352 753 1641 6353 748 540 6354 751 1612 6355 750 653 6356 755 646 6357 749 645 6358 750 654 6359 750 654 6360 761 628 6361 759 630 6362 759 630 6363 758 633 6364 755 646 6365 735 655 6366 734 1636 6367 732 626 6368 763 632 6369 768 662 6370 756 651 6371 768 662 6372 757 589 6373 747 591 6374 756 651 6375 768 662 6376 747 591 6377 754 644 6378 755 646 6379 758 633 6380 756 651 6381 754 644 6382 763 632 6383 663 1642 6384 662 1643 6385 671 1644 6386 662 1643 6387 762 658 6388 671 1644 6389 762 658 6390 761 1645 6391 651 1646 6392 761 1645 6393 750 1647 6394 751 1648 6395 751 1648 6396 651 1646 6397 761 1645 6398 651 1646 6399 724 1649 6400 734 1650 6401 762 658 6402 651 1646 6403 735 659 6404 667 1651 6405 670 657 6406 735 659 6407 670 657 6408 671 1644 6409 762 658 6410 743 1652 6411 666 1653 6412 667 1651 6413 723 1654 6414 734 1650 6415 724 1649 6416 734 1650 6417 735 659 6418 651 1646 6419 735 659 6420 743 1652 6421 667 1651 6422 742 594 6423 746 563 6424 740 660 6425 746 563 6426 745 562 6427 740 660 6428 771 641 6429 767 640 6430 768 662 6431 768 662 6432 763 632 6433 766 661 6434 763 632 6435 765 631 6436 764 664 6437 766 661 6438 763 632 6439 764 664 6440 757 589 6441 768 662 6442 770 666 6443 768 662 6444 767 640 6445 770 666 6446 770 666 6447 769 597 6448 757 589 6449 769 597 6450 696 596 6451 757 589 6452 765 631 6453 760 629 6454 662 554 6455 760 629 6456 762 1638 6457 662 554 6458 662 554 6459 665 553 6460 765 631 6461 771 641 6462 766 661 6463 772 665 6464 772 665 6465 766 661 6466 764 664 6467 774 595 6468 769 597 6469 770 666 6470 776 668 6471 872 781 6472 875 669 6473 775 670 6474 848 1655 6475 776 668 6476 848 1655 6477 846 671 6478 776 668 6479 779 672 6480 777 710 6481 776 668 6482 812 675 6483 872 781 6484 781 678 6485 872 781 6486 776 668 6487 777 710 6488 781 678 6489 872 781 6490 777 710 6491 781 678 6492 780 677 6493 812 675 6494 780 677 6495 784 673 6496 812 675 6497 778 676 6498 782 681 6499 780 677 6500 780 677 6501 782 681 6502 783 679 6503 815 680 6504 816 674 6505 784 673 6506 778 676 6507 779 672 6508 846 671 6509 846 671 6510 843 690 6511 782 681 6512 843 690 6513 815 680 6514 783 679 6515 783 679 6516 782 681 6517 843 690 6518 898 726 6519 823 684 6520 897 1656 6521 823 684 6522 787 1657 6523 789 793 6524 897 1656 6525 823 684 6526 788 683 6527 787 1657 6528 786 794 6529 789 793 6530 789 793 6531 896 682 6532 823 684 6533 823 687 6534 807 1658 6535 785 685 6536 785 685 6537 795 698 6538 787 686 6539 843 690 6540 846 671 6541 850 688 6542 846 671 6543 848 1655 6544 845 1659 6545 848 1655 6546 847 1660 6547 845 1659 6548 845 1659 6549 849 1661 6550 846 671 6551 849 1661 6552 850 688 6553 846 671 6554 867 767 6555 790 1662 6556 792 771 6557 790 1662 6558 832 693 6559 792 771 6560 792 771 6561 832 693 6562 793 692 6563 832 693 6564 829 735 6565 870 772 6566 870 772 6567 869 691 6568 832 693 6569 791 1663 6570 798 695 6571 790 694 6572 798 695 6573 841 708 6574 832 696 6575 796 697 6576 794 1664 6577 795 698 6578 798 695 6579 791 1663 6580 796 697 6581 791 1663 6582 794 1664 6583 796 697 6584 796 697 6585 802 700 6586 797 699 6587 802 700 6588 801 709 6589 799 701 6590 799 701 6591 801 709 6592 803 702 6593 808 704 6594 805 705 6595 800 703 6596 805 705 6597 808 704 6598 806 706 6599 798 695 6600 797 699 6601 799 701 6602 800 703 6603 805 705 6604 841 708 6605 805 705 6606 804 707 6607 841 708 6608 798 695 6609 799 701 6610 800 703 6611 796 697 6612 785 685 6613 802 700 6614 785 685 6615 807 1658 6616 801 709 6617 807 1658 6618 806 706 6619 808 704 6620 808 704 6621 803 702 6622 807 1658 6623 803 702 6624 801 709 6625 807 1658 6626 779 672 6627 778 676 6628 781 678 6629 842 689 6630 809 1665 6631 810 711 6632 815 680 6633 843 690 6634 810 711 6635 810 711 6636 811 1666 6637 816 674 6638 811 1666 6639 813 1667 6640 812 675 6641 811 1666 6642 812 675 6643 816 674 6644 817 1668 6645 811 1669 6646 833 741 6647 811 1669 6648 810 712 6649 814 714 6650 833 741 6651 811 1669 6652 814 714 6653 810 712 6654 825 744 6655 834 713 6656 820 717 6657 819 1670 6658 818 740 6659 819 1670 6660 817 1668 6661 818 740 6662 817 1668 6663 833 741 6664 818 740 6665 818 740 6666 838 715 6667 820 717 6668 881 718 6669 871 778 6670 817 719 6671 866 723 6672 828 1671 6673 854 730 6674 828 1671 6675 827 734 6676 854 730 6677 827 734 6678 826 728 6679 854 730 6680 854 730 6681 865 721 6682 866 723 6683 893 724 6684 820 1672 6685 821 725 6686 898 726 6687 821 725 6688 822 727 6689 826 728 6690 824 1673 6691 844 729 6692 825 744 6693 810 712 6694 824 1674 6695 810 712 6696 809 1675 6697 824 1674 6698 824 1674 6699 826 1676 6700 825 744 6701 826 1676 6702 827 1677 6703 837 743 6704 825 744 6705 826 1676 6706 837 743 6707 839 733 6708 837 743 6709 827 1677 6710 831 732 6711 840 1678 6712 839 733 6713 827 1677 6714 830 731 6715 839 733 6716 827 734 6717 828 1671 6718 829 735 6719 832 696 6720 841 708 6721 840 737 6722 831 739 6723 830 736 6724 829 735 6725 814 714 6726 836 742 6727 818 740 6728 834 713 6729 835 745 6730 836 742 6731 837 743 6732 835 745 6733 834 713 6734 839 733 6735 838 715 6736 836 742 6737 838 715 6738 818 740 6739 836 742 6740 836 742 6741 835 745 6742 839 733 6743 823 687 6744 822 1679 6745 807 1658 6746 822 1679 6747 840 737 6748 806 706 6749 807 1658 6750 822 1679 6751 806 706 6752 840 737 6753 841 708 6754 804 707 6755 838 715 6756 839 733 6757 840 1678 6758 840 1678 6759 822 746 6760 838 715 6761 849 747 6762 845 753 6763 852 748 6764 850 750 6765 849 747 6766 851 749 6767 853 751 6768 844 729 6769 842 752 6770 844 729 6771 824 1673 6772 842 752 6773 824 1673 6774 809 1680 6775 842 752 6776 858 785 6777 856 755 6778 847 754 6779 856 755 6780 855 776 6781 852 748 6782 845 753 6783 856 755 6784 852 748 6785 854 730 6786 844 729 6787 865 721 6788 844 729 6789 853 751 6790 865 721 6791 853 751 6792 851 749 6793 860 756 6794 851 749 6795 852 748 6796 855 776 6797 860 756 6798 851 749 6799 855 776 6800 884 757 6801 886 1681 6802 885 758 6803 889 762 6804 884 757 6805 882 760 6806 884 757 6807 883 759 6808 882 760 6809 868 764 6810 864 722 6811 865 721 6812 865 721 6813 860 756 6814 863 763 6815 860 756 6816 862 765 6817 861 770 6818 863 763 6819 860 756 6820 861 770 6821 859 786 6822 867 767 6823 857 766 6824 867 767 6825 792 771 6826 862 765 6827 792 771 6828 861 770 6829 862 765 6830 869 691 6831 868 764 6832 863 763 6833 894 792 6834 897 1656 6835 891 769 6836 897 1656 6837 788 683 6838 891 769 6839 793 692 6840 863 763 6841 861 770 6842 829 735 6843 828 1671 6844 866 723 6845 878 773 6846 879 1682 6847 873 774 6848 856 755 6849 857 766 6850 855 776 6851 857 766 6852 862 765 6853 855 776 6854 880 780 6855 877 779 6856 813 777 6857 813 777 6858 811 1683 6859 817 719 6860 871 778 6861 880 780 6862 813 777 6863 878 773 6864 876 775 6865 877 779 6866 876 783 6867 873 1684 6868 872 781 6869 873 1684 6870 874 1685 6871 872 781 6872 874 1685 6873 875 669 6874 872 781 6875 872 781 6876 812 675 6877 877 782 6878 812 675 6879 813 1667 6880 877 782 6881 873 774 6882 879 1682 6883 883 759 6884 879 1682 6885 882 760 6886 883 759 6887 883 759 6888 885 758 6889 874 784 6890 857 766 6891 856 755 6892 858 785 6893 892 787 6894 887 761 6895 880 780 6896 887 761 6897 882 760 6898 878 773 6899 880 780 6900 887 761 6901 878 773 6902 882 760 6903 879 1682 6904 878 773 6905 880 780 6906 871 778 6907 892 787 6908 886 1686 6909 786 1687 6910 795 1688 6911 786 1687 6912 787 1689 6913 795 1688 6914 795 1688 6915 794 788 6916 886 1686 6917 794 788 6918 791 1690 6919 859 789 6920 859 789 6921 791 1690 6922 867 1691 6923 875 1692 6924 874 1693 6925 885 1694 6926 885 1694 6927 886 1686 6928 794 788 6929 791 1690 6930 790 1695 6931 867 1691 6932 875 1692 6933 885 1694 6934 775 790 6935 775 790 6936 885 1694 6937 794 788 6938 847 1696 6939 848 1697 6940 858 1698 6941 848 1697 6942 775 790 6943 858 1698 6944 858 1698 6945 775 790 6946 859 789 6947 869 691 6948 870 772 6949 864 722 6950 870 772 6951 866 723 6952 864 722 6953 892 787 6954 891 769 6955 895 768 6956 890 791 6957 888 795 6958 887 761 6959 888 795 6960 889 762 6961 887 761 6962 892 787 6963 895 768 6964 890 791 6965 892 787 6966 881 718 6967 894 792 6968 881 718 6969 819 720 6970 893 724 6971 892 787 6972 894 792 6973 891 769 6974 819 720 6975 820 1672 6976 893 724 6977 886 1681 6978 884 757 6979 786 794 6980 884 757 6981 889 762 6982 786 794 6983 889 762 6984 888 795 6985 789 793 6986 788 683 6987 896 682 6988 890 791 6989 896 682 6990 789 793 6991 888 795 6992 898 726 6993 897 1656 6994 894 792 6995 899 796 6996 900 801 6997 996 797 6998 899 796 6999 972 1699 7000 900 801 7001 972 1699 7002 970 799 7003 900 801 7004 903 800 7005 901 839 7006 900 801 7007 936 804 7008 996 797 7009 905 807 7010 996 797 7011 900 801 7012 901 839 7013 905 807 7014 996 797 7015 901 839 7016 905 807 7017 904 806 7018 936 804 7019 904 806 7020 908 802 7021 936 804 7022 902 805 7023 906 809 7024 904 806 7025 904 806 7026 906 809 7027 907 808 7028 907 808 7029 939 1700 7030 940 803 7031 902 805 7032 903 800 7033 970 799 7034 970 799 7035 967 818 7036 906 809 7037 967 818 7038 939 1700 7039 907 808 7040 906 809 7041 967 818 7042 907 808 7043 1022 854 7044 947 811 7045 1021 1701 7046 947 811 7047 911 1702 7048 913 922 7049 1021 1701 7050 947 811 7051 912 810 7052 911 1702 7053 910 923 7054 913 922 7055 913 922 7056 1020 812 7057 947 811 7058 947 815 7059 931 838 7060 909 813 7061 909 813 7062 919 826 7063 911 814 7064 967 818 7065 970 799 7066 974 816 7067 970 799 7068 972 1699 7069 969 1703 7070 972 1699 7071 971 1704 7072 969 1703 7073 969 1703 7074 973 1705 7075 970 799 7076 973 1705 7077 974 816 7078 970 799 7079 991 1706 7080 914 1707 7081 916 821 7082 914 1707 7083 956 819 7084 916 821 7085 956 819 7086 953 865 7087 994 900 7088 956 819 7089 994 900 7090 993 896 7091 956 819 7092 993 896 7093 917 820 7094 915 1708 7095 922 823 7096 914 822 7097 922 823 7098 965 836 7099 956 824 7100 920 825 7101 918 1709 7102 919 826 7103 922 823 7104 915 1708 7105 920 825 7106 915 1708 7107 918 1709 7108 920 825 7109 920 825 7110 926 828 7111 921 827 7112 926 828 7113 925 837 7114 923 829 7115 923 829 7116 925 837 7117 927 830 7118 932 832 7119 929 835 7120 924 831 7121 928 833 7122 929 835 7123 932 832 7124 922 823 7125 921 827 7126 923 829 7127 922 823 7128 923 829 7129 924 831 7130 928 833 7131 965 836 7132 929 835 7133 965 836 7134 922 823 7135 924 831 7136 920 825 7137 909 813 7138 926 828 7139 909 813 7140 931 838 7141 925 837 7142 926 828 7143 909 813 7144 925 837 7145 931 838 7146 930 834 7147 932 832 7148 932 832 7149 927 830 7150 931 838 7151 901 839 7152 903 800 7153 902 805 7154 933 840 7155 934 1710 7156 967 818 7157 940 803 7158 939 1700 7159 934 1710 7160 939 1700 7161 967 818 7162 934 1710 7163 934 1710 7164 935 841 7165 940 803 7166 935 841 7167 937 909 7168 936 804 7169 941 1711 7170 935 1712 7171 957 871 7172 935 1712 7173 934 844 7174 938 843 7175 957 871 7176 935 1712 7177 938 843 7178 934 844 7179 949 874 7180 958 842 7181 944 847 7182 943 1713 7183 942 1714 7184 943 1713 7185 941 1711 7186 942 1714 7187 941 1711 7188 957 871 7189 942 1714 7190 942 1714 7191 962 845 7192 944 847 7193 1005 848 7194 995 905 7195 941 849 7196 990 853 7197 952 1715 7198 978 859 7199 952 1715 7200 951 864 7201 978 859 7202 951 864 7203 950 860 7204 978 859 7205 978 859 7206 989 851 7207 990 853 7208 1022 854 7209 1017 920 7210 944 855 7211 1022 854 7212 945 856 7213 946 857 7214 948 858 7215 968 881 7216 978 859 7217 961 873 7218 949 874 7219 950 1716 7220 949 874 7221 934 844 7222 948 1717 7223 950 1716 7224 949 874 7225 948 1717 7226 934 844 7227 933 1718 7228 948 1717 7229 950 1716 7230 951 1719 7231 961 873 7232 951 1719 7233 954 861 7234 963 863 7235 963 863 7236 961 873 7237 951 1719 7238 955 862 7239 964 1720 7240 963 863 7241 951 864 7242 952 1715 7243 953 865 7244 956 824 7245 965 836 7246 964 867 7247 954 866 7248 953 865 7249 956 819 7250 960 870 7251 942 1714 7252 957 871 7253 959 872 7254 960 870 7255 938 843 7256 961 873 7257 959 872 7258 958 842 7259 963 863 7260 962 845 7261 959 872 7262 962 845 7263 942 1714 7264 960 870 7265 959 872 7266 962 845 7267 960 870 7268 947 815 7269 946 1721 7270 931 838 7271 946 1721 7272 964 867 7273 930 834 7274 931 838 7275 946 1721 7276 930 834 7277 964 867 7278 965 836 7279 928 833 7280 962 845 7281 963 863 7282 964 1720 7283 964 1720 7284 946 875 7285 962 845 7286 973 876 7287 969 1722 7288 976 877 7289 974 879 7290 973 876 7291 975 878 7292 968 881 7293 948 858 7294 933 1723 7295 933 1723 7296 966 1724 7297 968 881 7298 966 1724 7299 974 879 7300 968 881 7301 980 884 7302 979 904 7303 976 877 7304 976 877 7305 969 1722 7306 980 884 7307 969 1722 7308 971 882 7309 980 884 7310 978 859 7311 968 881 7312 989 851 7313 968 881 7314 977 880 7315 989 851 7316 977 880 7317 975 878 7318 984 885 7319 975 878 7320 976 877 7321 979 904 7322 984 885 7323 975 878 7324 979 904 7325 1008 886 7326 1010 1725 7327 1009 887 7328 1013 891 7329 1008 886 7330 1006 889 7331 1008 886 7332 1007 888 7333 1006 889 7334 992 893 7335 988 852 7336 989 851 7337 989 851 7338 984 885 7339 987 892 7340 984 885 7341 986 894 7342 985 899 7343 987 892 7344 984 885 7345 985 899 7346 983 913 7347 991 1706 7348 981 895 7349 991 1706 7350 916 821 7351 981 895 7352 916 821 7353 985 899 7354 986 894 7355 992 893 7356 987 892 7357 917 820 7358 1018 921 7359 1021 1701 7360 1015 898 7361 1021 1701 7362 912 810 7363 1015 898 7364 917 820 7365 987 892 7366 985 899 7367 953 865 7368 952 1715 7369 990 853 7370 1003 901 7371 997 911 7372 1000 902 7373 980 884 7374 981 895 7375 979 904 7376 981 895 7377 986 894 7378 979 904 7379 1004 906 7380 1001 908 7381 937 907 7382 937 907 7383 935 1726 7384 995 905 7385 935 1726 7386 941 849 7387 995 905 7388 1002 903 7389 1000 902 7390 1001 908 7391 1001 910 7392 1000 1727 7393 996 797 7394 1000 1727 7395 997 1728 7396 996 797 7397 997 1728 7398 998 1729 7399 996 797 7400 998 1729 7401 999 798 7402 996 797 7403 996 797 7404 936 804 7405 1001 910 7406 997 911 7407 1003 901 7408 1007 888 7409 1003 901 7410 1006 889 7411 1007 888 7412 1007 888 7413 1009 887 7414 998 912 7415 983 913 7416 981 895 7417 980 884 7418 1011 890 7419 1006 889 7420 1002 903 7421 1006 889 7422 1003 901 7423 1002 903 7424 1002 903 7425 1004 906 7426 1011 890 7427 1004 906 7428 995 905 7429 1016 914 7430 995 905 7431 1005 848 7432 1016 914 7433 1010 917 7434 910 1730 7435 919 1731 7436 910 1730 7437 911 1732 7438 919 1731 7439 919 1731 7440 918 1733 7441 1010 917 7442 915 1734 7443 914 1735 7444 991 1736 7445 918 1733 7446 915 1734 7447 983 915 7448 1010 917 7449 918 1733 7450 983 915 7451 998 1737 7452 1009 1738 7453 999 1739 7454 1009 1738 7455 1010 917 7456 899 916 7457 999 1739 7458 1009 1738 7459 899 916 7460 915 1734 7461 991 1736 7462 983 915 7463 983 915 7464 982 1740 7465 899 916 7466 982 1740 7467 971 1741 7468 972 1742 7469 972 1742 7470 899 916 7471 982 1740 7472 993 896 7473 994 900 7474 988 852 7475 994 900 7476 990 853 7477 988 852 7478 1016 914 7479 1015 898 7480 1019 897 7481 1016 914 7482 1019 897 7483 1014 918 7484 1013 891 7485 1011 890 7486 1012 919 7487 1011 890 7488 1016 914 7489 1012 919 7490 1016 914 7491 1005 848 7492 1018 921 7493 1005 848 7494 943 850 7495 1017 920 7496 1016 914 7497 1018 921 7498 1015 898 7499 943 850 7500 944 855 7501 1017 920 7502 1010 1725 7503 1008 886 7504 910 923 7505 1008 886 7506 1013 891 7507 910 923 7508 1013 891 7509 1012 919 7510 913 922 7511 1020 812 7512 1014 918 7513 1019 897 7514 1020 812 7515 913 922 7516 1012 919 7517 1022 854 7518 1021 1701 7519 1018 921 7520 1029 15 7521 1030 15 7522 1032 15 7523 1025 15 7524 1026 15 7525 1028 15 7526 1031 15 7527 1032 15 7528 1034 15 7529 1023 15 7530 1024 15 7531 1026 15 7532 1035 924 7533 1111 1743 7534 1108 925 7535 1101 41 7536 1098 1744 7537 1036 926 7538 1098 1744 7539 1035 924 7540 1036 926 7541 1036 926 7542 1039 1022 7543 1037 927 7544 1037 927 7545 1039 1022 7546 1038 928 7547 1040 929 7548 1038 928 7549 1041 932 7550 1038 928 7551 1043 930 7552 1041 932 7553 1041 932 7554 1042 931 7555 1103 933 7556 1042 931 7557 1069 41 7558 1096 934 7559 1042 931 7560 1043 930 7561 1070 935 7562 1040 929 7563 1041 932 7564 1103 933 7565 1103 933 7566 1102 41 7567 1099 41 7568 1099 41 7569 1101 41 7570 1037 927 7571 1037 927 7572 1040 929 7573 1099 41 7574 1103 933 7575 1096 934 7576 1095 936 7577 1084 9 7578 1094 993 7579 1051 937 7580 1050 941 7581 1049 1019 7582 1048 1021 7583 1048 1021 7584 1081 939 7585 1050 941 7586 1044 1745 7587 1045 1746 7588 1128 944 7589 1045 1746 7590 1046 942 7591 1128 944 7592 1046 942 7593 1076 984 7594 1130 945 7595 1076 984 7596 1132 967 7597 1131 1747 7598 1130 945 7599 1076 984 7600 1131 1747 7601 1076 948 7602 1046 1748 7603 1059 946 7604 1046 1748 7605 1045 1749 7606 1053 957 7607 1059 946 7608 1046 1748 7609 1053 957 7610 1060 947 7611 1091 980 7612 1076 948 7613 1091 980 7614 1075 1750 7615 1076 948 7616 1106 951 7617 1104 1001 7618 1105 949 7619 1105 949 7620 1079 987 7621 1080 950 7622 1055 952 7623 1058 958 7624 1052 953 7625 1049 956 7626 1050 938 7627 1055 952 7628 1050 938 7629 1051 937 7630 1055 952 7631 1051 937 7632 1057 959 7633 1055 952 7634 1055 952 7635 1054 954 7636 1049 956 7637 1053 957 7638 1052 953 7639 1058 958 7640 1056 981 7641 1060 947 7642 1057 959 7643 1060 947 7644 1059 946 7645 1058 958 7646 1057 959 7647 1060 947 7648 1058 958 7649 1061 960 7650 1062 1751 7651 1078 961 7652 1096 934 7653 1062 41 7654 1061 963 7655 1063 964 7656 1071 1752 7657 1085 965 7658 1070 935 7659 1064 1007 7660 1066 41 7661 1064 1007 7662 1065 1753 7663 1067 1754 7664 1066 41 7665 1064 1007 7666 1067 1754 7667 1065 1753 7668 1063 41 7669 1067 1754 7670 1066 41 7671 1062 41 7672 1069 41 7673 1062 41 7674 1096 934 7675 1069 41 7676 1073 969 7677 1126 1755 7678 1132 967 7679 1126 1755 7680 1131 1747 7681 1132 967 7682 1066 970 7683 1067 966 7684 1085 965 7685 1078 961 7686 1062 1751 7687 1068 971 7688 1062 1751 7689 1066 970 7690 1068 971 7691 1068 971 7692 1086 1756 7693 1088 972 7694 1071 1752 7695 1072 974 7696 1085 965 7697 1072 974 7698 1073 1757 7699 1089 973 7700 1073 1757 7701 1074 1752 7702 1089 973 7703 1072 975 7704 1071 1023 7705 1107 976 7706 1119 978 7707 1044 1745 7708 1128 944 7709 1091 980 7710 1060 947 7711 1056 981 7712 1075 983 7713 1074 968 7714 1132 967 7715 1078 961 7716 1088 972 7717 1079 985 7718 1105 949 7719 1097 1000 7720 1077 986 7721 1079 985 7722 1088 972 7723 1080 988 7724 1088 972 7725 1086 1756 7726 1087 989 7727 1082 990 7728 1080 988 7729 1087 989 7730 1083 992 7731 1092 1758 7732 1094 993 7733 1084 940 7734 1081 939 7735 1082 994 7736 1090 991 7737 1087 989 7738 1089 973 7739 1087 989 7740 1086 1756 7741 1085 965 7742 1086 1756 7743 1068 971 7744 1085 965 7745 1082 990 7746 1090 991 7747 1093 996 7748 1090 991 7749 1089 973 7750 1091 1759 7751 1093 996 7752 1090 991 7753 1091 1759 7754 1089 973 7755 1074 1752 7756 1075 964 7757 1075 964 7758 1091 1759 7759 1089 973 7760 1092 997 7761 1083 1760 7762 1082 990 7763 1077 986 7764 1097 1000 7765 1061 1761 7766 1097 1000 7767 1100 1002 7768 1102 998 7769 1061 1761 7770 1097 1000 7771 1095 999 7772 1100 1002 7773 1099 1762 7774 1102 998 7775 1097 1000 7776 1105 949 7777 1104 1001 7778 1081 939 7779 1048 1021 7780 1106 951 7781 1106 951 7782 1080 950 7783 1081 939 7784 1109 1003 7785 1110 1763 7786 1112 1004 7787 1114 1005 7788 1115 1764 7789 1113 1006 7790 1110 1765 7791 1109 1766 7792 1108 925 7793 1109 1766 7794 1113 1008 7795 1108 925 7796 1110 1765 7797 1108 925 7798 1111 1743 7799 1113 1008 7800 1065 1753 7801 1064 1007 7802 1123 1016 7803 1127 1767 7804 1115 1764 7805 1127 1767 7806 1116 977 7807 1107 976 7808 1115 1764 7809 1127 1767 7810 1107 976 7811 1114 1005 7812 1112 1004 7813 1118 1009 7814 1115 1764 7815 1114 1005 7816 1120 1010 7817 1123 1016 7818 1115 1764 7819 1120 1010 7820 1117 979 7821 1121 1015 7822 1120 1010 7823 1120 1010 7824 1118 1009 7825 1117 979 7826 1045 1768 7827 1044 1769 7828 1053 1770 7829 1044 1769 7830 1119 1771 7831 1053 1770 7832 1118 1012 7833 1112 1772 7834 1111 1773 7835 1112 1772 7836 1110 1774 7837 1111 1773 7838 1053 1770 7839 1119 1771 7840 1052 1775 7841 1119 1771 7842 1118 1012 7843 1052 1775 7844 1047 1776 7845 1054 1011 7846 1098 1777 7847 1054 1011 7848 1052 1775 7849 1118 1012 7850 1118 1012 7851 1111 1773 7852 1035 1013 7853 1035 1013 7854 1098 1777 7855 1054 1011 7856 1125 1014 7857 1123 1016 7858 1120 1010 7859 1122 1017 7860 1124 1018 7861 1127 1767 7862 1127 1767 7863 1123 1016 7864 1122 1017 7865 1116 977 7866 1127 1767 7867 1126 1755 7868 1127 1767 7869 1124 1018 7870 1126 1755 7871 1126 1755 7872 1073 969 7873 1116 977 7874 1121 1015 7875 1117 979 7876 1129 943 7877 1117 979 7878 1128 944 7879 1129 943 7880 1129 943 7881 1130 945 7882 1125 1014 7883 1130 945 7884 1122 1017 7885 1125 1014 7886 1130 945 7887 1131 1747 7888 1124 1018 7889 1131 1747 7890 1126 1755 7891 1124 1018 7892 1047 1020 7893 1098 1778 7894 1101 1779 7895 1101 1779 7896 1099 1762 7897 1100 1002 7898 1104 1001 7899 1106 951 7900 1101 1779 7901 1106 951 7902 1048 1021 7903 1047 1020 7904 1101 1779 7905 1106 951 7906 1047 1020 7907 1101 1779 7908 1100 1002 7909 1104 1001 7910 1036 926 7911 1108 925 7912 1039 1022 7913 1108 925 7914 1064 1007 7915 1039 1022 7916 1064 1007 7917 1070 935 7918 1043 930 7919 1043 930 7920 1038 928 7921 1064 1007 7922 1094 993 7923 1092 1758 7924 1056 981 7925 1092 1758 7926 1093 982 7927 1056 981 7928 1056 981 7929 1057 959 7930 1094 993 7931 1065 1025 7932 1113 1006 7933 1115 1764 7934 1115 1764 7935 1107 976 7936 1065 1025 7937 1107 976 7938 1071 1023 7939 1065 1025 7940 1227 1026 7941 1224 1126 7942 1135 1027 7943 1135 1027 7944 1224 1126 7945 1138 1030 7946 1224 1126 7947 1164 1031 7948 1138 1030 7949 1164 1031 7950 1169 1148 7951 1142 1035 7952 1142 1035 7953 1137 1029 7954 1164 1031 7955 1135 1027 7956 1138 1030 7957 1136 1033 7958 1136 1033 7959 1134 1032 7960 1135 1027 7961 1136 1033 7962 1138 1030 7963 1137 1029 7964 1139 1034 7965 1137 1029 7966 1140 1037 7967 1137 1029 7968 1142 1035 7969 1140 1037 7970 1192 1040 7971 1201 1780 7972 1195 1038 7973 1201 1780 7974 1202 1042 7975 1195 1038 7976 1136 1033 7977 1139 1034 7978 1200 1781 7979 1139 1034 7980 1140 1037 7981 1202 1042 7982 1200 1781 7983 1139 1034 7984 1201 1780 7985 1202 1042 7986 1201 1780 7987 1139 1034 7988 1200 1781 7989 1199 1782 7990 1136 1033 7991 1199 1782 7992 1196 1041 7993 1136 1033 7994 1198 41 7995 1134 1032 7996 1197 41 7997 1134 1032 7998 1136 1033 7999 1196 1041 8000 1202 1042 8001 1140 1037 8002 1141 1036 8003 1179 1043 8004 1191 1086 8005 1151 1044 8006 1144 1047 8007 1174 1077 8008 1146 1048 8009 1174 1077 8010 1251 1076 8011 1250 1147 8012 1146 1048 8013 1174 1077 8014 1249 1146 8015 1250 1147 8016 1145 1144 8017 1174 1077 8018 1145 1144 8019 1249 1146 8020 1174 1077 8021 1159 1051 8022 1160 1059 8023 1174 1783 8024 1174 1783 8025 1144 1049 8026 1159 1051 8027 1150 1053 8028 1147 1784 8029 1148 1152 8030 1147 1784 8031 1219 1785 8032 1218 1786 8033 1148 1152 8034 1147 1784 8035 1218 1786 8036 1149 1112 8037 1221 1110 8038 1150 1053 8039 1221 1110 8040 1222 1054 8041 1150 1053 8042 1148 1152 8043 1149 1112 8044 1150 1053 8045 1222 1054 8046 1177 1081 8047 1179 1052 8048 1155 1055 8049 1158 1060 8050 1152 1056 8051 1147 1058 8052 1150 1045 8053 1155 1055 8054 1150 1045 8055 1151 1044 8056 1155 1055 8057 1151 1044 8058 1157 1061 8059 1155 1055 8060 1152 1056 8061 1158 1060 8062 1159 1051 8063 1156 1074 8064 1160 1059 8065 1157 1061 8066 1160 1059 8067 1159 1051 8068 1158 1060 8069 1158 1060 8070 1155 1055 8071 1157 1061 8072 1193 1039 8073 1162 1787 8074 1161 1062 8075 1163 1063 8076 1170 1788 8077 1180 1064 8078 1193 1039 8079 1169 1148 8080 1162 1787 8081 1169 1148 8082 1164 1031 8083 1166 1789 8084 1162 1787 8085 1169 1148 8086 1166 1789 8087 1164 1031 8088 1165 1790 8089 1163 1066 8090 1167 41 8091 1166 1789 8092 1164 1031 8093 1167 1065 8094 1180 1064 8095 1168 1067 8096 1181 1070 8097 1185 1088 8098 1162 1069 8099 1185 1088 8100 1175 1083 8101 1162 1069 8102 1175 1083 8103 1161 1791 8104 1162 1069 8105 1162 1069 8106 1166 1068 8107 1168 1067 8108 1168 1067 8109 1182 1087 8110 1181 1070 8111 1180 1064 8112 1170 1788 8113 1171 1073 8114 1170 1788 8115 1172 1071 8116 1171 1073 8117 1172 1071 8118 1186 1090 8119 1183 1072 8120 1190 1075 8121 1173 1792 8122 1160 1059 8123 1173 1792 8124 1174 1783 8125 1160 1059 8126 1173 1078 8127 1172 1793 8128 1251 1076 8129 1172 1793 8130 1170 1119 8131 1234 1134 8132 1170 1119 8133 1223 1132 8134 1234 1134 8135 1234 1134 8136 1246 1794 8137 1172 1793 8138 1246 1794 8139 1251 1076 8140 1172 1793 8141 1179 1052 8142 1177 1081 8143 1178 1080 8144 1177 1081 8145 1176 1115 8146 1175 1079 8147 1175 1079 8148 1176 1115 8149 1208 1151 8150 1208 1151 8151 1194 1095 8152 1175 1079 8153 1194 1095 8154 1192 1795 8155 1161 1796 8156 1175 1079 8157 1194 1095 8158 1161 1796 8159 1185 1088 8160 1187 1084 8161 1175 1083 8162 1187 1084 8163 1188 1797 8164 1178 1082 8165 1188 1797 8166 1189 1798 8167 1178 1082 8168 1178 1085 8169 1189 1799 8170 1191 1086 8171 1180 1064 8172 1171 1073 8173 1182 1087 8174 1185 1088 8175 1181 1070 8176 1184 1089 8177 1186 1090 8178 1188 1797 8179 1184 1089 8180 1188 1797 8181 1187 1084 8182 1184 1089 8183 1189 1798 8184 1188 1797 8185 1190 1092 8186 1188 1797 8187 1186 1090 8188 1190 1092 8189 1186 1090 8190 1172 1071 8191 1173 1091 8192 1207 1093 8193 1206 1105 8194 1200 1104 8195 1201 1094 8196 1192 1795 8197 1194 1095 8198 1207 1093 8199 1200 1104 8200 1201 1094 8201 1205 1096 8202 1203 1108 8203 1197 1097 8204 1205 1096 8205 1196 1098 8206 1199 1099 8207 1209 1101 8208 1211 1106 8209 1213 1102 8210 1204 1100 8211 1199 1099 8212 1200 1104 8213 1206 1105 8214 1211 1106 8215 1204 1100 8216 1211 1106 8217 1209 1101 8218 1205 1096 8219 1209 1101 8220 1203 1108 8221 1205 1096 8222 1203 1108 8223 1209 1101 8224 1198 1107 8225 1209 1101 8226 1210 1103 8227 1219 1785 8228 1210 1103 8229 1218 1786 8230 1219 1785 8231 1219 1785 8232 1198 1107 8233 1209 1101 8234 1207 1093 8235 1216 1150 8236 1220 1111 8237 1216 1150 8238 1215 1149 8239 1220 1111 8240 1220 1111 8241 1214 1109 8242 1207 1093 8243 1214 1109 8244 1212 1113 8245 1206 1105 8246 1212 1113 8247 1213 1102 8248 1211 1106 8249 1211 1106 8250 1206 1105 8251 1212 1113 8252 1221 1110 8253 1149 1112 8254 1214 1109 8255 1149 1112 8256 1148 1152 8257 1212 1113 8258 1177 1081 8259 1222 1054 8260 1217 1114 8261 1228 1116 8262 1225 1800 8263 1231 1117 8264 1165 1121 8265 1229 1122 8266 1233 1801 8267 1229 1122 8268 1232 1123 8269 1233 1801 8270 1233 1801 8271 1223 1132 8272 1165 1121 8273 1223 1132 8274 1170 1119 8275 1165 1121 8276 1229 1122 8277 1228 1116 8278 1230 1118 8279 1228 1125 8280 1229 1802 8281 1224 1126 8282 1229 1802 8283 1165 1790 8284 1164 1031 8285 1164 1031 8286 1224 1126 8287 1229 1802 8288 1224 1126 8289 1227 1026 8290 1226 1803 8291 1226 1803 8292 1225 1124 8293 1224 1126 8294 1235 1131 8295 1231 1117 8296 1236 1128 8297 1231 1117 8298 1225 1800 8299 1226 1127 8300 1236 1128 8301 1226 1127 8302 1238 1129 8303 1238 1129 8304 1239 1804 8305 1237 1130 8306 1235 1131 8307 1240 1136 8308 1230 1118 8309 1240 1136 8310 1232 1123 8311 1230 1118 8312 1223 1132 8313 1233 1801 8314 1245 1133 8315 1236 1128 8316 1237 1130 8317 1235 1131 8318 1237 1130 8319 1242 1135 8320 1235 1131 8321 1144 1805 8322 1143 1806 8323 1153 1807 8324 1143 1806 8325 1239 1138 8326 1153 1807 8327 1238 1808 8328 1226 1809 8329 1227 1810 8330 1239 1138 8331 1238 1808 8332 1133 1811 8333 1238 1808 8334 1227 1810 8335 1133 1811 8336 1152 1812 8337 1153 1807 8338 1239 1138 8339 1219 1813 8340 1147 1814 8341 1154 1137 8342 1154 1137 8343 1152 1812 8344 1239 1138 8345 1239 1138 8346 1133 1811 8347 1134 1139 8348 1134 1139 8349 1198 1815 8350 1219 1813 8351 1219 1813 8352 1154 1137 8353 1134 1139 8354 1247 1141 8355 1246 1794 8356 1234 1134 8357 1234 1134 8358 1245 1133 8359 1247 1141 8360 1243 1145 8361 1248 1143 8362 1245 1133 8363 1248 1143 8364 1244 1140 8365 1245 1133 8366 1245 1133 8367 1233 1801 8368 1243 1145 8369 1233 1801 8370 1232 1123 8371 1243 1145 8372 1232 1123 8373 1240 1136 8374 1241 1142 8375 1243 1145 8376 1232 1123 8377 1241 1142 8378 1237 1130 8379 1239 1804 8380 1143 1046 8381 1143 1046 8382 1146 1048 8383 1237 1130 8384 1146 1048 8385 1241 1142 8386 1242 1135 8387 1145 1144 8388 1250 1147 8389 1244 1140 8390 1250 1147 8391 1247 1141 8392 1244 1140 8393 1145 1144 8394 1248 1143 8395 1243 1145 8396 1249 1146 8397 1243 1145 8398 1241 1142 8399 1251 1076 8400 1246 1794 8401 1247 1141 8402 1193 1039 8403 1195 1038 8404 1141 1036 8405 1141 1036 8406 1142 1035 8407 1169 1148 8408 1184 1089 8409 1181 1070 8410 1182 1087 8411 1182 1087 8412 1171 1073 8413 1183 1072 8414 1191 1086 8415 1189 1799 8416 1156 1074 8417 1189 1799 8418 1190 1075 8419 1156 1074 8420 1156 1074 8421 1157 1061 8422 1151 1044 8423 1217 1114 8424 1222 1054 8425 1215 1149 8426 1222 1054 8427 1221 1110 8428 1215 1149 8429 1208 1151 8430 1176 1115 8431 1217 1114 8432 1217 1114 8433 1215 1149 8434 1216 1150 8435 1148 1152 8436 1218 1786 8437 1213 1102 8438 1218 1786 8439 1210 1103 8440 1213 1102 8441 1216 1150 8442 1207 1093 8443 1194 1095 8444 1287 15 8445 1252 15 8446 1260 15 8447 1259 15 8448 1260 15 8449 1313 15 8450 1313 15 8451 1260 15 8452 1254 15 8453 1260 15 8454 1252 15 8455 1253 15 8456 1318 1153 8457 1258 1157 8458 1257 1154 8459 1253 15 8460 1334 15 8461 1255 1156 8462 1334 15 8463 1256 1816 8464 1255 1156 8465 1255 1156 8466 1258 1157 8467 1254 15 8468 1258 1157 8469 1318 1153 8470 1254 15 8471 1255 1156 8472 1256 1816 8473 1257 1154 8474 1261 9 8475 1267 9 8476 1262 9 8477 1271 48 8478 1269 48 8479 1270 48 8480 1269 48 8481 1275 48 8482 1273 48 8483 1262 15 8484 1267 1160 8485 1263 1159 8486 1267 1160 8487 1268 1817 8488 1266 1161 8489 1262 15 8490 1263 1159 8491 1264 15 8492 1282 9 8493 1268 9 8494 1267 9 8495 1271 7 8496 1270 7 8497 1284 7 8498 1262 9 8499 1265 9 8500 1280 1158 8501 1265 9 8502 1278 1162 8503 1280 1158 8504 1276 59 8505 1279 59 8506 1274 59 8507 1279 1164 8508 1278 1167 8509 1350 1165 8510 1279 9 8511 1276 9 8512 1275 9 8513 1275 48 8514 1276 48 8515 1274 48 8516 1265 1166 8517 1264 59 8518 1350 1165 8519 1278 1162 8520 1279 9 8521 1272 9 8522 1269 9 8523 1271 9 8524 1283 9 8525 1271 9 8526 1281 9 8527 1283 9 8528 1281 9 8529 1282 9 8530 1261 9 8531 1275 9 8532 1269 9 8533 1283 9 8534 1268 7 8535 1282 7 8536 1266 7 8537 1282 7 8538 1281 7 8539 1284 7 8540 1289 59 8541 1290 59 8542 1307 59 8543 1291 59 8544 1305 59 8545 1292 59 8546 1306 59 8547 1310 59 8548 1309 59 8549 1305 59 8550 1291 59 8551 1289 59 8552 1306 59 8553 1309 59 8554 1305 59 8555 1294 59 8556 1296 59 8557 1301 59 8558 1286 59 8559 1285 59 8560 1297 59 8561 1285 59 8562 1302 59 8563 1312 59 8564 1307 59 8565 1311 59 8566 1310 59 8567 1304 59 8568 1292 59 8569 1305 59 8570 1296 59 8571 1308 59 8572 1303 59 8573 1292 59 8574 1304 59 8575 1308 59 8576 1308 59 8577 1296 59 8578 1292 59 8579 1296 59 8580 1294 59 8581 1292 59 8582 1285 59 8583 1286 59 8584 1287 59 8585 1287 59 8586 1299 59 8587 1302 59 8588 1299 59 8589 1298 59 8590 1302 59 8591 1301 59 8592 1303 59 8593 1300 59 8594 1303 59 8595 1326 59 8596 1331 59 8597 1300 59 8598 1303 59 8599 1331 59 8600 1298 59 8601 1326 59 8602 1309 59 8603 1326 59 8604 1303 59 8605 1308 59 8606 1308 59 8607 1304 59 8608 1326 59 8609 1304 59 8610 1309 59 8611 1326 59 8612 1312 59 8613 1302 59 8614 1298 59 8615 1310 59 8616 1311 59 8617 1298 59 8618 1311 59 8619 1312 59 8620 1298 59 8621 1297 59 8622 1312 59 8623 1311 59 8624 1307 59 8625 1290 59 8626 1288 59 8627 1297 59 8628 1311 59 8629 1307 59 8630 1299 41 8631 1313 41 8632 1315 41 8633 1313 41 8634 1318 41 8635 1315 41 8636 1318 41 8637 1317 41 8638 1315 41 8639 1337 41 8640 1320 41 8641 1322 41 8642 1319 41 8643 1337 41 8644 1317 41 8645 1322 41 8646 1320 41 8647 1321 41 8648 1317 41 8649 1322 41 8650 1328 41 8651 1328 41 8652 1322 41 8653 1323 41 8654 1326 41 8655 1316 41 8656 1325 41 8657 1314 41 8658 1328 41 8659 1298 41 8660 1328 41 8661 1327 41 8662 1298 41 8663 1327 41 8664 1316 41 8665 1326 41 8666 1326 41 8667 1298 41 8668 1327 41 8669 1316 41 8670 1327 41 8671 1323 41 8672 1323 41 8673 1330 41 8674 1316 41 8675 1323 41 8676 1321 41 8677 1324 41 8678 1329 1168 8679 1330 1171 8680 1324 1169 8681 1330 1171 8682 1329 1168 8683 1348 48 8684 1331 48 8685 1325 48 8686 1348 48 8687 1256 7 8688 1332 7 8689 1333 7 8690 1344 7 8691 1338 7 8692 1321 1172 8693 1321 1172 8694 1338 7 8695 1347 1173 8696 1337 7 8697 1335 7 8698 1344 7 8699 1333 7 8700 1336 7 8701 1319 7 8702 1332 7 8703 1256 7 8704 1334 7 8705 1335 7 8706 1337 7 8707 1332 7 8708 1337 7 8709 1336 7 8710 1333 7 8711 1333 7 8712 1332 7 8713 1337 7 8714 1340 1175 8715 1252 9 8716 1287 9 8717 1342 1178 8718 1343 1182 8719 1340 1175 8720 1343 1182 8721 1252 9 8722 1340 1175 8723 1345 1179 8724 1344 1818 8725 1335 1180 8726 1342 1178 8727 1335 1180 8728 1334 1181 8729 1338 1183 8730 1344 1818 8731 1345 1179 8732 1350 1185 8733 1345 1179 8734 1342 1178 8735 1346 1184 8736 1345 1179 8737 1350 1185 8738 1348 9 8739 1341 1188 8740 1295 1187 8741 1350 1185 8742 1339 1177 8743 1286 1176 8744 1339 1177 8745 1340 1175 8746 1286 1176 8747 1286 1176 8748 1295 1819 8749 1349 1186 8750 1295 1187 8751 1341 1188 8752 1349 1186 8753 1341 1188 8754 1348 9 8755 1329 1190 8756 1329 1190 8757 1346 1184 8758 1341 1188 8759 1347 1189 8760 1338 1183 8761 1346 1184 8762 1351 41 8763 1352 41 8764 1357 41 8765 1354 15 8766 1375 15 8767 1374 15 8768 1362 9 8769 1354 9 8770 1353 9 8771 1380 1205 8772 1379 1207 8773 1351 1191 8774 1351 1191 8775 1359 48 8776 1363 48 8777 1363 48 8778 1356 48 8779 1376 1192 8780 1376 1192 8781 1380 1205 8782 1351 1191 8783 1367 41 8784 1359 41 8785 1357 41 8786 1367 48 8787 1360 48 8788 1363 48 8789 1354 15 8790 1371 1198 8791 1375 15 8792 1371 1198 8793 1358 1193 8794 1373 1194 8795 1375 15 8796 1371 1198 8797 1373 1194 8798 1354 9 8799 1362 9 8800 1365 9 8801 1361 48 8802 1365 48 8803 1362 1195 8804 1363 48 8805 1360 48 8806 1356 48 8807 1360 48 8808 1369 48 8809 1361 48 8810 1356 48 8811 1360 48 8812 1361 48 8813 1369 48 8814 1364 48 8815 1361 48 8816 1364 48 8817 1366 48 8818 1365 48 8819 1368 48 8820 1369 48 8821 1360 48 8822 1368 41 8823 1367 41 8824 1358 41 8825 1370 7 8826 1372 7 8827 1364 7 8828 1372 7 8829 1366 7 8830 1364 7 8831 1364 7 8832 1369 7 8833 1370 7 8834 1370 1197 8835 1358 1193 8836 1371 1198 8837 1372 9 8838 1371 9 8839 1365 9 8840 1373 1194 8841 1357 15 8842 1352 15 8843 1375 15 8844 1373 1194 8845 1383 1200 8846 1378 1201 8847 1376 1192 8848 1355 1196 8849 1376 1192 8850 1356 48 8851 1355 1196 8852 1377 1202 8853 1380 1205 8854 1376 1192 8855 1352 41 8856 1351 41 8857 1379 41 8858 1382 9 8859 1377 9 8860 1378 9 8861 1353 15 8862 1374 15 8863 1382 1204 8864 1374 15 8865 1383 1200 8866 1382 1204 8867 1382 1204 8868 1383 1200 8869 1381 1203 8870 1381 1203 8871 1387 15 8872 1388 15 8873 1384 59 8874 1388 59 8875 1385 59 8876 1388 59 8877 1387 59 8878 1385 59 8879 1382 9 8880 1388 9 8881 1384 9 8882 1379 41 8883 1386 41 8884 1387 41 8885 1380 1205 8886 1385 1208 8887 1386 1206 8888 1377 1202 8889 1384 48 8890 1385 1208 8891 1390 48 8892 1392 48 8893 1389 48 8894 1391 48 8895 1393 48 8896 1392 48 8897 1394 48 8898 1393 48 8899 1391 48 8900 1432 1209 8901 1401 15 8902 1402 15 8903 1394 48 8904 1396 48 8905 1395 48 8906 1396 48 8907 1397 48 8908 1395 48 8909 1398 48 8910 1424 48 8911 1423 48 8912 1400 15 8913 1403 1210 8914 1402 15 8915 1416 1211 8916 1406 1213 8917 1403 1210 8918 1407 15 8919 1405 15 8920 1404 15 8921 1417 1214 8922 1407 15 8923 1406 1213 8924 1408 1215 8925 1407 15 8926 1417 1214 8927 1408 1215 8928 1409 1820 8929 1405 15 8930 1426 1216 8931 1438 1821 8932 1408 1215 8933 1438 1821 8934 1409 1820 8935 1408 1215 8936 1402 15 8937 1411 15 8938 1410 15 8939 1401 15 8940 1431 15 8941 1411 15 8942 1413 9 8943 1415 9 8944 1414 9 8945 1420 9 8946 1418 9 8947 1415 9 8948 1419 9 8949 1417 9 8950 1416 9 8951 1421 9 8952 1419 9 8953 1418 9 8954 1422 9 8955 1419 9 8956 1421 9 8957 1422 9 8958 1425 9 8959 1417 9 8960 1424 9 8961 1426 9 8962 1422 9 8963 1426 9 8964 1425 9 8965 1422 9 8966 1406 1213 8967 1404 1212 8968 1432 1209 8969 1414 9 8970 1428 9 8971 1427 9 8972 1399 9 8973 1410 9 8974 1428 9 8975 1432 41 8976 1433 41 8977 1430 41 8978 1404 41 8979 1434 41 8980 1433 41 8981 1435 41 8982 1434 41 8983 1404 41 8984 1435 41 8985 1437 1217 8986 1436 1822 8987 1437 1217 8988 1438 1823 8989 1436 1822 8990 1440 41 8991 1397 41 8992 1439 41 8993 1398 1220 8994 1397 7 8995 1440 1218 8996 1440 1218 8997 1438 1824 8998 1426 1219 8999 1426 1219 9000 1424 7 9001 1398 1220 9002 1439 41 9003 1391 41 9004 1434 41 9005 1393 48 9006 1395 48 9007 1423 48 9008 1433 41 9009 1434 41 9010 1391 41 9011 1393 48 9012 1420 48 9013 1413 48 9014 1418 9 9015 1416 9 9016 1400 9 9017 1414 9 9018 1415 9 9019 1400 9 9020 1413 48 9021 1427 48 9022 1389 48 9023 1433 41 9024 1390 41 9025 1429 41 9026 1449 1221 9027 1441 15 9028 1476 15 9029 1502 1223 9030 1449 1221 9031 1448 1222 9032 1441 15 9033 1449 1221 9034 1442 1225 9035 1449 1221 9036 1502 1223 9037 1443 1226 9038 1446 1227 9039 1447 1230 9040 1507 1228 9041 1442 1225 9042 1443 1226 9043 1444 1229 9044 1443 1226 9045 1507 15 9046 1447 1230 9047 1447 1230 9048 1444 1229 9049 1443 1226 9050 1445 15 9051 1523 15 9052 1444 1229 9053 1446 1227 9054 1445 15 9055 1444 1229 9056 1450 1231 9057 1469 1239 9058 1451 1232 9059 1464 1825 9060 1458 48 9061 1462 1233 9062 1458 48 9063 1460 48 9064 1459 48 9065 1457 15 9066 1456 15 9067 1455 15 9068 1456 15 9069 1451 1236 9070 1452 1234 9071 1453 1235 9072 1452 1234 9073 1451 1236 9074 1456 41 9075 1457 41 9076 1471 41 9077 1473 1238 9078 1459 7 9079 1460 7 9080 1467 41 9081 1454 1826 9082 1469 1239 9083 1454 1826 9084 1451 1232 9085 1469 1239 9086 1467 59 9087 1468 59 9088 1539 1240 9089 1468 59 9090 1465 59 9091 1463 59 9092 1464 41 9093 1465 41 9094 1468 41 9095 1464 1825 9096 1462 1233 9097 1463 1827 9098 1539 1240 9099 1453 1828 9100 1454 1241 9101 1461 41 9102 1468 41 9103 1467 41 9104 1470 41 9105 1460 41 9106 1472 41 9107 1460 41 9108 1458 41 9109 1472 41 9110 1472 41 9111 1450 1231 9112 1470 41 9113 1472 41 9114 1458 41 9115 1464 41 9116 1470 7 9117 1471 1242 9118 1473 1238 9119 1471 1242 9120 1457 7 9121 1455 1243 9122 1495 59 9123 1496 59 9124 1479 59 9125 1481 59 9126 1494 59 9127 1480 59 9128 1498 59 9129 1499 59 9130 1495 59 9131 1495 59 9132 1478 59 9133 1480 59 9134 1494 59 9135 1498 59 9136 1495 59 9137 1490 59 9138 1485 59 9139 1483 59 9140 1486 59 9141 1474 59 9142 1475 59 9143 1486 59 9144 1501 59 9145 1491 59 9146 1499 59 9147 1500 59 9148 1496 59 9149 1494 59 9150 1481 59 9151 1493 59 9152 1492 59 9153 1497 59 9154 1485 59 9155 1497 59 9156 1493 59 9157 1481 59 9158 1481 59 9159 1482 59 9160 1483 59 9161 1485 59 9162 1497 59 9163 1481 59 9164 1476 59 9165 1475 59 9166 1474 59 9167 1491 59 9168 1487 59 9169 1488 59 9170 1476 59 9171 1474 59 9172 1491 59 9173 1515 59 9174 1492 59 9175 1520 59 9176 1492 59 9177 1490 59 9178 1489 59 9179 1490 59 9180 1484 59 9181 1489 59 9182 1492 59 9183 1515 59 9184 1497 59 9185 1515 59 9186 1487 59 9187 1498 59 9188 1497 59 9189 1515 59 9190 1493 59 9191 1487 59 9192 1491 59 9193 1501 59 9194 1500 59 9195 1499 59 9196 1487 59 9197 1499 59 9198 1498 59 9199 1487 59 9200 1487 59 9201 1501 59 9202 1500 59 9203 1500 59 9204 1501 59 9205 1496 59 9206 1501 59 9207 1486 59 9208 1496 59 9209 1486 59 9210 1477 59 9211 1479 59 9212 1504 9 9213 1502 9 9214 1488 9 9215 1506 9 9216 1507 9 9217 1504 9 9218 1507 9 9219 1502 9 9220 1504 9 9221 1511 9 9222 1509 9 9223 1526 9 9224 1506 9 9225 1526 9 9226 1508 9 9227 1510 9 9228 1509 9 9229 1511 9 9230 1517 9 9231 1511 9 9232 1506 9 9233 1512 9 9234 1511 9 9235 1517 9 9236 1514 9 9237 1505 9 9238 1515 9 9239 1503 9 9240 1504 9 9241 1487 9 9242 1487 9 9243 1515 9 9244 1516 9 9245 1515 9 9246 1505 9 9247 1516 9 9248 1516 9 9249 1517 9 9250 1487 9 9251 1505 9 9252 1514 9 9253 1519 9 9254 1519 9 9255 1512 9 9256 1505 9 9257 1513 9 9258 1510 9 9259 1512 9 9260 1513 1244 9261 1519 1247 9262 1518 1245 9263 1537 1246 9264 1518 1245 9265 1519 1247 9266 1537 1246 9267 1514 1248 9268 1520 1249 9269 1522 7 9270 1521 7 9271 1445 7 9272 1510 1251 9273 1527 1829 9274 1533 1252 9275 1536 1254 9276 1527 1829 9277 1510 1251 9278 1509 1253 9279 1533 1252 9280 1524 7 9281 1508 7 9282 1525 7 9283 1522 7 9284 1521 7 9285 1522 7 9286 1526 7 9287 1522 7 9288 1525 7 9289 1526 7 9290 1521 7 9291 1526 7 9292 1524 7 9293 1524 7 9294 1523 7 9295 1521 7 9296 1476 41 9297 1441 41 9298 1529 1255 9299 1441 41 9300 1532 1261 9301 1529 1255 9302 1532 1261 9303 1531 1257 9304 1529 1255 9305 1524 1259 9306 1533 41 9307 1534 41 9308 1523 1830 9309 1524 1259 9310 1531 1257 9311 1534 41 9312 1533 41 9313 1527 41 9314 1531 1257 9315 1534 41 9316 1539 1262 9317 1539 1262 9318 1534 41 9319 1535 41 9320 1484 1264 9321 1530 41 9322 1537 41 9323 1528 1258 9324 1539 1262 9325 1475 1256 9326 1539 1262 9327 1538 1263 9328 1475 1256 9329 1538 1263 9330 1530 41 9331 1484 1264 9332 1484 1264 9333 1475 1831 9334 1538 1263 9335 1530 41 9336 1538 1263 9337 1535 41 9338 1535 41 9339 1518 41 9340 1530 41 9341 1535 41 9342 1527 41 9343 1536 41 9344 1546 9 9345 1541 9 9346 1540 9 9347 1563 15 9348 1564 15 9349 1543 15 9350 1542 41 9351 1543 41 9352 1551 41 9353 1540 48 9354 1568 1280 9355 1569 1279 9356 1565 48 9357 1545 48 9358 1552 48 9359 1540 48 9360 1569 1279 9361 1565 48 9362 1552 48 9363 1548 48 9364 1540 48 9365 1546 9 9366 1548 9 9367 1556 9 9368 1552 48 9369 1549 48 9370 1556 48 9371 1547 1267 9372 1560 1268 9373 1562 1265 9374 1560 1268 9375 1543 15 9376 1564 15 9377 1564 15 9378 1562 1265 9379 1560 1268 9380 1554 41 9381 1551 41 9382 1543 41 9383 1551 48 9384 1554 48 9385 1550 48 9386 1558 48 9387 1549 48 9388 1550 48 9389 1549 48 9390 1552 48 9391 1545 48 9392 1545 48 9393 1544 48 9394 1550 48 9395 1549 48 9396 1545 48 9397 1550 48 9398 1554 48 9399 1555 48 9400 1553 48 9401 1549 48 9402 1558 48 9403 1557 48 9404 1547 9 9405 1556 9 9406 1557 9 9407 1555 7 9408 1561 7 9409 1553 7 9410 1561 7 9411 1559 7 9412 1553 7 9413 1559 7 9414 1557 7 9415 1558 7 9416 1560 1268 9417 1547 1267 9418 1559 1269 9419 1554 41 9420 1560 41 9421 1561 41 9422 1541 1270 9423 1546 1266 9424 1562 1265 9425 1572 1271 9426 1562 1265 9427 1564 15 9428 1545 48 9429 1565 48 9430 1544 48 9431 1565 48 9432 1567 48 9433 1544 48 9434 1565 48 9435 1569 1279 9436 1566 48 9437 1568 9 9438 1540 9 9439 1541 9 9440 1567 41 9441 1566 41 9442 1571 41 9443 1572 1271 9444 1563 15 9445 1571 1274 9446 1563 15 9447 1542 15 9448 1571 1274 9449 1572 1271 9450 1571 1274 9451 1570 1272 9452 1577 1273 9453 1576 15 9454 1570 1272 9455 1576 1277 9456 1577 59 9457 1574 1275 9458 1577 59 9459 1573 59 9460 1574 1275 9461 1573 41 9462 1577 41 9463 1571 41 9464 1576 9 9465 1575 9 9466 1568 9 9467 1575 1278 9468 1574 1281 9469 1569 1279 9470 1574 1281 9471 1573 48 9472 1566 48 9473 1578 48 9474 1581 48 9475 1579 48 9476 1581 48 9477 1582 48 9478 1580 48 9479 1580 48 9480 1582 48 9481 1583 48 9482 1591 1282 9483 1590 1294 9484 1621 15 9485 1586 1285 9486 1585 48 9487 1584 1283 9488 1585 48 9489 1583 48 9490 1584 1283 9491 1612 1286 9492 1613 1832 9493 1587 1284 9494 1591 1282 9495 1592 15 9496 1589 15 9497 1592 15 9498 1595 15 9499 1605 15 9500 1593 15 9501 1594 1291 9502 1596 1287 9503 1595 15 9504 1596 1287 9505 1606 1288 9506 1606 1288 9507 1596 1287 9508 1597 1289 9509 1594 1291 9510 1598 1833 9511 1597 1289 9512 1598 1833 9513 1627 1834 9514 1597 1289 9515 1627 15 9516 1615 15 9517 1597 1289 9518 1599 1292 9519 1600 1835 9520 1591 1282 9521 1591 1282 9522 1600 1835 9523 1620 1293 9524 1603 41 9525 1604 41 9526 1602 41 9527 1604 41 9528 1607 41 9529 1609 41 9530 1605 41 9531 1606 41 9532 1608 41 9533 1607 41 9534 1608 41 9535 1610 41 9536 1610 41 9537 1608 41 9538 1611 41 9539 1606 41 9540 1614 41 9541 1611 41 9542 1614 41 9543 1615 41 9544 1611 41 9545 1615 41 9546 1613 41 9547 1611 41 9548 1621 15 9549 1593 15 9550 1595 15 9551 1616 41 9552 1617 41 9553 1603 41 9554 1617 41 9555 1599 41 9556 1588 41 9557 1619 9 9558 1622 9 9559 1621 9 9560 1622 9 9561 1623 9 9562 1593 9 9563 1593 9 9564 1623 9 9565 1624 9 9566 1627 1297 9567 1626 1295 9568 1625 1296 9569 1626 1295 9570 1624 9 9571 1625 1296 9572 1628 9 9573 1586 9 9574 1629 9 9575 1629 1300 9576 1586 1836 9577 1587 1298 9578 1587 1298 9579 1613 7 9580 1615 1299 9581 1615 1299 9582 1627 7 9583 1629 1300 9584 1623 9 9585 1580 9 9586 1628 9 9587 1612 1286 9588 1584 1283 9589 1582 48 9590 1580 9 9591 1623 9 9592 1622 9 9593 1602 48 9594 1609 48 9595 1582 48 9596 1589 41 9597 1605 41 9598 1607 41 9599 1589 41 9600 1604 41 9601 1603 41 9602 1578 48 9603 1616 48 9604 1602 48 9605 1618 9 9606 1579 9 9607 1622 9 9608 1631 1301 9609 1643 1311 9610 1644 59 9611 1632 1304 9612 1633 15 9613 1634 1318 9614 1651 1302 9615 1631 1320 9616 1642 1303 9617 1632 1304 9618 1634 1318 9619 1651 1302 9620 1646 41 9621 1648 41 9622 1630 41 9623 1648 41 9624 1641 41 9625 1640 41 9626 1641 1305 9627 1647 1837 9628 1637 1306 9629 1645 41 9630 1648 41 9631 1646 41 9632 1641 41 9633 1648 41 9634 1645 41 9635 1636 48 9636 1639 48 9637 1638 1307 9638 1639 48 9639 1644 48 9640 1638 1307 9641 1644 48 9642 1643 1315 9643 1638 1307 9644 1636 7 9645 1637 1313 9646 1650 1308 9647 1649 7 9648 1650 1308 9649 1634 1309 9650 1630 1310 9651 1640 59 9652 1643 1311 9653 1650 1308 9654 1645 1314 9655 1635 1312 9656 1637 1313 9657 1647 1838 9658 1645 1314 9659 1641 1305 9660 1638 1307 9661 1643 1315 9662 1635 1317 9663 1646 1839 9664 1651 1302 9665 1651 1302 9666 1646 1839 9667 1630 1319 9668 1632 9 9669 1642 9 9670 1644 9 9671 1639 9 9672 1636 9 9673 1649 9 9674 1632 9 9675 1644 9 9676 1639 9 9677 1649 9 9678 1633 9 9679 1632 9 9680 1653 1321 9681 1652 1329 9682 1663 1322 9683 1653 1324 9684 1664 1840 9685 1667 1325 9686 1661 48 9687 1658 1326 9688 1656 48 9689 1654 1328 9690 1656 48 9691 1658 1326 9692 1658 1326 9693 1659 48 9694 1657 1327 9695 1660 59 9696 1662 59 9697 1661 59 9698 1661 59 9699 1655 59 9700 1665 59 9701 1663 9 9702 1665 9 9703 1655 9 9704 1655 9 9705 1656 9 9706 1663 9 9707 1656 9 9708 1654 9 9709 1667 9 9710 1667 9 9711 1664 9 9712 1663 9 9713 1652 1329 9714 1660 1841 9715 1665 1330 9716 1666 7 9717 1667 1325 9718 1654 7 9719 1661 48 9720 1662 48 9721 1659 48 9722 1674 15 9723 1668 15 9724 1671 15 9725 1670 7 9726 1669 7 9727 1668 7 9728 1668 41 9729 1669 41 9730 1673 41 9731 1670 48 9732 1678 48 9733 1673 48 9734 1672 1331 9735 1671 59 9736 1673 59 9737 1679 15 9738 1674 15 9739 1672 15 9740 1679 7 9741 1682 7 9742 1674 7 9743 1682 7 9744 1675 7 9745 1670 7 9746 1670 48 9747 1675 48 9748 1685 48 9749 1678 1332 9750 1685 59 9751 1677 1333 9752 1677 1333 9753 1676 59 9754 1672 1331 9755 1680 15 9756 1679 15 9757 1676 15 9758 1688 48 9759 1691 48 9760 1690 48 9761 1681 7 9762 1687 7 9763 1675 7 9764 1683 59 9765 1676 59 9766 1677 1333 9767 1682 7 9768 1679 7 9769 1680 7 9770 1684 59 9771 1677 1333 9772 1685 59 9773 1688 9 9774 1686 9 9775 1689 9 9776 1680 7 9777 1686 7 9778 1681 7 9779 1686 7 9780 1688 7 9781 1681 7 9782 1675 48 9783 1687 48 9784 1690 48 9785 1691 59 9786 1689 59 9787 1684 59 9788 1689 59 9789 1683 59 9790 1684 59 9791 1686 1335 9792 1680 15 9793 1683 1334 9794 1694 41 9795 1692 41 9796 1715 41 9797 1692 41 9798 1698 41 9799 1734 41 9800 1715 41 9801 1692 41 9802 1734 41 9803 1698 41 9804 1733 41 9805 1734 41 9806 1732 1338 9807 1699 1339 9808 1692 1842 9809 1692 1842 9810 1694 1337 9811 1732 1338 9812 1704 1344 9813 1705 15 9814 1731 15 9815 1705 15 9816 1695 15 9817 1731 15 9818 1695 15 9819 1694 15 9820 1693 15 9821 1717 15 9822 1720 15 9823 1695 15 9824 1720 15 9825 1731 15 9826 1695 15 9827 1716 41 9828 1693 41 9829 1715 41 9830 1715 41 9831 1711 41 9832 1716 41 9833 1730 7 9834 1696 1340 9835 1732 1338 9836 1696 1340 9837 1697 1342 9838 1699 1339 9839 1697 1342 9840 1700 7 9841 1699 1339 9842 1701 9 9843 1702 9 9844 1745 9 9845 1707 1341 9846 1729 7 9847 1703 7 9848 1727 9 9849 1725 9 9850 1728 9 9851 1725 9 9852 1703 9 9853 1728 9 9854 1707 1341 9855 1696 1340 9856 1730 7 9857 1708 7 9858 1702 7 9859 1707 1341 9860 1702 7 9861 1697 1342 9862 1707 1341 9863 1722 1351 9864 1728 1843 9865 1704 1344 9866 1728 1843 9867 1706 1343 9868 1704 1344 9869 1697 1342 9870 1702 7 9871 1701 7 9872 1698 48 9873 1709 1844 9874 1752 1345 9875 1709 1844 9876 1753 1347 9877 1750 1352 9878 1750 1352 9879 1752 1345 9880 1709 1844 9881 1752 1345 9882 1737 48 9883 1733 48 9884 1737 48 9885 1736 48 9886 1733 48 9887 1710 7 9888 1709 7 9889 1701 7 9890 1709 7 9891 1698 7 9892 1700 7 9893 1698 7 9894 1692 1842 9895 1699 1339 9896 1700 7 9897 1701 7 9898 1709 7 9899 1747 1355 9900 1753 1347 9901 1748 1346 9902 1753 1347 9903 1709 1844 9904 1710 1348 9905 1702 9 9906 1708 9 9907 1743 9 9908 1735 41 9909 1738 41 9910 1736 41 9911 1738 41 9912 1734 41 9913 1736 41 9914 1719 1349 9915 1718 15 9916 1712 15 9917 1712 15 9918 1716 15 9919 1714 15 9920 1714 15 9921 1713 15 9922 1719 1349 9923 1717 15 9924 1693 15 9925 1716 15 9926 1720 15 9927 1717 15 9928 1712 15 9929 1721 1360 9930 1724 1350 9931 1719 1349 9932 1724 1350 9933 1731 15 9934 1718 15 9935 1731 15 9936 1720 15 9937 1718 15 9938 1704 1344 9939 1731 15 9940 1724 1350 9941 1725 59 9942 1727 59 9943 1726 59 9944 1703 7 9945 1729 7 9946 1705 7 9947 1729 7 9948 1730 7 9949 1705 7 9950 1730 7 9951 1732 1338 9952 1695 7 9953 1705 7 9954 1706 7 9955 1703 7 9956 1735 48 9957 1740 48 9958 1739 48 9959 1740 48 9960 1751 48 9961 1741 48 9962 1741 48 9963 1751 48 9964 1754 48 9965 1751 48 9966 1752 1345 9967 1750 1352 9968 1734 41 9969 1738 41 9970 1711 41 9971 1736 48 9972 1737 48 9973 1740 48 9974 1711 41 9975 1738 41 9976 1713 41 9977 1738 41 9978 1735 41 9979 1739 41 9980 1713 41 9981 1738 41 9982 1739 41 9983 1719 59 9984 1741 59 9985 1754 1353 9986 1750 1352 9987 1753 1347 9988 1747 1355 9989 1719 59 9990 1713 59 9991 1739 59 9992 1743 59 9993 1725 59 9994 1723 59 9995 1708 9 9996 1703 9 9997 1725 9 9998 1745 59 9999 1744 59 10000 1746 59 10001 1746 59 10002 1744 59 10003 1754 1353 10004 1744 59 10005 1742 1356 10006 1754 1353 10007 1742 1356 10008 1723 59 10009 1721 1354 10010 1723 59 10011 1726 59 10012 1721 1354 10013 1721 1354 10014 1754 1353 10015 1742 1356 10016 1710 9 10017 1701 9 10018 1749 9 10019 1749 1357 10020 1746 59 10021 1747 1358 10022 1743 59 10023 1742 1356 10024 1744 59 10025 1737 48 10026 1752 1345 10027 1751 48 10028 1726 1361 10029 1727 15 10030 1728 1843 10031 1722 1351 10032 1724 1350 10033 1721 1360 10034 1726 1361 10035 1728 1843 10036 1722 1351 10037 1652 41 10038 1653 41 10039 1666 41 10040 1666 41 10041 1657 41 10042 1659 41 10043 1659 41 10044 1662 41 10045 1660 41 10046 1660 41 10047 1652 41 10048 1659 41 10049 1769 59 10050 1768 59 10051 1756 59 10052 1759 15 10053 1758 15 10054 1757 15 10055 1757 15 10056 1767 15 10057 1756 15 10058 1776 15 10059 1759 15 10060 1757 15 10061 1766 9 10062 1773 9 10063 1765 9 10064 1773 9 10065 1771 9 10066 1755 9 10067 1762 48 10068 1772 48 10069 1766 48 10070 1771 9 10071 1773 9 10072 1770 9 10073 1770 9 10074 1773 9 10075 1766 9 10076 1769 48 10077 1764 48 10078 1763 48 10079 1764 48 10080 1761 48 10081 1763 48 10082 1761 48 10083 1762 48 10084 1763 48 10085 1775 1362 10086 1762 1368 10087 1761 1363 10088 1759 1365 10089 1775 1362 10090 1774 1364 10091 1768 59 10092 1765 59 10093 1755 59 10094 1760 1366 10095 1770 1367 10096 1775 1362 10097 1770 1367 10098 1772 7 10099 1762 1368 10100 1768 48 10101 1763 48 10102 1766 48 10103 1776 15 10104 1771 15 10105 1760 15 10106 1755 15 10107 1771 15 10108 1776 15 10109 1769 41 10110 1767 41 10111 1757 41 10112 1757 41 10113 1758 41 10114 1774 41 10115 1774 41 10116 1761 41 10117 1764 41 10118 1764 41 10119 1769 41 10120 1757 41 10121 1788 15 10122 1777 15 10123 1778 15 10124 1792 1369 10125 1789 7 10126 1778 7 10127 1781 1371 10128 1783 1375 10129 1786 1372 10130 1783 1375 10131 1781 1371 10132 1779 1845 10133 1779 1845 10134 1782 1374 10135 1783 1375 10136 1786 59 10137 1787 59 10138 1785 59 10139 1785 59 10140 1790 59 10141 1786 59 10142 1780 41 10143 1790 41 10144 1788 41 10145 1788 41 10146 1789 41 10147 1792 41 10148 1792 41 10149 1779 41 10150 1781 41 10151 1781 41 10152 1780 41 10153 1788 41 10154 1790 15 10155 1785 15 10156 1777 15 10157 1779 1376 10158 1792 1369 10159 1791 1370 10160 1784 48 10161 1787 48 10162 1786 1372 10163 1796 1377 10164 1793 1846 10165 1799 1378 10166 1793 7 10167 1794 7 10168 1795 7 10169 1798 9 10170 1794 9 10171 1793 9 10172 1798 48 10173 1803 48 10174 1795 1380 10175 1798 1381 10176 1796 1847 10177 1797 1382 10178 1797 1379 10179 1799 1378 10180 1804 15 10181 1800 7 10182 1807 7 10183 1795 7 10184 1807 7 10185 1804 7 10186 1799 7 10187 1810 1384 10188 1800 1390 10189 1795 1380 10190 1802 1385 10191 1810 59 10192 1803 1383 10193 1803 1383 10194 1797 1382 10195 1802 1385 10196 1801 15 10197 1804 15 10198 1805 15 10199 1815 1386 10200 1816 1388 10201 1813 1387 10202 1807 7 10203 1800 7 10204 1812 7 10205 1802 1385 10206 1801 59 10207 1808 59 10208 1805 7 10209 1804 7 10210 1807 7 10211 1810 59 10212 1802 1385 10213 1809 1389 10214 1814 41 10215 1811 41 10216 1813 41 10217 1813 7 10218 1811 7 10219 1806 7 10220 1811 7 10221 1805 7 10222 1806 7 10223 1815 1386 10224 1812 1388 10225 1800 1390 10226 1808 59 10227 1814 1848 10228 1809 1389 10229 1814 1848 10230 1816 1391 10231 1809 1389 10232 1808 15 10233 1805 15 10234 1811 15 10235 1823 9 10236 1817 9 10237 1859 9 10238 1817 9 10239 1819 9 10240 1840 9 10241 1859 9 10242 1817 9 10243 1840 9 10244 1819 9 10245 1818 9 10246 1840 9 10247 1817 7 10248 1824 7 10249 1857 7 10250 1857 7 10251 1820 7 10252 1819 7 10253 1820 1392 10254 1830 1396 10255 1856 1404 10256 1830 1396 10257 1829 1395 10258 1856 1404 10259 1856 1404 10260 1845 1402 10261 1820 1392 10262 1845 1402 10263 1842 15 10264 1820 1392 10265 1818 15 10266 1819 15 10267 1820 1392 10268 1841 9 10269 1839 9 10270 1836 9 10271 1836 9 10272 1840 9 10273 1841 9 10274 1822 7 10275 1821 7 10276 1824 7 10277 1821 7 10278 1855 7 10279 1857 7 10280 1824 7 10281 1821 7 10282 1857 7 10283 1870 41 10284 1827 41 10285 1826 41 10286 1828 1394 10287 1854 7 10288 1832 7 10289 1828 41 10290 1850 41 10291 1853 41 10292 1850 41 10293 1852 41 10294 1853 41 10295 1855 7 10296 1821 7 10297 1832 7 10298 1822 7 10299 1827 7 10300 1832 7 10301 1827 7 10302 1833 7 10303 1832 7 10304 1831 1397 10305 1853 1849 10306 1829 1395 10307 1853 1849 10308 1847 1406 10309 1829 1395 10310 1826 7 10311 1827 7 10312 1822 7 10313 1878 1400 10314 1834 1850 10315 1875 1407 10316 1834 1850 10317 1823 1851 10318 1877 1398 10319 1875 1407 10320 1834 1850 10321 1877 1398 10322 1858 48 10323 1861 48 10324 1862 48 10325 1823 1851 10326 1858 48 10327 1877 1398 10328 1823 1399 10329 1834 1852 10330 1825 1393 10331 1834 1852 10332 1835 7 10333 1826 7 10334 1823 1399 10335 1825 1393 10336 1824 7 10337 1826 7 10338 1825 1393 10339 1834 1852 10340 1834 1850 10341 1878 1400 10342 1835 48 10343 1878 1400 10344 1872 1412 10345 1873 1401 10346 1868 41 10347 1833 41 10348 1827 41 10349 1859 9 10350 1863 9 10351 1861 9 10352 1863 9 10353 1860 9 10354 1861 9 10355 1837 15 10356 1843 1403 10357 1844 15 10358 1844 15 10359 1838 15 10360 1839 15 10361 1839 15 10362 1841 15 10363 1837 15 10364 1841 15 10365 1818 15 10366 1842 15 10367 1837 15 10368 1842 15 10369 1845 1402 10370 1856 1404 10371 1849 1405 10372 1843 1403 10373 1849 1405 10374 1846 15 10375 1844 15 10376 1843 1403 10377 1849 1405 10378 1844 15 10379 1849 1405 10380 1856 1404 10381 1829 1395 10382 1850 59 10383 1848 1413 10384 1851 59 10385 1855 7 10386 1854 7 10387 1830 1853 10388 1854 7 10389 1828 1394 10390 1830 1853 10391 1828 1394 10392 1831 1854 10393 1830 1853 10394 1830 1853 10395 1820 7 10396 1855 7 10397 1876 1408 10398 1865 48 10399 1866 48 10400 1865 48 10401 1860 48 10402 1864 48 10403 1877 1398 10404 1876 1408 10405 1875 1407 10406 1876 1408 10407 1866 48 10408 1879 1409 10409 1836 9 10410 1863 9 10411 1859 9 10412 1865 48 10413 1862 48 10414 1861 48 10415 1860 9 10416 1863 9 10417 1864 9 10418 1863 9 10419 1836 9 10420 1838 9 10421 1836 9 10422 1839 9 10423 1838 9 10424 1879 1410 10425 1866 59 10426 1844 59 10427 1872 1412 10428 1878 1400 10429 1875 1407 10430 1864 59 10431 1838 59 10432 1844 59 10433 1868 59 10434 1867 1415 10435 1848 1413 10436 1850 41 10437 1828 41 10438 1833 41 10439 1874 59 10440 1871 1416 10441 1869 1414 10442 1867 1415 10443 1869 1414 10444 1879 1410 10445 1869 1414 10446 1871 1416 10447 1879 1410 10448 1871 1416 10449 1872 59 10450 1879 1410 10451 1879 1410 10452 1846 1411 10453 1867 1415 10454 1846 1411 10455 1851 59 10456 1848 1413 10457 1874 41 10458 1826 41 10459 1835 41 10460 1873 59 10461 1872 59 10462 1871 1416 10463 1869 1414 10464 1867 1415 10465 1868 59 10466 1876 1408 10467 1877 1398 10468 1862 48 10469 1853 1849 10470 1852 1855 10471 1851 1417 10472 1851 1417 10473 1846 15 10474 1849 1405 10475 1847 1406 10476 1853 1849 10477 1851 1417 10478 1791 9 10479 1778 9 10480 1777 9 10481 1777 9 10482 1785 9 10483 1787 9 10484 1784 9 10485 1782 9 10486 1791 9 10487 1777 9 10488 1787 9 10489 1784 9 10490 1880 41 10491 1899 41 10492 1881 41 10493 1894 15 10494 1888 15 10495 1892 15 10496 1888 15 10497 1890 15 10498 1889 15 10499 1887 1856 10500 1886 1856 10501 1885 1856 10502 1886 1419 10503 1881 48 10504 1882 1420 10505 1883 48 10506 1882 1420 10507 1881 48 10508 1886 41 10509 1887 41 10510 1901 41 10511 1903 59 10512 1889 59 10513 1890 59 10514 1897 41 10515 1884 41 10516 1899 41 10517 1884 41 10518 1881 41 10519 1899 41 10520 1897 7 10521 1898 7 10522 1904 7 10523 1898 7 10524 1895 7 10525 1893 7 10526 1894 41 10527 1895 41 10528 1898 41 10529 1894 15 10530 1892 15 10531 1893 15 10532 1904 7 10533 1883 7 10534 1884 7 10535 1891 41 10536 1898 41 10537 1897 41 10538 1900 41 10539 1890 41 10540 1902 41 10541 1890 41 10542 1888 41 10543 1902 41 10544 1902 41 10545 1880 41 10546 1900 41 10547 1902 41 10548 1888 41 10549 1894 41 10550 1900 59 10551 1901 59 10552 1903 59 10553 1901 59 10554 1887 59 10555 1885 59 10556 1905 1421 10557 1911 9 10558 1906 1422 10559 1915 15 10560 1913 15 10561 1914 15 10562 1913 15 10563 1919 1428 10564 1917 1424 10565 1906 1857 10566 1911 48 10567 1907 1425 10568 1911 48 10569 1912 48 10570 1910 48 10571 1906 1857 10572 1907 1425 10573 1908 1858 10574 1926 9 10575 1912 9 10576 1911 9 10577 1915 59 10578 1914 59 10579 1928 1427 10580 1906 1422 10581 1909 9 10582 1924 1423 10583 1909 9 10584 1922 9 10585 1924 1423 10586 1920 7 10587 1923 7 10588 1918 7 10589 1923 7 10590 1922 7 10591 1929 7 10592 1923 9 10593 1920 9 10594 1919 9 10595 1919 1428 10596 1920 15 10597 1918 1429 10598 1909 7 10599 1908 7 10600 1929 7 10601 1922 9 10602 1923 9 10603 1916 9 10604 1913 9 10605 1915 9 10606 1927 9 10607 1915 9 10608 1925 9 10609 1927 9 10610 1925 9 10611 1926 9 10612 1905 1421 10613 1919 9 10614 1913 9 10615 1927 9 10616 1912 59 10617 1926 59 10618 1910 59 10619 1926 1431 10620 1925 59 10621 1928 1427 10622</p>
        </triangles>
      </mesh>
    </geometry>
  </library_geometries>
  <library_controllers>
    <controller id="Rig_Body-skin" name="Rig">
      <skin source="#Body-mesh">
        <bind_shape_matrix>1 9.09495e-14 -4.54748e-15 -4.08526e-9 0 1 2.78136e-8 -7.91865e-9 0 1.03312e-8 1 -5.78754e-9 0 0 0 1</bind_shape_matrix>
        <source id="Rig_Body-skin-joints">
          <Name_array id="Rig_Body-skin-joints-array" count="15">Body Head Eyes Arm_L Elbow_L Hand_L Arm_R Elbow_R Hand_R Leg_L Knee_L Ankle_L Leg_R Knee_R Ankle_R</Name_array>
          <technique_common>
            <accessor source="#Rig_Body-skin-joints-array" count="15" stride="1">
              <param name="JOINT" type="name"/>
            </accessor>
          </technique_common>
        </source>
        <source id="Rig_Body-skin-bind_poses">
          <float_array id="Rig_Body-skin-bind_poses-array" count="240">1 0 0 0 0 -0.00202763 0.999998 -0.6317428 0 -0.999998 -0.00202763 0.001378357 0 0 0 1 1 2.38419e-7 0 0 0 0.001562893 0.9999987 -0.9151779 2.38419e-7 -0.9999988 0.001562893 -0.002335786 0 0 0 1 1 0 6.27833e-7 -6.60853e-7 0 -1 2.05645e-7 -0.03860759 6.27833e-7 -1.61407e-7 -1 1.052593 0 0 0 1 1.68819e-6 1.21171e-6 -1 0.8559677 1 -2.11792e-7 1.6685e-6 -0.142451 -2.1179e-7 -1 -1.21171e-6 1.21986e-4 0 0 0 1 9.79342e-7 1.45618e-6 -1 0.8559678 1 0 9.59655e-7 -0.3895357 0 -1 -1.45618e-6 1.22079e-4 0 0 0 1 6.52895e-7 1.12973e-6 -1 0.855968 1 0 6.33207e-7 -0.5721212 0 -1 -1.12973e-6 1.21849e-4 0 0 0 1 9.64817e-7 -1.44175e-6 1 -0.8559681 -1 0 9.53568e-7 -0.1424503 0 -1 -1.44175e-6 1.22126e-4 0 0 0 1 -3.26448e-7 8.03285e-7 1 -0.8559687 -1 0 -3.37697e-7 -0.3895347 0 -1 8.03285e-7 1.20156e-4 0 0 0 1 6.52896e-7 -1.12973e-6 1 -0.8559682 -1 0 6.41647e-7 -0.572121 0 -1 -1.12973e-6 1.21849e-4 0 0 0 1 1 2.2623e-7 -4.4787e-7 -0.07055771 1.34695e-6 0.004948496 -0.9999877 0.6052113 -2.25327e-7 0.9999834 0.004948496 -0.002962648 0 0 0 1 1 -1.17287e-6 9.1091e-7 -0.07055819 2.704e-6 -0.002385854 -0.9999971 0.3563085 1.1869e-6 0.9999929 -0.002385914 -3.49488e-4 0 0 0 1 1 -8.59846e-7 1.35294e-6 -0.07055824 7.33375e-7 -0.8798347 -0.475273 0.0764001 3.18275e-6 0.4752709 -0.8798384 0.1398985 0 0 0 1 1 -2.2623e-7 4.4787e-7 0.07055771 -1.34695e-6 0.004948496 -0.9999877 0.6052113 2.25327e-7 0.9999834 0.004948496 -0.002962648 0 0 0 1 1 1.17287e-6 -9.1091e-7 0.07055819 -2.704e-6 -0.002385854 -0.9999971 0.3563085 -1.1869e-6 0.9999929 -0.002385914 -3.49488e-4 0 0 0 1 1 8.59846e-7 -1.35294e-6 0.07055824 -7.33375e-7 -0.8798347 -0.475273 0.0764001 -3.18275e-6 0.4752709 -0.8798384 0.1398985 0 0 0 1</float_array>
          <technique_common>
            <accessor source="#Rig_Body-skin-bind_poses-array" count="15" stride="16">
              <param name="TRANSFORM" type="float4x4"/>
            </accessor>
          </technique_common>
        </source>
        <source id="Rig_Body-skin-weights">
          <float_array id="Rig_Body-skin-weights-array" count="1936">1 1 1 1 1 1 1 1 1 1 1 1 1 1 1 1 1 1 1 1 1 1 1 1 1 1 1 1 1 1 1 1 1 1 1 1 1 1 1 1 1 1 1 1 1 1 1 1 1 1 1 1 1 1 1 1 1 1 1 1 1 1 1 1 1 1 1 1 1 1 1 1 1 1 1 1 1 1 1 1 1 1 1 1 1 1 1 1 1 1 1 1 1 1 1 1 1 1 1 1 1 1 1 1 1 1 1 1 1 1 1 1 1 1 1 1 1 1 1 1 1 1 1 1 1 1 1 1 1 1 1 1 1 1 1 1 1 1 1 1 1 1 1 1 1 1 1 1 1 1 1 1 1 1 1 1 1 1 1 1 1 1 1 1 1 1 1 1 1 1 1 1 1 1 1 1 1 1 1 1 1 1 1 1 1 1 1 1 1 1 1 1 1 1 1 1 1 1 1 1 1 1 1 1 1 1 1 1 1 1 1 1 1 1 1 1 1 1 1 1 1 1 1 1 1 1 1 1 1 1 1 1 1 1 1 1 1 1 1 1 1 1 1 1 1 1 1 1 1 1 1 1 1 1 1 1 1 1 1 1 1 1 1 1 1 1 1 1 1 1 1 1 1 1 1 1 1 1 1 1 1 1 1 1 1 1 1 1 1 1 1 1 1 1 1 1 1 1 1 1 1 1 1 1 1 1 1 1 1 1 1 1 1 1 1 1 1 1 1 1 1 1 1 1 1 1 1 1 1 1 1 1 1 1 1 1 1 1 1 1 1 1 1 1 1 1 1 1 1 1 1 1 1 1 1 1 1 1 1 1 1 1 1 1 1 1 1 1 1 1 1 1 1 1 1 1 1 1 1 1 1 1 1 1 1 1 1 1 1 1 1 1 1 1 1 1 1 1 1 1 1 1 1 1 1 1 1 1 1 1 1 1 1 1 1 1 1 1 1 1 1 1 1 1 1 1 1 1 1 1 1 1 1 1 1 1 1 1 1 1 1 1 1 1 1 1 1 1 1 1 1 1 1 1 1 1 1 1 1 1 1 1 1 1 1 1 1 1 1 1 1 1 1 1 1 1 1 1 1 1 1 1 1 1 1 1 1 1 1 1 1 1 1 1 1 1 1 1 1 1 1 1 1 1 1 1 1 1 1 1 1 1 1 1 1 1 1 1 1 1 1 1 1 1 1 1 1 1 1 1 1 1 1 1 1 1 1 1 1 1 1 1 1 1 1 1 1 1 1 1 1 1 1 1 1 1 1 1 1 1 1 1 1 1 1 1 1 1 1 1 1 1 1 1 1 1 1 1 1 1 1 1 1 1 1 1 1 1 1 1 1 1 1 1 1 1 1 1 1 1 1 1 1 1 1 1 1 1 1 1 1 1 1 1 1 1 1 1 1 1 1 1 1 1 1 1 1 1 1 1 1 1 1 1 1 1 1 1 1 1 1 1 1 1 1 1 1 1 1 1 1 1 1 1 1 1 1 1 1 1 1 1 1 1 1 1 1 1 1 1 1 1 1 1 1 1 1 1 1 1 1 1 1 1 1 1 1 1 1 1 1 1 1 1 1 1 1 1 1 1 1 1 1 1 1 1 1 1 1 1 1 1 1 1 1 1 1 1 1 1 1 1 1 1 1 1 1 1 1 1 1 1 1 1 1 1 1 1 1 1 1 1 1 1 1 1 1 1 1 1 1 1 1 1 1 1 1 1 1 1 1 1 1 1 1 1 1 1 1 1 1 1 1 1 1 1 1 1 1 1 1 1 1 1 1 1 1 1 1 1 1 1 1 1 1 1 1 1 1 1 1 1 1 1 1 1 1 1 1 1 1 1 1 1 1 1 1 1 1 1 1 1 1 1 1 1 1 1 1 1 1 1 1 1 1 1 1 1 1 1 1 1 1 1 1 1 1 1 1 1 1 1 1 1 1 1 1 1 1 1 1 1 1 1 1 1 1 1 1 1 1 1 1 1 1 1 1 1 1 1 1 1 1 1 1 1 1 1 1 1 1 1 1 1 1 1 1 1 1 1 1 1 1 1 1 1 1 1 1 1 1 1 1 1 1 1 1 1 1 1 1 1 1 1 1 1 1 1 1 1 1 1 1 1 1 1 1 1 1 1 1 1 1 1 1 1 1 1 1 1 1 1 1 1 1 1 1 1 1 1 1 1 1 1 1 1 1 1 1 1 1 1 1 1 1 1 1 1 1 1 1 1 1 1 1 1 1 1 1 1 1 1 1 1 1 1 1 1 1 1 1 1 1 1 1 1 1 1 1 1 1 1 1 1 1 1 1 1 1 1 1 1 1 1 1 1 1 1 1 1 1 1 1 1 1 1 1 1 1 1 1 1 1 1 1 1 1 1 1 1 1 1 1 1 1 1 1 1 1 1 1 1 1 1 1 1 1 1 1 1 1 1 1 1 1 1 1 1 1 1 1 1 1 1 1 1 1 1 1 1 1 1 1 1 1 1 1 1 1 1 1 1 1 1 1 1 1 1 1 1 1 1 1 1 1 1 1 1 1 1 1 1 1 1 1 1 1 1 1 1 1 1 1 1 1 1 1 1 1 1 1 1 1 1 1 1 1 1 1 1 1 1 1 1 1 1 1 1 1 1 1 1 1 1 1 1 1 1 1 1 1 1 1 1 1 1 1 1 1 1 1 1 1 1 1 1 1 1 1 1 1 1 1 1 1 1 1 1 1 1 1 1 1 1 1 1 1 1 1 1 1 1 1 1 1 1 1 1 1 1 1 1 1 1 1 1 1 1 1 1 1 1 1 1 1 1 1 1 1 1 1 1 1 1 1 1 1 1 1 1 1 1 1 1 1 1 1 1 1 1 1 1 1 1 1 1 1 1 1 1 1 1 1 1 1 1 1 1 1 1 1 1 1 1 1 1 1 1 1 1 1 1 1 1 1 1 1 1 1 1 1 1 1 1 1 1 1 1 1 1 1 1 1 1 1 1 1 1 1 1 1 1 1 1 1 1 1 1 1 1 1 1 1 1 1 1 1 1 1 1 1 1 1 1 1 1 1 1 1 1 1 1 1 1 1 1 1 1 1 1 1 1 1 1 1 1 1 1 1 1 1 1 1 1 1 1 1 1 1 1 1 1 1 1 1 1 1 1 1 1 1 0.5 0.5 1 0.5 0.5 1 1 1 1 1 1 1 1 1 1 1 1 1 1 1 1 1 1 1 1 1 1 1 1 1 1 0.5 0.5 1 1 1 1 1 1 1 1 1 1 1 1 1 1 1 1 1 1 1 1 1 1 1 1 1 1 1 1 1 1 1 1 1 1 1 1 1 1 1 1 1 1 1 1 1 1 1 1 1 1 1 1 1 1 1 1 1 1 1 1 1 1 1 1 1 1 1 1 1 1 1 1 1 1 1 1 1 1 1 1 1 1 1 1 1 1 1 1 1 1 1 1 1 1 1 1 1 1 1 1 1 1 1 1 1 1 1 1 1 1 1 1 1 1 1 1 1 1 1 1 1 1 1 1 1 1 1 1 1 1 1 1 1 1 1 1 1 1 1 1 1 1 1 1 1 1 1 1 1 1 1 1 1 1 1 1 1 1 1 0.5 0.5 1 0.5 0.5 1 1 1 1 1 1 1 1 1 1 1 1 1 1 1 1 1 1 1 1 1 1 1 1 1 1 0.5 0.5 1 1 1 1 1 1 1 1 1 1 1 1 1 1 1 1 1 1 1 1 1 1 1 1 1 1 1 1 1 1 1 1 1 1 1 1 1 1 1 1 1 1 1 1 1 1 1 1 1 1 1 1 1 1 1 1 1 1 1 1 1 1 1 1 1 1 1 1 1 1 1 1 1 1 1 1 1 1 1 1 1 1 1 1 1 1 1 1 1 1 1 1 1 1 1 1 1 1 1 1 1 1 1 1 1 1 1 1 1 1 1 1 1 1 1 1 1 1 1 1 1 1 1 1 1 1 1 1 1 1 1 1 1 1 1 1 1 1 1 1 1 1 1 1 1 1 1 1 1 1 1 1 1 1 1 1 1 1 1 1 1 1 1 1 1 1 1 1 1 1 1 1 1 1 1 1 1 1 1 1 1 1 1 1 1 1 1 1 1 1 1 1 1 1 1 1 1 1 1 1 1 1 1 1 1 1 1 1 1 1 1 1 1 1 1 1 1 1 1 1 1 1 1 1 1 1 1 1 1 1 1 1 1 1 1 1 1 1 1 1 1 1 1 1 1 1 1 1 1 1 1 1 1 1 1 1 1 1 1 1 1 1 1 1 1 1 1 1 1 1 1 1 1 1 1 1 1 1 1 1 1 1 1 1 1 1 1 1 1 1 1 1 1 1 1 1 1 1 1 1 1 1 1 1 1 1 1 1 1 1 1 1 1 1 1 1 1 1 1 1</float_array>
          <technique_common>
            <accessor source="#Rig_Body-skin-weights-array" count="1936" stride="1">
              <param name="WEIGHT" type="float"/>
            </accessor>
          </technique_common>
        </source>
        <joints>
          <input semantic="JOINT" source="#Rig_Body-skin-joints"/>
          <input semantic="INV_BIND_MATRIX" source="#Rig_Body-skin-bind_poses"/>
        </joints>
        <vertex_weights count="1930">
          <input semantic="JOINT" source="#Rig_Body-skin-joints" offset="0"/>
          <input semantic="WEIGHT" source="#Rig_Body-skin-weights" offset="1"/>
          <vcount>1 1 1 1 1 1 1 1 1 1 1 1 1 1 1 1 1 1 1 1 1 1 1 1 1 1 1 1 1 1 1 1 1 1 1 1 1 1 1 1 1 1 1 1 1 1 1 1 1 1 1 1 1 1 1 1 1 1 1 1 1 1 1 1 1 1 1 1 1 1 1 1 1 1 1 1 1 1 1 1 1 1 1 1 1 1 1 1 1 1 1 1 1 1 1 1 1 1 1 1 1 1 1 1 1 1 1 1 1 1 1 1 1 1 1 1 1 1 1 1 1 1 1 1 1 1 1 1 1 1 1 1 1 1 1 1 1 1 1 1 1 1 1 1 1 1 1 1 1 1 1 1 1 1 1 1 1 1 1 1 1 1 1 1 1 1 1 1 1 1 1 1 1 1 1 1 1 1 1 1 1 1 1 1 1 1 1 1 1 1 1 1 1 1 1 1 1 1 1 1 1 1 1 1 1 1 1 1 1 1 1 1 1 1 1 1 1 1 1 1 1 1 1 1 1 1 1 1 1 1 1 1 1 1 1 1 1 1 1 1 1 1 1 1 1 1 1 1 1 1 1 1 1 1 1 1 1 1 1 1 1 1 1 1 1 1 1 1 1 1 1 1 1 1 1 1 1 1 1 1 1 1 1 1 1 1 1 1 1 1 1 1 1 1 1 1 1 1 1 1 1 1 1 1 1 1 1 1 1 1 1 1 1 1 1 1 1 1 1 1 1 1 1 1 1 1 1 1 1 1 1 1 1 1 1 1 1 1 1 1 1 1 1 1 1 1 1 1 1 1 1 1 1 1 1 1 1 1 1 1 1 1 1 1 1 1 1 1 1 1 1 1 1 1 1 1 1 1 1 1 1 1 1 1 1 1 1 1 1 1 1 1 1 1 1 1 1 1 1 1 1 1 1 1 1 1 1 1 1 1 1 1 1 1 1 1 1 1 1 1 1 1 1 1 1 1 1 1 1 1 1 1 1 1 1 1 1 1 1 1 1 1 1 1 1 1 1 1 1 1 1 1 1 1 1 1 1 1 1 1 1 1 1 1 1 1 1 1 1 1 1 1 1 1 1 1 1 1 1 1 1 1 1 1 1 1 1 1 1 1 1 1 1 1 1 1 1 1 1 1 1 1 1 1 1 1 1 1 1 1 1 1 1 1 1 1 1 1 1 1 1 1 1 1 1 1 1 1 1 1 1 1 1 1 1 1 1 1 1 1 1 1 1 1 1 1 1 1 1 1 1 1 1 1 1 1 1 1 1 1 1 1 1 1 1 1 1 1 1 1 1 1 1 1 1 1 1 1 1 1 1 1 1 1 1 1 1 1 1 1 1 1 1 1 1 1 1 1 1 1 1 1 1 1 1 1 1 1 1 1 1 1 1 1 1 1 1 1 1 1 1 1 1 1 1 1 1 1 1 1 1 1 1 1 1 1 1 1 1 1 1 1 1 1 1 1 1 1 1 1 1 1 1 1 1 1 1 1 1 1 1 1 1 1 1 1 1 1 1 1 1 1 1 1 1 1 1 1 1 1 1 1 1 1 1 1 1 1 1 1 1 1 1 1 1 1 1 1 1 1 1 1 1 1 1 1 1 1 1 1 1 1 1 1 1 1 1 1 1 1 1 1 1 1 1 1 1 1 1 1 1 1 1 1 1 1 1 1 1 1 1 1 1 1 1 1 1 1 1 1 1 1 1 1 1 1 1 1 1 1 1 1 1 1 1 1 1 1 1 1 1 1 1 1 1 1 1 1 1 1 1 1 1 1 1 1 1 1 1 1 1 1 1 1 1 1 1 1 1 1 1 1 1 1 1 1 1 1 1 1 1 1 1 1 1 1 1 1 1 1 1 1 1 1 1 1 1 1 1 1 1 1 1 1 1 1 1 1 1 1 1 1 1 1 1 1 1 1 1 1 1 1 1 1 1 1 1 1 1 1 1 1 1 1 1 1 1 1 1 1 1 1 1 1 1 1 1 1 1 1 1 1 1 1 1 1 1 1 1 1 1 1 1 1 1 1 1 1 1 1 1 1 1 1 1 1 1 1 1 1 1 1 1 1 1 1 1 1 1 1 1 1 1 1 1 1 1 1 1 1 1 1 1 1 1 1 1 1 1 1 1 1 1 1 1 1 1 1 1 1 1 1 1 1 1 1 1 1 1 1 1 1 1 1 1 1 1 1 1 1 1 1 1 1 1 1 1 1 1 1 1 1 1 1 1 1 1 1 1 1 1 1 1 1 1 1 1 1 1 1 1 1 1 1 1 1 1 1 1 1 1 1 1 1 1 1 1 1 1 1 1 1 1 1 1 1 1 1 1 1 1 1 1 1 1 1 1 1 1 1 1 1 1 1 1 1 1 1 1 1 1 1 1 1 1 1 1 1 1 1 1 1 1 1 1 1 1 1 1 1 1 1 1 1 1 1 1 1 1 1 1 1 1 1 1 1 1 1 1 1 1 1 1 1 1 1 1 1 1 1 1 1 1 1 1 1 1 1 1 1 1 1 1 1 1 1 1 1 1 1 1 1 1 1 1 1 1 1 1 1 1 1 1 1 1 1 1 1 1 1 1 1 1 1 1 1 1 1 1 1 1 1 1 1 1 1 1 1 1 1 1 1 1 1 1 1 1 1 1 1 1 1 1 1 1 1 1 1 1 1 1 1 1 1 1 1 1 1 1 1 1 1 1 1 1 1 1 1 1 1 1 1 1 1 1 1 1 1 1 1 1 1 1 1 1 1 1 1 1 1 1 1 1 1 1 1 1 1 1 1 1 1 1 1 1 1 1 1 1 1 1 1 1 1 1 1 1 1 1 1 1 1 1 1 1 1 1 1 1 1 1 1 1 1 1 1 1 1 1 1 1 1 1 1 1 1 1 1 1 1 1 1 1 1 1 1 1 1 1 1 1 1 1 1 1 1 1 1 1 1 1 1 1 1 1 1 1 1 1 1 1 1 1 1 1 1 1 1 1 1 1 1 1 1 1 1 1 1 1 1 1 1 1 1 1 1 1 1 1 1 1 1 1 1 1 1 1 1 1 1 1 1 1 1 1 1 1 1 1 1 1 1 1 1 1 1 1 1 1 1 1 1 1 1 1 1 1 1 1 1 1 1 1 1 1 1 1 1 1 1 1 2 1 2 1 1 1 1 1 1 1 1 1 1 1 1 1 1 1 1 1 1 1 1 1 1 1 1 1 1 2 1 1 1 1 1 1 1 1 1 1 1 1 1 1 1 1 1 1 1 1 1 1 1 1 1 1 1 1 1 1 1 1 1 1 1 1 1 1 1 1 1 1 1 1 1 1 1 1 1 1 1 1 1 1 1 1 1 1 1 1 1 1 1 1 1 1 1 1 1 1 1 1 1 1 1 1 1 1 1 1 1 1 1 1 1 1 1 1 1 1 1 1 1 1 1 1 1 1 1 1 1 1 1 1 1 1 1 1 1 1 1 1 1 1 1 1 1 1 1 1 1 1 1 1 1 1 1 1 1 1 1 1 1 1 1 1 1 1 1 1 1 1 1 1 1 1 1 1 1 1 1 1 1 1 1 1 1 1 1 2 1 2 1 1 1 1 1 1 1 1 1 1 1 1 1 1 1 1 1 1 1 1 1 1 1 1 1 1 2 1 1 1 1 1 1 1 1 1 1 1 1 1 1 1 1 1 1 1 1 1 1 1 1 1 1 1 1 1 1 1 1 1 1 1 1 1 1 1 1 1 1 1 1 1 1 1 1 1 1 1 1 1 1 1 1 1 1 1 1 1 1 1 1 1 1 1 1 1 1 1 1 1 1 1 1 1 1 1 1 1 1 1 1 1 1 1 1 1 1 1 1 1 1 1 1 1 1 1 1 1 1 1 1 1 1 1 1 1 1 1 1 1 1 1 1 1 1 1 1 1 1 1 1 1 1 1 1 1 1 1 1 1 1 1 1 1 1 1 1 1 1 1 1 1 1 1 1 1 1 1 1 1 1 1 1 1 1 1 1 1 1 1 1 1 1 1 1 1 1 1 1 1 1 1 1 1 1 1 1 1 1 1 1 1 1 1 1 1 1 1 1 1 1 1 1 1 1 1 1 1 1 1 1 1 1 1 1 1 1 1 1 1 1 1 1 1 1 1 1 1 1 1 1 1 1 1 1 1 1 1 1 1 1 1 1 1 1 1 1 1 1 1 1 1 1 1 1 1 1 1 1 1 1 1 1 1 1 1 1 1 1 1 1 1 1 1 1 1 1 1 1 1 1 1 1 1 1 1 1 1 1 1 1 1 1 1 1 1 1 1 1 1 1 1 1 1 1 1 1 1 1 1 1 1 1 1 1 1 1 1 1 1 1 1 1 1 1 1 1 </vcount>
          <v>0 0 0 1 0 2 0 3 0 4 0 5 0 6 0 7 0 8 0 9 0 10 0 11 0 12 0 13 0 14 0 15 0 16 0 17 0 18 0 19 0 20 0 21 0 22 0 23 0 24 0 25 0 26 0 27 0 28 0 29 0 30 0 31 0 32 0 33 0 34 0 35 0 36 0 37 0 38 0 39 0 40 0 41 0 42 0 43 0 44 0 45 0 46 0 47 0 48 0 49 0 50 0 51 0 52 0 53 0 54 0 55 0 56 0 57 0 58 0 59 0 60 0 61 0 62 0 63 0 64 0 65 0 66 0 67 0 68 0 69 0 70 0 71 0 72 0 73 0 74 0 75 0 76 0 77 0 78 0 79 0 80 0 81 0 82 0 83 0 84 0 85 0 86 0 87 0 88 0 89 0 90 0 91 0 92 0 93 0 94 0 95 0 96 0 97 0 98 0 99 0 100 0 101 0 102 0 103 0 104 0 105 0 106 0 107 0 108 0 109 0 110 0 111 0 112 0 113 0 114 0 115 0 116 0 117 0 118 0 119 0 120 0 121 0 122 0 123 0 124 0 125 0 126 0 127 0 128 0 129 0 130 0 131 0 132 0 133 0 134 0 135 0 136 0 137 0 138 0 139 0 140 0 141 0 142 0 143 0 144 0 145 0 146 0 147 0 148 0 149 0 150 0 151 0 152 0 153 0 154 0 155 0 156 0 157 0 158 0 159 0 160 0 161 0 162 0 163 0 164 0 165 0 166 0 167 0 168 0 169 0 170 0 171 0 172 0 173 0 174 0 175 0 176 0 177 0 178 0 179 0 180 0 181 0 182 0 183 0 184 0 185 0 186 0 187 0 188 0 189 0 190 0 191 0 192 0 193 0 194 0 195 0 196 0 197 0 198 0 199 0 200 0 201 0 202 0 203 0 204 0 205 0 206 0 207 0 208 0 209 0 210 0 211 0 212 0 213 0 214 0 215 0 216 0 217 0 218 0 219 0 220 0 221 0 222 0 223 0 224 0 225 0 226 0 227 0 228 0 229 0 230 0 231 0 232 0 233 0 234 0 235 0 236 0 237 0 238 0 239 0 240 0 241 0 242 0 243 0 244 0 245 0 246 0 247 0 248 0 249 0 250 0 251 0 252 0 253 0 254 0 255 0 256 1 257 1 258 1 259 1 260 1 261 1 262 1 263 1 264 1 265 1 266 1 267 1 268 1 269 1 270 1 271 1 272 1 273 1 274 1 275 1 276 1 277 1 278 1 279 1 280 1 281 1 282 1 283 1 284 1 285 1 286 1 287 1 288 1 289 1 290 1 291 1 292 1 293 1 294 1 295 1 296 1 297 1 298 1 299 1 300 1 301 1 302 1 303 1 304 1 305 1 306 1 307 1 308 1 309 1 310 1 311 1 312 1 313 1 314 1 315 1 316 1 317 1 318 1 319 1 320 1 321 1 322 1 323 1 324 1 325 1 326 1 327 1 328 1 329 1 330 1 331 1 332 1 333 1 334 1 335 1 336 1 337 1 338 1 339 1 340 1 341 1 342 1 343 1 344 1 345 1 346 1 347 1 348 1 349 1 350 1 351 1 352 1 353 1 354 1 355 1 356 1 357 1 358 1 359 1 360 1 361 1 362 1 363 1 364 1 365 1 366 1 367 1 368 1 369 1 370 1 371 1 372 1 373 1 374 1 375 1 376 1 377 1 378 1 379 1 380 1 381 1 382 1 383 1 384 1 385 1 386 1 387 1 388 1 389 1 390 1 391 1 392 1 393 1 394 1 395 1 396 1 397 1 398 1 399 1 400 1 401 1 402 1 403 1 404 1 405 1 406 1 407 1 408 1 409 1 410 1 411 1 412 1 413 1 414 1 415 1 416 1 417 1 418 1 419 1 420 1 421 1 422 1 423 1 424 1 425 1 426 1 427 1 428 1 429 1 430 1 431 1 432 1 433 1 434 1 435 1 436 1 437 1 438 1 439 1 440 1 441 1 442 1 443 1 444 1 445 1 446 1 447 1 448 1 449 1 450 1 451 1 452 1 453 1 454 1 455 1 456 1 457 1 458 1 459 1 460 1 461 1 462 1 463 1 464 1 465 1 466 1 467 1 468 1 469 1 470 1 471 1 472 1 473 1 474 1 475 1 476 1 477 1 478 1 479 1 480 1 481 1 482 1 483 1 484 1 485 1 486 1 487 1 488 1 489 1 490 1 491 1 492 1 493 1 494 1 495 1 496 1 497 1 498 1 499 1 500 1 501 1 502 1 503 1 504 1 505 1 506 1 507 1 508 1 509 1 510 1 511 1 512 1 513 1 514 1 515 1 516 1 517 1 518 1 519 1 520 1 521 1 522 1 523 1 524 1 525 1 526 1 527 1 528 1 529 1 530 1 531 1 532 1 533 1 534 1 535 1 536 1 537 1 538 1 539 1 540 1 541 1 542 1 543 1 544 1 545 1 546 1 547 1 548 1 549 1 550 1 551 1 552 1 553 1 554 1 555 1 556 1 557 1 558 1 559 1 560 1 561 1 562 1 563 1 564 1 565 1 566 1 567 1 568 1 569 1 570 1 571 1 572 1 573 1 574 1 575 1 576 1 577 1 578 1 579 1 580 1 581 1 582 1 583 1 584 1 585 1 586 1 587 1 588 1 589 1 590 1 591 1 592 1 593 1 594 1 595 1 596 1 597 1 598 1 599 1 600 1 601 1 602 1 603 1 604 1 605 1 606 1 607 1 608 1 609 1 610 1 611 1 612 1 613 1 614 1 615 1 616 1 617 1 618 1 619 1 620 1 621 1 622 1 623 1 624 1 625 1 626 1 627 1 628 1 629 1 630 1 631 1 632 1 633 1 634 1 635 1 636 1 637 1 638 1 639 1 640 1 641 1 642 1 643 1 644 1 645 1 646 1 647 1 648 1 649 1 650 1 651 1 652 1 653 1 654 1 655 1 656 1 657 1 658 1 659 1 660 1 661 1 662 1 663 1 664 1 665 1 666 1 667 1 668 1 669 1 670 1 671 1 672 1 673 1 674 1 675 1 676 1 677 1 678 1 679 1 680 1 681 1 682 1 683 1 684 1 685 1 686 1 687 1 688 1 689 1 690 1 691 1 692 1 693 1 694 1 695 1 696 1 697 1 698 1 699 1 700 1 701 1 702 1 703 1 704 1 705 1 706 1 707 1 708 1 709 1 710 1 711 1 712 1 713 1 714 1 715 1 716 1 717 1 718 1 719 1 720 1 721 1 722 1 723 1 724 1 725 1 726 1 727 1 728 1 729 1 730 1 731 1 732 1 733 1 734 1 735 1 736 1 737 1 738 1 739 1 740 1 741 1 742 1 743 1 744 1 745 1 746 1 747 1 748 1 749 1 750 1 751 1 752 1 753 1 754 1 755 1 756 1 757 1 758 1 759 1 760 1 761 1 762 1 763 1 764 1 765 1 766 1 767 1 768 1 769 1 770 1 771 1 772 1 773 1 774 1 775 1 776 1 777 1 778 1 779 1 780 1 781 1 782 1 783 1 784 1 785 1 786 1 787 1 788 1 789 1 790 1 791 1 792 1 793 1 794 1 795 1 796 1 797 1 798 1 799 1 800 1 801 1 802 1 803 1 804 1 805 1 806 1 807 1 808 1 809 1 810 1 811 1 812 1 813 1 814 1 815 1 816 1 817 1 818 1 819 1 820 1 821 1 822 1 823 1 824 1 825 1 826 1 827 1 828 1 829 1 830 1 831 1 832 1 833 1 834 1 835 1 836 1 837 1 838 1 839 1 840 1 841 1 842 1 843 1 844 1 845 1 846 1 847 1 848 1 849 1 850 1 851 1 852 1 853 1 854 1 855 1 856 1 857 1 858 1 859 1 860 1 861 1 862 1 863 1 864 1 865 1 866 1 867 1 868 1 869 1 870 1 871 1 872 1 873 1 874 1 875 1 876 1 877 1 878 1 879 1 880 1 881 1 882 1 883 1 884 1 885 1 886 1 887 1 888 1 889 1 890 1 891 1 892 1 893 1 894 1 895 1 896 1 897 1 898 1 899 1 900 1 901 1 902 1 903 1 904 1 905 1 906 1 907 1 908 1 909 1 910 1 911 1 912 1 913 1 914 1 915 1 916 1 917 1 918 1 919 1 920 1 921 1 922 1 923 1 924 1 925 1 926 1 927 1 928 1 929 1 930 1 931 1 932 1 933 1 934 1 935 1 936 1 937 1 938 1 939 1 940 1 941 1 942 1 943 1 944 1 945 1 946 1 947 1 948 1 949 1 950 1 951 1 952 1 953 1 954 1 955 1 956 1 957 1 958 1 959 1 960 1 961 1 962 1 963 1 964 1 965 1 966 1 967 1 968 1 969 1 970 1 971 1 972 1 973 1 974 1 975 1 976 1 977 1 978 1 979 1 980 1 981 1 982 1 983 1 984 1 985 1 986 1 987 1 988 1 989 1 990 1 991 1 992 1 993 1 994 1 995 1 996 1 997 1 998 1 999 1 1000 1 1001 1 1002 1 1003 1 1004 1 1005 1 1006 1 1007 1 1008 1 1009 1 1010 1 1011 1 1012 1 1013 1 1014 1 1015 1 1016 1 1017 1 1018 1 1019 1 1020 1 1021 1 1022 2 1023 2 1024 2 1025 2 1026 2 1027 2 1028 2 1029 2 1030 2 1031 2 1032 2 1033 2 1034 1 1035 1 1036 1 1037 1 1038 1 1039 1 1040 1 1041 1 1042 1 1043 1 1044 1 1045 1 1046 1 1047 1 1048 1 1049 1 1050 1 1051 1 1052 1 1053 1 1054 1 1055 1 1056 1 1057 1 1058 1 1059 1 1060 1 1061 1 1062 1 1063 1 1064 1 1065 1 1066 1 1067 1 1068 1 1069 1 1070 1 1071 1 1072 1 1073 1 1074 1 1075 1 1076 1 1077 1 1078 1 1079 1 1080 1 1081 1 1082 1 1083 1 1084 1 1085 1 1086 1 1087 1 1088 1 1089 1 1090 1 1091 1 1092 1 1093 1 1094 1 1095 1 1096 1 1097 1 1098 1 1099 1 1100 1 1101 1 1102 1 1103 1 1104 1 1105 1 1106 1 1107 1 1108 1 1109 1 1110 1 1111 1 1112 1 1113 1 1114 1 1115 1 1116 1 1117 1 1118 1 1119 1 1120 1 1121 1 1122 1 1123 1 1124 1 1125 1 1126 1 1127 1 1128 1 1129 1 1130 1 1131 1 1132 1 1133 1 1134 1 1135 1 1136 1 1137 1 1138 1 1139 1 1140 1 1141 1 1142 1 1143 1 1144 1 1145 1 1146 1 1147 1 1148 1 1149 1 1150 1 1151 1 1152 1 1153 1 1154 1 1155 1 1156 1 1157 1 1158 1 1159 1 1160 1 1161 1 1162 1 1163 1 1164 1 1165 1 1166 1 1167 1 1168 1 1169 1 1170 1 1171 1 1172 1 1173 1 1174 1 1175 1 1176 1 1177 1 1178 1 1179 1 1180 1 1181 1 1182 1 1183 1 1184 1 1185 1 1186 1 1187 1 1188 1 1189 1 1190 1 1191 1 1192 1 1193 1 1194 1 1195 1 1196 1 1197 1 1198 1 1199 1 1200 1 1201 1 1202 1 1203 1 1204 1 1205 1 1206 1 1207 1 1208 1 1209 1 1210 1 1211 1 1212 1 1213 1 1214 1 1215 1 1216 1 1217 1 1218 1 1219 1 1220 1 1221 1 1222 1 1223 1 1224 1 1225 1 1226 1 1227 1 1228 1 1229 1 1230 1 1231 1 1232 1 1233 1 1234 1 1235 1 1236 1 1237 1 1238 1 1239 1 1240 1 1241 1 1242 1 1243 1 1244 1 1245 1 1246 1 1247 1 1248 1 1249 1 1250 1 1251 11 1252 11 1253 11 1254 11 1255 11 1256 11 1257 11 1258 11 1259 11 1260 11 1261 11 1262 11 1263 11 1264 11 1265 11 1266 11 1267 11 1268 11 1269 11 1270 11 1271 11 1272 11 1273 11 1274 11 1275 11 1276 11 1277 11 1278 11 1279 11 1280 11 1281 11 1282 11 1283 11 1284 11 1285 11 1286 11 1287 11 1288 11 1289 11 1290 11 1291 11 1292 11 1293 11 1294 11 1295 11 1296 11 1297 11 1298 11 1299 11 1300 11 1301 11 1302 11 1303 11 1304 11 1305 11 1306 11 1307 11 1308 11 1309 11 1310 11 1311 11 1312 11 1313 11 1314 11 1315 11 1316 11 1317 11 1318 11 1319 11 1320 11 1321 11 1322 11 1323 11 1324 11 1325 11 1326 11 1327 11 1328 11 1329 11 1330 11 1331 11 1332 11 1333 11 1334 11 1335 11 1336 11 1337 11 1338 11 1339 11 1340 11 1341 11 1342 11 1343 11 1344 11 1345 11 1346 11 1347 11 1348 11 1349 11 1350 10 1351 10 1352 10 1353 10 1354 10 1355 10 1356 10 1357 10 1358 10 1359 10 1360 10 1361 10 1362 10 1363 10 1364 10 1365 10 1366 10 1367 10 1368 10 1369 10 1370 10 1371 10 1372 10 1373 10 1374 10 1375 10 1376 10 1377 10 1378 10 1379 10 1380 10 1381 10 1382 10 1383 10 1384 10 1385 10 1386 10 1387 10 1388 10 1389 10 1390 9 1391 10 1392 10 1393 9 1394 10 1395 9 1396 9 1397 9 1398 9 1399 9 1400 10 1401 10 1402 10 1403 10 1404 10 1405 9 1406 9 1407 9 1408 9 1409 9 1410 9 1411 10 1412 10 1413 10 1414 10 1415 10 1416 10 1417 9 1418 9 1419 9 1420 9 1421 9 1422 10 1423 9 1424 9 1425 9 1426 9 1427 9 1428 9 1429 10 1430 10 1431 10 1432 10 1433 10 1434 10 1435 10 1436 9 1437 9 1438 9 1439 9 1440 9 1441 9 1442 9 1443 14 1444 14 1445 14 1446 14 1447 14 1448 14 1449 14 1450 14 1451 14 1452 14 1453 14 1454 14 1455 14 1456 14 1457 14 1458 14 1459 14 1460 14 1461 14 1462 14 1463 14 1464 14 1465 14 1466 14 1467 14 1468 14 1469 14 1470 14 1471 14 1472 14 1473 14 1474 14 1475 14 1476 14 1477 14 1478 14 1479 14 1480 14 1481 14 1482 14 1483 14 1484 14 1485 14 1486 14 1487 14 1488 14 1489 14 1490 14 1491 14 1492 14 1493 14 1494 14 1495 14 1496 14 1497 14 1498 14 1499 14 1500 14 1501 14 1502 14 1503 14 1504 14 1505 14 1506 14 1507 14 1508 14 1509 14 1510 14 1511 14 1512 14 1513 14 1514 14 1515 14 1516 14 1517 14 1518 14 1519 14 1520 14 1521 14 1522 14 1523 14 1524 14 1525 14 1526 14 1527 14 1528 14 1529 14 1530 14 1531 14 1532 14 1533 14 1534 14 1535 14 1536 14 1537 14 1538 14 1539 14 1540 14 1541 14 1542 13 1543 13 1544 13 1545 13 1546 13 1547 13 1548 13 1549 13 1550 13 1551 13 1552 13 1553 13 1554 13 1555 13 1556 13 1557 13 1558 13 1559 13 1560 13 1561 13 1562 13 1563 13 1564 13 1565 13 1566 13 1567 13 1568 13 1569 13 1570 13 1571 13 1572 13 1573 13 1574 13 1575 13 1576 13 1577 13 1578 13 1579 13 1580 13 1581 13 1582 12 1583 13 1584 13 1585 12 1586 13 1587 12 1588 12 1589 12 1590 12 1591 12 1592 13 1593 13 1594 13 1595 13 1596 13 1597 12 1598 12 1599 12 1600 12 1601 12 1602 12 1603 13 1604 13 1605 13 1606 13 1607 13 1608 13 1609 12 1610 12 1611 12 1612 12 1613 12 1614 13 1615 12 1616 12 1617 12 1618 12 1619 12 1620 12 1621 13 1622 13 1623 13 1624 13 1625 13 1626 13 1627 13 1628 12 1629 12 1630 12 1631 12 1632 12 1633 12 1634 12 1635 3 1636 3 1637 3 1638 3 1639 3 1640 3 1641 3 1642 3 1643 3 1644 3 1645 3 1646 3 1647 3 1648 3 1649 3 1650 3 1651 3 1652 3 1653 3 1654 3 1655 3 1656 3 1657 4 1658 4 1659 4 1660 4 1661 4 1662 4 1663 4 1664 4 1665 4 1666 4 1667 4 1668 4 1669 4 1670 4 1671 4 1672 4 1673 4 1674 4 1675 4 1676 4 1677 4 1678 4 1679 4 1680 4 1681 4 1682 4 1683 4 1684 4 1685 4 1686 4 1687 4 1688 4 1689 4 1690 4 1691 4 1692 4 1693 4 1694 4 1695 4 1696 4 1697 5 1698 5 1699 5 1700 5 1701 5 1702 5 1703 5 1704 5 1705 5 1706 5 1707 5 1708 5 1709 5 1710 5 1711 5 1712 5 1713 5 1714 5 1715 5 1716 5 1717 5 1718 5 1719 5 1720 5 1721 5 1722 5 1723 5 1724 5 1725 5 1726 5 1727 5 1728 5 1729 5 1730 5 1731 5 1732 5 1733 5 1734 5 1735 5 1736 5 1737 5 1738 5 1739 5 1740 5 1741 5 1742 5 1743 5 1744 5 1745 5 1746 5 1747 5 1748 5 1749 5 1750 5 1751 5 1752 5 1753 5 1754 5 1755 5 1756 5 1757 5 1758 5 1759 5 1760 6 1761 6 1762 6 1763 6 1764 6 1765 6 1766 6 1767 6 1768 6 1769 6 1770 6 1771 6 1772 6 1773 6 1774 6 1775 6 1776 6 1777 6 1778 6 1779 6 1780 6 1781 6 1782 7 1783 7 1784 7 1785 7 1786 7 1787 7 1788 7 1789 7 1790 7 1791 7 1792 7 1793 7 1794 7 1795 7 1796 7 1797 7 1798 7 1799 7 1800 7 1801 7 1802 7 1803 7 1804 7 1805 7 1806 7 1807 7 1808 7 1809 7 1810 7 1811 7 1812 7 1813 7 1814 7 1815 7 1816 7 1817 7 1818 7 1819 7 1820 7 1821 7 1822 8 1823 8 1824 8 1825 8 1826 8 1827 8 1828 8 1829 8 1830 8 1831 8 1832 8 1833 8 1834 8 1835 8 1836 8 1837 8 1838 8 1839 8 1840 8 1841 8 1842 8 1843 8 1844 8 1845 8 1846 8 1847 8 1848 8 1849 8 1850 8 1851 8 1852 8 1853 8 1854 8 1855 8 1856 8 1857 8 1858 8 1859 8 1860 8 1861 8 1862 8 1863 8 1864 8 1865 8 1866 8 1867 8 1868 8 1869 8 1870 8 1871 8 1872 8 1873 8 1874 8 1875 8 1876 8 1877 8 1878 8 1879 8 1880 8 1881 8 1882 8 1883 8 1884 8 1885 11 1886 11 1887 11 1888 11 1889 11 1890 11 1891 11 1892 11 1893 11 1894 11 1895 11 1896 11 1897 11 1898 11 1899 11 1900 11 1901 11 1902 11 1903 11 1904 11 1905 11 1906 11 1907 11 1908 11 1909 11 1910 14 1911 14 1912 14 1913 14 1914 14 1915 14 1916 14 1917 14 1918 14 1919 14 1920 14 1921 14 1922 14 1923 14 1924 14 1925 14 1926 14 1927 14 1928 14 1929 14 1930 14 1931 14 1932 14 1933 14 1934 14 1935</v>
        </vertex_weights>
      </skin>
    </controller>
  </library_controllers>
  <library_visual_scenes>
    <visual_scene id="Scene" name="Scene">
      <node id="Rig" name="Rig" type="NODE">
        <matrix sid="transform">1 0 0 0 0 1 1.62921e-7 0 0 -1.62921e-7 1 0 0 0 0 1</matrix>
        <node id="Rig_Root" name="Root" sid="Root" type="JOINT">
          <matrix sid="transform">1 0 0 0 0 -1.42109e-14 -1 0 0 1 0 0 0 0 0 1</matrix>
          <node id="Rig_Body" name="Body" sid="Body" type="JOINT">
            <matrix sid="transform">1 0 0 0 0 0.999998 -0.002027847 0.6317443 0 0.002027847 0.999998 -9.73109e-5 0 0 0 1</matrix>
            <node id="Rig_Neck" name="Neck" sid="Neck" type="JOINT">
              <matrix sid="transform">1 -6.66134e-16 2.38419e-7 1.00024e-10 3.56543e-9 0.9998882 -0.01495446 0.2548112 -2.38392e-7 0.01495446 0.9998882 -1.36788e-8 0 0 0 1</matrix>
              <node id="Rig_Head" name="Head" sid="Head" type="JOINT">
                <matrix sid="transform">1 4.42138e-9 4.0874e-11 1.15848e-10 -4.42137e-9 0.9998282 0.01854456 0.02862972 4.11298e-11 -0.01854456 0.9998281 2.31084e-8 0 0 0 1</matrix>
                <node id="Rig_Eyes" name="Eyes" sid="Eyes" type="JOINT">
                  <matrix sid="transform">1 -2.38419e-7 6.28206e-7 -9.25553e-9 6.27832e-7 -0.001562761 -0.9999987 0.1373535 2.394e-7 0.9999987 -0.001562714 0.03791665 0 0 0 1</matrix>
                  <extra>
                    <technique profile="blender">
                      <layer sid="layer" type="string">0</layer>
                      <roll sid="roll" type="float">-3.141592</roll>
                      <tip_x sid="tip_x" type="float">0</tip_x>
                      <tip_y sid="tip_y" type="float">-0.1424909</tip_y>
                      <tip_z sid="tip_z" type="float">0</tip_z>
                    </technique>
                  </extra>
                </node>
                <extra>
                  <technique profile="blender">
                    <layer sid="layer" type="string">0</layer>
                    <roll sid="roll" type="float">2.38419e-7</roll>
                    <tip_x sid="tip_x" type="float">0</tip_x>
                    <tip_y sid="tip_y" type="float">2.22678e-4</tip_y>
                    <tip_z sid="tip_z" type="float">0.1424908</tip_z>
                  </technique>
                </extra>
              </node>
              <extra>
                <technique profile="blender">
                  <layer sid="layer" type="string">0</layer>
                  <roll sid="roll" type="float">2.38419e-7</roll>
                  <tip_x sid="tip_x" type="float">0</tip_x>
                  <tip_y sid="tip_y" type="float">-4.8619e-4</tip_y>
                  <tip_z sid="tip_z" type="float">0.02862554</tip_z>
                </technique>
              </extra>
            </node>
            <node id="Rig_Arm_L" name="Arm L" sid="Arm_L" type="JOINT">
              <matrix sid="transform">1.6685e-6 1 -2.1179e-7 0.1424496 -0.999998 1.68862e-6 0.002026473 0.2242231 0.002026473 2.08368e-7 0.999998 -4.7816e-4 0 0 0 1</matrix>
              <node id="Rig_Elbow_L" name="Elbow L" sid="Elbow_L" type="JOINT">
                <matrix sid="transform">1 7.0885e-7 2.44469e-7 1.80938e-7 -7.0885e-7 1 2.98663e-7 0.2470853 -2.44468e-7 -2.98663e-7 1 2.83762e-10 0 0 0 1</matrix>
                <node id="Rig_Hand_L" name="Hand L" sid="Hand_L" type="JOINT">
                  <matrix sid="transform">1 3.26447e-7 -3.26448e-7 2.40555e-8 -3.26447e-7 1 -8.70318e-8 0.1825857 3.26447e-7 8.70319e-8 1 7.27596e-12 0 0 0 1</matrix>
                  <extra>
                    <technique profile="blender">
                      <connect sid="connect" type="bool">1</connect>
                      <layer sid="layer" type="string">0</layer>
                      <roll sid="roll" type="float">1.570797</roll>
                      <tip_x sid="tip_x" type="float">0.1825857</tip_x>
                      <tip_y sid="tip_y" type="float">0</tip_y>
                      <tip_z sid="tip_z" type="float">1.19209e-7</tip_z>
                    </technique>
                  </extra>
                </node>
                <extra>
                  <technique profile="blender">
                    <layer sid="layer" type="string">0</layer>
                    <roll sid="roll" type="float">1.570797</roll>
                  </technique>
                </extra>
              </node>
              <extra>
                <technique profile="blender">
                  <layer sid="layer" type="string">0</layer>
                  <roll sid="roll" type="float">1.570796</roll>
                  <tip_x sid="tip_x" type="float">0.2470853</tip_x>
                  <tip_y sid="tip_y" type="float">0</tip_y>
                  <tip_z sid="tip_z" type="float">4.17232e-7</tip_z>
                </technique>
              </extra>
            </node>
            <node id="Rig_Arm_R" name="Arm R" sid="Arm_R" type="JOINT">
              <matrix sid="transform">9.53568e-7 -1 5.35464e-8 -0.1424495 0.999998 9.64924e-7 0.002026243 0.2242234 -0.002026243 5.15914e-8 0.999998 -4.78126e-4 0 0 0 1</matrix>
              <node id="Rig_Elbow_R" name="Elbow R" sid="Elbow_R" type="JOINT">
                <matrix sid="transform">1 -1.29126e-6 2.24503e-6 1.00813e-7 1.29126e-6 1 1.20656e-7 0.2470855 -2.24503e-6 -1.20653e-7 1 3.34694e-10 0 0 0 1</matrix>
                <node id="Rig_Hand_R" name="Hand R" sid="Hand_R" type="JOINT">
                  <matrix sid="transform">1 9.79344e-7 -1.93302e-6 8.03088e-9 -9.79344e-7 1 -6.69859e-8 0.1825854 1.93302e-6 6.69878e-8 1 0 0 0 0 1</matrix>
                  <extra>
                    <technique profile="blender">
                      <connect sid="connect" type="bool">1</connect>
                      <layer sid="layer" type="string">0</layer>
                      <roll sid="roll" type="float">-1.570797</roll>
                      <tip_x sid="tip_x" type="float">-0.1825854</tip_x>
                      <tip_y sid="tip_y" type="float">0</tip_y>
                      <tip_z sid="tip_z" type="float">1.19209e-7</tip_z>
                    </technique>
                  </extra>
                </node>
                <extra>
                  <technique profile="blender">
                    <layer sid="layer" type="string">0</layer>
                    <roll sid="roll" type="float">-1.570796</roll>
                  </technique>
                </extra>
              </node>
              <extra>
                <technique profile="blender">
                  <layer sid="layer" type="string">0</layer>
                  <roll sid="roll" type="float">-1.570797</roll>
                  <tip_x sid="tip_x" type="float">-0.2470855</tip_x>
                  <tip_y sid="tip_y" type="float">0</tip_y>
                  <tip_z sid="tip_z" type="float">2.38419e-7</tip_z>
                </technique>
              </extra>
            </node>
            <node id="Rig_Leg_L" name="Leg L" sid="Leg_L" type="JOINT">
              <matrix sid="transform">1 -4.48984e-7 -2.24012e-7 0.07055801 1.3476e-6 -0.9999958 0.002920872 -0.02652537 -2.21393e-7 -0.002920872 -1 1.8343e-4 0 0 0 1</matrix>
              <node id="Rig_Knee_L" name="Knee L" sid="Knee_L" type="JOINT">
                <matrix sid="transform">1 1.35544e-6 1.40234e-6 0 -1.36569e-6 0.9999731 0.007334404 0.2489149 -1.39236e-6 -0.007334404 0.9999731 1.16415e-10 0 0 0 1</matrix>
                <node id="Rig_Ankle_L" name="Ankle L" sid="Ankle_L" type="JOINT">
                  <matrix sid="transform">1 4.85493e-7 2.40142e-7 0 -4.42774e-7 0.4773708 0.878702 0.1969081 3.11966e-7 -0.8787019 0.4773709 1.16415e-10 0 0 0 1</matrix>
                  <extra>
                    <technique profile="blender">
                      <connect sid="connect" type="bool">1</connect>
                      <layer sid="layer" type="string">0</layer>
                      <roll sid="roll" type="float">2.04801e-6</roll>
                      <tip_x sid="tip_x" type="float">0</tip_x>
                      <tip_y sid="tip_y" type="float">-0.1732474</tip_y>
                      <tip_z sid="tip_z" type="float">-0.09358477</tip_z>
                    </technique>
                  </extra>
                </node>
                <extra>
                  <technique profile="blender">
                    <connect sid="connect" type="bool">1</connect>
                    <layer sid="layer" type="string">0</layer>
                    <roll sid="roll" type="float">2.64765e-7</roll>
                  </technique>
                </extra>
              </node>
              <extra>
                <technique profile="blender">
                  <layer sid="layer" type="string">0</layer>
                  <roll sid="roll" type="float">2.22767e-7</roll>
                </technique>
              </extra>
            </node>
            <node id="Rig_Leg_R" name="Leg R" sid="Leg_R" type="JOINT">
              <matrix sid="transform">1 4.48984e-7 2.24012e-7 -0.07055801 -1.3476e-6 -0.9999958 0.002920872 -0.02652537 2.21393e-7 -0.002920872 -1 1.8343e-4 0 0 0 1</matrix>
              <node id="Rig_Knee_R" name="Knee R" sid="Knee_R" type="JOINT">
                <matrix sid="transform">1 -1.35544e-6 -1.40234e-6 0 1.36569e-6 0.9999731 0.007334404 0.2489149 1.39236e-6 -0.007334404 0.9999731 1.16415e-10 0 0 0 1</matrix>
                <node id="Rig_Ankle_R" name="Ankle R" sid="Ankle_R" type="JOINT">
                  <matrix sid="transform">1 -4.85493e-7 -2.40142e-7 0 4.42774e-7 0.4773708 0.878702 0.1969081 -3.11966e-7 -0.8787019 0.4773709 1.16415e-10 0 0 0 1</matrix>
                  <extra>
                    <technique profile="blender">
                      <connect sid="connect" type="bool">1</connect>
                      <layer sid="layer" type="string">0</layer>
                      <roll sid="roll" type="float">-2.04801e-6</roll>
                      <tip_x sid="tip_x" type="float">0</tip_x>
                      <tip_y sid="tip_y" type="float">-0.1732474</tip_y>
                      <tip_z sid="tip_z" type="float">-0.09358477</tip_z>
                    </technique>
                  </extra>
                </node>
                <extra>
                  <technique profile="blender">
                    <connect sid="connect" type="bool">1</connect>
                    <layer sid="layer" type="string">0</layer>
                    <roll sid="roll" type="float">-2.64765e-7</roll>
                  </technique>
                </extra>
              </node>
              <extra>
                <technique profile="blender">
                  <layer sid="layer" type="string">0</layer>
                  <roll sid="roll" type="float">-2.22767e-7</roll>
                </technique>
              </extra>
            </node>
            <extra>
              <technique profile="blender">
                <layer sid="layer" type="string">0</layer>
                <tip_x sid="tip_x" type="float">0</tip_x>
                <tip_y sid="tip_y" type="float">-3.79963e-4</tip_y>
                <tip_z sid="tip_z" type="float">0.1873723</tip_z>
              </technique>
            </extra>
          </node>
          <extra>
            <technique profile="blender">
              <layer sid="layer" type="string">0</layer>
              <tip_x sid="tip_x" type="float">0</tip_x>
              <tip_y sid="tip_y" type="float">0</tip_y>
              <tip_z sid="tip_z" type="float">0.6317443</tip_z>
            </technique>
          </extra>
        </node>
        <node id="Body" name="Body" type="NODE">
          <matrix sid="transform">1 0 0 0 0 1 0 0 0 0 1 0 0 0 0 1</matrix>
          <instance_controller url="#Rig_Body-skin">
            <skeleton>#Rig_Root</skeleton>
            <bind_material>
              <technique_common>
                <instance_material symbol="Minecraft_Sonic-material" target="#Minecraft_Sonic-material">
                  <bind_vertex_input semantic="Cube_004-mesh-map-0" input_semantic="TEXCOORD" input_set="0"/>
                </instance_material>
              </technique_common>
            </bind_material>
          </instance_controller>
        </node>
      </node>
    </visual_scene>
  </library_visual_scenes>
  <scene>
    <instance_visual_scene url="#Scene"/>
  </scene>
</COLLADA>