# Blender v2.92.0 OBJ File: ''
# www.blender.org
mtllib Minecraft Sonic.mtl
o Body
v 0.142657 0.891607 -0.106993
v -0.106993 0.891608 0.071328
v -0.106993 0.891608 0.106993
v -0.142657 0.891608 0.106993
v -0.106993 0.891608 -0.000000
v -0.142657 0.891608 -0.000000
v -0.106993 0.891608 -0.106993
v -0.142657 0.891608 -0.106993
v -0.142657 0.891608 0.071328
v 0.142657 0.677621 0.071328
v 0.142657 0.891607 0.071328
v 0.142657 0.677621 -0.000000
v 0.142657 0.641957 0.071329
v 0.142657 0.641957 -0.000000
v 0.142657 0.677621 -0.035664
v 0.142657 0.891607 -0.035664
v 0.142657 0.606293 -0.035664
v 0.142657 0.641957 -0.035664
v 0.142657 0.677622 -0.106993
v 0.142657 0.606293 0.106993
v -0.071329 0.606293 0.106993
v -0.142657 0.641957 0.106993
v 0.142657 0.641957 0.106993
v 0.106993 0.641957 0.106993
v 0.142657 0.784614 0.106993
v 0.106993 0.784614 0.106993
v -0.142657 0.784614 0.106993
v 0.142657 0.855943 0.106993
v -0.142657 0.820279 0.106993
v -0.142657 0.855943 0.106993
v 0.142657 0.891607 0.106993
v 0.106993 0.855943 0.106993
v 0.071329 0.891607 0.106993
v 0.035664 0.891607 0.106993
v -0.106993 0.641957 0.106993
v -0.071329 0.641957 0.106993
v -0.035664 0.677621 0.106993
v 0.035664 0.677621 0.106993
v 0.071329 0.641957 0.106993
v 0.071329 0.677621 0.106993
v -0.035664 0.713286 0.106993
v -0.071329 0.677621 0.106993
v -0.000000 0.677621 0.106993
v -0.000000 0.713286 0.106993
v 0.071329 0.820279 0.106993
v 0.071329 0.855943 0.106993
v 0.035664 0.713286 0.106993
v -0.035664 0.748950 0.106993
v -0.071329 0.713286 0.106993
v -0.071329 0.748950 0.106993
v -0.035664 0.820279 0.106993
v 0.035664 0.820279 0.106993
v -0.000000 0.748950 0.106993
v -0.106993 0.677621 0.106993
v -0.106993 0.784614 0.106993
v -0.106993 0.820279 0.106993
v -0.106993 0.855943 0.106993
v -0.071329 0.820279 0.106993
v -0.071329 0.855943 0.106993
v -0.000000 0.820279 0.106993
v 0.035664 0.855943 0.106993
v -0.142657 0.606293 0.106993
v -0.142657 0.713286 0.071328
v -0.142657 0.641957 -0.000000
v -0.142657 0.641957 -0.071329
v -0.142657 0.606293 -0.106993
v -0.142657 0.641957 -0.106993
v -0.142657 0.713286 -0.071329
v -0.142657 0.891607 -0.071329
v -0.142657 0.641957 0.035664
v -0.142657 0.713286 0.035664
v -0.142657 0.748950 0.071328
v -0.142657 0.713286 -0.000000
v -0.142657 0.748950 0.035664
v -0.142657 0.784614 0.035664
v -0.142657 0.784614 0.071328
v -0.142657 0.820279 0.071328
v -0.000000 0.641957 -0.106993
v -0.071329 0.641957 -0.106993
v 0.142657 0.641957 -0.106993
v 0.035664 0.641957 -0.106993
v 0.035664 0.891608 -0.106993
v -0.000000 0.713286 -0.106993
v -0.000000 0.748950 -0.106993
v -0.000000 0.784615 -0.106993
v -0.000000 0.820279 -0.106993
v 0.035664 0.784615 -0.106993
v -0.035664 0.820279 -0.106993
v -0.035664 0.855943 -0.106993
v -0.000000 0.855943 -0.106993
v -0.071329 0.713286 -0.106993
v -0.035664 0.713286 -0.106993
v -0.035664 0.784615 -0.106993
v 0.035664 0.748950 -0.106993
v -0.071329 0.784615 -0.106993
v -0.071329 0.891608 -0.106993
v -0.035664 0.891608 -0.106993
v 0.035664 0.855943 -0.106993
v 0.142657 0.606293 -0.106993
v -0.106993 0.606293 -0.071329
v -0.106993 0.606293 -0.106993
v -0.106993 0.606293 -0.000000
v -0.142657 0.606293 -0.000000
v -0.106993 0.606293 0.106993
v -0.142657 0.606293 -0.071329
v -0.181222 0.727035 -0.309451
v -0.147116 0.727035 -0.319878
v -0.104110 0.745615 -0.301194
v -0.113011 0.727035 -0.330305
v -0.076948 0.593406 -0.212350
v -0.082380 0.623848 -0.230119
v -0.119954 0.574825 -0.231035
v -0.085848 0.574825 -0.241462
v -0.091281 0.605267 -0.259231
v -0.087813 0.654290 -0.247888
v -0.093245 0.684732 -0.265656
v -0.188166 0.574826 -0.210180
v -0.193599 0.605267 -0.227949
v -0.184698 0.623848 -0.198837
v -0.190131 0.654290 -0.216606
v -0.159493 0.605267 -0.238376
v -0.154060 0.574826 -0.220608
v -0.215328 0.727035 -0.299023
v -0.195563 0.684732 -0.234375
v -0.200996 0.715173 -0.252143
v -0.204464 0.666151 -0.263486
v -0.209896 0.696593 -0.281255
v -0.170358 0.666151 -0.273914
v -0.125387 0.605267 -0.248803
v -0.175790 0.696593 -0.291682
v -0.141684 0.696593 -0.302109
v -0.179266 0.593406 -0.181069
v -0.163430 0.710032 -0.129271
v -0.154529 0.728612 -0.100159
v -0.168862 0.740473 -0.147039
v -0.108063 0.742050 0.051825
v -0.118928 0.802934 0.016288
v -0.129793 0.863818 -0.019250
v -0.135225 0.887496 -0.037018
v -0.095687 0.863818 -0.029677
v -0.206428 0.745615 -0.269912
v -0.165394 0.789496 -0.135696
v -0.170826 0.819937 -0.153465
v -0.136721 0.819937 -0.163892
v -0.174294 0.770915 -0.164808
v -0.172322 0.745615 -0.280339
v -0.138216 0.745615 -0.290766
v -0.101119 0.887496 -0.047445
v -0.067013 0.887496 -0.057873
v -0.129316 0.764196 -0.261655
v -0.095210 0.764196 -0.272082
v -0.063076 0.789496 -0.166978
v -0.059608 0.838518 -0.155635
v -0.032907 0.887496 -0.068300
v -0.098678 0.715174 -0.283425
v -0.075445 0.721893 -0.207433
v -0.054176 0.808076 -0.137866
v -0.061581 0.863818 -0.040104
v -0.027475 0.863818 -0.050531
v -0.070012 0.691451 -0.189664
v -0.066544 0.740473 -0.178321
v -0.052211 0.728612 -0.131441
v -0.057644 0.759054 -0.149209
v -0.061112 0.710032 -0.160553
v -0.043311 0.747192 -0.102329
v -0.016610 0.802934 -0.014994
v -0.005745 0.742050 0.020543
v 0.181222 0.727035 -0.309451
v 0.147116 0.727035 -0.319878
v 0.104110 0.745615 -0.301194
v 0.113011 0.727035 -0.330305
v 0.076948 0.593406 -0.212350
v 0.082381 0.623848 -0.230119
v 0.119954 0.574825 -0.231035
v 0.085849 0.574825 -0.241462
v 0.091281 0.605267 -0.259231
v 0.087813 0.654290 -0.247888
v 0.093245 0.684732 -0.265656
v 0.188166 0.574826 -0.210180
v 0.193599 0.605267 -0.227949
v 0.184698 0.623848 -0.198837
v 0.190131 0.654290 -0.216606
v 0.159493 0.605267 -0.238376
v 0.154060 0.574826 -0.220608
v 0.215328 0.727035 -0.299023
v 0.195563 0.684732 -0.234375
v 0.200996 0.715173 -0.252143
v 0.204464 0.666151 -0.263486
v 0.209896 0.696593 -0.281255
v 0.170358 0.666151 -0.273913
v 0.125387 0.605267 -0.248803
v 0.175790 0.696593 -0.291682
v 0.141684 0.696593 -0.302109
v 0.179266 0.593406 -0.181068
v 0.163430 0.710032 -0.129271
v 0.154529 0.728612 -0.100159
v 0.168862 0.740473 -0.147039
v 0.108063 0.742050 0.051825
v 0.118928 0.802934 0.016288
v 0.129793 0.863818 -0.019249
v 0.135225 0.887496 -0.037018
v 0.095687 0.863818 -0.029677
v 0.206428 0.745615 -0.269912
v 0.165394 0.789496 -0.135696
v 0.170827 0.819937 -0.153465
v 0.136721 0.819937 -0.163892
v 0.174295 0.770915 -0.164808
v 0.172322 0.745615 -0.280339
v 0.138216 0.745615 -0.290766
v 0.101119 0.887496 -0.047445
v 0.067013 0.887496 -0.057873
v 0.129316 0.764196 -0.261655
v 0.095210 0.764196 -0.272082
v 0.063076 0.789496 -0.166978
v 0.059608 0.838518 -0.155635
v 0.032907 0.887496 -0.068300
v 0.098678 0.715174 -0.283425
v 0.075445 0.721893 -0.207433
v 0.054176 0.808076 -0.137866
v 0.061581 0.863818 -0.040104
v 0.027475 0.863818 -0.050531
v 0.070012 0.691451 -0.189664
v 0.066544 0.740473 -0.178321
v 0.052211 0.728612 -0.131441
v 0.057644 0.759054 -0.149209
v 0.061112 0.710032 -0.160553
v 0.043311 0.747192 -0.102329
v 0.016610 0.802934 -0.014994
v 0.005745 0.742050 0.020543
v -0.035664 0.636177 -0.114011
v -0.000000 0.636177 -0.114011
v 0.035664 0.636177 -0.114011
v 0.035664 0.511439 -0.183232
v -0.000000 0.462949 -0.169353
v -0.000000 0.480255 -0.200537
v 0.035664 0.480255 -0.200537
v 0.035664 0.494134 -0.152048
v 0.035664 0.601566 -0.051642
v 0.035664 0.618871 -0.082826
v 0.035664 0.445644 -0.138168
v 0.035664 0.462949 -0.169353
v -0.035664 0.601566 -0.051642
v -0.035664 0.618871 -0.082826
v -0.035664 0.445644 -0.138168
v -0.035664 0.462949 -0.169353
v -0.035664 0.476828 -0.120863
v -0.035664 0.494134 -0.152048
v -0.035664 0.511439 -0.183232
v -0.000000 0.511439 -0.183232
v -0.035664 0.480255 -0.200537
v -0.035664 0.714138 -0.070748
v -0.000000 0.714138 -0.070748
v 0.035664 0.714138 -0.070748
v 0.035664 0.679527 -0.008379
v 0.035664 0.696832 -0.039563
v -0.035664 0.679527 -0.008379
v -0.035664 0.696832 -0.039563
v -0.156646 0.984611 -0.156646
v -0.156646 1.208743 -0.156646
v 0.156646 0.984611 -0.156646
v 0.156646 1.208743 -0.156646
v -0.156646 0.984611 0.156646
v -0.156646 1.208743 0.156646
v 0.156646 0.984611 0.156646
v 0.156646 1.208743 0.156646
v 0.160489 0.891608 0.160489
v 0.160489 0.927272 0.160489
v 0.089161 0.927272 0.160489
v 0.089161 0.962936 0.160489
v 0.160489 0.927272 0.017832
v 0.160489 0.962936 0.017832
v 0.017832 0.927272 0.160489
v -0.053496 0.962936 0.160489
v -0.053496 0.927272 0.160489
v -0.124825 0.927272 0.160489
v -0.160489 0.891608 0.160489
v -0.160489 0.927272 0.160489
v -0.160489 0.962936 0.160489
v -0.160489 0.998600 0.160489
v -0.124825 0.962936 0.160489
v 0.017832 0.962936 0.160489
v 0.160489 0.998600 0.160489
v -0.017832 0.980768 0.155139
v -0.017832 1.016433 0.155139
v 0.017832 0.980768 0.155139
v 0.017832 1.016433 0.155139
v -0.017832 0.980768 0.226468
v -0.017832 1.016433 0.226468
v 0.017832 0.980768 0.226468
v 0.017832 1.016433 0.226468
v -0.160489 0.891608 0.017832
v -0.160489 0.927272 0.053496
v -0.160489 0.962936 0.053496
v -0.160489 0.927272 0.017832
v -0.160489 0.998600 0.017832
v -0.160489 0.998600 0.053496
v 0.160489 0.891608 0.017832
v 0.160489 0.927272 0.089161
v 0.160489 0.962936 0.160489
v 0.160489 0.962936 0.089161
v 0.160489 0.998600 0.017832
v -0.178321 1.123426 0.178321
v -0.178321 1.159090 0.178321
v -0.142657 1.123426 0.178321
v -0.142657 1.123426 0.071328
v -0.178321 1.123426 0.035664
v -0.142657 1.087761 0.035664
v -0.178321 1.087761 0.071328
v -0.142657 1.087761 0.071328
v -0.142657 1.123426 0.142657
v -0.071329 1.087761 0.142657
v -0.071329 1.123426 0.142657
v -0.035664 1.087761 0.142657
v -0.071329 1.087761 0.178321
v -0.035664 1.052097 0.142657
v -0.035664 1.052097 0.178321
v -0.035664 1.087761 0.178321
v 0.035664 1.052097 0.142657
v 0.035664 1.052097 0.178321
v 0.035664 1.087761 0.142657
v 0.071329 1.087761 0.142657
v 0.071329 1.123426 0.142657
v 0.071329 1.087761 0.178321
v 0.142657 1.123426 0.178321
v 0.178321 1.123426 0.178321
v 0.178321 1.159090 0.178321
v 0.142657 1.123426 0.142657
v 0.178321 1.123426 0.071328
v 0.142657 1.087761 0.035664
v 0.178321 1.087761 0.035664
v 0.142657 1.087761 0.071328
v 0.142657 1.123426 0.071328
v 0.178321 1.087761 0.071328
v -0.178321 1.052097 0.035664
v -0.142657 1.016433 0.035664
v -0.178321 0.980768 0.035664
v -0.178321 0.980768 0.071328
v -0.178321 1.016433 0.071328
v -0.142657 0.980768 0.071328
v -0.142657 1.016433 0.071328
v -0.178321 0.980768 -0.000000
v -0.178321 1.016433 0.035664
v -0.178321 0.945104 -0.000000
v -0.142657 0.945104 0.035664
v -0.142657 0.980768 0.035664
v -0.178321 0.909440 0.035664
v -0.178321 0.945104 0.035664
v -0.178321 1.087761 -0.035664
v -0.178321 1.052097 -0.035664
v -0.178321 1.052097 -0.106993
v -0.178321 0.873775 0.035664
v -0.178321 0.945104 -0.106993
v -0.178321 0.945104 -0.071329
v -0.178321 0.873775 -0.000000
v -0.178321 0.909440 -0.000000
v -0.178321 0.873775 -0.071329
v -0.178321 0.909440 -0.071329
v -0.178321 0.945104 -0.178322
v -0.178321 0.873775 -0.178322
v -0.178321 0.945104 -0.142657
v -0.178321 0.980768 -0.142657
v -0.178321 0.980768 -0.106993
v -0.178321 1.087761 -0.106993
v -0.178321 1.087761 0.035664
v -0.178321 1.052097 -0.000000
v -0.142657 1.052097 0.035664
v 0.178321 0.873775 -0.178321
v 0.178321 0.909440 -0.178321
v -0.178321 1.230419 -0.178322
v -0.071329 1.230419 -0.178322
v 0.178321 1.230419 -0.178322
v -0.178321 1.230419 -0.142658
v -0.178321 1.230419 -0.106993
v -0.178321 1.194754 -0.035664
v -0.178321 1.230419 -0.035664
v -0.178321 1.194754 0.035664
v -0.178321 1.123426 0.071328
v -0.178321 1.230419 0.071328
v -0.178321 1.194754 0.071328
v -0.142657 1.230419 0.071328
v -0.178321 1.230419 0.106993
v -0.178321 1.159090 0.071328
v -0.178321 1.194754 0.106993
v -0.178321 1.194754 0.178321
v -0.178321 1.230419 0.178321
v -0.178321 1.230419 0.142657
v -0.142657 1.230419 0.142657
v -0.106993 1.194754 0.178321
v -0.106993 1.230419 0.178321
v -0.071329 1.194754 0.178321
v -0.071329 1.159090 0.178321
v -0.071329 1.123426 0.178321
v -0.035664 1.123426 0.178321
v -0.071329 1.230419 0.178321
v -0.035664 1.230419 0.178321
v 0.035664 1.194754 0.178321
v 0.035664 1.230419 0.178321
v 0.142657 1.194754 0.178321
v 0.142657 1.230419 0.178321
v -0.000000 1.123426 0.178321
v 0.035664 1.087761 0.178321
v 0.035664 1.123426 0.178321
v -0.000000 1.230419 0.178321
v 0.071329 1.123426 0.178321
v 0.071329 1.159090 0.178321
v 0.071329 1.194754 0.178321
v 0.178321 1.194754 0.178321
v 0.178321 1.230419 0.178321
v -0.106993 1.230419 0.142657
v -0.071329 1.230419 0.142657
v 0.106993 1.230419 0.142657
v 0.142657 1.230419 0.142657
v -0.106993 1.230419 0.106993
v -0.071329 1.230419 0.106993
v -0.035664 1.230419 0.071328
v -0.000000 1.230419 0.071328
v 0.142657 1.230419 0.071328
v -0.106993 1.230419 0.071328
v -0.071329 1.230419 0.071328
v 0.106993 1.230419 0.035664
v 0.106993 1.230419 0.071328
v -0.071329 1.230419 -0.035664
v -0.035664 1.230419 -0.035664
v -0.106993 1.230419 -0.035664
v -0.000000 1.230419 -0.035664
v 0.106993 1.230419 -0.035664
v 0.142657 1.230419 -0.035664
v -0.106993 1.230419 -0.106993
v -0.071329 1.230419 -0.106993
v 0.178321 1.230419 0.142657
v 0.178321 1.230419 0.071328
v 0.178321 1.194754 0.106993
v 0.178321 1.230419 0.106993
v 0.142657 1.230419 0.035664
v 0.178321 1.230419 0.035664
v 0.178321 1.230419 -0.035664
v 0.178321 1.159090 0.106993
v 0.178321 1.159090 0.071328
v 0.178321 1.123426 0.035664
v 0.142657 1.016433 0.035664
v 0.178321 1.016433 0.035664
v 0.142657 0.980768 0.071328
v 0.142657 1.016433 0.071328
v 0.178321 0.980768 0.071328
v 0.178321 1.016433 0.071328
v 0.178321 1.087761 -0.035664
v 0.178321 0.945104 -0.071329
v 0.178321 0.945104 -0.035664
v 0.178321 0.980768 -0.035664
v 0.178321 0.909440 -0.000000
v 0.178321 0.945104 0.035664
v 0.178321 0.945104 -0.000000
v 0.178321 0.980768 -0.000000
v 0.142657 0.945104 0.035664
v 0.142657 0.980768 0.035664
v 0.178321 0.980768 0.035664
v 0.142657 0.909440 0.035664
v 0.178321 0.873775 0.035664
v 0.178321 0.909440 0.035664
v 0.178321 0.909440 -0.071329
v 0.178321 0.980768 -0.071329
v 0.178321 1.087761 -0.000000
v -0.142657 0.909440 0.035664
v 0.177610 1.139863 0.035664
v 0.062826 1.224573 0.071328
v 0.062826 1.224573 0.106993
v 0.084003 1.253269 0.106993
v 0.155054 1.289484 0.106993
v 0.147535 1.339357 0.071328
v 0.147535 1.339357 0.106993
v 0.176231 1.318180 0.106993
v 0.233623 1.275825 0.071328
v 0.262319 1.254648 0.071328
v 0.262319 1.254648 0.106993
v 0.147535 1.339357 0.035664
v 0.233623 1.275825 0.035664
v 0.262319 1.254648 0.035664
v 0.162572 1.239610 0.106993
v 0.183750 1.268306 0.106993
v 0.091522 1.203395 0.071328
v 0.120218 1.182218 0.071328
v 0.091522 1.203395 0.106993
v 0.112699 1.232092 0.106993
v 0.120218 1.182218 0.106993
v 0.191268 1.218433 0.106993
v 0.241142 1.225952 0.106993
v 0.177610 1.139864 0.071328
v 0.177610 1.139864 0.106993
v 0.212446 1.247129 0.106993
v 0.148914 1.161041 0.071328
v 0.148914 1.161041 0.106993
v 0.062826 1.224573 0.035664
v 0.126358 1.310661 0.035664
v 0.212446 1.247129 0.035664
v 0.241142 1.225952 0.035664
v -0.177610 1.139863 0.035664
v -0.062826 1.224573 0.071328
v -0.062826 1.224573 0.106993
v -0.084003 1.253269 0.106993
v -0.155054 1.289484 0.106993
v -0.147535 1.339357 0.071328
v -0.147535 1.339357 0.106993
v -0.176231 1.318180 0.106993
v -0.233623 1.275825 0.071328
v -0.262319 1.254648 0.071328
v -0.262319 1.254648 0.106993
v -0.147535 1.339357 0.035664
v -0.233623 1.275825 0.035664
v -0.262319 1.254648 0.035664
v -0.162572 1.239610 0.106993
v -0.183750 1.268306 0.106993
v -0.091522 1.203395 0.071328
v -0.120218 1.182218 0.071328
v -0.091522 1.203395 0.106993
v -0.112699 1.232092 0.106993
v -0.120218 1.182218 0.106993
v -0.191268 1.218433 0.106993
v -0.241142 1.225952 0.106993
v -0.177610 1.139864 0.071328
v -0.177610 1.139864 0.106993
v -0.212446 1.247129 0.106993
v -0.148914 1.161041 0.071328
v -0.148914 1.161041 0.106993
v -0.062826 1.224573 0.035664
v -0.126358 1.310661 0.035664
v -0.212446 1.247129 0.035664
v -0.241142 1.225952 0.035664
v -0.173127 1.089303 0.020449
v -0.187202 1.079055 -0.010677
v -0.215353 1.058561 -0.072928
v -0.267697 0.983413 -0.187976
v -0.211395 1.024402 -0.063473
v -0.285730 1.007325 -0.228558
v -0.271655 1.017573 -0.197432
v -0.281772 0.973166 -0.219102
v -0.352149 0.921930 -0.374732
v -0.356108 0.956089 -0.384187
v -0.028514 1.111829 -0.093227
v -0.050926 1.156513 -0.056938
v -0.018397 1.156235 -0.071556
v -0.205756 1.043794 -0.399322
v -0.177605 1.064288 -0.337071
v 0.001395 0.985438 -0.024277
v -0.002564 1.019598 -0.033733
v -0.157813 0.893491 -0.289792
v -0.171889 0.883244 -0.320918
v -0.010480 1.087917 -0.052645
v -0.014439 1.122076 -0.062101
v -0.024556 1.077669 -0.083771
v -0.048748 1.023016 -0.136567
v -0.044790 0.988856 -0.127111
v -0.105050 0.982027 -0.261070
v -0.119125 0.971780 -0.292196
v -0.109008 1.016187 -0.270526
v -0.052707 1.057175 -0.146022
v -0.123084 1.005939 -0.301652
v -0.203578 0.910297 -0.478951
v -0.189503 0.920544 -0.447826
v -0.207536 0.944456 -0.488407
v -0.211495 0.978616 -0.497863
v -0.193461 0.954704 -0.457281
v -0.372383 0.833117 -0.418072
v -0.376342 0.867276 -0.427527
v -0.392175 1.003914 -0.465351
v -0.374141 0.980002 -0.424769
v -0.378100 1.014161 -0.434225
v -0.351729 0.935318 -0.461058
v -0.366224 0.911683 -0.405857
v -0.370183 0.945842 -0.415313
v -0.359646 1.003637 -0.479969
v -0.323158 0.969200 -0.485132
v -0.327116 1.003360 -0.494588
v -0.294587 1.003082 -0.509207
v -0.262058 1.002805 -0.523826
v -0.229529 1.002528 -0.538445
v -0.215453 1.012775 -0.507319
v -0.339854 0.832840 -0.432690
v -0.343812 0.866999 -0.442146
v -0.307324 0.832563 -0.447309
v -0.274795 0.832286 -0.461928
v -0.260720 0.842533 -0.430802
v -0.228190 0.842256 -0.445421
v -0.242266 0.832008 -0.476547
v -0.209737 0.831731 -0.491166
v -0.195661 0.841978 -0.460040
v -0.355687 0.969477 -0.470514
v -0.347771 0.901159 -0.451602
v -0.315241 0.900881 -0.466221
v -0.319200 0.935041 -0.475677
v -0.311283 0.866722 -0.456765
v -0.258099 0.968646 -0.514370
v -0.246224 0.866168 -0.486003
v -0.213695 0.865891 -0.500621
v -0.199620 0.876138 -0.469496
v -0.358308 0.843364 -0.386946
v -0.362266 0.877524 -0.396401
v -0.325779 0.843087 -0.401565
v -0.203478 0.956083 -0.044561
v -0.207436 0.990242 -0.054017
v -0.161252 0.986825 0.048817
v -0.165210 1.020984 0.039361
v -0.245704 0.925341 -0.137939
v -0.259780 0.915094 -0.169065
v -0.213175 0.925064 -0.152558
v -0.170949 0.955806 -0.059180
v -0.227250 0.914817 -0.183683
v -0.293249 0.842810 -0.416183
v -0.138420 0.955529 -0.073799
v -0.124344 0.965776 -0.042673
v -0.091815 0.965498 -0.057292
v -0.096193 0.986270 0.019579
v -0.063664 0.985993 0.004960
v -0.194721 0.914540 -0.198302
v -0.190343 0.893769 -0.275173
v -0.162192 0.914263 -0.212921
v -0.204418 0.883521 -0.306299
v -0.232569 0.863027 -0.368551
v -0.265098 0.863304 -0.353932
v -0.246644 0.852780 -0.399676
v -0.031135 0.985716 -0.009659
v -0.218494 0.873274 -0.337425
v -0.185964 0.872997 -0.352044
v -0.214115 0.852503 -0.414295
v -0.345571 1.013884 -0.448843
v -0.191161 1.113215 -0.020133
v -0.223270 1.126880 -0.091840
v -0.181044 1.157621 0.001537
v -0.177085 1.123462 0.010993
v -0.265496 1.096138 -0.185218
v -0.279572 1.085891 -0.216344
v -0.232967 1.095861 -0.199837
v -0.190741 1.126603 -0.106459
v -0.247043 1.085614 -0.230962
v -0.313041 1.013607 -0.463462
v -0.158211 1.126325 -0.121078
v -0.144136 1.136573 -0.089952
v -0.111607 1.136295 -0.104571
v -0.115985 1.157067 -0.027700
v -0.083456 1.156790 -0.042319
v -0.214513 1.085337 -0.245581
v -0.210135 1.064565 -0.322452
v -0.181984 1.085060 -0.260200
v -0.224210 1.054318 -0.353578
v -0.252361 1.033824 -0.415829
v -0.284890 1.034101 -0.401211
v -0.280512 1.013330 -0.478081
v -0.266436 1.023577 -0.446955
v -0.238285 1.044071 -0.384704
v -0.191681 1.054041 -0.368197
v -0.233907 1.023299 -0.461574
v -0.247983 1.013052 -0.492700
v -0.180318 1.156726 0.030504
v -0.187658 1.159708 -0.004269
v -0.202338 1.165671 -0.073816
v -0.232170 1.142061 -0.215856
v -0.202809 1.130133 -0.076764
v -0.239038 1.180582 -0.247681
v -0.231698 1.177600 -0.212908
v -0.239510 1.145043 -0.250630
v -0.276210 1.159953 -0.424496
v -0.275739 1.195492 -0.421547
v -0.012698 1.195982 -0.038090
v -0.039784 1.228392 0.006985
v -0.004887 1.228539 -0.000369
v -0.120525 1.261195 -0.375520
v -0.105845 1.255231 -0.305973
v -0.007244 1.050844 -0.015110
v -0.006773 1.086383 -0.012161
v -0.108203 1.077535 -0.320715
v -0.115543 1.080517 -0.355488
v -0.005830 1.157461 -0.006265
v -0.005358 1.193000 -0.003317
v -0.013170 1.160443 -0.041038
v -0.028321 1.130868 -0.113533
v -0.028793 1.095329 -0.116481
v -0.057682 1.142796 -0.252625
v -0.065022 1.145778 -0.287399
v -0.057210 1.178335 -0.249677
v -0.027850 1.166407 -0.110584
v -0.064550 1.181317 -0.284450
v -0.109062 1.163671 -0.496038
v -0.101722 1.160689 -0.461264
v -0.108591 1.199210 -0.493089
v -0.108119 1.234749 -0.490141
v -0.101251 1.196228 -0.458316
v -0.291833 1.094839 -0.499938
v -0.291362 1.130378 -0.496990
v -0.289476 1.272535 -0.485197
v -0.282607 1.234014 -0.453372
v -0.282136 1.269552 -0.450424
v -0.255522 1.201604 -0.498447
v -0.283550 1.162935 -0.459269
v -0.283079 1.198474 -0.456321
v -0.254579 1.272682 -0.492551
v -0.220152 1.237290 -0.502853
v -0.219681 1.272829 -0.499905
v -0.184783 1.272976 -0.507258
v -0.149886 1.273123 -0.514612
v -0.114988 1.273270 -0.521966
v -0.107648 1.270288 -0.487193
v -0.256936 1.094986 -0.507292
v -0.256464 1.130525 -0.504344
v -0.222038 1.095133 -0.514646
v -0.187141 1.095280 -0.522000
v -0.179801 1.092298 -0.487226
v -0.144903 1.092445 -0.494580
v -0.152243 1.095428 -0.529353
v -0.117345 1.095575 -0.536707
v -0.110005 1.092592 -0.501934
v -0.255050 1.237142 -0.495499
v -0.255993 1.166064 -0.501396
v -0.221095 1.166212 -0.508749
v -0.220624 1.201750 -0.505801
v -0.221567 1.130672 -0.511698
v -0.150357 1.237584 -0.517560
v -0.151772 1.130967 -0.526405
v -0.116874 1.131114 -0.533759
v -0.109534 1.128132 -0.498986
v -0.284493 1.091857 -0.465165
v -0.284022 1.127396 -0.462217
v -0.249596 1.092004 -0.472519
v -0.203752 1.059054 -0.082660
v -0.203281 1.094593 -0.079712
v -0.181732 1.050108 0.021659
v -0.181261 1.085647 0.024607
v -0.225773 1.068000 -0.186980
v -0.233113 1.070983 -0.221753
v -0.190875 1.068148 -0.194334
v -0.168855 1.059201 -0.090014
v -0.198215 1.071130 -0.229107
v -0.214698 1.092151 -0.479873
v -0.133957 1.059349 -0.097368
v -0.126617 1.056366 -0.062595
v -0.091719 1.056513 -0.069949
v -0.111937 1.050402 0.006951
v -0.077039 1.050549 -0.000402
v -0.163318 1.071277 -0.236461
v -0.143100 1.077388 -0.313361
v -0.128420 1.071424 -0.243814
v -0.150440 1.080370 -0.348134
v -0.165120 1.086334 -0.417680
v -0.200018 1.086187 -0.410326
v -0.172460 1.089316 -0.452453
v -0.042141 1.050696 -0.007756
v -0.157780 1.083352 -0.382907
v -0.122883 1.083499 -0.390261
v -0.137563 1.089463 -0.459807
v -0.247238 1.269700 -0.457778
v -0.187186 1.195247 -0.001321
v -0.201395 1.236750 -0.067919
v -0.179375 1.227804 0.036400
v -0.179846 1.192265 0.033452
v -0.223415 1.245696 -0.172239
v -0.230755 1.248678 -0.207012
v -0.188518 1.245843 -0.179592
v -0.166497 1.236897 -0.075273
v -0.195858 1.248825 -0.214366
v -0.212341 1.269847 -0.465132
v -0.131600 1.237044 -0.082627
v -0.124260 1.234062 -0.047854
v -0.089362 1.234209 -0.055207
v -0.109580 1.228098 0.021693
v -0.074682 1.228245 0.014339
v -0.160960 1.248973 -0.221719
v -0.140743 1.255084 -0.298620
v -0.126062 1.249120 -0.229073
v -0.148083 1.258066 -0.333393
v -0.162763 1.264030 -0.402939
v -0.197661 1.263883 -0.395585
v -0.177443 1.269994 -0.472485
v -0.170103 1.267012 -0.437712
v -0.155423 1.261048 -0.368166
v -0.113185 1.258213 -0.340746
v -0.135206 1.267159 -0.445066
v -0.142546 1.270141 -0.479839
v 0.173127 1.089303 0.020449
v 0.187202 1.079055 -0.010677
v 0.215353 1.058561 -0.072928
v 0.267697 0.983413 -0.187976
v 0.211395 1.024402 -0.063473
v 0.285731 1.007325 -0.228558
v 0.271655 1.017573 -0.197432
v 0.281772 0.973166 -0.219102
v 0.352149 0.921930 -0.374731
v 0.356108 0.956089 -0.384187
v 0.028514 1.111829 -0.093227
v 0.050926 1.156513 -0.056938
v 0.018397 1.156235 -0.071556
v 0.205756 1.043794 -0.399322
v 0.177605 1.064288 -0.337071
v -0.001395 0.985438 -0.024277
v 0.002564 1.019598 -0.033733
v 0.157814 0.893491 -0.289792
v 0.171889 0.883244 -0.320918
v 0.010480 1.087917 -0.052645
v 0.014439 1.122076 -0.062101
v 0.024556 1.077669 -0.083771
v 0.048748 1.023016 -0.136567
v 0.044790 0.988856 -0.127111
v 0.105050 0.982027 -0.261070
v 0.119125 0.971780 -0.292196
v 0.109008 1.016187 -0.270526
v 0.052707 1.057175 -0.146022
v 0.123084 1.005939 -0.301652
v 0.203578 0.910297 -0.478951
v 0.189503 0.920544 -0.447826
v 0.207537 0.944456 -0.488407
v 0.211495 0.978616 -0.497863
v 0.193461 0.954704 -0.457281
v 0.372383 0.833117 -0.418071
v 0.376342 0.867276 -0.427527
v 0.392175 1.003914 -0.465351
v 0.374142 0.980002 -0.424769
v 0.378100 1.014161 -0.434225
v 0.351729 0.935318 -0.461058
v 0.366225 0.911683 -0.405857
v 0.370183 0.945842 -0.415313
v 0.359646 1.003637 -0.479969
v 0.323158 0.969200 -0.485132
v 0.327117 1.003360 -0.494588
v 0.294587 1.003082 -0.509207
v 0.262058 1.002805 -0.523826
v 0.229529 1.002528 -0.538445
v 0.215453 1.012775 -0.507319
v 0.339854 0.832840 -0.432690
v 0.343812 0.866999 -0.442146
v 0.307325 0.832563 -0.447309
v 0.274795 0.832286 -0.461928
v 0.260720 0.842533 -0.430802
v 0.228191 0.842256 -0.445421
v 0.242266 0.832008 -0.476547
v 0.209737 0.831731 -0.491166
v 0.195661 0.841978 -0.460040
v 0.355688 0.969477 -0.470513
v 0.347771 0.901159 -0.451602
v 0.315242 0.900881 -0.466221
v 0.319200 0.935041 -0.475677
v 0.311283 0.866722 -0.456765
v 0.258100 0.968646 -0.514370
v 0.246225 0.866168 -0.486003
v 0.213695 0.865891 -0.500621
v 0.199620 0.876138 -0.469495
v 0.358308 0.843364 -0.386946
v 0.362266 0.877524 -0.396401
v 0.325779 0.843087 -0.401565
v 0.203478 0.956083 -0.044561
v 0.207437 0.990242 -0.054017
v 0.161252 0.986825 0.048817
v 0.165210 1.020984 0.039361
v 0.245704 0.925341 -0.137939
v 0.259780 0.915094 -0.169065
v 0.213175 0.925064 -0.152558
v 0.170949 0.955806 -0.059180
v 0.227251 0.914817 -0.183683
v 0.293249 0.842810 -0.416183
v 0.138420 0.955529 -0.073799
v 0.124344 0.965776 -0.042673
v 0.091815 0.965498 -0.057291
v 0.096193 0.986270 0.019579
v 0.063664 0.985993 0.004960
v 0.194721 0.914540 -0.198302
v 0.190343 0.893769 -0.275173
v 0.162192 0.914263 -0.212921
v 0.204418 0.883521 -0.306299
v 0.232569 0.863027 -0.368550
v 0.265098 0.863304 -0.353932
v 0.246645 0.852780 -0.399676
v 0.031135 0.985716 -0.009659
v 0.218494 0.873274 -0.337425
v 0.185964 0.872997 -0.352043
v 0.214115 0.852503 -0.414295
v 0.345571 1.013884 -0.448843
v 0.191161 1.113215 -0.020133
v 0.223270 1.126880 -0.091840
v 0.181044 1.157621 0.001538
v 0.177085 1.123462 0.010993
v 0.265496 1.096138 -0.185218
v 0.279572 1.085891 -0.216343
v 0.232967 1.095861 -0.199836
v 0.190741 1.126603 -0.106459
v 0.247043 1.085614 -0.230962
v 0.313041 1.013607 -0.463462
v 0.158211 1.126325 -0.121078
v 0.144136 1.136573 -0.089952
v 0.111607 1.136295 -0.104571
v 0.115985 1.157067 -0.027700
v 0.083456 1.156790 -0.042319
v 0.214513 1.085337 -0.245581
v 0.210135 1.064565 -0.322452
v 0.181984 1.085060 -0.260200
v 0.224210 1.054318 -0.353578
v 0.252361 1.033824 -0.415829
v 0.284890 1.034101 -0.401211
v 0.280512 1.013330 -0.478081
v 0.266437 1.023577 -0.446955
v 0.238286 1.044071 -0.384703
v 0.191681 1.054041 -0.368197
v 0.233907 1.023299 -0.461574
v 0.247983 1.013052 -0.492700
v 0.180318 1.156726 0.030504
v 0.187658 1.159708 -0.004269
v 0.202338 1.165671 -0.073816
v 0.232170 1.142061 -0.215856
v 0.202809 1.130133 -0.076764
v 0.239038 1.180582 -0.247681
v 0.231698 1.177600 -0.212908
v 0.239510 1.145043 -0.250630
v 0.276211 1.159953 -0.424496
v 0.275739 1.195492 -0.421547
v 0.012698 1.195982 -0.038090
v 0.039784 1.228392 0.006985
v 0.004887 1.228539 -0.000369
v 0.120525 1.261195 -0.375519
v 0.105845 1.255231 -0.305973
v 0.007244 1.050844 -0.015110
v 0.006773 1.086383 -0.012161
v 0.108202 1.077535 -0.320715
v 0.115543 1.080517 -0.355487
v 0.005830 1.157461 -0.006265
v 0.005358 1.193000 -0.003317
v 0.013170 1.160443 -0.041038
v 0.028321 1.130868 -0.113533
v 0.028793 1.095329 -0.116481
v 0.057682 1.142796 -0.252625
v 0.065022 1.145778 -0.287399
v 0.057210 1.178335 -0.249677
v 0.027850 1.166407 -0.110584
v 0.064550 1.181317 -0.284450
v 0.109063 1.163671 -0.496037
v 0.101722 1.160689 -0.461264
v 0.108591 1.199210 -0.493089
v 0.108120 1.234749 -0.490141
v 0.101251 1.196228 -0.458316
v 0.291833 1.094839 -0.499938
v 0.291362 1.130378 -0.496990
v 0.289476 1.272535 -0.485197
v 0.282608 1.234014 -0.453372
v 0.282136 1.269552 -0.450424
v 0.255522 1.201604 -0.498447
v 0.283551 1.162935 -0.459269
v 0.283079 1.198474 -0.456320
v 0.254579 1.272682 -0.492551
v 0.220153 1.237290 -0.502853
v 0.219681 1.272829 -0.499905
v 0.184783 1.272976 -0.507258
v 0.149886 1.273123 -0.514612
v 0.114988 1.273270 -0.521966
v 0.107648 1.270288 -0.487193
v 0.256936 1.094986 -0.507292
v 0.256465 1.130525 -0.504344
v 0.222038 1.095133 -0.514646
v 0.187141 1.095280 -0.521999
v 0.179801 1.092298 -0.487226
v 0.144903 1.092445 -0.494580
v 0.152243 1.095428 -0.529353
v 0.117345 1.095575 -0.536707
v 0.110005 1.092592 -0.501934
v 0.255050 1.237142 -0.495499
v 0.255993 1.166064 -0.501396
v 0.221095 1.166212 -0.508749
v 0.220624 1.201750 -0.505801
v 0.221567 1.130672 -0.511698
v 0.150357 1.237584 -0.517560
v 0.151772 1.130967 -0.526405
v 0.116874 1.131114 -0.533759
v 0.109534 1.128132 -0.498986
v 0.284494 1.091857 -0.465165
v 0.284022 1.127396 -0.462217
v 0.249596 1.092004 -0.472519
v 0.203752 1.059054 -0.082660
v 0.203281 1.094593 -0.079712
v 0.181732 1.050108 0.021659
v 0.181261 1.085647 0.024607
v 0.225773 1.068000 -0.186980
v 0.233113 1.070983 -0.221753
v 0.190875 1.068148 -0.194334
v 0.168855 1.059201 -0.090014
v 0.198215 1.071130 -0.229107
v 0.214698 1.092151 -0.479873
v 0.133957 1.059349 -0.097368
v 0.126617 1.056366 -0.062595
v 0.091719 1.056513 -0.069949
v 0.111937 1.050402 0.006951
v 0.077039 1.050549 -0.000402
v 0.163318 1.071277 -0.236460
v 0.143100 1.077388 -0.313361
v 0.128420 1.071424 -0.243814
v 0.150440 1.080370 -0.348134
v 0.165120 1.086334 -0.417680
v 0.200018 1.086187 -0.410326
v 0.172461 1.089316 -0.452453
v 0.042141 1.050696 -0.007756
v 0.157780 1.083352 -0.382907
v 0.122883 1.083499 -0.390261
v 0.137563 1.089463 -0.459807
v 0.247239 1.269700 -0.457778
v 0.187186 1.195247 -0.001321
v 0.201395 1.236750 -0.067919
v 0.179375 1.227804 0.036400
v 0.179846 1.192265 0.033452
v 0.223415 1.245696 -0.172239
v 0.230755 1.248678 -0.207012
v 0.188518 1.245843 -0.179592
v 0.166497 1.236897 -0.075273
v 0.195858 1.248825 -0.214366
v 0.212341 1.269847 -0.465132
v 0.131600 1.237044 -0.082627
v 0.124260 1.234062 -0.047853
v 0.089362 1.234209 -0.055207
v 0.109579 1.228098 0.021693
v 0.074682 1.228245 0.014339
v 0.160960 1.248973 -0.221719
v 0.140743 1.255084 -0.298620
v 0.126063 1.249120 -0.229073
v 0.148083 1.258066 -0.333393
v 0.162763 1.264030 -0.402939
v 0.197661 1.263883 -0.395585
v 0.177443 1.269994 -0.472485
v 0.170103 1.267012 -0.437712
v 0.155423 1.261048 -0.368166
v 0.113185 1.258213 -0.340746
v 0.135206 1.267159 -0.445066
v 0.142546 1.270141 -0.479839
v 0.053496 0.998600 0.159347
v 0.089161 0.998600 0.159347
v 0.053496 1.069929 0.159347
v 0.089161 1.069929 0.159347
v 0.053496 1.105593 0.159347
v 0.089161 1.105593 0.159347
v -0.089161 0.998600 0.159347
v -0.053496 0.998600 0.159347
v -0.089161 1.069929 0.159347
v -0.053496 1.069929 0.159347
v -0.089161 1.105593 0.159347
v -0.053496 1.105593 0.159347
v -0.089161 1.165607 0.147955
v -0.089161 1.180679 0.115632
v -0.089161 1.238791 -0.093378
v -0.089161 1.286186 -0.110628
v -0.089161 1.271113 -0.078305
v -0.089161 1.253863 -0.125700
v -0.089161 1.314153 -0.254992
v -0.089161 1.329225 -0.287315
v -0.089161 1.361548 -0.272242
v 0.053496 1.230252 0.178099
v 0.089161 1.230252 0.178099
v 0.089161 1.275470 0.081131
v 0.089161 1.068638 0.102737
v 0.053496 1.189217 -0.155845
v 0.089161 1.189217 -0.155845
v 0.089161 1.264579 -0.317459
v 0.089161 1.296902 -0.302387
v 0.089161 1.165607 0.147955
v 0.089161 1.197930 0.163027
v 0.089161 1.133284 0.132882
v 0.089161 1.314153 -0.254992
v 0.089161 1.344298 -0.319638
v 0.089161 1.329225 -0.287315
v 0.089161 1.346475 -0.239919
v 0.089161 1.378798 -0.224847
v 0.089161 1.408943 -0.289493
v -0.089161 1.294724 -0.382105
v -0.089161 1.327047 -0.367033
v -0.089161 1.456339 -0.306743
v -0.089161 1.408943 -0.289493
v -0.089161 1.441266 -0.274420
v -0.089161 1.391693 -0.336888
v -0.089161 1.424015 -0.321815
v -0.053496 1.391693 -0.336888
v -0.089161 1.344298 -0.319638
v -0.089161 1.376620 -0.304565
v -0.053496 1.456339 -0.306743
v -0.017832 1.456339 -0.306743
v 0.017832 1.456339 -0.306743
v 0.053496 1.456339 -0.306743
v 0.089161 1.456339 -0.306743
v 0.089161 1.441266 -0.274420
v -0.053496 1.294724 -0.382105
v -0.053496 1.327047 -0.367033
v -0.017832 1.294724 -0.382105
v 0.017832 1.294724 -0.382105
v 0.053496 1.279652 -0.349782
v 0.053496 1.294724 -0.382105
v 0.089161 1.294724 -0.382105
v 0.089161 1.279652 -0.349782
v -0.053496 1.424015 -0.321815
v -0.017832 1.391693 -0.336888
v 0.017832 1.391693 -0.336888
v -0.017832 1.327047 -0.367033
v 0.053496 1.424015 -0.321815
v 0.053496 1.391693 -0.336888
v 0.089161 1.424015 -0.321815
v 0.089161 1.327047 -0.367033
v 0.089161 1.359370 -0.351960
v 0.089161 1.311975 -0.334710
v -0.089161 1.279652 -0.349782
v -0.089161 1.311975 -0.334710
v -0.053496 1.279652 -0.349782
v -0.089161 1.068638 0.102737
v -0.089161 1.189217 -0.155845
v -0.053496 1.189217 -0.155845
v -0.089161 1.174145 -0.123522
v -0.089161 1.249507 -0.285137
v -0.089161 1.281830 -0.270064
v -0.017832 1.189217 -0.155845
v -0.017832 1.279652 -0.349782
v 0.017832 1.189217 -0.155845
v -0.053496 1.441266 -0.274420
v -0.089161 1.213002 0.130704
v -0.089161 1.275470 0.081131
v -0.089161 1.230252 0.178099
v -0.089161 1.197930 0.163027
v -0.053496 1.230252 0.178099
v -0.089161 1.335759 -0.048161
v -0.053496 1.275470 0.081131
v -0.053496 1.335759 -0.048161
v -0.017832 1.441266 -0.274420
v 0.017832 1.260397 0.113454
v -0.017832 1.230252 0.178099
v 0.017832 1.230252 0.178099
v -0.017832 1.290542 0.048808
v 0.017832 1.290542 0.048808
v 0.017832 1.350832 -0.080483
v -0.017832 1.335759 -0.048161
v 0.017832 1.365904 -0.112806
v 0.017832 1.335759 -0.048161
v 0.017832 1.380977 -0.145129
v -0.017832 1.365904 -0.112806
v 0.053496 1.260397 0.113454
v 0.053496 1.275470 0.081131
v 0.053496 1.350832 -0.080483
v 0.053496 1.380977 -0.145129
v 0.053496 1.441266 -0.274420
v -0.089161 1.071808 -0.019934
v -0.089161 1.036367 -0.015953
v -0.089161 1.067827 -0.055376
v -0.089161 1.008500 -0.264043
v -0.089161 1.039961 -0.303466
v -0.089161 1.043942 -0.268024
v -0.089161 1.004519 -0.299485
v -0.089161 0.988595 -0.441250
v -0.089161 0.984614 -0.476692
v -0.089161 1.020056 -0.480673
v 0.053496 1.142691 -0.027896
v 0.089161 1.142691 -0.027896
v 0.053496 1.098901 -0.417752
v 0.053496 1.106863 -0.346869
v 0.089161 0.965484 -0.007991
v 0.053496 0.929655 -0.326964
v 0.053496 0.925674 -0.362406
v 0.089161 0.913732 -0.468730
v 0.089161 0.949173 -0.472711
v 0.089161 1.071808 -0.019934
v 0.089161 1.107249 -0.023915
v 0.089161 1.036367 -0.015953
v 0.089161 0.988595 -0.441250
v 0.089161 0.980633 -0.512133
v 0.089161 0.984614 -0.476692
v 0.089161 1.024037 -0.445231
v 0.089161 1.059478 -0.449212
v 0.089161 1.051516 -0.520095
v -0.089161 0.905770 -0.539613
v -0.089161 0.941211 -0.543594
v -0.089161 1.082977 -0.559517
v -0.089161 1.051516 -0.520095
v -0.089161 1.086958 -0.524076
v -0.089161 1.012094 -0.551556
v -0.089161 1.047535 -0.555537
v -0.053496 1.012094 -0.551556
v -0.089161 1.016075 -0.516114
v -0.053496 1.082977 -0.559517
v -0.017832 1.047536 -0.555537
v 0.053496 1.082977 -0.559517
v 0.089161 1.082977 -0.559517
v 0.089161 1.086958 -0.524076
v -0.017832 0.905770 -0.539613
v 0.017832 0.909751 -0.504171
v 0.053496 0.909751 -0.504171
v 0.089161 0.905770 -0.539613
v 0.089161 0.909751 -0.504171
v -0.053496 1.047535 -0.555537
v -0.017832 0.976653 -0.547575
v -0.017832 1.012094 -0.551556
v 0.017832 1.047535 -0.555537
v 0.017832 0.976653 -0.547575
v -0.017832 0.941211 -0.543594
v 0.053496 1.047535 -0.555537
v 0.017832 0.941211 -0.543594
v 0.053496 0.941211 -0.543594
v 0.089161 0.941211 -0.543594
v 0.089161 0.976653 -0.547575
v 0.089161 0.945192 -0.508152
v -0.089161 0.909751 -0.504171
v -0.089161 0.945192 -0.508152
v -0.053496 0.909751 -0.504171
v -0.089161 0.949173 -0.472711
v -0.089161 0.953541 -0.114316
v -0.089161 0.957522 -0.078874
v -0.089161 0.965484 -0.007992
v -0.089161 0.941598 -0.220640
v -0.089161 0.937617 -0.256081
v -0.089161 0.917713 -0.433289
v -0.089161 0.953154 -0.437270
v -0.053496 0.957522 -0.078874
v -0.053496 0.941598 -0.220640
v -0.053496 0.953541 -0.114316
v -0.053496 0.937617 -0.256081
v -0.053496 0.917713 -0.433289
v -0.017832 0.909751 -0.504172
v -0.017832 0.957522 -0.078874
v 0.017832 0.957522 -0.078874
v -0.017832 0.937617 -0.256081
v 0.017832 0.929655 -0.326964
v 0.017832 0.937617 -0.256081
v 0.017832 0.925674 -0.362406
v 0.017832 0.917713 -0.433289
v -0.017832 0.917713 -0.433289
v 0.017832 0.913732 -0.468730
v 0.053496 0.957522 -0.078874
v 0.053496 0.965484 -0.007992
v 0.017832 0.921693 -0.397847
v 0.053496 0.921693 -0.397847
v 0.053496 0.913732 -0.468730
v -0.053496 1.086958 -0.524076
v -0.089161 1.103269 -0.059357
v -0.089161 1.130748 -0.134220
v -0.089161 1.142691 -0.027896
v -0.089161 1.107249 -0.023915
v -0.089161 1.118805 -0.240545
v -0.089161 1.114824 -0.275986
v -0.053496 1.118805 -0.240545
v -0.053496 1.130748 -0.134220
v -0.053496 1.114824 -0.275986
v -0.053496 1.094920 -0.453193
v -0.017832 1.086958 -0.524076
v -0.017832 1.130748 -0.134220
v -0.017832 1.134729 -0.098779
v 0.017832 1.134729 -0.098779
v -0.017832 1.142691 -0.027896
v 0.017832 1.142691 -0.027896
v -0.017832 1.114824 -0.275986
v 0.017832 1.106863 -0.346869
v 0.017832 1.114824 -0.275986
v 0.017832 1.102882 -0.382310
v 0.017832 1.094920 -0.453193
v -0.017832 1.094920 -0.453193
v 0.017832 1.086958 -0.524076
v 0.017832 1.090939 -0.488635
v 0.017832 1.098901 -0.417752
v 0.053496 1.102882 -0.382310
v 0.053496 1.090939 -0.488635
v 0.053496 1.086958 -0.524076
v 0.160489 0.035664 0.231818
v 0.160489 0.071329 0.231818
v -0.017832 0.071329 0.231818
v 0.089161 0.106993 0.231818
v 0.089161 0.178322 0.231818
v 0.017832 0.178322 0.231818
v 0.017832 0.106993 0.231818
v 0.053496 0.000000 0.231818
v 0.053496 0.035664 0.231818
v 0.196154 0.106993 0.124825
v 0.196154 0.071329 0.160489
v 0.160489 0.071329 0.160489
v 0.160489 0.035664 0.160489
v 0.196154 0.035664 0.160489
v 0.160489 0.142657 0.160489
v 0.196154 0.106993 0.160489
v 0.196154 0.142657 0.160489
v 0.196154 0.106993 0.017832
v 0.160489 0.142657 0.017832
v 0.196154 0.142657 0.017832
v 0.196154 0.071329 0.053496
v 0.160489 0.071329 0.017832
v 0.160489 0.035664 0.017832
v 0.196154 0.071329 0.017832
v 0.196154 0.035664 0.017832
v 0.196154 0.071329 0.089161
v 0.196154 0.035664 0.089161
v 0.196154 0.035664 0.053496
v 0.196154 0.071329 0.124825
v 0.196154 0.142657 0.089161
v 0.196154 0.142657 0.124825
v 0.196154 0.106993 0.053496
v 0.160489 0.142657 0.089161
v 0.124825 0.000000 0.196154
v 0.160489 0.000000 0.196154
v 0.160489 0.000000 0.231818
v 0.160489 0.000000 0.160489
v 0.160489 0.000000 0.089161
v 0.160489 0.000000 0.124825
v 0.160489 0.000000 0.053496
v 0.124825 0.000000 0.017832
v 0.160489 0.000000 0.017832
v 0.160489 0.000000 -0.017832
v 0.160489 0.000000 -0.053496
v 0.124825 0.000000 -0.017832
v 0.124825 0.000000 0.160489
v -0.017832 0.000000 0.196154
v -0.017832 0.000000 0.231818
v 0.160489 0.000000 -0.089161
v 0.124825 0.000000 -0.053496
v 0.017832 0.000000 0.196154
v 0.017832 0.000000 -0.053496
v 0.017832 0.000000 0.017832
v 0.124825 0.000000 0.053496
v 0.124825 0.000000 0.089161
v 0.124825 0.000000 0.124825
v 0.017832 0.000000 -0.017832
v 0.017832 0.000000 0.053496
v 0.017832 0.000000 0.089161
v 0.017832 0.000000 0.124825
v 0.017832 0.000000 0.160489
v -0.017832 0.035664 0.231818
v -0.017832 0.035664 0.124825
v -0.017832 0.035664 0.196154
v -0.017832 0.035664 -0.053496
v -0.017832 0.106993 0.124825
v -0.017832 0.106993 0.231818
v -0.017832 0.178322 0.231818
v -0.017832 0.178322 0.089161
v -0.017832 0.178322 0.053496
v -0.017832 0.106993 0.089161
v -0.017832 0.106993 0.053496
v -0.017832 0.178322 -0.089161
v -0.017832 0.035664 -0.089161
v -0.017832 0.000000 -0.053496
v -0.017832 0.035664 0.053496
v -0.017832 0.035664 0.089161
v 0.160489 0.106993 -0.089161
v -0.017832 0.106993 -0.089161
v -0.017832 0.000000 -0.089161
v 0.089161 0.178322 0.160489
v 0.017832 0.178322 0.160489
v 0.160489 0.178322 0.231818
v 0.160489 0.178322 0.124825
v -0.017832 0.178322 0.160489
v -0.017832 0.178322 0.124825
v 0.160489 0.178322 0.053496
v 0.160489 0.035664 0.124825
v 0.160489 0.035664 0.196154
v 0.160489 0.035664 -0.053496
v 0.160489 0.106993 0.124825
v 0.160489 0.106993 0.231818
v 0.160489 0.178322 0.089161
v 0.160489 0.106993 0.089161
v 0.160489 0.106993 0.053496
v 0.160489 0.178322 -0.089161
v 0.160489 0.035664 -0.089161
v 0.160489 0.035664 0.053496
v 0.160489 0.035664 0.089161
v 0.000000 0.178322 -0.071329
v 0.000000 0.178322 0.071329
v 0.142657 0.178322 0.071329
v 0.142657 0.213986 0.071329
v 0.106993 0.213986 -0.071329
v 0.071329 0.213986 -0.071329
v 0.000000 0.213986 0.071329
v 0.000000 0.249650 0.071329
v 0.000000 0.213986 -0.071329
v 0.035664 0.249650 -0.071329
v 0.106993 0.249650 -0.071329
v 0.142657 0.213986 -0.071329
v 0.035664 0.213986 -0.071329
v 0.106993 0.285315 -0.071329
v 0.142657 0.249650 -0.071329
v 0.142657 0.285315 -0.071329
v 0.000000 0.249650 -0.071329
v 0.000000 0.285315 -0.071329
v 0.035664 0.285315 -0.071329
v 0.000000 0.285315 0.071329
v 0.142657 0.249650 0.071329
v 0.142657 0.285315 0.071329
v 0.071329 0.213986 0.071329
v 0.106993 0.178322 0.071329
v 0.106993 0.213986 0.071329
v 0.071329 0.178322 -0.071329
v 0.142657 0.142657 -0.071329
v 0.142657 0.178322 -0.071329
v 0.000000 0.142657 -0.071329
v 0.071329 0.142657 -0.071329
v 0.000000 0.142657 0.071329
v 0.142657 0.142657 0.071329
v 0.071329 0.178322 0.071329
v 0.142657 0.106993 -0.071329
v 0.071329 0.106993 -0.071329
v 0.000000 0.106993 -0.071329
v 0.000000 0.106993 0.071329
v 0.142657 0.106993 0.071329
v 0.071329 0.213986 -0.035664
v 0.035664 0.320979 -0.035664
v 0.035664 0.356643 -0.035664
v 0.071329 0.320979 -0.035664
v 0.071329 0.356643 -0.035664
v 0.071329 0.463636 -0.035664
v 0.071329 0.570629 -0.035664
v 0.035664 0.463636 -0.035664
v 0.035664 0.666293 -0.035664
v 0.071329 0.666293 -0.035664
v 0.106993 0.285315 0.035664
v 0.106993 0.320979 0.035664
v 0.035664 0.285315 0.035664
v 0.071329 0.285315 0.035664
v 0.071329 0.320979 0.035664
v 0.035664 0.356643 0.035664
v 0.035664 0.392307 0.035664
v 0.071329 0.356643 0.035664
v 0.071329 0.392307 0.035664
v 0.071329 0.570629 0.035664
v 0.035664 0.570629 0.035664
v 0.106993 0.213986 0.035664
v 0.071329 0.213986 0.035664
v 0.106993 0.285315 -0.035664
v 0.106993 0.320979 -0.035664
v 0.106993 0.285315 0.000000
v 0.106993 0.320979 0.000000
v 0.106993 0.356643 0.035664
v 0.106993 0.392307 0.035664
v 0.106993 0.356643 0.000000
v 0.106993 0.392307 0.000000
v 0.106993 0.356643 -0.035664
v 0.106993 0.392307 -0.035664
v 0.106993 0.570629 -0.000000
v 0.106993 0.570629 -0.035664
v 0.106993 0.666293 -0.035664
v 0.106993 0.570629 0.035664
v 0.106993 0.666293 0.035664
v 0.106993 0.213986 -0.035664
v 0.106993 0.213986 0.000000
v 0.035664 0.213986 -0.035664
v 0.035664 0.213986 0.000000
v 0.035664 0.213986 0.035664
v 0.035664 0.320979 0.035664
v 0.035664 0.320979 0.000000
v 0.035664 0.356643 0.000000
v 0.035664 0.463636 0.000000
v 0.035664 0.570629 -0.000000
v 0.035664 0.463636 0.035664
v 0.035664 0.666293 0.035664
v 0.035664 0.570629 -0.035664
v 0.035664 0.666293 -0.000000
v -0.160489 0.035664 0.231818
v -0.160489 0.071329 0.231818
v 0.017832 0.071329 0.231818
v -0.089161 0.106993 0.231818
v -0.089161 0.178322 0.231818
v -0.017832 0.178322 0.231818
v -0.017832 0.106993 0.231818
v -0.053496 0.000000 0.231818
v -0.053496 0.035664 0.231818
v -0.196154 0.106993 0.124825
v -0.196154 0.071329 0.160489
v -0.160489 0.071329 0.160489
v -0.160489 0.035664 0.160489
v -0.196154 0.035664 0.160489
v -0.160489 0.142657 0.160489
v -0.196154 0.106993 0.160489
v -0.196154 0.142657 0.160489
v -0.196154 0.106993 0.017832
v -0.160489 0.142657 0.017832
v -0.196154 0.142657 0.017832
v -0.196154 0.071329 0.053496
v -0.160489 0.071329 0.017832
v -0.160489 0.035664 0.017832
v -0.196154 0.071329 0.017832
v -0.196154 0.035664 0.017832
v -0.196154 0.071329 0.089161
v -0.196154 0.035664 0.089161
v -0.196154 0.035664 0.053496
v -0.196154 0.071329 0.124825
v -0.196154 0.142657 0.089161
v -0.196154 0.142657 0.124825
v -0.196154 0.106993 0.053496
v -0.160489 0.142657 0.089161
v -0.124825 0.000000 0.196154
v -0.160489 0.000000 0.196154
v -0.160489 0.000000 0.231818
v -0.160489 0.000000 0.160489
v -0.160489 0.000000 0.089161
v -0.160489 0.000000 0.124825
v -0.160489 0.000000 0.053496
v -0.124825 0.000000 0.017832
v -0.160489 0.000000 0.017832
v -0.160489 0.000000 -0.017832
v -0.160489 0.000000 -0.053496
v -0.124825 0.000000 -0.017832
v -0.124825 0.000000 0.160489
v 0.017832 0.000000 0.196154
v 0.017832 0.000000 0.231818
v -0.160489 0.000000 -0.089161
v -0.124825 0.000000 -0.053496
v -0.017832 0.000000 0.196154
v -0.017832 0.000000 -0.053496
v -0.017832 0.000000 0.017832
v -0.124825 0.000000 0.053496
v -0.124825 0.000000 0.089161
v -0.124825 0.000000 0.124825
v -0.017832 0.000000 -0.017832
v -0.017832 0.000000 0.053496
v -0.017832 0.000000 0.089161
v -0.017832 0.000000 0.124825
v -0.017832 0.000000 0.160489
v 0.017832 0.035664 0.231818
v 0.017832 0.035664 0.124825
v 0.017832 0.035664 0.196154
v 0.017832 0.035664 -0.053496
v 0.017832 0.106993 0.124825
v 0.017832 0.106993 0.231818
v 0.017832 0.178322 0.231818
v 0.017832 0.178322 0.089161
v 0.017832 0.178322 0.053496
v 0.017832 0.106993 0.089161
v 0.017832 0.106993 0.053496
v 0.017832 0.178322 -0.089161
v 0.017832 0.035664 -0.089161
v 0.017832 0.000000 -0.053496
v 0.017832 0.035664 0.053496
v 0.017832 0.035664 0.089161
v -0.160489 0.106993 -0.089161
v 0.017832 0.106993 -0.089161
v 0.017832 0.000000 -0.089161
v -0.089161 0.178322 0.160489
v -0.017832 0.178322 0.160489
v -0.160489 0.178322 0.231818
v -0.160489 0.178322 0.124825
v 0.017832 0.178322 0.160489
v 0.017832 0.178322 0.124825
v -0.160489 0.178322 0.053496
v -0.160489 0.035664 0.124825
v -0.160489 0.035664 0.196154
v -0.160489 0.035664 -0.053496
v -0.160489 0.106993 0.124825
v -0.160489 0.106993 0.231818
v -0.160489 0.178322 0.089161
v -0.160489 0.106993 0.089161
v -0.160489 0.106993 0.053496
v -0.160489 0.178322 -0.089161
v -0.160489 0.035664 -0.089161
v -0.160489 0.035664 0.053496
v -0.160489 0.035664 0.089161
v -0.000000 0.178322 -0.071329
v -0.000000 0.178322 0.071329
v -0.142657 0.178322 0.071329
v -0.142657 0.213986 0.071329
v -0.106993 0.213986 -0.071329
v -0.071329 0.213986 -0.071329
v -0.000000 0.213986 0.071329
v -0.000000 0.249650 0.071329
v -0.000000 0.213986 -0.071329
v -0.035664 0.249650 -0.071329
v -0.106993 0.249650 -0.071329
v -0.142657 0.213986 -0.071329
v -0.035664 0.213986 -0.071329
v -0.106993 0.285315 -0.071329
v -0.142657 0.249650 -0.071329
v -0.142657 0.285315 -0.071329
v -0.000000 0.249650 -0.071329
v -0.000000 0.285315 -0.071329
v -0.035664 0.285315 -0.071329
v -0.000000 0.285315 0.071329
v -0.142657 0.249650 0.071329
v -0.142657 0.285315 0.071329
v -0.071329 0.213986 0.071329
v -0.106993 0.178322 0.071329
v -0.106993 0.213986 0.071329
v -0.071329 0.178322 -0.071329
v -0.142657 0.142657 -0.071329
v -0.142657 0.178322 -0.071329
v -0.000000 0.142657 -0.071329
v -0.071329 0.142657 -0.071329
v -0.000000 0.142657 0.071329
v -0.142657 0.142657 0.071329
v -0.071329 0.178322 0.071329
v -0.142657 0.106993 -0.071329
v -0.071329 0.106993 -0.071329
v -0.000000 0.106993 -0.071329
v -0.000000 0.106993 0.071329
v -0.142657 0.106993 0.071329
v -0.071329 0.213986 -0.035664
v -0.035664 0.320979 -0.035664
v -0.035664 0.356643 -0.035664
v -0.071329 0.320979 -0.035664
v -0.071329 0.356643 -0.035664
v -0.071329 0.463636 -0.035664
v -0.071329 0.570629 -0.035664
v -0.035664 0.463636 -0.035664
v -0.035664 0.666293 -0.035664
v -0.071329 0.666293 -0.035664
v -0.106993 0.285315 0.035664
v -0.106993 0.320979 0.035664
v -0.035664 0.285315 0.035664
v -0.071329 0.285315 0.035664
v -0.071329 0.320979 0.035664
v -0.035664 0.356643 0.035664
v -0.035664 0.392307 0.035664
v -0.071329 0.356643 0.035664
v -0.071329 0.392307 0.035664
v -0.071329 0.570629 0.035664
v -0.035664 0.570629 0.035664
v -0.106993 0.213986 0.035664
v -0.071329 0.213986 0.035664
v -0.106993 0.285315 -0.035664
v -0.106993 0.320979 -0.035664
v -0.106993 0.285315 0.000000
v -0.106993 0.320979 0.000000
v -0.106993 0.356643 0.035664
v -0.106993 0.392307 0.035664
v -0.106993 0.356643 0.000000
v -0.106993 0.392307 0.000000
v -0.106993 0.356643 -0.035664
v -0.106993 0.392307 -0.035664
v -0.106993 0.570629 -0.000000
v -0.106993 0.570629 -0.035664
v -0.106993 0.666293 -0.035664
v -0.106993 0.570629 0.035664
v -0.106993 0.666293 0.035664
v -0.106993 0.213986 -0.035664
v -0.106993 0.213986 0.000000
v -0.035664 0.213986 -0.035664
v -0.035664 0.213986 0.000000
v -0.035664 0.213986 0.035664
v -0.035664 0.320979 0.035664
v -0.035664 0.320979 0.000000
v -0.035664 0.356643 0.000000
v -0.035664 0.463636 0.000000
v -0.035664 0.570629 -0.000000
v -0.035664 0.463636 0.035664
v -0.035664 0.666293 0.035664
v -0.035664 0.570629 -0.035664
v -0.035664 0.666293 -0.000000
v 0.142657 0.820279 0.035664
v 0.320979 0.820279 0.035664
v 0.392307 0.855943 0.035664
v 0.392307 0.891608 0.035664
v 0.320979 0.891608 0.035664
v 0.142657 0.891608 0.035664
v 0.392307 0.891608 -0.035664
v 0.320979 0.891608 -0.035664
v 0.320979 0.855943 -0.035664
v 0.392307 0.855943 -0.035664
v 0.142657 0.820279 -0.035664
v 0.142657 0.855943 -0.035664
v 0.392307 0.820279 0.035664
v 0.320979 0.820279 -0.035664
v 0.392307 0.820279 -0.035664
v 0.142657 0.891608 -0.000000
v 0.142657 0.855943 0.035664
v 0.142657 0.891608 -0.035664
v 0.142657 0.855943 -0.000000
v 0.392307 0.891608 -0.000000
v 0.320979 0.891608 -0.000000
v 0.320979 0.855943 0.035664
v 0.392307 0.855943 0.035664
v 0.392307 0.891608 0.035664
v 0.463636 0.891608 -0.035664
v 0.463636 0.820279 -0.035664
v 0.463636 0.855944 -0.035664
v 0.392307 0.891608 -0.035664
v 0.427972 0.855944 -0.035664
v 0.392307 0.855944 -0.035664
v 0.392307 0.820279 0.035664
v 0.427972 0.820279 -0.035664
v 0.392307 0.820279 -0.035664
v 0.463636 0.855943 0.035664
v 0.463636 0.891608 0.035664
v 0.463636 0.820279 0.035664
v 0.392307 0.891608 -0.000000
v 0.463636 0.891608 -0.000000
v 0.463636 0.909440 0.053496
v 0.463636 0.909440 -0.053496
v 0.499300 0.909440 -0.053496
v 0.463636 0.802447 0.053496
v 0.499300 0.802447 0.053496
v 0.463636 0.802447 -0.053496
v 0.499300 0.909440 0.053496
v 0.534965 0.909440 -0.053496
v 0.534965 0.802447 0.053496
v 0.534965 0.802447 -0.017832
v 0.499300 0.802447 -0.053496
v 0.534965 0.909440 0.053496
v 0.570629 0.909440 0.053496
v 0.570629 0.909440 -0.017832
v 0.534965 0.909440 -0.017832
v 0.570629 0.802447 0.053496
v 0.570629 0.802447 -0.017832
v 0.534965 0.802447 -0.053496
v 0.606293 0.909440 0.053496
v 0.570629 0.909440 -0.053496
v 0.606293 0.909440 -0.053496
v 0.606293 0.802447 0.053496
v 0.570629 0.802447 -0.053496
v 0.606293 0.802447 -0.053496
v 0.570629 0.927272 -0.053496
v 0.570629 0.891608 0.089161
v 0.570629 0.927272 0.089161
v 0.606293 0.927272 0.089161
v 0.641958 0.927272 0.017832
v 0.641958 0.927272 -0.017832
v 0.570629 0.927272 -0.089161
v 0.606293 0.927272 -0.053496
v 0.641958 0.927272 -0.053496
v 0.748950 0.927272 -0.053496
v 0.748950 0.927272 -0.017832
v 0.748950 0.927272 0.053496
v 0.713286 0.891608 0.089161
v 0.713286 0.927272 0.089161
v 0.748950 0.927272 0.089161
v 0.677622 0.927272 0.017832
v 0.748950 0.927272 0.017832
v 0.713286 0.927272 -0.089161
v 0.748950 0.927272 -0.089161
v 0.570629 0.820279 0.053496
v 0.606293 0.855943 0.089161
v 0.570629 0.784615 0.089161
v 0.570629 0.820279 0.089161
v 0.570629 0.891608 0.053496
v 0.570629 0.855943 0.089161
v 0.606293 0.891608 0.089161
v 0.641958 0.855943 0.089161
v 0.641958 0.784615 0.089161
v 0.641958 0.891608 0.089161
v 0.677622 0.784615 0.089161
v 0.713286 0.820279 0.089161
v 0.713286 0.784615 0.053496
v 0.677622 0.820279 0.089161
v 0.748950 0.784615 0.053496
v 0.713286 0.784615 0.089161
v 0.748950 0.784615 0.089161
v 0.748950 0.820279 0.089161
v 0.677622 0.927272 0.053496
v 0.641958 0.927272 0.053496
v 0.677622 0.891608 0.089161
v 0.606293 0.927272 0.053496
v 0.570629 0.891608 -0.089161
v 0.570629 0.891608 -0.053496
v 0.570629 0.820279 -0.089161
v 0.570629 0.855944 -0.089161
v 0.606293 0.855944 -0.089161
v 0.570629 0.820279 -0.053496
v 0.570629 0.784615 -0.089161
v 0.606293 0.820279 -0.089161
v 0.641958 0.784615 -0.089161
v 0.713286 0.784615 0.017832
v 0.748950 0.784615 0.017832
v 0.713286 0.784615 -0.017832
v 0.748950 0.784615 -0.017832
v 0.713286 0.784615 -0.053496
v 0.713286 0.784615 -0.089161
v 0.748950 0.784615 -0.089161
v 0.748950 0.784615 -0.053496
v 0.677622 0.855944 -0.089161
v 0.641958 0.820279 -0.089161
v 0.641958 0.855944 -0.089161
v 0.713286 0.855944 -0.089161
v 0.677622 0.784615 -0.089161
v -0.142657 0.820279 0.035664
v -0.320979 0.820279 0.035664
v -0.392307 0.855943 0.035664
v -0.392307 0.891608 0.035664
v -0.320979 0.891608 0.035664
v -0.142657 0.891608 0.035664
v -0.392307 0.891608 -0.035664
v -0.320979 0.891608 -0.035664
v -0.320979 0.855943 -0.035664
v -0.392307 0.855943 -0.035664
v -0.142657 0.820279 -0.035664
v -0.142657 0.855943 -0.035664
v -0.392307 0.820279 0.035664
v -0.320979 0.820279 -0.035664
v -0.392307 0.820279 -0.035664
v -0.142657 0.891608 -0.000000
v -0.142657 0.855943 0.035664
v -0.142657 0.891608 -0.035664
v -0.142657 0.855943 -0.000000
v -0.392307 0.891608 -0.000000
v -0.320979 0.891608 -0.000000
v -0.320979 0.855943 0.035664
v -0.392307 0.855943 0.035664
v -0.392307 0.891608 0.035664
v -0.463636 0.891608 -0.035664
v -0.463636 0.820279 -0.035664
v -0.463636 0.855943 -0.035664
v -0.392307 0.891608 -0.035664
v -0.427972 0.855943 -0.035664
v -0.392307 0.855943 -0.035664
v -0.392307 0.820279 0.035664
v -0.427972 0.820279 -0.035664
v -0.392307 0.820279 -0.035664
v -0.463636 0.855943 0.035664
v -0.463636 0.891608 0.035664
v -0.463636 0.820279 0.035664
v -0.392307 0.891608 -0.000000
v -0.463636 0.891608 -0.000000
v -0.463636 0.909440 0.053496
v -0.463636 0.909440 -0.053497
v -0.499300 0.909440 -0.053497
v -0.463636 0.802447 0.053496
v -0.499300 0.802447 0.053496
v -0.463636 0.802447 -0.053497
v -0.499300 0.909440 0.053496
v -0.534965 0.909440 -0.053497
v -0.534965 0.802447 0.053496
v -0.534965 0.802447 -0.017832
v -0.499300 0.802447 -0.053497
v -0.534965 0.909440 0.053496
v -0.570629 0.909440 0.053496
v -0.570629 0.909440 -0.017832
v -0.534965 0.909440 -0.017832
v -0.570629 0.802447 0.053496
v -0.570629 0.802447 -0.017832
v -0.534965 0.802447 -0.053497
v -0.606293 0.909440 0.053496
v -0.570629 0.909440 -0.053497
v -0.606293 0.909440 -0.053497
v -0.606293 0.802447 0.053496
v -0.570629 0.802447 -0.053497
v -0.606293 0.802447 -0.053497
v -0.570629 0.927272 -0.053497
v -0.570629 0.891607 0.089160
v -0.570629 0.927272 0.089160
v -0.606293 0.927272 0.089160
v -0.641958 0.927272 0.017832
v -0.641958 0.927272 -0.017832
v -0.570629 0.927272 -0.089161
v -0.606293 0.927272 -0.053497
v -0.641958 0.927272 -0.053497
v -0.748950 0.927272 -0.053497
v -0.748950 0.927272 -0.017832
v -0.748950 0.927272 0.053496
v -0.713286 0.891608 0.089160
v -0.713286 0.927272 0.089160
v -0.748950 0.927272 0.089160
v -0.677622 0.927272 0.017832
v -0.748950 0.927272 0.017832
v -0.713286 0.927272 -0.089161
v -0.748950 0.927272 -0.089161
v -0.570629 0.820279 0.053496
v -0.606293 0.855943 0.089160
v -0.570629 0.784615 0.089160
v -0.570629 0.820279 0.089160
v -0.570629 0.891608 0.053496
v -0.570629 0.855943 0.089160
v -0.606293 0.891607 0.089160
v -0.641958 0.855943 0.089160
v -0.641958 0.784615 0.089160
v -0.641958 0.891608 0.089160
v -0.677622 0.784615 0.089160
v -0.713286 0.820279 0.089160
v -0.713286 0.784615 0.053496
v -0.677622 0.820279 0.089160
v -0.748950 0.784615 0.053496
v -0.713286 0.784615 0.089160
v -0.748950 0.784615 0.089160
v -0.748950 0.820279 0.089160
v -0.677622 0.927272 0.053496
v -0.641958 0.927272 0.053496
v -0.677622 0.891608 0.089160
v -0.606293 0.927272 0.053496
v -0.570629 0.891608 -0.089161
v -0.570629 0.891608 -0.053497
v -0.570629 0.820279 -0.089161
v -0.570629 0.855943 -0.089161
v -0.606293 0.855943 -0.089161
v -0.570629 0.820279 -0.053497
v -0.570629 0.784615 -0.089161
v -0.606293 0.820279 -0.089161
v -0.641958 0.784615 -0.089161
v -0.713286 0.784615 0.017832
v -0.748950 0.784615 0.017832
v -0.713286 0.784615 -0.017832
v -0.748950 0.784615 -0.017832
v -0.713286 0.784615 -0.053497
v -0.713286 0.784615 -0.089161
v -0.748950 0.784615 -0.089161
v -0.748950 0.784615 -0.053497
v -0.677622 0.855943 -0.089161
v -0.641958 0.820279 -0.089161
v -0.641958 0.855943 -0.089161
v -0.713286 0.855943 -0.089161
v -0.677622 0.784615 -0.089161
v 0.196154 0.106993 0.124825
v 0.196154 0.071329 0.160489
v 0.160489 0.071329 0.160489
v 0.160489 0.035664 0.160489
v 0.196154 0.035664 0.160489
v 0.160489 0.142657 0.160489
v 0.196154 0.106993 0.160489
v 0.196154 0.142657 0.160489
v 0.196154 0.106993 0.017832
v 0.160489 0.142657 0.017832
v 0.196154 0.142657 0.017832
v 0.196154 0.071329 0.053496
v 0.160489 0.071329 0.017832
v 0.160489 0.035664 0.017832
v 0.196154 0.071329 0.017832
v 0.196154 0.035664 0.017832
v 0.196154 0.071329 0.089161
v 0.196154 0.035664 0.089161
v 0.196154 0.035664 0.053496
v 0.196154 0.071329 0.124825
v 0.196154 0.142657 0.089161
v 0.196154 0.142657 0.124825
v 0.196154 0.106993 0.053496
v 0.160489 0.142657 0.089161
v 0.160489 0.035664 0.089161
v -0.196154 0.106993 0.124825
v -0.196154 0.071329 0.160489
v -0.160489 0.071329 0.160489
v -0.160489 0.035664 0.160489
v -0.196154 0.035664 0.160489
v -0.160489 0.142657 0.160489
v -0.196154 0.106993 0.160489
v -0.196154 0.142657 0.160489
v -0.196154 0.106993 0.017832
v -0.160489 0.142657 0.017832
v -0.196154 0.142657 0.017832
v -0.196154 0.071329 0.053496
v -0.160489 0.071329 0.017832
v -0.160489 0.035664 0.017832
v -0.196154 0.071329 0.017832
v -0.196154 0.035664 0.017832
v -0.196154 0.071329 0.089161
v -0.196154 0.035664 0.089161
v -0.196154 0.035664 0.053496
v -0.196154 0.071329 0.124825
v -0.196154 0.142657 0.089161
v -0.196154 0.142657 0.124825
v -0.196154 0.106993 0.053496
v -0.160489 0.142657 0.089161
v -0.160489 0.035664 0.089161
vt 0.054688 0.710938
vt 0.046875 0.695312
vt 0.054688 0.695312
vt 0.046875 0.695312
vt 0.054688 0.710938
vt 0.046875 0.710938
vt 0.046875 0.710938
vt 0.054688 0.695312
vt 0.054688 0.710938
vt 0.148438 0.914062
vt 0.156250 0.898438
vt 0.156250 0.914062
vt 0.148438 0.914062
vt 0.148438 0.898438
vt 0.156250 0.914062
vt 0.046875 0.898438
vt 0.035156 0.867188
vt 0.054688 0.898438
vt 0.035156 0.867188
vt 0.035156 0.867188
vt 0.035156 0.867188
vt 0.035156 0.664062
vt 0.035156 0.664062
vt 0.035156 0.664062
vt 0.046875 0.695312
vt 0.054688 0.710938
vt 0.046875 0.710938
vt 0.035156 0.664062
vt 0.035156 0.664062
vt 0.054688 0.898438
vt 0.054688 0.914062
vt 0.054688 0.914062
vt 0.046875 0.914062
vt 0.054688 0.710938
vt 0.046875 0.695312
vt 0.054688 0.695312
vt 0.148438 0.914062
vt 0.148438 0.898438
vt 0.156250 0.914062
vt 0.054688 0.898438
vt 0.046875 0.914062
vt 0.046875 0.898438
vt 0.054688 0.695312
vt 0.046875 0.710938
vt 0.046875 0.695312
vt 0.156250 0.898438
vt 0.148438 0.914062
vt 0.148438 0.898438
vt 0.148438 0.914062
vt 0.148438 0.898438
vt 0.156250 0.898438
vt 0.054688 0.710938
vt 0.046875 0.695312
vt 0.054688 0.695312
vt 0.054688 0.695312
vt 0.046875 0.710938
vt 0.046875 0.695312
vt 0.156250 0.695312
vt 0.148438 0.710938
vt 0.148438 0.710938
vt 0.156250 0.695312
vt 0.148438 0.710938
vt 0.148438 0.695312
vt 0.156250 0.695312
vt 0.148438 0.710938
vt 0.148438 0.695312
vt 0.156250 0.710938
vt 0.156250 0.710938
vt 0.148438 0.695312
vt 0.257812 0.914062
vt 0.250000 0.914062
vt 0.250000 0.898438
vt 0.257812 0.914062
vt 0.250000 0.898438
vt 0.257812 0.898438
vt 0.257812 0.898438
vt 0.250000 0.914062
vt 0.250000 0.898438
vt 0.257812 0.898438
vt 0.257812 0.914062
vt 0.257812 0.914062
vt 0.250000 0.914062
vt 0.250000 0.898438
vt 0.257812 0.898438
vt 0.257812 0.710938
vt 0.250000 0.710938
vt 0.250000 0.695312
vt 0.250000 0.710938
vt 0.250000 0.710938
vt 0.257812 0.695312
vt 0.156250 0.914062
vt 0.148438 0.914062
vt 0.148438 0.914062
vt 0.257812 0.695312
vt 0.250000 0.710938
vt 0.250000 0.695312
vt 0.046875 0.898438
vt 0.054688 0.898438
vt 0.046875 0.898438
vt 0.054688 0.898438
vt 0.046875 0.914062
vt 0.046875 0.898438
vt 0.148438 0.898438
vt 0.156250 0.914062
vt 0.148438 0.914062
vt 0.054688 0.695312
vt 0.046875 0.710938
vt 0.046875 0.695312
vt 0.046875 0.695312
vt 0.054688 0.695312
vt 0.046875 0.710938
vt 0.046875 0.695312
vt 0.046875 0.710938
vt 0.054688 0.710938
vt 0.046875 0.695312
vt 0.054688 0.710938
vt 0.046875 0.710938
vt 0.054688 0.898438
vt 0.046875 0.914062
vt 0.046875 0.898438
vt 0.156250 0.898438
vt 0.148438 0.914062
vt 0.148438 0.898438
vt 0.046875 0.695312
vt 0.054688 0.710938
vt 0.046875 0.695312
vt 0.054688 0.695312
vt 0.046875 0.710938
vt 0.046875 0.695312
vt 0.054688 0.710938
vt 0.046875 0.710938
vt 0.054688 0.710938
vt 0.046875 0.710938
vt 0.046875 0.710938
vt 0.148438 0.898438
vt 0.156250 0.914062
vt 0.148438 0.914062
vt 0.156250 0.898438
vt 0.148438 0.914062
vt 0.148438 0.898438
vt 0.054688 0.710938
vt 0.054688 0.710938
vt 0.046875 0.695312
vt 0.054688 0.695312
vt 0.046875 0.710938
vt 0.046875 0.695312
vt 0.054688 0.695312
vt 0.054688 0.710938
vt 0.054688 0.710938
vt 0.148438 0.914062
vt 0.148438 0.898438
vt 0.156250 0.914062
vt 0.054688 0.710938
vt 0.046875 0.695312
vt 0.054688 0.695312
vt 0.046875 0.695312
vt 0.054688 0.710938
vt 0.046875 0.710938
vt 0.046875 0.710938
vt 0.054688 0.695312
vt 0.054688 0.710938
vt 0.148438 0.914062
vt 0.156250 0.898438
vt 0.156250 0.914062
vt 0.148438 0.898438
vt 0.156250 0.914062
vt 0.156250 0.898438
vt 0.148438 0.898438
vt 0.148438 0.914062
vt 0.156250 0.914062
vt 0.156250 0.914062
vt 0.164062 0.914062
vt 0.164062 0.898438
vt 0.046875 0.695312
vt 0.054688 0.679688
vt 0.046875 0.679688
vt 0.046875 0.710938
vt 0.054688 0.695312
vt 0.148438 0.882812
vt 0.148438 0.882812
vt 0.046875 0.898438
vt 0.054688 0.914062
vt 0.054688 0.898438
vt 0.156250 0.914062
vt 0.148438 0.914062
vt 0.156250 0.929688
vt 0.046875 0.710938
vt 0.054688 0.726562
vt 0.054688 0.710938
vt 0.046875 0.898438
vt 0.054688 0.914062
vt 0.054688 0.898438
vt 0.148438 0.914062
vt 0.156250 0.929688
vt 0.156250 0.914062
vt 0.054688 0.710938
vt 0.054688 0.710938
vt 0.054688 0.695312
vt 0.054688 0.710938
vt 0.054688 0.695312
vt 0.046875 0.695312
vt 0.046875 0.710938
vt 0.054688 0.726562
vt 0.054688 0.710938
vt 0.054688 0.898438
vt 0.062500 0.914062
vt 0.062500 0.898438
vt 0.054688 0.914062
vt 0.054688 0.914062
vt 0.046875 0.914062
vt 0.054688 0.726562
vt 0.054688 0.710938
vt 0.046875 0.710938
vt 0.046875 0.882812
vt 0.054688 0.867188
vt 0.046875 0.867188
vt 0.054688 0.726562
vt 0.054688 0.710938
vt 0.046875 0.710938
vt 0.156250 0.914062
vt 0.164062 0.898438
vt 0.156250 0.898438
vt 0.148438 0.929688
vt 0.148438 0.929688
vt 0.054688 0.695312
vt 0.062500 0.710938
vt 0.062500 0.695312
vt 0.046875 0.664062
vt 0.054688 0.679688
vt 0.054688 0.664062
vt 0.062500 0.710938
vt 0.062500 0.695312
vt 0.054688 0.695312
vt 0.148438 0.898438
vt 0.148438 0.898438
vt 0.156250 0.882812
vt 0.062500 0.914062
vt 0.062500 0.898438
vt 0.054688 0.898438
vt 0.046875 0.882812
vt 0.054688 0.867188
vt 0.046875 0.867188
vt 0.054688 0.679688
vt 0.046875 0.695312
vt 0.046875 0.695312
vt 0.046875 0.695312
vt 0.054688 0.679688
vt 0.046875 0.679688
vt 0.148438 0.898438
vt 0.156250 0.882812
vt 0.148438 0.882812
vt 0.046875 0.695312
vt 0.054688 0.695312
vt 0.046875 0.679688
vt 0.054688 0.695312
vt 0.054688 0.695312
vt 0.054688 0.679688
vt 0.046875 0.882812
vt 0.046875 0.898438
vt 0.054688 0.882812
vt 0.046875 0.914062
vt 0.046875 0.929688
vt 0.054688 0.882812
vt 0.054688 0.882812
vt 0.054688 0.867188
vt 0.148438 0.882812
vt 0.156250 0.898438
vt 0.156250 0.882812
vt 0.148438 0.898438
vt 0.156250 0.914062
vt 0.148438 0.914062
vt 0.156250 0.914062
vt 0.148438 0.914062
vt 0.148438 0.898438
vt 0.156250 0.898438
vt 0.164062 0.898438
vt 0.164062 0.898438
vt 0.054688 0.679688
vt 0.046875 0.695312
vt 0.046875 0.679688
vt 0.054688 0.695312
vt 0.046875 0.710938
vt 0.148438 0.882812
vt 0.148438 0.882812
vt 0.046875 0.914062
vt 0.046875 0.898438
vt 0.046875 0.898438
vt 0.148438 0.914062
vt 0.148438 0.914062
vt 0.156250 0.929688
vt 0.046875 0.710938
vt 0.054688 0.726562
vt 0.046875 0.726562
vt 0.046875 0.898438
vt 0.054688 0.914062
vt 0.046875 0.914062
vt 0.156250 0.929688
vt 0.148438 0.914062
vt 0.156250 0.914062
vt 0.054688 0.695312
vt 0.054688 0.710938
vt 0.054688 0.710938
vt 0.046875 0.695312
vt 0.054688 0.710938
vt 0.054688 0.710938
vt 0.054688 0.726562
vt 0.046875 0.710938
vt 0.054688 0.710938
vt 0.062500 0.898438
vt 0.054688 0.914062
vt 0.054688 0.898438
vt 0.046875 0.929688
vt 0.046875 0.914062
vt 0.054688 0.914062
vt 0.054688 0.726562
vt 0.046875 0.726562
vt 0.046875 0.710938
vt 0.054688 0.867188
vt 0.046875 0.882812
vt 0.046875 0.867188
vt 0.046875 0.726562
vt 0.046875 0.710938
vt 0.046875 0.710938
vt 0.164062 0.898438
vt 0.156250 0.914062
vt 0.156250 0.898438
vt 0.148438 0.929688
vt 0.148438 0.929688
vt 0.054688 0.710938
vt 0.054688 0.695312
vt 0.054688 0.695312
vt 0.046875 0.664062
vt 0.054688 0.679688
vt 0.046875 0.679688
vt 0.054688 0.695312
vt 0.062500 0.710938
vt 0.054688 0.695312
vt 0.148438 0.898438
vt 0.148438 0.882812
vt 0.156250 0.882812
vt 0.054688 0.898438
vt 0.062500 0.914062
vt 0.054688 0.914062
vt 0.054688 0.867188
vt 0.046875 0.882812
vt 0.046875 0.867188
vt 0.046875 0.695312
vt 0.046875 0.679688
vt 0.054688 0.679688
vt 0.054688 0.679688
vt 0.046875 0.695312
vt 0.046875 0.679688
vt 0.156250 0.882812
vt 0.148438 0.898438
vt 0.148438 0.882812
vt 0.046875 0.695312
vt 0.046875 0.679688
vt 0.046875 0.679688
vt 0.054688 0.679688
vt 0.054688 0.695312
vt 0.054688 0.695312
vt 0.046875 0.898438
vt 0.054688 0.882812
vt 0.054688 0.882812
vt 0.046875 0.914062
vt 0.046875 0.929688
vt 0.054688 0.867188
vt 0.054688 0.882812
vt 0.046875 0.867188
vt 0.148438 0.882812
vt 0.156250 0.898438
vt 0.148438 0.898438
vt 0.054688 0.898438
vt 0.062500 0.914062
vt 0.054688 0.914062
vt 0.156250 0.898438
vt 0.148438 0.882812
vt 0.156250 0.882812
vt 0.164062 0.914062
vt 0.156250 0.914062
vt 0.156250 0.867188
vt 0.148438 0.882812
vt 0.148438 0.867188
vt 0.054688 0.679688
vt 0.046875 0.695312
vt 0.046875 0.679688
vt 0.156250 0.898438
vt 0.164062 0.914062
vt 0.156250 0.914062
vt 0.148438 0.914062
vt 0.156250 0.914062
vt 0.156250 0.914062
vt 0.046875 0.882812
vt 0.054688 0.882812
vt 0.054688 0.882812
vt 0.046875 0.710938
vt 0.039062 0.695312
vt 0.046875 0.695312
vt 0.054688 0.929688
vt 0.046875 0.914062
vt 0.054688 0.914062
vt 0.054688 0.710938
vt 0.046875 0.726562
vt 0.156250 0.929688
vt 0.148438 0.929688
vt 0.148438 0.929688
vt 0.054688 0.867188
vt 0.054688 0.664062
vt 0.046875 0.679688
vt 0.046875 0.664062
vt 0.054688 0.695312
vt 0.062500 0.710938
vt 0.054688 0.710938
vt 0.054688 0.898438
vt 0.156250 0.898438
vt 0.148438 0.914062
vt 0.046875 0.914062
vt 0.054688 0.898438
vt 0.054688 0.914062
vt 0.046875 0.710938
vt 0.046875 0.695312
vt 0.046875 0.710938
vt 0.156250 0.898438
vt 0.046875 0.898438
vt 0.046875 0.898438
vt 0.148438 0.898438
vt 0.148438 0.898438
vt 0.257812 0.476562
vt 0.250000 0.492188
vt 0.250000 0.476562
vt 0.257812 0.492188
vt 0.250000 0.507812
vt 0.257812 0.507812
vt 0.250000 0.523438
vt 0.054688 0.695312
vt 0.046875 0.710938
vt 0.046875 0.695312
vt 0.257812 0.695312
vt 0.250000 0.679688
vt 0.257812 0.679688
vt 0.156250 0.710938
vt 0.148438 0.695312
vt 0.156250 0.695312
vt 0.156250 0.710938
vt 0.148438 0.710938
vt 0.156250 0.695312
vt 0.257812 0.898438
vt 0.250000 0.914062
vt 0.250000 0.898438
vt 0.054688 0.492188
vt 0.046875 0.507812
vt 0.046875 0.492188
vt 0.250000 0.695312
vt 0.257812 0.710938
vt 0.250000 0.710938
vt 0.257812 0.929688
vt 0.250000 0.914062
vt 0.257812 0.914062
vt 0.257812 0.710938
vt 0.250000 0.726562
vt 0.250000 0.710938
vt 0.250000 0.710938
vt 0.250000 0.710938
vt 0.257812 0.695312
vt 0.250000 0.695312
vt 0.250000 0.695312
vt 0.257812 0.898438
vt 0.250000 0.914062
vt 0.250000 0.898438
vt 0.148438 0.492188
vt 0.140625 0.507812
vt 0.140625 0.492188
vt 0.164062 0.492188
vt 0.156250 0.507812
vt 0.156250 0.492188
vt 0.148438 0.476562
vt 0.156250 0.476562
vt 0.148438 0.507812
vt 0.156250 0.710938
vt 0.148438 0.726562
vt 0.250000 0.726562
vt 0.250000 0.710938
vt 0.257812 0.726562
vt 0.148438 0.523438
vt 0.148438 0.679688
vt 0.156250 0.679688
vt 0.148438 0.695312
vt 0.257812 0.882812
vt 0.250000 0.898438
vt 0.250000 0.882812
vt 0.140625 0.710938
vt 0.140625 0.695312
vt 0.054688 0.914062
vt 0.046875 0.929688
vt 0.046875 0.914062
vt 0.046875 0.898438
vt 0.039062 0.914062
vt 0.039062 0.898438
vt 0.039062 0.898438
vt 0.039062 0.914062
vt 0.054688 0.898438
vt 0.046875 0.914062
vt 0.046875 0.898438
vt 0.054688 0.914062
vt 0.046875 0.929688
vt 0.039062 0.914062
vt 0.039062 0.898438
vt 0.046875 0.914062
vt 0.054688 0.898438
vt 0.046875 0.914062
vt 0.046875 0.898438
vt 0.054688 0.914062
vt 0.046875 0.929688
vt 0.039062 0.914062
vt 0.039062 0.898438
vt 0.054688 0.695312
vt 0.054688 0.710938
vt 0.046875 0.710938
vt 0.054688 0.914062
vt 0.046875 0.929688
vt 0.046875 0.914062
vt 0.054688 0.898438
vt 0.054688 0.882812
vt 0.046875 0.882812
vt 0.054688 0.882812
vt 0.046875 0.898438
vt 0.046875 0.882812
vt 0.054688 0.898438
vt 0.046875 0.914062
vt 0.039062 0.898438
vt 0.039062 0.914062
vt 0.046875 0.914062
vt 0.046875 0.898438
vt 0.054688 0.898438
vt 0.046875 0.882812
vt 0.054688 0.882812
vt 0.046875 0.898438
vt 0.039062 0.914062
vt 0.039062 0.898438
vt 0.046875 0.914062
vt 0.054688 0.882812
vt 0.046875 0.898438
vt 0.046875 0.882812
vt 0.054688 0.898438
vt 0.046875 0.914062
vt 0.039062 0.898438
vt 0.039062 0.914062
vt 0.046875 0.695312
vt 0.054688 0.710938
vt 0.046875 0.710938
vt 0.156250 0.929688
vt 0.148438 0.914062
vt 0.156250 0.914062
vt 0.054688 0.695312
vt 0.046875 0.710938
vt 0.046875 0.695312
vt 0.156250 0.914062
vt 0.148438 0.929688
vt 0.148438 0.914062
vt 0.039062 0.710938
vt 0.039062 0.695312
vt 0.054688 0.695312
vt 0.046875 0.710938
vt 0.046875 0.695312
vt 0.054688 0.710938
vt 0.046875 0.726562
vt 0.054688 0.695312
vt 0.046875 0.710938
vt 0.046875 0.695312
vt 0.148438 0.914062
vt 0.156250 0.929688
vt 0.148438 0.929688
vt 0.156250 0.914062
vt 0.148438 0.929688
vt 0.148438 0.914062
vt 0.148438 0.929688
vt 0.148438 0.914062
vt 0.156250 0.914062
vt 0.046875 0.710938
vt 0.054688 0.726562
vt 0.046875 0.726562
vt 0.046875 0.710938
vt 0.054688 0.710938
vt 0.054688 0.710938
vt 0.054688 0.726562
vt 0.046875 0.710938
vt 0.054688 0.710938
vt 0.156250 0.914062
vt 0.148438 0.929688
vt 0.148438 0.914062
vt 0.054688 0.695312
vt 0.046875 0.710938
vt 0.046875 0.695312
vt 0.046875 0.726562
vt 0.046875 0.710938
vt 0.054688 0.726562
vt 0.062500 0.914062
vt 0.054688 0.914062
vt 0.062500 0.898438
vt 0.046875 0.664062
vt 0.054688 0.664062
vt 0.054688 0.664062
vt 0.054688 0.914062
vt 0.054688 0.898438
vt 0.062500 0.898438
vt 0.054688 0.726562
vt 0.046875 0.726562
vt 0.046875 0.710938
vt 0.046875 0.726562
vt 0.046875 0.710938
vt 0.054688 0.726562
vt 0.054688 0.726562
vt 0.046875 0.726562
vt 0.046875 0.726562
vt 0.046875 0.726562
vt 0.046875 0.710938
vt 0.054688 0.726562
vt 0.148438 0.914062
vt 0.156250 0.914062
vt 0.156250 0.914062
vt 0.054688 0.898438
vt 0.062500 0.914062
vt 0.054688 0.914062
vt 0.054688 0.710938
vt 0.046875 0.726562
vt 0.046875 0.710938
vt 0.046875 0.695312
vt 0.054688 0.695312
vt 0.046875 0.710938
vt 0.054688 0.710938
vt 0.046875 0.726562
vt 0.054688 0.695312
vt 0.046875 0.710938
vt 0.046875 0.695312
vt 0.156250 0.898438
vt 0.148438 0.914062
vt 0.148438 0.898438
vt 0.054688 0.695312
vt 0.054688 0.710938
vt 0.054688 0.710938
vt 0.156250 0.898438
vt 0.148438 0.914062
vt 0.148438 0.898438
vt 0.156250 0.914062
vt 0.148438 0.914062
vt 0.148438 0.914062
vt 0.054688 0.914062
vt 0.062500 0.898438
vt 0.054688 0.914062
vt 0.046875 0.695312
vt 0.054688 0.710938
vt 0.046875 0.710938
vt 0.046875 0.710938
vt 0.046875 0.695312
vt 0.054688 0.710938
vt 0.046875 0.695312
vt 0.054688 0.695312
vt 0.046875 0.710938
vt 0.156250 0.882812
vt 0.156250 0.898438
vt 0.148438 0.898438
vt 0.054688 0.695312
vt 0.046875 0.710938
vt 0.046875 0.695312
vt 0.062500 0.695312
vt 0.054688 0.710938
vt 0.054688 0.695312
vt 0.062500 0.914062
vt 0.054688 0.914062
vt 0.062500 0.898438
vt 0.164062 0.898438
vt 0.164062 0.914062
vt 0.164062 0.914062
vt 0.062500 0.898438
vt 0.054688 0.914062
vt 0.054688 0.898438
vt 0.062500 0.695312
vt 0.054688 0.710938
vt 0.054688 0.695312
vt 0.062500 0.898438
vt 0.054688 0.914062
vt 0.054688 0.914062
vt 0.164062 0.898438
vt 0.156250 0.914062
vt 0.156250 0.898438
vt 0.062500 0.898438
vt 0.054688 0.914062
vt 0.054688 0.898438
vt 0.054688 0.914062
vt 0.054688 0.898438
vt 0.054688 0.898438
vt 0.054688 0.695312
vt 0.062500 0.710938
vt 0.054688 0.710938
vt 0.054688 0.695312
vt 0.062500 0.710938
vt 0.054688 0.710938
vt 0.054688 0.914062
vt 0.054688 0.898438
vt 0.054688 0.898438
vt 0.046875 0.679688
vt 0.054688 0.695312
vt 0.054688 0.679688
vt 0.054688 0.695312
vt 0.054688 0.695312
vt 0.062500 0.914062
vt 0.062500 0.914062
vt 0.054688 0.898438
vt 0.054688 0.679688
vt 0.054688 0.695312
vt 0.054688 0.695312
vt 0.054688 0.679688
vt 0.054688 0.695312
vt 0.046875 0.695312
vt 0.156250 0.882812
vt 0.156250 0.898438
vt 0.156250 0.898438
vt 0.156250 0.882812
vt 0.148438 0.898438
vt 0.148438 0.882812
vt 0.054688 0.695312
vt 0.046875 0.710938
vt 0.046875 0.695312
vt 0.039062 0.695312
vt 0.039062 0.710938
vt 0.156250 0.898438
vt 0.148438 0.898438
vt 0.148438 0.882812
vt 0.156250 0.882812
vt 0.148438 0.898438
vt 0.148438 0.882812
vt 0.148438 0.882812
vt 0.156250 0.898438
vt 0.148438 0.898438
vt 0.054688 0.695312
vt 0.046875 0.710938
vt 0.046875 0.695312
vt 0.054688 0.679688
vt 0.046875 0.695312
vt 0.046875 0.679688
vt 0.054688 0.695312
vt 0.046875 0.710938
vt 0.046875 0.679688
vt 0.054688 0.679688
vt 0.054688 0.679688
vt 0.054688 0.695312
vt 0.046875 0.695312
vt 0.054688 0.695312
vt 0.046875 0.695312
vt 0.054688 0.695312
vt 0.046875 0.914062
vt 0.039062 0.914062
vt 0.039062 0.898438
vt 0.039062 0.898438
vt 0.039062 0.914062
vt 0.148438 0.914062
vt 0.156250 0.929688
vt 0.148438 0.929688
vt 0.054688 0.710938
vt 0.054688 0.679688
vt 0.054688 0.710938
vt 0.046875 0.664062
vt 0.054688 0.664062
vt 0.054688 0.664062
vt 0.156250 0.898438
vt 0.148438 0.914062
vt 0.148438 0.898438
vt 0.046875 0.695312
vt 0.039062 0.710938
vt 0.039062 0.695312
vt 0.046875 0.710938
vt 0.046875 0.695312
vt 0.054688 0.710938
vt 0.054688 0.710938
vt 0.054688 0.726562
vt 0.054688 0.726562
vt 0.054688 0.710938
vt 0.046875 0.710938
vt 0.046875 0.710938
vt 0.054688 0.695312
vt 0.062500 0.695312
vt 0.046875 0.679688
vt 0.054688 0.679688
vt 0.054688 0.695312
vt 0.164062 0.914062
vt 0.156250 0.898438
vt 0.164062 0.898438
vt 0.156250 0.882812
vt 0.148438 0.867188
vt 0.156250 0.867188
vt 0.046875 0.664062
vt 0.054688 0.679688
vt 0.062500 0.695312
vt 0.054688 0.710938
vt 0.054688 0.695312
vt 0.257812 0.898438
vt 0.257812 0.898438
vt 0.257812 0.914062
vt 0.148438 0.695312
vt 0.156250 0.710938
vt 0.148438 0.710938
vt 0.250000 0.898438
vt 0.242188 0.914062
vt 0.242188 0.898438
vt 0.257812 0.898438
vt 0.257812 0.914062
vt 0.257812 0.914062
vt 0.250000 0.898438
vt 0.242188 0.914062
vt 0.242188 0.898438
vt 0.250000 0.695312
vt 0.257812 0.710938
vt 0.250000 0.710938
vt 0.140625 0.710938
vt 0.140625 0.695312
vt 0.046875 0.695312
vt 0.039062 0.695312
vt 0.046875 0.695312
vt 0.054688 0.664062
vt 0.054688 0.664062
vt 0.046875 0.664062
vt 0.148438 0.914062
vt 0.156250 0.898438
vt 0.148438 0.898438
vt 0.039062 0.710938
vt 0.046875 0.695312
vt 0.039062 0.695312
vt 0.054688 0.710938
vt 0.046875 0.695312
vt 0.046875 0.710938
vt 0.054688 0.726562
vt 0.054688 0.710938
vt 0.046875 0.710938
vt 0.046875 0.710938
vt 0.054688 0.710938
vt 0.062500 0.710938
vt 0.054688 0.695312
vt 0.054688 0.679688
vt 0.046875 0.679688
vt 0.156250 0.898438
vt 0.164062 0.914062
vt 0.164062 0.898438
vt 0.156250 0.882812
vt 0.148438 0.867188
vt 0.148438 0.882812
vt 0.046875 0.664062
vt 0.054688 0.679688
vt 0.054688 0.664062
vt 0.054688 0.710938
vt 0.062500 0.695312
vt 0.054688 0.695312
vt 0.257812 0.898438
vt 0.250000 0.898438
vt 0.250000 0.914062
vt 0.148438 0.695312
vt 0.156250 0.710938
vt 0.156250 0.695312
vt 0.242188 0.914062
vt 0.242188 0.898438
vt 0.257812 0.914062
vt 0.257812 0.914062
vt 0.257812 0.898438
vt 0.242188 0.914062
vt 0.250000 0.898438
vt 0.242188 0.898438
vt 0.250000 0.695312
vt 0.257812 0.710938
vt 0.257812 0.695312
vt 0.140625 0.710938
vt 0.140625 0.695312
vt 0.046875 0.695312
vt 0.039062 0.710938
vt 0.046875 0.695312
vt 0.054688 0.914062
vt 0.046875 0.929688
vt 0.046875 0.914062
vt 0.054688 0.914062
vt 0.054688 0.929688
vt 0.046875 0.929688
vt 0.046875 0.726562
vt 0.046875 0.726562
vt 0.054688 0.710938
vt 0.046875 0.710938
vt 0.054688 0.726562
vt 0.046875 0.726562
vt 0.156250 0.914062
vt 0.148438 0.929688
vt 0.148438 0.914062
vt 0.054688 0.710938
vt 0.046875 0.726562
vt 0.046875 0.710938
vt 0.054688 0.710938
vt 0.046875 0.726562
vt 0.054688 0.710938
vt 0.062500 0.898438
vt 0.062500 0.914062
vt 0.062500 0.914062
vt 0.156250 0.898438
vt 0.148438 0.898438
vt 0.148438 0.898438
vt 0.046875 0.929688
vt 0.046875 0.914062
vt 0.054688 0.914062
vt 0.046875 0.914062
vt 0.039062 0.914062
vt 0.039062 0.898438
vt 0.046875 0.679688
vt 0.054688 0.679688
vt 0.054688 0.679688
vt 0.046875 0.679688
vt 0.054688 0.695312
vt 0.046875 0.695312
vt 0.046875 0.679688
vt 0.054688 0.679688
vt 0.054688 0.695312
vt 0.156250 0.898438
vt 0.148438 0.882812
vt 0.156250 0.882812
vt 0.156250 0.882812
vt 0.148438 0.898438
vt 0.148438 0.882812
vt 0.148438 0.898438
vt 0.156250 0.882812
vt 0.156250 0.898438
vt 0.054688 0.679688
vt 0.046875 0.695312
vt 0.046875 0.679688
vt 0.054688 0.679688
vt 0.054688 0.679688
vt 0.046875 0.695312
vt 0.046875 0.679688
vt 0.046875 0.679688
vt 0.054688 0.679688
vt 0.054688 0.929688
vt 0.046875 0.914062
vt 0.054688 0.914062
vt 0.046875 0.710938
vt 0.054688 0.726562
vt 0.046875 0.726562
vt 0.148438 0.914062
vt 0.148438 0.914062
vt 0.156250 0.929688
vt 0.054688 0.882812
vt 0.046875 0.882812
vt 0.046875 0.867188
vt 0.156250 0.867188
vt 0.156250 0.867188
vt 0.148438 0.882812
vt 0.156250 0.898438
vt 0.164062 0.914062
vt 0.156250 0.914062
vt 0.148438 0.914062
vt 0.148438 0.914062
vt 0.140625 0.898438
vt 0.164062 0.898438
vt 0.156250 0.914062
vt 0.156250 0.898438
vt 0.156250 0.898438
vt 0.164062 0.914062
vt 0.156250 0.914062
vt 0.140625 0.898438
vt 0.148438 0.914062
vt 0.140625 0.914062
vt 0.046875 0.882812
vt 0.046875 0.882812
vt 0.054688 0.867188
vt 0.148438 0.898438
vt 0.140625 0.914062
vt 0.140625 0.898438
vt 0.054688 0.679688
vt 0.046875 0.695312
vt 0.046875 0.679688
vt 0.140625 0.898438
vt 0.148438 0.914062
vt 0.140625 0.914062
vt 0.046875 0.664062
vt 0.054688 0.679688
vt 0.046875 0.679688
vt 0.046875 0.867188
vt 0.054688 0.882812
vt 0.046875 0.882812
vt 0.054688 0.664062
vt 0.046875 0.679688
vt 0.046875 0.664062
vt 0.054688 0.664062
vt 0.054688 0.664062
vt 0.054688 0.679688
vt 0.156250 0.898438
vt 0.148438 0.898438
vt 0.148438 0.882812
vt 0.148438 0.867188
vt 0.156250 0.882812
vt 0.148438 0.898438
vt 0.140625 0.914062
vt 0.140625 0.898438
vt 0.046875 0.695312
vt 0.039062 0.710938
vt 0.039062 0.695312
vt 0.148438 0.914062
vt 0.140625 0.914062
vt 0.140625 0.898438
vt 0.046875 0.710938
vt 0.039062 0.710938
vt 0.039062 0.710938
vt 0.046875 0.710938
vt 0.046875 0.710938
vt 0.039062 0.695312
vt 0.046875 0.710938
vt 0.039062 0.695312
vt 0.039062 0.710938
vt 0.140625 0.898438
vt 0.140625 0.914062
vt 0.148438 0.914062
vt 0.046875 0.710938
vt 0.039062 0.710938
vt 0.039062 0.695312
vt 0.046875 0.710938
vt 0.039062 0.710938
vt 0.039062 0.695312
vt 0.039062 0.695312
vt 0.046875 0.710938
vt 0.039062 0.710938
vt 0.039062 0.914062
vt 0.046875 0.914062
vt 0.046875 0.898438
vt 0.039062 0.898438
vt 0.046875 0.914062
vt 0.039062 0.914062
vt 0.046875 0.695312
vt 0.039062 0.710938
vt 0.039062 0.695312
vt 0.140625 0.898438
vt 0.148438 0.914062
vt 0.148438 0.898438
vt 0.148438 0.914062
vt 0.140625 0.914062
vt 0.140625 0.898438
vt 0.156250 0.898438
vt 0.164062 0.914062
vt 0.140625 0.914062
vt 0.039062 0.710938
vt 0.046875 0.695312
vt 0.039062 0.695312
vt 0.046875 0.914062
vt 0.046875 0.914062
vt 0.054688 0.929688
vt 0.046875 0.695312
vt 0.039062 0.695312
vt 0.039062 0.695312
vt 0.046875 0.710938
vt 0.039062 0.695312
vt 0.046875 0.695312
vt 0.039062 0.695312
vt 0.039062 0.695312
vt 0.046875 0.710938
vt 0.046875 0.898438
vt 0.046875 0.914062
vt 0.046875 0.898438
vt 0.046875 0.898438
vt 0.046875 0.914062
vt 0.046875 0.914062
vt 0.046875 0.695312
vt 0.046875 0.695312
vt 0.039062 0.710938
vt 0.164062 0.914062
vt 0.140625 0.914062
vt 0.156250 0.898438
vt 0.039062 0.695312
vt 0.039062 0.710938
vt 0.039062 0.710938
vt 0.039062 0.695312
vt 0.046875 0.710938
vt 0.046875 0.695312
vt 0.039062 0.898438
vt 0.046875 0.914062
vt 0.046875 0.898438
vt 0.039062 0.695312
vt 0.046875 0.710938
vt 0.046875 0.695312
vt 0.046875 0.914062
vt 0.054688 0.929688
vt 0.046875 0.929688
vt 0.054688 0.929688
vt 0.046875 0.929688
vt 0.054688 0.914062
vt 0.046875 0.726562
vt 0.046875 0.726562
vt 0.054688 0.710938
vt 0.046875 0.710938
vt 0.054688 0.726562
vt 0.046875 0.726562
vt 0.156250 0.914062
vt 0.148438 0.929688
vt 0.148438 0.914062
vt 0.046875 0.710938
vt 0.054688 0.726562
vt 0.046875 0.726562
vt 0.046875 0.726562
vt 0.046875 0.710938
vt 0.054688 0.710938
vt 0.062500 0.914062
vt 0.054688 0.914062
vt 0.054688 0.898438
vt 0.156250 0.898438
vt 0.148438 0.898438
vt 0.148438 0.898438
vt 0.046875 0.929688
vt 0.046875 0.914062
vt 0.054688 0.914062
vt 0.046875 0.914062
vt 0.046875 0.914062
vt 0.039062 0.898438
vt 0.046875 0.679688
vt 0.054688 0.679688
vt 0.046875 0.695312
vt 0.046875 0.679688
vt 0.054688 0.695312
vt 0.046875 0.695312
vt 0.046875 0.679688
vt 0.054688 0.679688
vt 0.054688 0.695312
vt 0.156250 0.898438
vt 0.148438 0.882812
vt 0.156250 0.882812
vt 0.156250 0.882812
vt 0.148438 0.898438
vt 0.148438 0.882812
vt 0.148438 0.898438
vt 0.156250 0.882812
vt 0.156250 0.898438
vt 0.046875 0.679688
vt 0.054688 0.695312
vt 0.046875 0.695312
vt 0.054688 0.679688
vt 0.054688 0.679688
vt 0.046875 0.695312
vt 0.046875 0.695312
vt 0.046875 0.679688
vt 0.054688 0.679688
vt 0.054688 0.914062
vt 0.046875 0.929688
vt 0.046875 0.914062
vt 0.054688 0.710938
vt 0.046875 0.726562
vt 0.046875 0.710938
vt 0.148438 0.914062
vt 0.148438 0.929688
vt 0.148438 0.914062
vt 0.054688 0.882812
vt 0.046875 0.882812
vt 0.046875 0.867188
vt 0.156250 0.867188
vt 0.148438 0.882812
vt 0.156250 0.867188
vt 0.156250 0.898438
vt 0.164062 0.914062
vt 0.156250 0.914062
vt 0.148438 0.914062
vt 0.148438 0.914062
vt 0.140625 0.898438
vt 0.156250 0.898438
vt 0.164062 0.914062
vt 0.156250 0.914062
vt 0.164062 0.898438
vt 0.156250 0.914062
vt 0.156250 0.898438
vt 0.148438 0.898438
vt 0.140625 0.914062
vt 0.140625 0.898438
vt 0.046875 0.867188
vt 0.054688 0.867188
vt 0.054688 0.867188
vt 0.148438 0.898438
vt 0.140625 0.914062
vt 0.140625 0.898438
vt 0.054688 0.679688
vt 0.046875 0.695312
vt 0.046875 0.679688
vt 0.148438 0.898438
vt 0.140625 0.914062
vt 0.140625 0.898438
vt 0.054688 0.664062
vt 0.046875 0.679688
vt 0.046875 0.664062
vt 0.054688 0.867188
vt 0.046875 0.882812
vt 0.046875 0.867188
vt 0.054688 0.664062
vt 0.046875 0.679688
vt 0.046875 0.664062
vt 0.054688 0.664062
vt 0.054688 0.664062
vt 0.054688 0.679688
vt 0.156250 0.898438
vt 0.148438 0.898438
vt 0.148438 0.882812
vt 0.148438 0.867188
vt 0.156250 0.882812
vt 0.148438 0.898438
vt 0.140625 0.914062
vt 0.140625 0.898438
vt 0.046875 0.695312
vt 0.039062 0.710938
vt 0.039062 0.695312
vt 0.148438 0.914062
vt 0.140625 0.914062
vt 0.140625 0.898438
vt 0.039062 0.710938
vt 0.039062 0.710938
vt 0.039062 0.695312
vt 0.046875 0.710938
vt 0.046875 0.710938
vt 0.039062 0.695312
vt 0.046875 0.710938
vt 0.039062 0.695312
vt 0.039062 0.710938
vt 0.140625 0.898438
vt 0.140625 0.914062
vt 0.148438 0.914062
vt 0.046875 0.710938
vt 0.039062 0.710938
vt 0.046875 0.695312
vt 0.046875 0.710938
vt 0.039062 0.710938
vt 0.039062 0.695312
vt 0.046875 0.695312
vt 0.039062 0.710938
vt 0.039062 0.695312
vt 0.039062 0.914062
vt 0.046875 0.914062
vt 0.046875 0.898438
vt 0.039062 0.898438
vt 0.046875 0.914062
vt 0.039062 0.914062
vt 0.039062 0.695312
vt 0.046875 0.710938
vt 0.039062 0.710938
vt 0.140625 0.898438
vt 0.148438 0.914062
vt 0.148438 0.898438
vt 0.148438 0.914062
vt 0.140625 0.914062
vt 0.140625 0.898438
vt 0.164062 0.898438
vt 0.164062 0.914062
vt 0.140625 0.914062
vt 0.039062 0.710938
vt 0.046875 0.695312
vt 0.039062 0.695312
vt 0.046875 0.914062
vt 0.046875 0.914062
vt 0.039062 0.695312
vt 0.046875 0.710938
vt 0.046875 0.695312
vt 0.046875 0.695312
vt 0.039062 0.710938
vt 0.039062 0.695312
vt 0.046875 0.695312
vt 0.039062 0.695312
vt 0.046875 0.710938
vt 0.046875 0.898438
vt 0.046875 0.898438
vt 0.046875 0.914062
vt 0.046875 0.898438
vt 0.046875 0.914062
vt 0.046875 0.914062
vt 0.046875 0.695312
vt 0.046875 0.695312
vt 0.039062 0.710938
vt 0.164062 0.898438
vt 0.164062 0.914062
vt 0.140625 0.914062
vt 0.039062 0.695312
vt 0.039062 0.710938
vt 0.039062 0.710938
vt 0.039062 0.710938
vt 0.046875 0.695312
vt 0.039062 0.695312
vt 0.039062 0.898438
vt 0.046875 0.914062
vt 0.046875 0.898438
vt 0.039062 0.695312
vt 0.046875 0.710938
vt 0.046875 0.695312
vt 0.046875 0.929688
vt 0.054688 0.914062
vt 0.046875 0.914062
vt 0.046875 0.929688
vt 0.054688 0.929688
vt 0.054688 0.914062
vt 0.046875 0.726562
vt 0.046875 0.726562
vt 0.054688 0.726562
vt 0.046875 0.710938
vt 0.054688 0.726562
vt 0.054688 0.710938
vt 0.156250 0.914062
vt 0.148438 0.929688
vt 0.156250 0.929688
vt 0.046875 0.726562
vt 0.054688 0.710938
vt 0.046875 0.710938
vt 0.054688 0.710938
vt 0.054688 0.710938
vt 0.046875 0.710938
vt 0.062500 0.914062
vt 0.062500 0.914062
vt 0.062500 0.898438
vt 0.148438 0.898438
vt 0.156250 0.898438
vt 0.156250 0.882812
vt 0.046875 0.929688
vt 0.046875 0.929688
vt 0.054688 0.929688
vt 0.046875 0.914062
vt 0.046875 0.914062
vt 0.039062 0.898438
vt 0.046875 0.695312
vt 0.054688 0.679688
vt 0.046875 0.679688
vt 0.046875 0.679688
vt 0.054688 0.695312
vt 0.054688 0.679688
vt 0.054688 0.695312
vt 0.054688 0.679688
vt 0.046875 0.679688
vt 0.156250 0.898438
vt 0.148438 0.882812
vt 0.148438 0.898438
vt 0.148438 0.898438
vt 0.156250 0.882812
vt 0.148438 0.882812
vt 0.156250 0.882812
vt 0.148438 0.898438
vt 0.156250 0.898438
vt 0.046875 0.695312
vt 0.054688 0.679688
vt 0.046875 0.679688
vt 0.046875 0.679688
vt 0.046875 0.695312
vt 0.054688 0.679688
vt 0.046875 0.695312
vt 0.046875 0.695312
vt 0.054688 0.695312
vt 0.046875 0.914062
vt 0.054688 0.929688
vt 0.054688 0.914062
vt 0.046875 0.710938
vt 0.054688 0.726562
vt 0.054688 0.710938
vt 0.148438 0.914062
vt 0.148438 0.914062
vt 0.148438 0.929688
vt 0.046875 0.867188
vt 0.054688 0.882812
vt 0.054688 0.882812
vt 0.148438 0.882812
vt 0.156250 0.882812
vt 0.156250 0.867188
vt 0.156250 0.898438
vt 0.164062 0.914062
vt 0.164062 0.898438
vt 0.148438 0.914062
vt 0.148438 0.898438
vt 0.140625 0.898438
vt 0.156250 0.914062
vt 0.164062 0.898438
vt 0.156250 0.898438
vt 0.156250 0.914062
vt 0.164062 0.898438
vt 0.156250 0.898438
vt 0.140625 0.898438
vt 0.148438 0.914062
vt 0.148438 0.898438
vt 0.046875 0.882812
vt 0.046875 0.882812
vt 0.054688 0.867188
vt 0.140625 0.914062
vt 0.148438 0.898438
vt 0.140625 0.898438
vt 0.046875 0.695312
vt 0.054688 0.679688
vt 0.046875 0.679688
vt 0.140625 0.898438
vt 0.148438 0.914062
vt 0.148438 0.898438
vt 0.046875 0.664062
vt 0.054688 0.679688
vt 0.054688 0.664062
vt 0.046875 0.867188
vt 0.054688 0.882812
vt 0.054688 0.867188
vt 0.046875 0.679688
vt 0.054688 0.664062
vt 0.046875 0.664062
vt 0.054688 0.664062
vt 0.046875 0.664062
vt 0.046875 0.679688
vt 0.156250 0.898438
vt 0.156250 0.898438
vt 0.148438 0.882812
vt 0.156250 0.882812
vt 0.156250 0.867188
vt 0.148438 0.867188
vt 0.140625 0.914062
vt 0.148438 0.898438
vt 0.140625 0.898438
vt 0.039062 0.710938
vt 0.046875 0.695312
vt 0.039062 0.695312
vt 0.148438 0.914062
vt 0.148438 0.914062
vt 0.148438 0.898438
vt 0.039062 0.710938
vt 0.046875 0.710938
vt 0.039062 0.695312
vt 0.039062 0.695312
vt 0.046875 0.695312
vt 0.046875 0.710938
vt 0.039062 0.695312
vt 0.046875 0.710938
vt 0.039062 0.710938
vt 0.148438 0.914062
vt 0.140625 0.914062
vt 0.140625 0.898438
vt 0.046875 0.695312
vt 0.046875 0.695312
vt 0.039062 0.710938
vt 0.046875 0.710938
vt 0.046875 0.710938
vt 0.046875 0.695312
vt 0.039062 0.695312
vt 0.046875 0.710938
vt 0.046875 0.695312
vt 0.046875 0.898438
vt 0.046875 0.914062
vt 0.039062 0.914062
vt 0.039062 0.898438
vt 0.046875 0.914062
vt 0.046875 0.898438
vt 0.039062 0.695312
vt 0.046875 0.710938
vt 0.046875 0.695312
vt 0.140625 0.898438
vt 0.148438 0.914062
vt 0.140625 0.914062
vt 0.140625 0.898438
vt 0.140625 0.914062
vt 0.148438 0.914062
vt 0.140625 0.914062
vt 0.164062 0.898438
vt 0.156250 0.898438
vt 0.046875 0.695312
vt 0.039062 0.710938
vt 0.039062 0.695312
vt 0.054688 0.929688
vt 0.046875 0.914062
vt 0.046875 0.914062
vt 0.046875 0.695312
vt 0.046875 0.710938
vt 0.039062 0.710938
vt 0.039062 0.695312
vt 0.046875 0.710938
vt 0.046875 0.695312
vt 0.039062 0.710938
vt 0.039062 0.695312
vt 0.039062 0.695312
vt 0.046875 0.898438
vt 0.046875 0.914062
vt 0.054688 0.914062
vt 0.046875 0.914062
vt 0.046875 0.914062
vt 0.046875 0.898438
vt 0.046875 0.710938
vt 0.039062 0.710938
vt 0.046875 0.695312
vt 0.156250 0.898438
vt 0.148438 0.898438
vt 0.140625 0.914062
vt 0.039062 0.695312
vt 0.046875 0.695312
vt 0.039062 0.710938
vt 0.039062 0.695312
vt 0.046875 0.710938
vt 0.039062 0.710938
vt 0.039062 0.898438
vt 0.046875 0.914062
vt 0.039062 0.914062
vt 0.039062 0.695312
vt 0.046875 0.710938
vt 0.039062 0.710938
vt 0.046875 0.914062
vt 0.054688 0.929688
vt 0.054688 0.914062
vt 0.046875 0.929688
vt 0.054688 0.929688
vt 0.054688 0.914062
vt 0.046875 0.726562
vt 0.046875 0.726562
vt 0.054688 0.726562
vt 0.046875 0.710938
vt 0.054688 0.726562
vt 0.054688 0.710938
vt 0.156250 0.914062
vt 0.148438 0.929688
vt 0.156250 0.929688
vt 0.046875 0.710938
vt 0.054688 0.726562
vt 0.054688 0.710938
vt 0.054688 0.710938
vt 0.054688 0.710938
vt 0.046875 0.710938
vt 0.062500 0.914062
vt 0.062500 0.898438
vt 0.062500 0.914062
vt 0.148438 0.898438
vt 0.156250 0.898438
vt 0.156250 0.882812
vt 0.046875 0.929688
vt 0.046875 0.929688
vt 0.054688 0.929688
vt 0.039062 0.898438
vt 0.046875 0.914062
vt 0.046875 0.914062
vt 0.046875 0.695312
vt 0.054688 0.679688
vt 0.046875 0.679688
vt 0.046875 0.679688
vt 0.054688 0.695312
vt 0.054688 0.679688
vt 0.054688 0.695312
vt 0.054688 0.679688
vt 0.046875 0.679688
vt 0.156250 0.898438
vt 0.148438 0.882812
vt 0.148438 0.898438
vt 0.148438 0.898438
vt 0.156250 0.882812
vt 0.148438 0.882812
vt 0.156250 0.882812
vt 0.148438 0.898438
vt 0.156250 0.898438
vt 0.046875 0.679688
vt 0.054688 0.695312
vt 0.054688 0.679688
vt 0.054688 0.679688
vt 0.046875 0.679688
vt 0.054688 0.679688
vt 0.046875 0.695312
vt 0.046875 0.695312
vt 0.054688 0.679688
vt 0.054688 0.914062
vt 0.046875 0.929688
vt 0.054688 0.929688
vt 0.046875 0.726562
vt 0.054688 0.710938
vt 0.046875 0.710938
vt 0.148438 0.914062
vt 0.156250 0.929688
vt 0.148438 0.914062
vt 0.054688 0.882812
vt 0.054688 0.882812
vt 0.046875 0.867188
vt 0.148438 0.882812
vt 0.156250 0.882812
vt 0.156250 0.867188
vt 0.156250 0.898438
vt 0.164062 0.914062
vt 0.164062 0.898438
vt 0.148438 0.914062
vt 0.148438 0.898438
vt 0.140625 0.898438
vt 0.156250 0.898438
vt 0.164062 0.914062
vt 0.164062 0.898438
vt 0.156250 0.914062
vt 0.164062 0.898438
vt 0.156250 0.898438
vt 0.140625 0.914062
vt 0.148438 0.898438
vt 0.140625 0.898438
vt 0.046875 0.882812
vt 0.046875 0.882812
vt 0.054688 0.867188
vt 0.140625 0.914062
vt 0.148438 0.898438
vt 0.140625 0.898438
vt 0.046875 0.695312
vt 0.054688 0.679688
vt 0.046875 0.679688
vt 0.140625 0.914062
vt 0.148438 0.898438
vt 0.140625 0.898438
vt 0.046875 0.679688
vt 0.054688 0.664062
vt 0.046875 0.664062
vt 0.046875 0.882812
vt 0.054688 0.867188
vt 0.046875 0.867188
vt 0.046875 0.679688
vt 0.054688 0.664062
vt 0.046875 0.664062
vt 0.054688 0.664062
vt 0.046875 0.664062
vt 0.046875 0.679688
vt 0.156250 0.898438
vt 0.156250 0.898438
vt 0.148438 0.882812
vt 0.156250 0.882812
vt 0.156250 0.867188
vt 0.148438 0.867188
vt 0.140625 0.914062
vt 0.148438 0.898438
vt 0.140625 0.898438
vt 0.039062 0.710938
vt 0.046875 0.695312
vt 0.039062 0.695312
vt 0.148438 0.914062
vt 0.148438 0.898438
vt 0.140625 0.898438
vt 0.046875 0.710938
vt 0.046875 0.695312
vt 0.039062 0.695312
vt 0.039062 0.695312
vt 0.046875 0.695312
vt 0.046875 0.710938
vt 0.039062 0.695312
vt 0.046875 0.710938
vt 0.039062 0.710938
vt 0.148438 0.914062
vt 0.140625 0.914062
vt 0.140625 0.898438
vt 0.046875 0.695312
vt 0.046875 0.695312
vt 0.039062 0.710938
vt 0.039062 0.695312
vt 0.046875 0.710938
vt 0.046875 0.710938
vt 0.039062 0.710938
vt 0.046875 0.695312
vt 0.039062 0.695312
vt 0.046875 0.898438
vt 0.046875 0.914062
vt 0.039062 0.914062
vt 0.039062 0.898438
vt 0.046875 0.914062
vt 0.046875 0.898438
vt 0.039062 0.695312
vt 0.046875 0.710938
vt 0.046875 0.695312
vt 0.148438 0.898438
vt 0.140625 0.914062
vt 0.140625 0.898438
vt 0.140625 0.898438
vt 0.140625 0.914062
vt 0.148438 0.914062
vt 0.156250 0.898438
vt 0.148438 0.898438
vt 0.140625 0.914062
vt 0.046875 0.695312
vt 0.039062 0.710938
vt 0.039062 0.695312
vt 0.054688 0.929688
vt 0.046875 0.929688
vt 0.046875 0.914062
vt 0.039062 0.710938
vt 0.046875 0.695312
vt 0.046875 0.710938
vt 0.046875 0.695312
vt 0.039062 0.710938
vt 0.046875 0.710938
vt 0.039062 0.695312
vt 0.039062 0.695312
vt 0.046875 0.710938
vt 0.046875 0.914062
vt 0.054688 0.914062
vt 0.046875 0.898438
vt 0.046875 0.914062
vt 0.046875 0.914062
vt 0.046875 0.898438
vt 0.039062 0.710938
vt 0.046875 0.695312
vt 0.039062 0.695312
vt 0.156250 0.898438
vt 0.148438 0.898438
vt 0.140625 0.914062
vt 0.039062 0.695312
vt 0.046875 0.695312
vt 0.039062 0.710938
vt 0.046875 0.695312
vt 0.039062 0.710938
vt 0.039062 0.695312
vt 0.039062 0.898438
vt 0.046875 0.914062
vt 0.039062 0.914062
vt 0.039062 0.695312
vt 0.046875 0.710938
vt 0.039062 0.710938
vt 0.167969 0.460938
vt 0.136719 0.523438
vt 0.136719 0.460938
vt 0.371094 0.867188
vt 0.339844 0.929688
vt 0.339844 0.867188
vt 0.371094 0.867188
vt 0.339844 0.929688
vt 0.339844 0.867188
vt 0.167969 0.460938
vt 0.136719 0.523438
vt 0.136719 0.460938
vt 0.046875 0.914062
vt 0.054688 0.929688
vt 0.046875 0.929688
vt 0.054688 0.914062
vt 0.054688 0.929688
vt 0.046875 0.929688
vt 0.046875 0.710938
vt 0.054688 0.726562
vt 0.046875 0.726562
vt 0.156250 0.929688
vt 0.148438 0.929688
vt 0.148438 0.929688
vt 0.046875 0.710938
vt 0.054688 0.710938
vt 0.046875 0.726562
vt 0.046875 0.710938
vt 0.054688 0.726562
vt 0.046875 0.726562
vt 0.054688 0.914062
vt 0.054688 0.929688
vt 0.046875 0.929688
vt 0.054688 0.914062
vt 0.046875 0.929688
vt 0.046875 0.914062
vt 0.046875 0.882812
vt 0.054688 0.898438
vt 0.046875 0.898438
vt 0.039062 0.914062
vt 0.039062 0.898438
vt 0.039062 0.898438
vt 0.062500 0.695312
vt 0.062500 0.710938
vt 0.062500 0.710938
vt 0.062500 0.914062
vt 0.054688 0.914062
vt 0.054688 0.898438
vt 0.148438 0.898438
vt 0.148438 0.898438
vt 0.156250 0.882812
vt 0.039062 0.914062
vt 0.039062 0.898438
vt 0.046875 0.898438
vt 0.148438 0.882812
vt 0.156250 0.898438
vt 0.148438 0.898438
vt 0.054688 0.898438
vt 0.046875 0.898438
vt 0.046875 0.898438
vt 0.054688 0.695312
vt 0.046875 0.679688
vt 0.054688 0.679688
vt 0.054688 0.695312
vt 0.046875 0.695312
vt 0.046875 0.695312
vt 0.046875 0.867188
vt 0.054688 0.882812
vt 0.046875 0.882812
vt 0.054688 0.710938
vt 0.046875 0.726562
vt 0.046875 0.710938
vt 0.054688 0.664062
vt 0.046875 0.679688
vt 0.046875 0.664062
vt 0.148438 0.914062
vt 0.148438 0.914062
vt 0.156250 0.929688
vt 0.156250 0.898438
vt 0.164062 0.898438
vt 0.164062 0.914062
vt 0.046875 0.867188
vt 0.054688 0.882812
vt 0.046875 0.882812
vt 0.054688 0.867188
vt 0.046875 0.882812
vt 0.046875 0.882812
vt 0.148438 0.882812
vt 0.148438 0.867188
vt 0.156250 0.867188
vt 0.164062 0.898438
vt 0.156250 0.914062
vt 0.156250 0.898438
vt 0.046875 0.710938
vt 0.039062 0.695312
vt 0.039062 0.710938
vt 0.156250 0.882812
vt 0.148438 0.898438
vt 0.148438 0.882812
vt 0.164062 0.898438
vt 0.156250 0.914062
vt 0.156250 0.898438
vt 0.054688 0.664062
vt 0.046875 0.679688
vt 0.046875 0.664062
vt 0.148438 0.898438
vt 0.140625 0.914062
vt 0.140625 0.898438
vt 0.046875 0.679688
vt 0.046875 0.664062
vt 0.054688 0.679688
vt 0.046875 0.882812
vt 0.054688 0.867188
vt 0.054688 0.882812
vt 0.046875 0.679688
vt 0.054688 0.695312
vt 0.046875 0.695312
vt 0.148438 0.898438
vt 0.140625 0.914062
vt 0.140625 0.898438
vt 0.054688 0.664062
vt 0.054688 0.679688
vt 0.046875 0.664062
vt 0.156250 0.882812
vt 0.156250 0.882812
vt 0.148438 0.867188
vt 0.148438 0.914062
vt 0.148438 0.914062
vt 0.140625 0.898438
vt 0.039062 0.710938
vt 0.046875 0.695312
vt 0.046875 0.710938
vt 0.140625 0.914062
vt 0.140625 0.898438
vt 0.140625 0.898438
vt 0.140625 0.914062
vt 0.148438 0.898438
vt 0.140625 0.898438
vt 0.046875 0.695312
vt 0.039062 0.710938
vt 0.046875 0.710938
vt 0.054688 0.929688
vt 0.046875 0.914062
vt 0.046875 0.695312
vt 0.039062 0.695312
vt 0.046875 0.710938
vt 0.046875 0.710938
vt 0.046875 0.695312
vt 0.039062 0.695312
vt 0.046875 0.898438
vt 0.046875 0.898438
vt 0.054688 0.914062
vt 0.140625 0.898438
vt 0.148438 0.914062
vt 0.148438 0.898438
vt 0.046875 0.710938
vt 0.046875 0.695312
vt 0.039062 0.695312
vt 0.062500 0.898438
vt 0.062500 0.914062
vt 0.039062 0.914062
vt 0.039062 0.914062
vt 0.039062 0.914062
vt 0.046875 0.898438
vt 0.039062 0.710938
vt 0.046875 0.710938
vt 0.046875 0.695312
vt 0.039062 0.695312
vt 0.046875 0.695312
vt 0.039062 0.710938
vt 0.046875 0.726562
vt 0.046875 0.726562
vt 0.054688 0.726562
vt 0.054688 0.695312
vt 0.046875 0.695312
vt 0.046875 0.695312
vt 0.164062 0.898438
vt 0.164062 0.914062
vt 0.140625 0.914062
vt 0.054688 0.914062
vt 0.046875 0.929688
vt 0.046875 0.914062
vt 0.046875 0.726562
vt 0.046875 0.726562
vt 0.054688 0.726562
vt 0.046875 0.914062
vt 0.054688 0.914062
vt 0.054688 0.914062
vt 0.046875 0.710938
vt 0.054688 0.726562
vt 0.046875 0.726562
vt 0.156250 0.929688
vt 0.148438 0.929688
vt 0.148438 0.929688
vt 0.054688 0.914062
vt 0.054688 0.929688
vt 0.046875 0.929688
vt 0.046875 0.929688
vt 0.046875 0.929688
vt 0.054688 0.914062
vt 0.046875 0.710938
vt 0.054688 0.726562
vt 0.046875 0.726562
vt 0.046875 0.882812
vt 0.054688 0.898438
vt 0.046875 0.898438
vt 0.054688 0.914062
vt 0.054688 0.898438
vt 0.062500 0.914062
vt 0.156250 0.898438
vt 0.148438 0.898438
vt 0.148438 0.898438
vt 0.039062 0.898438
vt 0.039062 0.898438
vt 0.046875 0.914062
vt 0.148438 0.882812
vt 0.156250 0.898438
vt 0.148438 0.898438
vt 0.054688 0.882812
vt 0.054688 0.898438
vt 0.046875 0.898438
vt 0.046875 0.695312
vt 0.054688 0.679688
vt 0.054688 0.695312
vt 0.054688 0.679688
vt 0.054688 0.695312
vt 0.046875 0.695312
vt 0.054688 0.710938
vt 0.046875 0.726562
vt 0.046875 0.710938
vt 0.054688 0.664062
vt 0.046875 0.679688
vt 0.046875 0.664062
vt 0.148438 0.914062
vt 0.156250 0.929688
vt 0.156250 0.929688
vt 0.054688 0.867188
vt 0.046875 0.882812
vt 0.046875 0.867188
vt 0.046875 0.867188
vt 0.054688 0.867188
vt 0.054688 0.882812
vt 0.156250 0.882812
vt 0.148438 0.882812
vt 0.148438 0.882812
vt 0.156250 0.898438
vt 0.148438 0.898438
vt 0.148438 0.882812
vt 0.156250 0.914062
vt 0.156250 0.898438
vt 0.164062 0.898438
vt 0.140625 0.914062
vt 0.140625 0.898438
vt 0.148438 0.898438
vt 0.046875 0.882812
vt 0.046875 0.867188
vt 0.054688 0.867188
vt 0.046875 0.679688
vt 0.054688 0.695312
vt 0.046875 0.695312
vt 0.054688 0.664062
vt 0.046875 0.679688
vt 0.046875 0.664062
vt 0.046875 0.664062
vt 0.054688 0.679688
vt 0.046875 0.679688
vt 0.054688 0.664062
vt 0.054688 0.664062
vt 0.054688 0.679688
vt 0.148438 0.867188
vt 0.156250 0.882812
vt 0.156250 0.882812
vt 0.140625 0.898438
vt 0.148438 0.914062
vt 0.140625 0.898438
vt 0.039062 0.695312
vt 0.046875 0.710938
vt 0.039062 0.710938
vt 0.148438 0.898438
vt 0.140625 0.914062
vt 0.140625 0.898438
vt 0.148438 0.914062
vt 0.140625 0.898438
vt 0.148438 0.898438
vt 0.046875 0.695312
vt 0.039062 0.710938
vt 0.039062 0.695312
vt 0.046875 0.710938
vt 0.046875 0.710938
vt 0.039062 0.695312
vt 0.046875 0.710938
vt 0.039062 0.710938
vt 0.039062 0.695312
vt 0.046875 0.710938
vt 0.039062 0.710938
vt 0.046875 0.695312
vt 0.039062 0.695312
vt 0.046875 0.710938
vt 0.039062 0.710938
vt 0.039062 0.898438
vt 0.046875 0.914062
vt 0.039062 0.914062
vt 0.039062 0.695312
vt 0.046875 0.710938
vt 0.039062 0.710938
vt 0.140625 0.914062
vt 0.148438 0.898438
vt 0.140625 0.898438
vt 0.164062 0.898438
vt 0.164062 0.914062
vt 0.140625 0.914062
vt 0.039062 0.710938
vt 0.046875 0.695312
vt 0.039062 0.695312
vt 0.046875 0.914062
vt 0.046875 0.914062
vt 0.054688 0.929688
vt 0.039062 0.695312
vt 0.046875 0.710938
vt 0.046875 0.695312
vt 0.046875 0.710938
vt 0.039062 0.695312
vt 0.039062 0.710938
vt 0.046875 0.710938
vt 0.046875 0.710938
vt 0.046875 0.695312
vt 0.039062 0.710938
vt 0.046875 0.695312
vt 0.039062 0.695312
vt 0.140625 0.898438
vt 0.140625 0.914062
vt 0.148438 0.914062
vt 0.046875 0.898438
vt 0.046875 0.898438
vt 0.148438 0.914062
vt 0.148438 0.898438
vt 0.148438 0.898438
vt 0.046875 0.695312
vt 0.046875 0.695312
vt 0.039062 0.695312
vt 0.039062 0.710938
vt 0.039062 0.695312
vt 0.039062 0.710938
vt 0.039062 0.914062
vt 0.046875 0.914062
vt 0.046875 0.898438
vt 0.039062 0.695312
vt 0.046875 0.710938
vt 0.046875 0.695312
vt 0.039062 0.898438
vt 0.046875 0.914062
vt 0.046875 0.898438
vt 0.039062 0.695312
vt 0.046875 0.710938
vt 0.046875 0.695312
vt 0.046875 0.710938
vt 0.054688 0.726562
vt 0.046875 0.726562
vt 0.148438 0.867188
vt 0.156250 0.882812
vt 0.148438 0.882812
vt 0.054688 0.679688
vt 0.046875 0.695312
vt 0.046875 0.695312
vt 0.046875 0.898438
vt 0.046875 0.914062
vt 0.046875 0.914062
vt 0.140625 0.898438
vt 0.148438 0.914062
vt 0.140625 0.914062
vt 0.046875 0.710938
vt 0.039062 0.710938
vt 0.039062 0.695312
vt 0.046875 0.695312
vt 0.039062 0.710938
vt 0.039062 0.695312
vt 0.339844 0.664062
vt 0.359375 0.710938
vt 0.351562 0.710938
vt 0.250000 0.507812
vt 0.238281 0.460938
vt 0.238281 0.460938
vt 0.136719 0.257812
vt 0.156250 0.304688
vt 0.136719 0.257812
vt 0.035156 0.257812
vt 0.035156 0.257812
vt 0.035156 0.257812
vt 0.035156 0.257812
vt 0.035156 0.257812
vt 0.035156 0.257812
vt 0.238281 0.257812
vt 0.238281 0.257812
vt 0.238281 0.257812
vt 0.453125 0.679688
vt 0.460938 0.695312
vt 0.453125 0.695312
vt 0.460938 0.914062
vt 0.460938 0.898438
vt 0.468750 0.914062
vt 0.359375 0.304688
vt 0.351562 0.289062
vt 0.359375 0.304688
vt 0.468750 0.898438
vt 0.460938 0.914062
vt 0.460938 0.898438
vt 0.460938 0.882812
vt 0.453125 0.898438
vt 0.453125 0.882812
vt 0.359375 0.289062
vt 0.359375 0.304688
vt 0.359375 0.289062
vt 0.460938 0.695312
vt 0.453125 0.695312
vt 0.453125 0.679688
vt 0.359375 0.304688
vt 0.359375 0.289062
vt 0.367188 0.304688
vt 0.460938 0.679688
vt 0.453125 0.695312
vt 0.453125 0.679688
vt 0.460938 0.710938
vt 0.453125 0.710938
vt 0.460938 0.695312
vt 0.460938 0.710938
vt 0.460938 0.882812
vt 0.453125 0.898438
vt 0.453125 0.882812
vt 0.351562 0.289062
vt 0.351562 0.273438
vt 0.359375 0.273438
vt 0.460938 0.882812
vt 0.453125 0.898438
vt 0.453125 0.882812
vt 0.460938 0.914062
vt 0.460938 0.898438
vt 0.468750 0.914062
vt 0.343750 0.695312
vt 0.351562 0.710938
vt 0.343750 0.710938
vt 0.351562 0.695312
vt 0.343750 0.710938
vt 0.343750 0.695312
vt 0.343750 0.710938
vt 0.351562 0.695312
vt 0.351562 0.695312
vt 0.351562 0.695312
vt 0.343750 0.710938
vt 0.343750 0.695312
vt 0.351562 0.695312
vt 0.343750 0.710938
vt 0.343750 0.695312
vt 0.250000 0.492188
vt 0.242188 0.507812
vt 0.242188 0.492188
vt 0.250000 0.492188
vt 0.242188 0.507812
vt 0.242188 0.492188
vt 0.242188 0.507812
vt 0.250000 0.492188
vt 0.250000 0.507812
vt 0.250000 0.492188
vt 0.242188 0.507812
vt 0.242188 0.492188
vt 0.343750 0.695312
vt 0.351562 0.695312
vt 0.351562 0.695312
vt 0.343750 0.695312
vt 0.343750 0.710938
vt 0.351562 0.695312
vt 0.343750 0.492188
vt 0.343750 0.507812
vt 0.351562 0.507812
vt 0.343750 0.507812
vt 0.343750 0.507812
vt 0.351562 0.507812
vt 0.343750 0.710938
vt 0.351562 0.695312
vt 0.351562 0.695312
vt 0.250000 0.492188
vt 0.257812 0.476562
vt 0.250000 0.476562
vt 0.156250 0.320312
vt 0.148438 0.320312
vt 0.148438 0.320312
vt 0.238281 0.460938
vt 0.248047 0.476562
vt 0.248047 0.484375
vt 0.054688 0.273438
vt 0.046875 0.289062
vt 0.046875 0.273438
vt 0.349609 0.687500
vt 0.339844 0.664062
vt 0.349609 0.679688
vt 0.257812 0.492188
vt 0.257812 0.507812
vt 0.359375 0.710938
vt 0.359375 0.695312
vt 0.250000 0.507812
vt 0.257812 0.492188
vt 0.250000 0.492188
vt 0.351562 0.710938
vt 0.359375 0.710938
vt 0.359375 0.695312
vt 0.136719 0.257812
vt 0.156250 0.289062
vt 0.156250 0.304688
vt 0.044922 0.273438
vt 0.035156 0.257812
vt 0.035156 0.257812
vt 0.035156 0.257812
vt 0.035156 0.257812
vt 0.136719 0.257812
vt 0.136719 0.257812
vt 0.238281 0.460938
vt 0.238281 0.460938
vt 0.238281 0.460938
vt 0.238281 0.257812
vt 0.238281 0.257812
vt 0.339844 0.664062
vt 0.339844 0.664062
vt 0.035156 0.257812
vt 0.238281 0.460938
vt 0.238281 0.460938
vt 0.035156 0.257812
vt 0.035156 0.257812
vt 0.035156 0.257812
vt 0.035156 0.257812
vt 0.257812 0.476562
vt 0.250000 0.492188
vt 0.250000 0.476562
vt 0.148438 0.320312
vt 0.148438 0.320312
vt 0.156250 0.320312
vt 0.248047 0.476562
vt 0.238281 0.460938
vt 0.248047 0.484375
vt 0.046875 0.289062
vt 0.054688 0.273438
vt 0.046875 0.273438
vt 0.339844 0.664062
vt 0.349609 0.687500
vt 0.349609 0.679688
vt 0.257812 0.492188
vt 0.257812 0.507812
vt 0.359375 0.710938
vt 0.359375 0.695312
vt 0.257812 0.492188
vt 0.250000 0.507812
vt 0.250000 0.492188
vt 0.359375 0.695312
vt 0.351562 0.710938
vt 0.146484 0.273438
vt 0.156250 0.289062
vt 0.156250 0.304688
vt 0.044922 0.273438
vt 0.453125 0.523438
vt 0.460938 0.507812
vt 0.460938 0.523438
vt 0.460938 0.492188
vt 0.453125 0.507812
vt 0.453125 0.492188
vt 0.460938 0.476562
vt 0.453125 0.476562
vt 0.250000 0.460938
vt 0.257812 0.460938
vt 0.257812 0.476562
vt 0.359375 0.726562
vt 0.351562 0.710938
vt 0.359375 0.710938
vt 0.359375 0.664062
vt 0.351562 0.679688
vt 0.351562 0.664062
vt 0.351562 0.710938
vt 0.351562 0.695312
vt 0.359375 0.679688
vt 0.359375 0.695312
vt 0.359375 0.664062
vt 0.351562 0.679688
vt 0.351562 0.664062
vt 0.257812 0.476562
vt 0.250000 0.476562
vt 0.250000 0.476562
vt 0.257812 0.460938
vt 0.250000 0.476562
vt 0.250000 0.460938
vt 0.257812 0.460938
vt 0.250000 0.476562
vt 0.250000 0.460938
vt 0.257812 0.523438
vt 0.250000 0.507812
vt 0.257812 0.507812
vt 0.265625 0.492188
vt 0.265625 0.507812
vt 0.250000 0.492188
vt 0.257812 0.492188
vt 0.257812 0.476562
vt 0.460938 0.492188
vt 0.453125 0.507812
vt 0.453125 0.492188
vt 0.257812 0.492188
vt 0.250000 0.507812
vt 0.250000 0.492188
vt 0.460938 0.460938
vt 0.250000 0.476562
vt 0.257812 0.460938
vt 0.257812 0.476562
vt 0.257812 0.507812
vt 0.250000 0.523438
vt 0.250000 0.507812
vt 0.250000 0.492188
vt 0.257812 0.492188
vt 0.257812 0.492188
vt 0.250000 0.492188
vt 0.250000 0.507812
vt 0.242188 0.507812
vt 0.242188 0.507812
vt 0.250000 0.476562
vt 0.250000 0.476562
vt 0.250000 0.460938
vt 0.250000 0.460938
vt 0.250000 0.460938
vt 0.250000 0.460938
vt 0.054688 0.898438
vt 0.046875 0.914062
vt 0.046875 0.898438
vt 0.054688 0.695312
vt 0.046875 0.710938
vt 0.046875 0.695312
vt 0.054688 0.914062
vt 0.046875 0.898438
vt 0.054688 0.898438
vt 0.148438 0.898438
vt 0.148438 0.898438
vt 0.148438 0.914062
vt 0.054688 0.695312
vt 0.054688 0.710938
vt 0.054688 0.710938
vt 0.054688 0.695312
vt 0.046875 0.710938
vt 0.046875 0.695312
vt 0.054688 0.898438
vt 0.046875 0.914062
vt 0.046875 0.898438
vt 0.054688 0.695312
vt 0.046875 0.710938
vt 0.046875 0.695312
vt 0.054688 0.695312
vt 0.046875 0.710938
vt 0.046875 0.695312
vt 0.054688 0.898438
vt 0.046875 0.914062
vt 0.046875 0.898438
vt 0.054688 0.710938
vt 0.046875 0.695312
vt 0.054688 0.695312
vt 0.156250 0.898438
vt 0.148438 0.914062
vt 0.148438 0.898438
vt 0.046875 0.710938
vt 0.046875 0.695312
vt 0.054688 0.695312
vt 0.046875 0.898438
vt 0.148438 0.914062
vt 0.148438 0.898438
vt 0.054688 0.898438
vt 0.046875 0.914062
vt 0.046875 0.898438
vt 0.054688 0.695312
vt 0.046875 0.710938
vt 0.046875 0.695312
vt 0.054688 0.695312
vt 0.046875 0.710938
vt 0.046875 0.695312
vt 0.054688 0.898438
vt 0.046875 0.914062
vt 0.046875 0.898438
vt 0.054688 0.710938
vt 0.046875 0.695312
vt 0.054688 0.695312
vt 0.156250 0.898438
vt 0.148438 0.914062
vt 0.148438 0.898438
vt 0.046875 0.710938
vt 0.046875 0.695312
vt 0.054688 0.695312
vt 0.148438 0.898438
vt 0.046875 0.898438
vt 0.148438 0.914062
vt 0.148438 0.898438
vt 0.148438 0.898438
vt 0.054688 0.898438
vt 0.046875 0.914062
vt 0.046875 0.898438
vt 0.054688 0.695312
vt 0.046875 0.710938
vt 0.046875 0.695312
vt 0.054688 0.914062
vt 0.046875 0.898438
vt 0.054688 0.898438
vt 0.054688 0.695312
vt 0.054688 0.710938
vt 0.054688 0.710938
vt 0.054688 0.695312
vt 0.046875 0.710938
vt 0.046875 0.695312
vt 0.148438 0.914062
vt 0.136719 0.867188
vt 0.148438 0.898438
vt 0.136719 0.867188
vt 0.148438 0.914062
vt 0.136719 0.867188
vt 0.148438 0.914062
vt 0.136719 0.867188
vt 0.148438 0.898438
vt 0.148438 0.898438
vt 0.148438 0.914062
vt 0.148438 0.898438
vt 0.148438 0.898438
vt 0.148438 0.914062
vt 0.148438 0.914062
vt 0.148438 0.898438
vt 0.148438 0.914062
vt 0.359375 0.710938
vt 0.339844 0.664062
vt 0.351562 0.710938
vt 0.238281 0.460938
vt 0.250000 0.507812
vt 0.238281 0.460938
vt 0.136719 0.257812
vt 0.156250 0.304688
vt 0.136719 0.257812
vt 0.035156 0.257812
vt 0.035156 0.257812
vt 0.035156 0.257812
vt 0.035156 0.257812
vt 0.035156 0.257812
vt 0.035156 0.257812
vt 0.238281 0.257812
vt 0.238281 0.257812
vt 0.238281 0.257812
vt 0.453125 0.679688
vt 0.460938 0.695312
vt 0.460938 0.679688
vt 0.468750 0.914062
vt 0.460938 0.898438
vt 0.460938 0.914062
vt 0.359375 0.304688
vt 0.351562 0.289062
vt 0.359375 0.304688
vt 0.460938 0.914062
vt 0.468750 0.898438
vt 0.460938 0.898438
vt 0.453125 0.898438
vt 0.460938 0.882812
vt 0.453125 0.882812
vt 0.359375 0.304688
vt 0.359375 0.289062
vt 0.359375 0.289062
vt 0.453125 0.679688
vt 0.453125 0.695312
vt 0.460938 0.695312
vt 0.367188 0.304688
vt 0.359375 0.289062
vt 0.359375 0.304688
vt 0.453125 0.695312
vt 0.460938 0.679688
vt 0.453125 0.679688
vt 0.460938 0.710938
vt 0.460938 0.695312
vt 0.460938 0.710938
vt 0.460938 0.695312
vt 0.453125 0.898438
vt 0.460938 0.882812
vt 0.453125 0.882812
vt 0.351562 0.289062
vt 0.359375 0.289062
vt 0.359375 0.273438
vt 0.453125 0.898438
vt 0.460938 0.882812
vt 0.453125 0.882812
vt 0.468750 0.914062
vt 0.460938 0.898438
vt 0.460938 0.914062
vt 0.343750 0.710938
vt 0.351562 0.695312
vt 0.343750 0.695312
vt 0.343750 0.710938
vt 0.351562 0.695312
vt 0.343750 0.695312
vt 0.351562 0.695312
vt 0.343750 0.695312
vt 0.343750 0.710938
vt 0.343750 0.710938
vt 0.351562 0.695312
vt 0.343750 0.695312
vt 0.343750 0.710938
vt 0.351562 0.695312
vt 0.343750 0.695312
vt 0.242188 0.492188
vt 0.250000 0.507812
vt 0.250000 0.492188
vt 0.242188 0.507812
vt 0.250000 0.492188
vt 0.242188 0.492188
vt 0.250000 0.492188
vt 0.242188 0.507812
vt 0.250000 0.507812
vt 0.242188 0.507812
vt 0.250000 0.492188
vt 0.242188 0.492188
vt 0.351562 0.695312
vt 0.343750 0.695312
vt 0.343750 0.710938
vt 0.343750 0.695312
vt 0.351562 0.695312
vt 0.351562 0.695312
vt 0.343750 0.492188
vt 0.351562 0.492188
vt 0.351562 0.507812
vt 0.343750 0.507812
vt 0.351562 0.492188
vt 0.343750 0.507812
vt 0.351562 0.695312
vt 0.343750 0.695312
vt 0.343750 0.710938
vt 0.257812 0.476562
vt 0.250000 0.492188
vt 0.250000 0.476562
vt 0.148438 0.320312
vt 0.148438 0.320312
vt 0.156250 0.320312
vt 0.248047 0.476562
vt 0.238281 0.460938
vt 0.248047 0.484375
vt 0.046875 0.289062
vt 0.054688 0.273438
vt 0.046875 0.273438
vt 0.339844 0.664062
vt 0.349609 0.687500
vt 0.349609 0.679688
vt 0.257812 0.492188
vt 0.257812 0.507812
vt 0.359375 0.710938
vt 0.359375 0.695312
vt 0.257812 0.492188
vt 0.250000 0.507812
vt 0.250000 0.492188
vt 0.359375 0.695312
vt 0.359375 0.695312
vt 0.351562 0.710938
vt 0.146484 0.273438
vt 0.156250 0.289062
vt 0.156250 0.304688
vt 0.035156 0.257812
vt 0.044922 0.273438
vt 0.035156 0.257812
vt 0.035156 0.257812
vt 0.035156 0.257812
vt 0.136719 0.257812
vt 0.136719 0.257812
vt 0.136719 0.257812
vt 0.238281 0.460938
vt 0.238281 0.460938
vt 0.238281 0.460938
vt 0.238281 0.257812
vt 0.238281 0.257812
vt 0.339844 0.664062
vt 0.339844 0.664062
vt 0.035156 0.257812
vt 0.238281 0.460938
vt 0.238281 0.460938
vt 0.035156 0.257812
vt 0.035156 0.257812
vt 0.035156 0.257812
vt 0.250000 0.492188
vt 0.257812 0.476562
vt 0.250000 0.476562
vt 0.156250 0.320312
vt 0.148438 0.320312
vt 0.148438 0.320312
vt 0.248047 0.476562
vt 0.248047 0.484375
vt 0.054688 0.273438
vt 0.046875 0.289062
vt 0.046875 0.273438
vt 0.349609 0.687500
vt 0.339844 0.664062
vt 0.349609 0.679688
vt 0.257812 0.492188
vt 0.257812 0.507812
vt 0.359375 0.710938
vt 0.359375 0.695312
vt 0.250000 0.507812
vt 0.257812 0.492188
vt 0.250000 0.492188
vt 0.351562 0.710938
vt 0.359375 0.710938
vt 0.359375 0.695312
vt 0.136719 0.257812
vt 0.156250 0.289062
vt 0.156250 0.304688
vt 0.044922 0.273438
vt 0.460938 0.507812
vt 0.453125 0.523438
vt 0.460938 0.523438
vt 0.453125 0.507812
vt 0.460938 0.492188
vt 0.453125 0.492188
vt 0.460938 0.476562
vt 0.453125 0.476562
vt 0.257812 0.476562
vt 0.257812 0.460938
vt 0.250000 0.460938
vt 0.351562 0.710938
vt 0.359375 0.726562
vt 0.359375 0.710938
vt 0.351562 0.679688
vt 0.359375 0.664062
vt 0.351562 0.664062
vt 0.351562 0.710938
vt 0.359375 0.679688
vt 0.351562 0.695312
vt 0.359375 0.695312
vt 0.351562 0.679688
vt 0.359375 0.664062
vt 0.351562 0.664062
vt 0.257812 0.476562
vt 0.257812 0.476562
vt 0.257812 0.460938
vt 0.250000 0.476562
vt 0.257812 0.460938
vt 0.250000 0.460938
vt 0.250000 0.476562
vt 0.257812 0.460938
vt 0.250000 0.460938
vt 0.250000 0.507812
vt 0.257812 0.523438
vt 0.257812 0.507812
vt 0.265625 0.492188
vt 0.265625 0.492188
vt 0.250000 0.492188
vt 0.257812 0.492188
vt 0.257812 0.476562
vt 0.453125 0.507812
vt 0.460938 0.492188
vt 0.453125 0.492188
vt 0.250000 0.507812
vt 0.257812 0.492188
vt 0.250000 0.492188
vt 0.460938 0.460938
vt 0.257812 0.460938
vt 0.250000 0.476562
vt 0.257812 0.476562
vt 0.250000 0.523438
vt 0.257812 0.507812
vt 0.250000 0.507812
vt 0.250000 0.492188
vt 0.257812 0.492188
vt 0.257812 0.492188
vt 0.250000 0.492188
vt 0.242188 0.507812
vt 0.242188 0.507812
vt 0.250000 0.507812
vt 0.250000 0.476562
vt 0.250000 0.460938
vt 0.250000 0.476562
vt 0.250000 0.460938
vt 0.250000 0.460938
vt 0.250000 0.460938
vt 0.046875 0.914062
vt 0.054688 0.898438
vt 0.046875 0.898438
vt 0.046875 0.710938
vt 0.054688 0.695312
vt 0.046875 0.695312
vt 0.046875 0.898438
vt 0.054688 0.914062
vt 0.054688 0.898438
vt 0.148438 0.898438
vt 0.148438 0.898438
vt 0.148438 0.914062
vt 0.054688 0.710938
vt 0.054688 0.710938
vt 0.054688 0.695312
vt 0.046875 0.710938
vt 0.054688 0.695312
vt 0.046875 0.695312
vt 0.046875 0.914062
vt 0.054688 0.898438
vt 0.046875 0.898438
vt 0.046875 0.710938
vt 0.054688 0.695312
vt 0.046875 0.695312
vt 0.046875 0.710938
vt 0.054688 0.695312
vt 0.046875 0.695312
vt 0.046875 0.914062
vt 0.054688 0.898438
vt 0.046875 0.898438
vt 0.046875 0.695312
vt 0.054688 0.710938
vt 0.054688 0.695312
vt 0.148438 0.914062
vt 0.156250 0.898438
vt 0.148438 0.898438
vt 0.054688 0.695312
vt 0.046875 0.695312
vt 0.046875 0.710938
vt 0.046875 0.898438
vt 0.148438 0.914062
vt 0.148438 0.914062
vt 0.046875 0.914062
vt 0.054688 0.898438
vt 0.046875 0.898438
vt 0.046875 0.710938
vt 0.054688 0.695312
vt 0.046875 0.695312
vt 0.046875 0.710938
vt 0.054688 0.695312
vt 0.046875 0.695312
vt 0.046875 0.914062
vt 0.054688 0.898438
vt 0.046875 0.898438
vt 0.046875 0.695312
vt 0.054688 0.710938
vt 0.054688 0.695312
vt 0.148438 0.914062
vt 0.156250 0.898438
vt 0.148438 0.898438
vt 0.054688 0.695312
vt 0.046875 0.695312
vt 0.046875 0.710938
vt 0.148438 0.898438
vt 0.046875 0.898438
vt 0.148438 0.898438
vt 0.148438 0.914062
vt 0.148438 0.898438
vt 0.046875 0.914062
vt 0.054688 0.898438
vt 0.046875 0.898438
vt 0.046875 0.710938
vt 0.054688 0.695312
vt 0.046875 0.695312
vt 0.046875 0.898438
vt 0.054688 0.914062
vt 0.054688 0.898438
vt 0.054688 0.710938
vt 0.054688 0.710938
vt 0.054688 0.695312
vt 0.046875 0.710938
vt 0.054688 0.695312
vt 0.046875 0.695312
vt 0.136719 0.867188
vt 0.148438 0.914062
vt 0.148438 0.898438
vt 0.148438 0.914062
vt 0.136719 0.867188
vt 0.136719 0.867188
vt 0.136719 0.867188
vt 0.148438 0.914062
vt 0.148438 0.898438
vt 0.148438 0.898438
vt 0.148438 0.914062
vt 0.148438 0.898438
vt 0.148438 0.898438
vt 0.148438 0.914062
vt 0.148438 0.914062
vt 0.148438 0.898438
vt 0.148438 0.914062
vt 0.257812 0.695312
vt 0.250000 0.710938
vt 0.250000 0.695312
vt 0.257812 0.906250
vt 0.250000 0.914062
vt 0.250000 0.914062
vt 0.148438 0.695312
vt 0.156250 0.695312
vt 0.148438 0.710938
vt 0.257812 0.898438
vt 0.250000 0.914062
vt 0.250000 0.898438
vt 0.257812 0.898438
vt 0.250000 0.914062
vt 0.250000 0.898438
vt 0.257812 0.695312
vt 0.250000 0.710938
vt 0.250000 0.695312
vt 0.257812 0.695312
vt 0.257812 0.710938
vt 0.250000 0.710938
vt 0.257812 0.695312
vt 0.257812 0.703125
vt 0.257812 0.703125
vt 0.257812 0.906250
vt 0.257812 0.898438
vt 0.257812 0.914062
vt 0.156250 0.710938
vt 0.156250 0.695312
vt 0.257812 0.906250
vt 0.250000 0.710938
vt 0.257812 0.695312
vt 0.156250 0.695312
vt 0.156250 0.703125
vt 0.156250 0.710938
vt 0.250000 0.898438
vt 0.156250 0.695312
vt 0.148438 0.710938
vt 0.148438 0.695312
vt 0.257812 0.914062
vt 0.250000 0.906250
vt 0.257812 0.906250
vt 0.257812 0.898438
vt 0.250000 0.914062
vt 0.250000 0.898438
vt 0.250000 0.898438
vt 0.257812 0.914062
vt 0.250000 0.914062
vt 0.257812 0.914062
vt 0.250000 0.898438
vt 0.257812 0.898438
vt 0.257812 0.914062
vt 0.250000 0.898438
vt 0.257812 0.695312
vt 0.250000 0.710938
vt 0.250000 0.695312
vt 0.250000 0.898438
vt 0.257812 0.898438
vt 0.250000 0.898438
vt 0.257812 0.914062
vt 0.257812 0.492188
vt 0.250000 0.507812
vt 0.250000 0.492188
vt 0.265625 0.492188
vt 0.257812 0.507812
vt 0.250000 0.523438
vt 0.257812 0.476562
vt 0.250000 0.460938
vt 0.257812 0.460938
vt 0.242188 0.507812
vt 0.242188 0.492188
vt 0.460938 0.492188
vt 0.453125 0.507812
vt 0.453125 0.492188
vt 0.460938 0.507812
vt 0.460938 0.492188
vt 0.468750 0.507812
vt 0.460938 0.460938
vt 0.453125 0.476562
vt 0.453125 0.460938
vt 0.445312 0.492188
vt 0.445312 0.507812
vt 0.257812 0.492188
vt 0.250000 0.507812
vt 0.250000 0.492188
vt 0.460938 0.476562
vt 0.453125 0.460938
vt 0.460938 0.460938
vt 0.359375 0.695312
vt 0.367188 0.710938
vt 0.359375 0.710938
vt 0.242188 0.507812
vt 0.242188 0.492188
vt 0.265625 0.507812
vt 0.265625 0.492188
vt 0.351562 0.695312
vt 0.343750 0.710938
vt 0.343750 0.695312
vt 0.453125 0.492188
vt 0.453125 0.476562
vt 0.468750 0.492188
vt 0.468750 0.507812
vt 0.468750 0.507812
vt 0.359375 0.664062
vt 0.351562 0.679688
vt 0.351562 0.664062
vt 0.453125 0.507812
vt 0.445312 0.507812
vt 0.445312 0.492188
vt 0.460938 0.492188
vt 0.453125 0.507812
vt 0.250000 0.523438
vt 0.250000 0.507812
vt 0.257812 0.507812
vt 0.257812 0.492188
vt 0.257812 0.492188
vt 0.250000 0.507812
vt 0.250000 0.523438
vt 0.250000 0.507812
vt 0.250000 0.507812
vt 0.367188 0.710938
vt 0.359375 0.710938
vt 0.359375 0.695312
vt 0.460938 0.476562
vt 0.453125 0.492188
vt 0.453125 0.476562
vt 0.468750 0.507812
vt 0.460938 0.492188
vt 0.468750 0.492188
vt 0.257812 0.476562
vt 0.257812 0.492188
vt 0.257812 0.492188
vt 0.367188 0.695312
vt 0.359375 0.710938
vt 0.359375 0.695312
vt 0.367188 0.710938
vt 0.359375 0.710938
vt 0.359375 0.710938
vt 0.257812 0.507812
vt 0.257812 0.507812
vt 0.460938 0.507812
vt 0.468750 0.492188
vt 0.468750 0.507812
vt 0.250000 0.460938
vt 0.257812 0.460938
vt 0.250000 0.476562
vt 0.265625 0.507812
vt 0.257812 0.507812
vt 0.257812 0.507812
vt 0.250000 0.476562
vt 0.250000 0.460938
vt 0.257812 0.476562
vt 0.359375 0.679688
vt 0.351562 0.695312
vt 0.351562 0.679688
vt 0.257812 0.507812
vt 0.257812 0.523438
vt 0.257812 0.523438
vt 0.257812 0.492188
vt 0.257812 0.507812
vt 0.250000 0.492188
vt 0.359375 0.695312
vt 0.351562 0.710938
vt 0.351562 0.695312
vt 0.460938 0.492188
vt 0.453125 0.507812
vt 0.453125 0.492188
vt 0.460938 0.507812
vt 0.453125 0.507812
vt 0.453125 0.492188
vt 0.359375 0.695312
vt 0.351562 0.710938
vt 0.351562 0.695312
vt 0.343750 0.695312
vt 0.351562 0.710938
vt 0.343750 0.710938
vt 0.367188 0.695312
vt 0.359375 0.710938
vt 0.359375 0.710938
vt 0.250000 0.460938
vt 0.257812 0.460938
vt 0.250000 0.476562
vt 0.453125 0.476562
vt 0.453125 0.460938
vt 0.460938 0.476562
vt 0.359375 0.726562
vt 0.351562 0.710938
vt 0.359375 0.710938
vt 0.359375 0.664062
vt 0.351562 0.679688
vt 0.351562 0.664062
vt 0.250000 0.507812
vt 0.257812 0.507812
vt 0.445312 0.492188
vt 0.453125 0.492188
vt 0.359375 0.664062
vt 0.351562 0.679688
vt 0.351562 0.664062
vt 0.242188 0.507812
vt 0.242188 0.492188
vt 0.445312 0.492188
vt 0.453125 0.507812
vt 0.445312 0.507812
vt 0.460938 0.476562
vt 0.453125 0.492188
vt 0.453125 0.476562
vt 0.445312 0.507812
vt 0.445312 0.492188
vt 0.343750 0.710938
vt 0.343750 0.695312
vt 0.343750 0.695312
vt 0.250000 0.492188
vt 0.351562 0.695312
vt 0.343750 0.710938
vt 0.343750 0.695312
vt 0.343750 0.710938
vt 0.343750 0.695312
vt 0.460938 0.460938
vt 0.453125 0.476562
vt 0.453125 0.460938
vt 0.257812 0.492188
vt 0.250000 0.507812
vt 0.250000 0.507812
vt 0.257812 0.898438
vt 0.257812 0.898438
vt 0.250000 0.710938
vt 0.257812 0.695312
vt 0.250000 0.695312
vt 0.250000 0.914062
vt 0.257812 0.914062
vt 0.257812 0.906250
vt 0.148438 0.710938
vt 0.156250 0.695312
vt 0.148438 0.695312
vt 0.250000 0.914062
vt 0.257812 0.898438
vt 0.250000 0.898438
vt 0.250000 0.914062
vt 0.257812 0.898438
vt 0.250000 0.898438
vt 0.250000 0.710938
vt 0.257812 0.695312
vt 0.250000 0.695312
vt 0.257812 0.695312
vt 0.257812 0.710938
vt 0.257812 0.703125
vt 0.257812 0.695312
vt 0.257812 0.703125
vt 0.257812 0.898438
vt 0.257812 0.906250
vt 0.257812 0.914062
vt 0.156250 0.710938
vt 0.156250 0.695312
vt 0.257812 0.906250
vt 0.257812 0.695312
vt 0.250000 0.710938
vt 0.156250 0.695312
vt 0.156250 0.703125
vt 0.156250 0.710938
vt 0.250000 0.898438
vt 0.148438 0.710938
vt 0.156250 0.695312
vt 0.148438 0.695312
vt 0.250000 0.906250
vt 0.257812 0.914062
vt 0.257812 0.906250
vt 0.250000 0.914062
vt 0.257812 0.898438
vt 0.250000 0.898438
vt 0.257812 0.914062
vt 0.257812 0.898438
vt 0.250000 0.898438
vt 0.250000 0.898438
vt 0.250000 0.914062
vt 0.257812 0.914062
vt 0.250000 0.898438
vt 0.257812 0.914062
vt 0.250000 0.710938
vt 0.257812 0.695312
vt 0.250000 0.695312
vt 0.250000 0.898438
vt 0.257812 0.898438
vt 0.250000 0.898438
vt 0.257812 0.914062
vt 0.250000 0.507812
vt 0.257812 0.492188
vt 0.250000 0.492188
vt 0.257812 0.507812
vt 0.265625 0.492188
vt 0.250000 0.523438
vt 0.250000 0.460938
vt 0.257812 0.476562
vt 0.257812 0.460938
vt 0.242188 0.507812
vt 0.242188 0.492188
vt 0.453125 0.507812
vt 0.460938 0.492188
vt 0.453125 0.492188
vt 0.468750 0.507812
vt 0.460938 0.492188
vt 0.460938 0.507812
vt 0.453125 0.476562
vt 0.460938 0.460938
vt 0.453125 0.460938
vt 0.445312 0.492188
vt 0.250000 0.507812
vt 0.257812 0.492188
vt 0.250000 0.492188
vt 0.453125 0.460938
vt 0.460938 0.476562
vt 0.460938 0.460938
vt 0.359375 0.710938
vt 0.367188 0.695312
vt 0.359375 0.695312
vt 0.242188 0.507812
vt 0.242188 0.492188
vt 0.265625 0.507812
vt 0.265625 0.492188
vt 0.343750 0.710938
vt 0.351562 0.695312
vt 0.343750 0.695312
vt 0.453125 0.492188
vt 0.453125 0.476562
vt 0.468750 0.507812
vt 0.468750 0.507812
vt 0.468750 0.492188
vt 0.351562 0.679688
vt 0.359375 0.664062
vt 0.351562 0.664062
vt 0.445312 0.492188
vt 0.445312 0.507812
vt 0.453125 0.507812
vt 0.453125 0.507812
vt 0.460938 0.492188
vt 0.250000 0.523438
vt 0.250000 0.523438
vt 0.257812 0.523438
vt 0.257812 0.492188
vt 0.257812 0.507812
vt 0.265625 0.507812
vt 0.250000 0.507812
vt 0.250000 0.507812
vt 0.257812 0.492188
vt 0.257812 0.523438
vt 0.257812 0.507812
vt 0.250000 0.507812
vt 0.367188 0.710938
vt 0.367188 0.695312
vt 0.359375 0.695312
vt 0.453125 0.492188
vt 0.460938 0.476562
vt 0.453125 0.476562
vt 0.460938 0.492188
vt 0.468750 0.507812
vt 0.468750 0.492188
vt 0.257812 0.492188
vt 0.257812 0.492188
vt 0.257812 0.476562
vt 0.359375 0.710938
vt 0.367188 0.695312
vt 0.359375 0.695312
vt 0.359375 0.710938
vt 0.359375 0.710938
vt 0.367188 0.710938
vt 0.257812 0.507812
vt 0.257812 0.507812
vt 0.468750 0.492188
vt 0.460938 0.507812
vt 0.468750 0.507812
vt 0.250000 0.476562
vt 0.250000 0.476562
vt 0.250000 0.460938
vt 0.257812 0.507812
vt 0.257812 0.507812
vt 0.265625 0.507812
vt 0.257812 0.476562
vt 0.250000 0.460938
vt 0.250000 0.476562
vt 0.351562 0.695312
vt 0.359375 0.679688
vt 0.351562 0.679688
vt 0.257812 0.523438
vt 0.257812 0.523438
vt 0.257812 0.507812
vt 0.250000 0.492188
vt 0.257812 0.507812
vt 0.257812 0.492188
vt 0.351562 0.710938
vt 0.359375 0.695312
vt 0.351562 0.695312
vt 0.453125 0.507812
vt 0.460938 0.492188
vt 0.453125 0.492188
vt 0.460938 0.507812
vt 0.460938 0.507812
vt 0.460938 0.492188
vt 0.351562 0.710938
vt 0.359375 0.695312
vt 0.351562 0.695312
vt 0.343750 0.695312
vt 0.351562 0.710938
vt 0.351562 0.695312
vt 0.359375 0.710938
vt 0.367188 0.710938
vt 0.367188 0.695312
vt 0.250000 0.476562
vt 0.257812 0.460938
vt 0.250000 0.460938
vt 0.460938 0.476562
vt 0.453125 0.460938
vt 0.453125 0.476562
vt 0.351562 0.710938
vt 0.359375 0.726562
vt 0.359375 0.710938
vt 0.351562 0.679688
vt 0.359375 0.664062
vt 0.351562 0.664062
vt 0.250000 0.507812
vt 0.250000 0.523438
vt 0.257812 0.507812
vt 0.445312 0.492188
vt 0.453125 0.507812
vt 0.453125 0.492188
vt 0.351562 0.679688
vt 0.359375 0.664062
vt 0.351562 0.664062
vt 0.242188 0.507812
vt 0.242188 0.492188
vt 0.445312 0.492188
vt 0.453125 0.507812
vt 0.453125 0.492188
vt 0.460938 0.476562
vt 0.453125 0.476562
vt 0.445312 0.492188
vt 0.453125 0.507812
vt 0.343750 0.695312
vt 0.351562 0.710938
vt 0.343750 0.695312
vt 0.250000 0.492188
vt 0.343750 0.695312
vt 0.351562 0.710938
vt 0.351562 0.695312
vt 0.343750 0.710938
vt 0.343750 0.695312
vt 0.453125 0.476562
vt 0.460938 0.460938
vt 0.453125 0.460938
vt 0.250000 0.507812
vt 0.257812 0.507812
vt 0.257812 0.492188
vt 0.257812 0.898438
vt 0.453125 0.679688
vt 0.460938 0.695312
vt 0.460938 0.679688
vt 0.468750 0.914062
vt 0.460938 0.898438
vt 0.460938 0.914062
vt 0.359375 0.304688
vt 0.351562 0.289062
vt 0.359375 0.304688
vt 0.460938 0.914062
vt 0.468750 0.898438
vt 0.460938 0.898438
vt 0.453125 0.898438
vt 0.460938 0.882812
vt 0.453125 0.882812
vt 0.359375 0.304688
vt 0.359375 0.289062
vt 0.359375 0.289062
vt 0.453125 0.679688
vt 0.453125 0.695312
vt 0.460938 0.695312
vt 0.367188 0.304688
vt 0.359375 0.289062
vt 0.359375 0.304688
vt 0.453125 0.695312
vt 0.460938 0.679688
vt 0.453125 0.679688
vt 0.460938 0.710938
vt 0.460938 0.695312
vt 0.460938 0.710938
vt 0.460938 0.695312
vt 0.453125 0.898438
vt 0.460938 0.882812
vt 0.453125 0.882812
vt 0.351562 0.289062
vt 0.359375 0.289062
vt 0.359375 0.273438
vt 0.453125 0.898438
vt 0.460938 0.882812
vt 0.453125 0.882812
vt 0.468750 0.914062
vt 0.460938 0.898438
vt 0.460938 0.914062
vt 0.453125 0.679688
vt 0.460938 0.695312
vt 0.453125 0.695312
vt 0.460938 0.914062
vt 0.460938 0.898438
vt 0.468750 0.914062
vt 0.359375 0.304688
vt 0.351562 0.289062
vt 0.359375 0.304688
vt 0.468750 0.898438
vt 0.460938 0.914062
vt 0.460938 0.898438
vt 0.460938 0.882812
vt 0.453125 0.898438
vt 0.453125 0.882812
vt 0.359375 0.289062
vt 0.359375 0.304688
vt 0.359375 0.289062
vt 0.460938 0.695312
vt 0.453125 0.695312
vt 0.453125 0.679688
vt 0.359375 0.304688
vt 0.359375 0.289062
vt 0.367188 0.304688
vt 0.460938 0.679688
vt 0.453125 0.695312
vt 0.453125 0.679688
vt 0.460938 0.710938
vt 0.453125 0.710938
vt 0.460938 0.695312
vt 0.460938 0.710938
vt 0.460938 0.882812
vt 0.453125 0.898438
vt 0.453125 0.882812
vt 0.351562 0.289062
vt 0.351562 0.273438
vt 0.359375 0.273438
vt 0.460938 0.882812
vt 0.453125 0.898438
vt 0.453125 0.882812
vt 0.460938 0.914062
vt 0.460938 0.898438
vt 0.468750 0.914062
vt 0.046875 0.710938
vt 0.054688 0.695312
vt 0.046875 0.695312
vt 0.148438 0.898438
vt 0.148438 0.898438
vt 0.156250 0.898438
vt 0.035156 0.867188
vt 0.035156 0.867188
vt 0.054688 0.695312
vt 0.035156 0.664062
vt 0.046875 0.914062
vt 0.046875 0.898438
vt 0.054688 0.914062
vt 0.046875 0.710938
vt 0.148438 0.898438
vt 0.156250 0.898438
vt 0.054688 0.914062
vt 0.054688 0.710938
vt 0.156250 0.914062
vt 0.156250 0.914062
vt 0.148438 0.914062
vt 0.148438 0.914062
vt 0.046875 0.710938
vt 0.054688 0.710938
vt 0.156250 0.695312
vt 0.156250 0.695312
vt 0.148438 0.695312
vt 0.156250 0.695312
vt 0.156250 0.710938
vt 0.156250 0.695312
vt 0.156250 0.710938
vt 0.156250 0.710938
vt 0.148438 0.710938
vt 0.148438 0.695312
vt 0.156250 0.695312
vt 0.156250 0.710938
vt 0.257812 0.898438
vt 0.257812 0.914062
vt 0.250000 0.914062
vt 0.257812 0.914062
vt 0.250000 0.914062
vt 0.250000 0.898438
vt 0.257812 0.898438
vt 0.257812 0.914062
vt 0.250000 0.914062
vt 0.250000 0.695312
vt 0.250000 0.695312
vt 0.250000 0.695312
vt 0.257812 0.695312
vt 0.257812 0.710938
vt 0.257812 0.710938
vt 0.250000 0.695312
vt 0.257812 0.695312
vt 0.257812 0.710938
vt 0.250000 0.710938
vt 0.250000 0.710938
vt 0.148438 0.898438
vt 0.156250 0.898438
vt 0.257812 0.710938
vt 0.054688 0.914062
vt 0.046875 0.914062
vt 0.054688 0.898438
vt 0.054688 0.898438
vt 0.054688 0.898438
vt 0.054688 0.914062
vt 0.054688 0.914062
vt 0.054688 0.914062
vt 0.054688 0.914062
vt 0.054688 0.898438
vt 0.054688 0.914062
vt 0.054688 0.914062
vt 0.148438 0.898438
vt 0.156250 0.898438
vt 0.054688 0.710938
vt 0.054688 0.695312
vt 0.046875 0.710938
vt 0.046875 0.710938
vt 0.046875 0.695312
vt 0.046875 0.695312
vt 0.046875 0.695312
vt 0.054688 0.695312
vt 0.054688 0.898438
vt 0.054688 0.898438
vt 0.054688 0.898438
vt 0.054688 0.914062
vt 0.156250 0.914062
vt 0.054688 0.710938
vt 0.054688 0.710938
vt 0.046875 0.710938
vt 0.054688 0.695312
vt 0.054688 0.710938
vt 0.054688 0.695312
vt 0.046875 0.695312
vt 0.054688 0.695312
vt 0.148438 0.898438
vt 0.156250 0.898438
vt 0.156250 0.914062
vt 0.046875 0.695312
vt 0.054688 0.695312
vt 0.046875 0.710938
vt 0.054688 0.710938
vt 0.054688 0.710938
vt 0.046875 0.710938
vt 0.046875 0.695312
vt 0.054688 0.710938
vt 0.148438 0.898438
vt 0.156250 0.898438
vt 0.046875 0.710938
vt 0.054688 0.695312
vt 0.046875 0.695312
vt 0.148438 0.898438
vt 0.148438 0.914062
vt 0.156250 0.914062
vt 0.156250 0.898438
vt 0.164062 0.898438
vt 0.054688 0.710938
vt 0.148438 0.882812
vt 0.156250 0.882812
vt 0.148438 0.882812
vt 0.046875 0.898438
vt 0.046875 0.914062
vt 0.054688 0.914062
vt 0.148438 0.914062
vt 0.156250 0.929688
vt 0.148438 0.929688
vt 0.156250 0.929688
vt 0.046875 0.726562
vt 0.046875 0.914062
vt 0.148438 0.929688
vt 0.046875 0.695312
vt 0.046875 0.710938
vt 0.046875 0.695312
vt 0.054688 0.710938
vt 0.046875 0.710938
vt 0.046875 0.726562
vt 0.054688 0.914062
vt 0.054688 0.914062
vt 0.046875 0.914062
vt 0.046875 0.929688
vt 0.054688 0.929688
vt 0.046875 0.710938
vt 0.046875 0.726562
vt 0.054688 0.726562
vt 0.054688 0.882812
vt 0.046875 0.710938
vt 0.046875 0.726562
vt 0.164062 0.914062
vt 0.148438 0.914062
vt 0.148438 0.929688
vt 0.156250 0.929688
vt 0.054688 0.695312
vt 0.054688 0.710938
vt 0.062500 0.710938
vt 0.046875 0.679688
vt 0.054688 0.695312
vt 0.054688 0.710938
vt 0.062500 0.710938
vt 0.156250 0.898438
vt 0.156250 0.882812
vt 0.148438 0.882812
vt 0.054688 0.898438
vt 0.054688 0.914062
vt 0.054688 0.882812
vt 0.046875 0.695312
vt 0.054688 0.695312
vt 0.046875 0.679688
vt 0.054688 0.695312
vt 0.156250 0.898438
vt 0.054688 0.695312
vt 0.054688 0.679688
vt 0.046875 0.679688
vt 0.046875 0.679688
vt 0.046875 0.695312
vt 0.054688 0.898438
vt 0.054688 0.882812
vt 0.054688 0.898438
vt 0.054688 0.882812
vt 0.054688 0.882812
vt 0.046875 0.898438
vt 0.054688 0.867188
vt 0.046875 0.867188
vt 0.054688 0.867188
vt 0.046875 0.867188
vt 0.148438 0.898438
vt 0.156250 0.898438
vt 0.156250 0.914062
vt 0.164062 0.914062
vt 0.156250 0.914062
vt 0.054688 0.710938
vt 0.148438 0.882812
vt 0.148438 0.882812
vt 0.156250 0.882812
vt 0.054688 0.898438
vt 0.054688 0.914062
vt 0.054688 0.914062
vt 0.156250 0.914062
vt 0.156250 0.929688
vt 0.156250 0.929688
vt 0.148438 0.929688
vt 0.054688 0.710938
vt 0.054688 0.898438
vt 0.148438 0.929688
vt 0.046875 0.710938
vt 0.046875 0.695312
vt 0.046875 0.710938
vt 0.046875 0.695312
vt 0.054688 0.695312
vt 0.046875 0.726562
vt 0.062500 0.914062
vt 0.046875 0.914062
vt 0.054688 0.914062
vt 0.054688 0.914062
vt 0.054688 0.929688
vt 0.046875 0.710938
vt 0.054688 0.710938
vt 0.054688 0.726562
vt 0.054688 0.882812
vt 0.054688 0.710938
vt 0.054688 0.726562
vt 0.164062 0.914062
vt 0.148438 0.914062
vt 0.156250 0.929688
vt 0.148438 0.929688
vt 0.062500 0.695312
vt 0.062500 0.710938
vt 0.062500 0.710938
vt 0.054688 0.664062
vt 0.062500 0.695312
vt 0.062500 0.710938
vt 0.054688 0.710938
vt 0.156250 0.882812
vt 0.156250 0.898438
vt 0.148438 0.898438
vt 0.054688 0.898438
vt 0.062500 0.898438
vt 0.054688 0.882812
vt 0.054688 0.695312
vt 0.046875 0.695312
vt 0.046875 0.695312
vt 0.054688 0.695312
vt 0.156250 0.898438
vt 0.054688 0.679688
vt 0.054688 0.695312
vt 0.054688 0.695312
vt 0.046875 0.695312
vt 0.046875 0.679688
vt 0.054688 0.882812
vt 0.054688 0.898438
vt 0.054688 0.898438
vt 0.046875 0.882812
vt 0.054688 0.882812
vt 0.046875 0.898438
vt 0.054688 0.882812
vt 0.046875 0.867188
vt 0.054688 0.867188
vt 0.054688 0.867188
vt 0.156250 0.882812
vt 0.062500 0.898438
vt 0.164062 0.898438
vt 0.156250 0.882812
vt 0.054688 0.695312
vt 0.164062 0.898438
vt 0.054688 0.898438
vt 0.039062 0.710938
vt 0.046875 0.929688
vt 0.054688 0.726562
vt 0.156250 0.914062
vt 0.046875 0.867188
vt 0.054688 0.867188
vt 0.054688 0.679688
vt 0.062500 0.695312
vt 0.054688 0.914062
vt 0.156250 0.914062
vt 0.257812 0.523438
vt 0.054688 0.710938
vt 0.250000 0.695312
vt 0.148438 0.710938
vt 0.156250 0.695312
vt 0.156250 0.695312
vt 0.156250 0.695312
vt 0.156250 0.695312
vt 0.257812 0.914062
vt 0.054688 0.507812
vt 0.257812 0.695312
vt 0.250000 0.929688
vt 0.257812 0.726562
vt 0.250000 0.710938
vt 0.250000 0.710938
vt 0.250000 0.679688
vt 0.257812 0.679688
vt 0.257812 0.914062
vt 0.164062 0.507812
vt 0.156250 0.726562
vt 0.250000 0.710938
vt 0.257812 0.710938
vt 0.156250 0.523438
vt 0.156250 0.679688
vt 0.257812 0.898438
vt 0.054688 0.929688
vt 0.039062 0.898438
vt 0.046875 0.898438
vt 0.054688 0.929688
vt 0.046875 0.898438
vt 0.054688 0.898438
vt 0.054688 0.929688
vt 0.046875 0.695312
vt 0.054688 0.695312
vt 0.054688 0.929688
vt 0.054688 0.914062
vt 0.054688 0.914062
vt 0.046875 0.914062
vt 0.054688 0.882812
vt 0.039062 0.914062
vt 0.039062 0.898438
vt 0.054688 0.914062
vt 0.054688 0.695312
vt 0.148438 0.929688
vt 0.156250 0.929688
vt 0.054688 0.726562
vt 0.054688 0.710938
vt 0.156250 0.914062
vt 0.156250 0.929688
vt 0.156250 0.929688
vt 0.156250 0.929688
vt 0.148438 0.929688
vt 0.148438 0.914062
vt 0.156250 0.914062
vt 0.054688 0.710938
vt 0.054688 0.726562
vt 0.046875 0.726562
vt 0.046875 0.710938
vt 0.054688 0.710938
vt 0.046875 0.726562
vt 0.156250 0.929688
vt 0.054688 0.710938
vt 0.046875 0.710938
vt 0.054688 0.710938
vt 0.062500 0.914062
vt 0.054688 0.914062
vt 0.054688 0.898438
vt 0.054688 0.679688
vt 0.046875 0.664062
vt 0.062500 0.914062
vt 0.054688 0.914062
vt 0.054688 0.914062
vt 0.054688 0.914062
vt 0.054688 0.914062
vt 0.062500 0.914062
vt 0.046875 0.710938
vt 0.046875 0.710938
vt 0.054688 0.710938
vt 0.046875 0.710938
vt 0.054688 0.710938
vt 0.046875 0.710938
vt 0.046875 0.710938
vt 0.054688 0.710938
vt 0.054688 0.726562
vt 0.046875 0.710938
vt 0.054688 0.710938
vt 0.156250 0.929688
vt 0.148438 0.929688
vt 0.148438 0.929688
vt 0.148438 0.929688
vt 0.062500 0.898438
vt 0.062500 0.914062
vt 0.054688 0.914062
vt 0.054688 0.898438
vt 0.054688 0.710938
vt 0.054688 0.726562
vt 0.054688 0.695312
vt 0.054688 0.710938
vt 0.054688 0.726562
vt 0.054688 0.710938
vt 0.156250 0.914062
vt 0.046875 0.710938
vt 0.046875 0.695312
vt 0.054688 0.710938
vt 0.156250 0.914062
vt 0.148438 0.898438
vt 0.156250 0.898438
vt 0.062500 0.898438
vt 0.054688 0.914062
vt 0.062500 0.898438
vt 0.054688 0.914062
vt 0.062500 0.898438
vt 0.062500 0.898438
vt 0.054688 0.914062
vt 0.062500 0.914062
vt 0.054688 0.914062
vt 0.062500 0.898438
vt 0.054688 0.914062
vt 0.054688 0.898438
vt 0.046875 0.695312
vt 0.054688 0.695312
vt 0.046875 0.695312
vt 0.054688 0.695312
vt 0.054688 0.710938
vt 0.148438 0.882812
vt 0.156250 0.882812
vt 0.054688 0.710938
vt 0.062500 0.710938
vt 0.062500 0.898438
vt 0.054688 0.898438
vt 0.062500 0.898438
vt 0.062500 0.914062
vt 0.156250 0.914062
vt 0.156250 0.898438
vt 0.062500 0.914062
vt 0.062500 0.710938
vt 0.054688 0.898438
vt 0.062500 0.898438
vt 0.062500 0.914062
vt 0.164062 0.914062
vt 0.062500 0.914062
vt 0.062500 0.898438
vt 0.062500 0.914062
vt 0.062500 0.695312
vt 0.062500 0.695312
vt 0.062500 0.898438
vt 0.062500 0.914062
vt 0.054688 0.679688
vt 0.046875 0.695312
vt 0.046875 0.679688
vt 0.054688 0.898438
vt 0.054688 0.898438
vt 0.054688 0.914062
vt 0.054688 0.898438
vt 0.062500 0.898438
vt 0.062500 0.914062
vt 0.046875 0.695312
vt 0.046875 0.679688
vt 0.046875 0.679688
vt 0.054688 0.679688
vt 0.148438 0.898438
vt 0.148438 0.882812
vt 0.156250 0.898438
vt 0.148438 0.882812
vt 0.156250 0.882812
vt 0.156250 0.898438
vt 0.156250 0.898438
vt 0.156250 0.882812
vt 0.054688 0.710938
vt 0.054688 0.710938
vt 0.054688 0.679688
vt 0.054688 0.695312
vt 0.046875 0.695312
vt 0.046875 0.679688
vt 0.054688 0.695312
vt 0.054688 0.695312
vt 0.054688 0.679688
vt 0.054688 0.695312
vt 0.046875 0.695312
vt 0.046875 0.695312
vt 0.054688 0.695312
vt 0.046875 0.898438
vt 0.046875 0.914062
vt 0.046875 0.914062
vt 0.148438 0.914062
vt 0.156250 0.914062
vt 0.054688 0.679688
vt 0.046875 0.679688
vt 0.156250 0.914062
vt 0.046875 0.710938
vt 0.046875 0.695312
vt 0.054688 0.695312
vt 0.046875 0.726562
vt 0.046875 0.726562
vt 0.046875 0.695312
vt 0.046875 0.710938
vt 0.062500 0.695312
vt 0.062500 0.710938
vt 0.046875 0.695312
vt 0.046875 0.695312
vt 0.156250 0.914062
vt 0.148438 0.882812
vt 0.054688 0.664062
vt 0.062500 0.710938
vt 0.250000 0.914062
vt 0.250000 0.914062
vt 0.156250 0.695312
vt 0.250000 0.914062
vt 0.257812 0.695312
vt 0.046875 0.695312
vt 0.039062 0.710938
vt 0.046875 0.710938
vt 0.046875 0.679688
vt 0.054688 0.679688
vt 0.156250 0.914062
vt 0.046875 0.710938
vt 0.054688 0.695312
vt 0.046875 0.695312
vt 0.054688 0.726562
vt 0.046875 0.726562
vt 0.046875 0.726562
vt 0.054688 0.695312
vt 0.046875 0.710938
vt 0.046875 0.695312
vt 0.062500 0.695312
vt 0.062500 0.695312
vt 0.046875 0.695312
vt 0.046875 0.695312
vt 0.156250 0.914062
vt 0.156250 0.867188
vt 0.062500 0.710938
vt 0.250000 0.914062
vt 0.257812 0.914062
vt 0.257812 0.898438
vt 0.148438 0.710938
vt 0.250000 0.914062
vt 0.250000 0.710938
vt 0.046875 0.695312
vt 0.039062 0.695312
vt 0.046875 0.710938
vt 0.046875 0.914062
vt 0.054688 0.914062
vt 0.054688 0.929688
vt 0.046875 0.710938
vt 0.054688 0.726562
vt 0.046875 0.726562
vt 0.046875 0.726562
vt 0.046875 0.726562
vt 0.054688 0.710938
vt 0.156250 0.929688
vt 0.054688 0.726562
vt 0.046875 0.710938
vt 0.054688 0.710938
vt 0.054688 0.710938
vt 0.054688 0.726562
vt 0.054688 0.898438
vt 0.062500 0.914062
vt 0.062500 0.914062
vt 0.062500 0.914062
vt 0.054688 0.914062
vt 0.148438 0.882812
vt 0.156250 0.882812
vt 0.054688 0.929688
vt 0.046875 0.929688
vt 0.046875 0.929688
vt 0.046875 0.929688
vt 0.054688 0.914062
vt 0.046875 0.898438
vt 0.046875 0.914062
vt 0.046875 0.914062
vt 0.046875 0.914062
vt 0.046875 0.914062
vt 0.054688 0.695312
vt 0.046875 0.695312
vt 0.054688 0.679688
vt 0.054688 0.695312
vt 0.046875 0.695312
vt 0.054688 0.679688
vt 0.148438 0.898438
vt 0.156250 0.898438
vt 0.148438 0.882812
vt 0.054688 0.695312
vt 0.054688 0.695312
vt 0.046875 0.679688
vt 0.054688 0.679688
vt 0.054688 0.679688
vt 0.054688 0.695312
vt 0.046875 0.695312
vt 0.046875 0.695312
vt 0.046875 0.695312
vt 0.046875 0.695312
vt 0.046875 0.929688
vt 0.054688 0.710938
vt 0.156250 0.914062
vt 0.148438 0.929688
vt 0.148438 0.914062
vt 0.148438 0.914062
vt 0.054688 0.867188
vt 0.054688 0.882812
vt 0.054688 0.882812
vt 0.054688 0.882812
vt 0.156250 0.882812
vt 0.148438 0.882812
vt 0.148438 0.867188
vt 0.156250 0.867188
vt 0.164062 0.898438
vt 0.140625 0.898438
vt 0.140625 0.898438
vt 0.140625 0.914062
vt 0.148438 0.898438
vt 0.164062 0.914062
vt 0.164062 0.898438
vt 0.148438 0.898438
vt 0.054688 0.867188
vt 0.054688 0.867188
vt 0.046875 0.882812
vt 0.054688 0.882812
vt 0.046875 0.882812
vt 0.046875 0.882812
vt 0.046875 0.867188
vt 0.054688 0.867188
vt 0.148438 0.914062
vt 0.054688 0.695312
vt 0.148438 0.898438
vt 0.054688 0.664062
vt 0.054688 0.867188
vt 0.054688 0.679688
vt 0.054688 0.664062
vt 0.046875 0.679688
vt 0.046875 0.664062
vt 0.156250 0.898438
vt 0.156250 0.898438
vt 0.148438 0.867188
vt 0.156250 0.867188
vt 0.148438 0.914062
vt 0.046875 0.710938
vt 0.140625 0.898438
vt 0.148438 0.898438
vt 0.148438 0.914062
vt 0.039062 0.695312
vt 0.039062 0.695312
vt 0.046875 0.695312
vt 0.039062 0.710938
vt 0.046875 0.695312
vt 0.039062 0.695312
vt 0.046875 0.695312
vt 0.046875 0.710938
vt 0.046875 0.695312
vt 0.148438 0.914062
vt 0.148438 0.898438
vt 0.039062 0.695312
vt 0.046875 0.695312
vt 0.046875 0.695312
vt 0.046875 0.695312
vt 0.046875 0.695312
vt 0.046875 0.710938
vt 0.046875 0.710938
vt 0.046875 0.695312
vt 0.039062 0.898438
vt 0.039062 0.914062
vt 0.046875 0.898438
vt 0.046875 0.710938
vt 0.140625 0.914062
vt 0.148438 0.898438
vt 0.148438 0.914062
vt 0.148438 0.914062
vt 0.148438 0.898438
vt 0.164062 0.898438
vt 0.046875 0.710938
vt 0.046875 0.929688
vt 0.054688 0.929688
vt 0.046875 0.914062
vt 0.046875 0.914062
vt 0.039062 0.710938
vt 0.046875 0.710938
vt 0.046875 0.695312
vt 0.039062 0.710938
vt 0.039062 0.695312
vt 0.039062 0.710938
vt 0.046875 0.710938
vt 0.046875 0.710938
vt 0.046875 0.695312
vt 0.046875 0.898438
vt 0.046875 0.898438
vt 0.046875 0.898438
vt 0.046875 0.914062
vt 0.046875 0.898438
vt 0.039062 0.914062
vt 0.039062 0.898438
vt 0.039062 0.695312
vt 0.046875 0.710938
vt 0.046875 0.695312
vt 0.039062 0.695312
vt 0.148438 0.914062
vt 0.148438 0.898438
vt 0.148438 0.898438
vt 0.164062 0.898438
vt 0.039062 0.710938
vt 0.046875 0.695312
vt 0.046875 0.710938
vt 0.039062 0.710938
vt 0.039062 0.914062
vt 0.039062 0.710938
vt 0.054688 0.914062
vt 0.046875 0.914062
vt 0.054688 0.914062
vt 0.054688 0.929688
vt 0.046875 0.710938
vt 0.054688 0.726562
vt 0.046875 0.726562
vt 0.046875 0.726562
vt 0.046875 0.726562
vt 0.054688 0.710938
vt 0.156250 0.929688
vt 0.054688 0.710938
vt 0.054688 0.710938
vt 0.054688 0.710938
vt 0.054688 0.710938
vt 0.054688 0.726562
vt 0.062500 0.898438
vt 0.062500 0.914062
vt 0.062500 0.914062
vt 0.062500 0.914062
vt 0.062500 0.914062
vt 0.148438 0.882812
vt 0.156250 0.882812
vt 0.054688 0.914062
vt 0.054688 0.929688
vt 0.046875 0.929688
vt 0.046875 0.929688
vt 0.046875 0.929688
vt 0.046875 0.898438
vt 0.046875 0.914062
vt 0.046875 0.914062
vt 0.046875 0.914062
vt 0.039062 0.914062
vt 0.054688 0.679688
vt 0.054688 0.695312
vt 0.054688 0.679688
vt 0.054688 0.695312
vt 0.046875 0.695312
vt 0.054688 0.679688
vt 0.148438 0.898438
vt 0.156250 0.898438
vt 0.148438 0.882812
vt 0.054688 0.679688
vt 0.054688 0.695312
vt 0.046875 0.679688
vt 0.054688 0.679688
vt 0.054688 0.679688
vt 0.054688 0.695312
vt 0.046875 0.695312
vt 0.046875 0.695312
vt 0.046875 0.695312
vt 0.046875 0.679688
vt 0.054688 0.929688
vt 0.054688 0.726562
vt 0.148438 0.914062
vt 0.156250 0.929688
vt 0.156250 0.914062
vt 0.148438 0.914062
vt 0.054688 0.867188
vt 0.054688 0.882812
vt 0.054688 0.882812
vt 0.054688 0.882812
vt 0.156250 0.867188
vt 0.156250 0.882812
vt 0.148438 0.882812
vt 0.148438 0.867188
vt 0.164062 0.898438
vt 0.140625 0.898438
vt 0.140625 0.898438
vt 0.140625 0.914062
vt 0.148438 0.898438
vt 0.164062 0.898438
vt 0.164062 0.914062
vt 0.148438 0.914062
vt 0.054688 0.867188
vt 0.046875 0.882812
vt 0.054688 0.867188
vt 0.046875 0.882812
vt 0.054688 0.882812
vt 0.046875 0.882812
vt 0.046875 0.882812
vt 0.046875 0.882812
vt 0.148438 0.914062
vt 0.054688 0.695312
vt 0.148438 0.914062
vt 0.054688 0.679688
vt 0.054688 0.882812
vt 0.054688 0.679688
vt 0.054688 0.664062
vt 0.046875 0.679688
vt 0.046875 0.664062
vt 0.156250 0.898438
vt 0.156250 0.898438
vt 0.148438 0.867188
vt 0.156250 0.867188
vt 0.148438 0.914062
vt 0.046875 0.710938
vt 0.140625 0.898438
vt 0.148438 0.898438
vt 0.148438 0.914062
vt 0.039062 0.695312
vt 0.046875 0.695312
vt 0.046875 0.710938
vt 0.039062 0.710938
vt 0.046875 0.695312
vt 0.039062 0.695312
vt 0.046875 0.695312
vt 0.046875 0.710938
vt 0.046875 0.695312
vt 0.148438 0.914062
vt 0.148438 0.898438
vt 0.039062 0.695312
vt 0.046875 0.695312
vt 0.039062 0.695312
vt 0.046875 0.695312
vt 0.046875 0.695312
vt 0.046875 0.710938
vt 0.046875 0.710938
vt 0.046875 0.710938
vt 0.039062 0.898438
vt 0.039062 0.914062
vt 0.046875 0.898438
vt 0.046875 0.695312
vt 0.140625 0.914062
vt 0.148438 0.898438
vt 0.148438 0.914062
vt 0.148438 0.914062
vt 0.148438 0.898438
vt 0.156250 0.898438
vt 0.046875 0.710938
vt 0.046875 0.914062
vt 0.046875 0.914062
vt 0.046875 0.929688
vt 0.054688 0.929688
vt 0.039062 0.710938
vt 0.046875 0.695312
vt 0.039062 0.695312
vt 0.046875 0.710938
vt 0.039062 0.695312
vt 0.046875 0.710938
vt 0.039062 0.695312
vt 0.039062 0.710938
vt 0.046875 0.710938
vt 0.046875 0.898438
vt 0.046875 0.898438
vt 0.046875 0.898438
vt 0.046875 0.914062
vt 0.046875 0.898438
vt 0.039062 0.914062
vt 0.039062 0.898438
vt 0.039062 0.695312
vt 0.046875 0.710938
vt 0.046875 0.695312
vt 0.039062 0.695312
vt 0.148438 0.914062
vt 0.148438 0.898438
vt 0.148438 0.898438
vt 0.156250 0.898438
vt 0.039062 0.710938
vt 0.046875 0.695312
vt 0.046875 0.710938
vt 0.046875 0.710938
vt 0.039062 0.914062
vt 0.039062 0.710938
vt 0.046875 0.914062
vt 0.054688 0.929688
vt 0.054688 0.710938
vt 0.046875 0.726562
vt 0.046875 0.710938
vt 0.046875 0.726562
vt 0.046875 0.726562
vt 0.046875 0.726562
vt 0.148438 0.914062
vt 0.054688 0.726562
vt 0.054688 0.710938
vt 0.046875 0.726562
vt 0.054688 0.726562
vt 0.054688 0.710938
vt 0.062500 0.914062
vt 0.062500 0.914062
vt 0.054688 0.898438
vt 0.062500 0.914062
vt 0.054688 0.914062
vt 0.148438 0.882812
vt 0.148438 0.898438
vt 0.054688 0.914062
vt 0.054688 0.914062
vt 0.046875 0.929688
vt 0.046875 0.914062
vt 0.046875 0.929688
vt 0.046875 0.914062
vt 0.046875 0.898438
vt 0.046875 0.914062
vt 0.039062 0.914062
vt 0.046875 0.914062
vt 0.054688 0.695312
vt 0.054688 0.679688
vt 0.046875 0.695312
vt 0.046875 0.695312
vt 0.054688 0.695312
vt 0.054688 0.679688
vt 0.156250 0.882812
vt 0.156250 0.898438
vt 0.148438 0.882812
vt 0.054688 0.695312
vt 0.054688 0.695312
vt 0.054688 0.679688
vt 0.054688 0.679688
vt 0.054688 0.679688
vt 0.046875 0.695312
vt 0.054688 0.679688
vt 0.046875 0.679688
vt 0.046875 0.679688
vt 0.046875 0.695312
vt 0.046875 0.929688
vt 0.046875 0.726562
vt 0.148438 0.914062
vt 0.156250 0.929688
vt 0.156250 0.914062
vt 0.148438 0.914062
vt 0.054688 0.882812
vt 0.054688 0.867188
vt 0.054688 0.882812
vt 0.046875 0.882812
vt 0.156250 0.867188
vt 0.148438 0.882812
vt 0.156250 0.867188
vt 0.148438 0.867188
vt 0.156250 0.914062
vt 0.140625 0.898438
vt 0.148438 0.914062
vt 0.140625 0.898438
vt 0.140625 0.914062
vt 0.164062 0.914062
vt 0.164062 0.914062
vt 0.140625 0.914062
vt 0.054688 0.867188
vt 0.054688 0.867188
vt 0.046875 0.882812
vt 0.046875 0.867188
vt 0.046875 0.882812
vt 0.046875 0.882812
vt 0.054688 0.867188
vt 0.054688 0.882812
vt 0.148438 0.914062
vt 0.054688 0.695312
vt 0.140625 0.914062
vt 0.046875 0.679688
vt 0.046875 0.882812
vt 0.054688 0.679688
vt 0.054688 0.679688
vt 0.054688 0.664062
vt 0.054688 0.664062
vt 0.156250 0.898438
vt 0.148438 0.898438
vt 0.148438 0.867188
vt 0.148438 0.914062
vt 0.046875 0.710938
vt 0.140625 0.898438
vt 0.140625 0.898438
vt 0.140625 0.914062
vt 0.046875 0.695312
vt 0.039062 0.695312
vt 0.039062 0.710938
vt 0.039062 0.695312
vt 0.039062 0.710938
vt 0.046875 0.710938
vt 0.046875 0.710938
vt 0.046875 0.695312
vt 0.046875 0.695312
vt 0.148438 0.898438
vt 0.148438 0.914062
vt 0.039062 0.695312
vt 0.046875 0.710938
vt 0.046875 0.695312
vt 0.039062 0.695312
vt 0.046875 0.710938
vt 0.039062 0.695312
vt 0.039062 0.710938
vt 0.039062 0.710938
vt 0.039062 0.914062
vt 0.039062 0.898438
vt 0.039062 0.914062
vt 0.039062 0.710938
vt 0.148438 0.898438
vt 0.148438 0.914062
vt 0.148438 0.898438
vt 0.148438 0.898438
vt 0.148438 0.914062
vt 0.164062 0.914062
vt 0.046875 0.710938
vt 0.046875 0.914062
vt 0.046875 0.914062
vt 0.054688 0.929688
vt 0.046875 0.929688
vt 0.039062 0.695312
vt 0.039062 0.695312
vt 0.046875 0.695312
vt 0.039062 0.710938
vt 0.039062 0.695312
vt 0.046875 0.710938
vt 0.046875 0.695312
vt 0.046875 0.710938
vt 0.046875 0.710938
vt 0.046875 0.898438
vt 0.046875 0.898438
vt 0.046875 0.898438
vt 0.046875 0.898438
vt 0.046875 0.898438
vt 0.046875 0.914062
vt 0.039062 0.898438
vt 0.039062 0.914062
vt 0.039062 0.695312
vt 0.046875 0.695312
vt 0.039062 0.695312
vt 0.046875 0.695312
vt 0.148438 0.914062
vt 0.164062 0.914062
vt 0.148438 0.898438
vt 0.164062 0.898438
vt 0.046875 0.710938
vt 0.039062 0.710938
vt 0.039062 0.710938
vt 0.046875 0.695312
vt 0.046875 0.898438
vt 0.046875 0.695312
vt 0.046875 0.929688
vt 0.046875 0.914062
vt 0.054688 0.929688
vt 0.054688 0.710938
vt 0.046875 0.726562
vt 0.046875 0.710938
vt 0.046875 0.726562
vt 0.046875 0.726562
vt 0.046875 0.726562
vt 0.148438 0.914062
vt 0.046875 0.726562
vt 0.054688 0.710938
vt 0.046875 0.726562
vt 0.054688 0.726562
vt 0.054688 0.710938
vt 0.062500 0.914062
vt 0.062500 0.914062
vt 0.054688 0.898438
vt 0.062500 0.914062
vt 0.054688 0.914062
vt 0.148438 0.882812
vt 0.148438 0.898438
vt 0.054688 0.914062
vt 0.054688 0.914062
vt 0.046875 0.929688
vt 0.046875 0.914062
vt 0.046875 0.929688
vt 0.046875 0.914062
vt 0.046875 0.898438
vt 0.039062 0.914062
vt 0.046875 0.914062
vt 0.046875 0.914062
vt 0.054688 0.695312
vt 0.054688 0.679688
vt 0.046875 0.695312
vt 0.046875 0.695312
vt 0.054688 0.695312
vt 0.054688 0.679688
vt 0.156250 0.882812
vt 0.156250 0.898438
vt 0.148438 0.882812
vt 0.046875 0.695312
vt 0.046875 0.695312
vt 0.054688 0.695312
vt 0.054688 0.679688
vt 0.054688 0.679688
vt 0.046875 0.695312
vt 0.054688 0.695312
vt 0.046875 0.695312
vt 0.046875 0.679688
vt 0.046875 0.679688
vt 0.046875 0.914062
vt 0.054688 0.726562
vt 0.148438 0.914062
vt 0.148438 0.929688
vt 0.148438 0.914062
vt 0.156250 0.914062
vt 0.054688 0.882812
vt 0.054688 0.867188
vt 0.054688 0.882812
vt 0.046875 0.882812
vt 0.156250 0.867188
vt 0.148438 0.882812
vt 0.156250 0.867188
vt 0.148438 0.867188
vt 0.156250 0.914062
vt 0.140625 0.898438
vt 0.148438 0.914062
vt 0.140625 0.898438
vt 0.140625 0.914062
vt 0.156250 0.914062
vt 0.164062 0.914062
vt 0.148438 0.914062
vt 0.054688 0.867188
vt 0.054688 0.867188
vt 0.046875 0.882812
vt 0.054688 0.867188
vt 0.046875 0.882812
vt 0.046875 0.867188
vt 0.046875 0.882812
vt 0.054688 0.882812
vt 0.148438 0.914062
vt 0.054688 0.695312
vt 0.148438 0.914062
vt 0.054688 0.679688
vt 0.054688 0.882812
vt 0.054688 0.679688
vt 0.054688 0.679688
vt 0.054688 0.664062
vt 0.054688 0.664062
vt 0.156250 0.898438
vt 0.148438 0.898438
vt 0.148438 0.867188
vt 0.148438 0.914062
vt 0.046875 0.710938
vt 0.140625 0.898438
vt 0.140625 0.914062
vt 0.148438 0.914062
vt 0.039062 0.695312
vt 0.039062 0.710938
vt 0.039062 0.710938
vt 0.039062 0.695312
vt 0.039062 0.710938
vt 0.046875 0.710938
vt 0.046875 0.710938
vt 0.046875 0.695312
vt 0.046875 0.695312
vt 0.148438 0.898438
vt 0.148438 0.914062
vt 0.039062 0.695312
vt 0.046875 0.710938
vt 0.046875 0.695312
vt 0.039062 0.695312
vt 0.046875 0.710938
vt 0.046875 0.695312
vt 0.039062 0.710938
vt 0.046875 0.710938
vt 0.039062 0.914062
vt 0.039062 0.898438
vt 0.039062 0.914062
vt 0.039062 0.710938
vt 0.148438 0.914062
vt 0.148438 0.914062
vt 0.148438 0.898438
vt 0.148438 0.914062
vt 0.164062 0.914062
vt 0.164062 0.898438
vt 0.046875 0.710938
vt 0.046875 0.914062
vt 0.046875 0.914062
vt 0.046875 0.914062
vt 0.039062 0.695312
vt 0.039062 0.695312
vt 0.046875 0.695312
vt 0.039062 0.695312
vt 0.046875 0.695312
vt 0.046875 0.710938
vt 0.046875 0.710938
vt 0.039062 0.710938
vt 0.039062 0.695312
vt 0.046875 0.898438
vt 0.046875 0.898438
vt 0.046875 0.898438
vt 0.046875 0.898438
vt 0.046875 0.898438
vt 0.046875 0.914062
vt 0.039062 0.898438
vt 0.039062 0.914062
vt 0.039062 0.695312
vt 0.046875 0.695312
vt 0.046875 0.695312
vt 0.046875 0.710938
vt 0.148438 0.914062
vt 0.164062 0.914062
vt 0.148438 0.898438
vt 0.164062 0.898438
vt 0.046875 0.710938
vt 0.039062 0.710938
vt 0.039062 0.710938
vt 0.046875 0.710938
vt 0.046875 0.898438
vt 0.046875 0.695312
vt 0.167969 0.523438
vt 0.371094 0.929688
vt 0.371094 0.929688
vt 0.167969 0.523438
vt 0.054688 0.914062
vt 0.046875 0.914062
vt 0.054688 0.929688
vt 0.054688 0.710938
vt 0.148438 0.914062
vt 0.156250 0.914062
vt 0.054688 0.710938
vt 0.054688 0.726562
vt 0.054688 0.710938
vt 0.054688 0.929688
vt 0.046875 0.929688
vt 0.046875 0.914062
vt 0.054688 0.914062
vt 0.054688 0.929688
vt 0.054688 0.882812
vt 0.046875 0.914062
vt 0.054688 0.710938
vt 0.054688 0.695312
vt 0.062500 0.898438
vt 0.062500 0.914062
vt 0.062500 0.914062
vt 0.156250 0.882812
vt 0.156250 0.898438
vt 0.148438 0.898438
vt 0.148438 0.882812
vt 0.156250 0.882812
vt 0.046875 0.914062
vt 0.039062 0.914062
vt 0.156250 0.882812
vt 0.046875 0.882812
vt 0.054688 0.882812
vt 0.046875 0.882812
vt 0.054688 0.882812
vt 0.046875 0.695312
vt 0.046875 0.679688
vt 0.054688 0.679688
vt 0.054688 0.695312
vt 0.054688 0.867188
vt 0.054688 0.726562
vt 0.054688 0.679688
vt 0.148438 0.914062
vt 0.156250 0.914062
vt 0.156250 0.929688
vt 0.156250 0.929688
vt 0.148438 0.929688
vt 0.148438 0.914062
vt 0.148438 0.914062
vt 0.148438 0.898438
vt 0.054688 0.867188
vt 0.046875 0.867188
vt 0.054688 0.867188
vt 0.054688 0.882812
vt 0.156250 0.867188
vt 0.156250 0.867188
vt 0.156250 0.882812
vt 0.164062 0.914062
vt 0.046875 0.695312
vt 0.156250 0.898438
vt 0.164062 0.914062
vt 0.054688 0.679688
vt 0.148438 0.914062
vt 0.046875 0.664062
vt 0.054688 0.664062
vt 0.046875 0.867188
vt 0.054688 0.679688
vt 0.148438 0.914062
vt 0.046875 0.679688
vt 0.046875 0.664062
vt 0.046875 0.664062
vt 0.148438 0.867188
vt 0.148438 0.867188
vt 0.156250 0.867188
vt 0.148438 0.882812
vt 0.140625 0.898438
vt 0.140625 0.914062
vt 0.148438 0.898438
vt 0.148438 0.914062
vt 0.039062 0.695312
vt 0.148438 0.898438
vt 0.148438 0.914062
vt 0.148438 0.914062
vt 0.039062 0.695312
vt 0.046875 0.914062
vt 0.046875 0.914062
vt 0.046875 0.929688
vt 0.039062 0.695312
vt 0.039062 0.695312
vt 0.046875 0.710938
vt 0.039062 0.695312
vt 0.039062 0.710938
vt 0.046875 0.710938
vt 0.039062 0.695312
vt 0.039062 0.710938
vt 0.054688 0.898438
vt 0.046875 0.898438
vt 0.046875 0.898438
vt 0.046875 0.898438
vt 0.046875 0.898438
vt 0.046875 0.898438
vt 0.140625 0.914062
vt 0.039062 0.695312
vt 0.039062 0.710938
vt 0.046875 0.914062
vt 0.046875 0.898438
vt 0.046875 0.898438
vt 0.046875 0.914062
vt 0.046875 0.898438
vt 0.039062 0.898438
vt 0.039062 0.914062
vt 0.039062 0.695312
vt 0.039062 0.710938
vt 0.046875 0.710938
vt 0.039062 0.710938
vt 0.039062 0.710938
vt 0.039062 0.695312
vt 0.039062 0.710938
vt 0.039062 0.710938
vt 0.046875 0.710938
vt 0.054688 0.710938
vt 0.046875 0.726562
vt 0.046875 0.726562
vt 0.046875 0.679688
vt 0.054688 0.679688
vt 0.054688 0.679688
vt 0.148438 0.914062
vt 0.148438 0.898438
vt 0.156250 0.898438
vt 0.046875 0.710938
vt 0.054688 0.710938
vt 0.046875 0.726562
vt 0.046875 0.726562
vt 0.054688 0.929688
vt 0.046875 0.929688
vt 0.054688 0.710938
vt 0.148438 0.914062
vt 0.156250 0.914062
vt 0.046875 0.914062
vt 0.054688 0.914062
vt 0.054688 0.914062
vt 0.054688 0.914062
vt 0.046875 0.929688
vt 0.054688 0.929688
vt 0.054688 0.929688
vt 0.046875 0.929688
vt 0.046875 0.929688
vt 0.046875 0.914062
vt 0.054688 0.710938
vt 0.054688 0.882812
vt 0.062500 0.898438
vt 0.062500 0.914062
vt 0.062500 0.914062
vt 0.062500 0.914062
vt 0.062500 0.914062
vt 0.148438 0.882812
vt 0.156250 0.882812
vt 0.046875 0.914062
vt 0.046875 0.914062
vt 0.046875 0.914062
vt 0.046875 0.914062
vt 0.046875 0.914062
vt 0.039062 0.914062
vt 0.156250 0.882812
vt 0.046875 0.882812
vt 0.046875 0.882812
vt 0.054688 0.882812
vt 0.046875 0.679688
vt 0.046875 0.679688
vt 0.054688 0.695312
vt 0.046875 0.695312
vt 0.054688 0.726562
vt 0.054688 0.679688
vt 0.148438 0.914062
vt 0.148438 0.914062
vt 0.148438 0.929688
vt 0.156250 0.929688
vt 0.156250 0.914062
vt 0.054688 0.882812
vt 0.054688 0.882812
vt 0.046875 0.882812
vt 0.046875 0.867188
vt 0.054688 0.867188
vt 0.054688 0.882812
vt 0.148438 0.867188
vt 0.156250 0.867188
vt 0.148438 0.882812
vt 0.164062 0.898438
vt 0.164062 0.914062
vt 0.156250 0.914062
vt 0.156250 0.914062
vt 0.156250 0.914062
vt 0.148438 0.898438
vt 0.148438 0.898438
vt 0.148438 0.898438
vt 0.148438 0.898438
vt 0.148438 0.914062
vt 0.140625 0.914062
vt 0.054688 0.867188
vt 0.054688 0.867188
vt 0.054688 0.882812
vt 0.054688 0.679688
vt 0.054688 0.679688
vt 0.054688 0.664062
vt 0.046875 0.679688
vt 0.046875 0.664062
vt 0.148438 0.882812
vt 0.148438 0.867188
vt 0.156250 0.867188
vt 0.148438 0.898438
vt 0.148438 0.914062
vt 0.140625 0.914062
vt 0.046875 0.695312
vt 0.148438 0.914062
vt 0.140625 0.914062
vt 0.046875 0.710938
vt 0.039062 0.710938
vt 0.046875 0.695312
vt 0.046875 0.710938
vt 0.039062 0.695312
vt 0.039062 0.695312
vt 0.046875 0.695312
vt 0.039062 0.695312
vt 0.039062 0.695312
vt 0.046875 0.695312
vt 0.039062 0.695312
vt 0.046875 0.695312
vt 0.046875 0.695312
vt 0.046875 0.695312
vt 0.046875 0.695312
vt 0.046875 0.898438
vt 0.046875 0.695312
vt 0.148438 0.914062
vt 0.148438 0.914062
vt 0.148438 0.898438
vt 0.148438 0.898438
vt 0.156250 0.898438
vt 0.046875 0.710938
vt 0.046875 0.914062
vt 0.046875 0.929688
vt 0.054688 0.929688
vt 0.046875 0.914062
vt 0.039062 0.695312
vt 0.039062 0.710938
vt 0.046875 0.695312
vt 0.046875 0.695312
vt 0.039062 0.695312
vt 0.039062 0.710938
vt 0.046875 0.710938
vt 0.148438 0.914062
vt 0.148438 0.898438
vt 0.046875 0.898438
vt 0.046875 0.898438
vt 0.046875 0.898438
vt 0.046875 0.898438
vt 0.140625 0.898438
vt 0.140625 0.914062
vt 0.039062 0.695312
vt 0.039062 0.695312
vt 0.039062 0.710938
vt 0.039062 0.695312
vt 0.039062 0.710938
vt 0.046875 0.710938
vt 0.046875 0.710938
vt 0.046875 0.695312
vt 0.039062 0.710938
vt 0.039062 0.898438
vt 0.039062 0.914062
vt 0.039062 0.710938
vt 0.039062 0.914062
vt 0.039062 0.710938
vt 0.046875 0.710938
vt 0.054688 0.710938
vt 0.148438 0.867188
vt 0.156250 0.867188
vt 0.046875 0.679688
vt 0.054688 0.679688
vt 0.054688 0.695312
vt 0.039062 0.914062
vt 0.039062 0.898438
vt 0.140625 0.898438
vt 0.148438 0.898438
vt 0.046875 0.695312
vt 0.046875 0.710938
vt 0.046875 0.710938
vt 0.339844 0.664062
vt 0.257812 0.507812
vt 0.136719 0.257812
vt 0.136719 0.257812
vt 0.035156 0.257812
vt 0.035156 0.257812
vt 0.460938 0.679688
vt 0.460938 0.898438
vt 0.468750 0.898438
vt 0.359375 0.289062
vt 0.359375 0.289062
vt 0.468750 0.914062
vt 0.460938 0.898438
vt 0.359375 0.304688
vt 0.460938 0.679688
vt 0.359375 0.289062
vt 0.367188 0.289062
vt 0.460938 0.695312
vt 0.460938 0.710938
vt 0.460938 0.898438
vt 0.359375 0.273438
vt 0.359375 0.289062
vt 0.468750 0.898438
vt 0.351562 0.695312
vt 0.351562 0.710938
vt 0.351562 0.710938
vt 0.343750 0.710938
vt 0.343750 0.695312
vt 0.351562 0.710938
vt 0.351562 0.710938
vt 0.250000 0.507812
vt 0.250000 0.507812
vt 0.242188 0.492188
vt 0.250000 0.507812
vt 0.351562 0.710938
vt 0.343750 0.710938
vt 0.343750 0.710938
vt 0.343750 0.695312
vt 0.351562 0.695312
vt 0.343750 0.695312
vt 0.351562 0.507812
vt 0.351562 0.507812
vt 0.351562 0.492188
vt 0.351562 0.492188
vt 0.343750 0.492188
vt 0.343750 0.507812
vt 0.343750 0.507812
vt 0.343750 0.507812
vt 0.343750 0.507812
vt 0.343750 0.507812
vt 0.351562 0.710938
vt 0.343750 0.710938
vt 0.343750 0.695312
vt 0.257812 0.492188
vt 0.148438 0.304688
vt 0.156250 0.304688
vt 0.054688 0.289062
vt 0.257812 0.507812
vt 0.359375 0.695312
vt 0.359375 0.695312
vt 0.351562 0.695312
vt 0.156250 0.289062
vt 0.146484 0.273438
vt 0.136719 0.257812
vt 0.238281 0.460938
vt 0.238281 0.257812
vt 0.035156 0.257812
vt 0.035156 0.257812
vt 0.035156 0.257812
vt 0.257812 0.492188
vt 0.156250 0.304688
vt 0.148438 0.304688
vt 0.054688 0.289062
vt 0.257812 0.507812
vt 0.359375 0.695312
vt 0.359375 0.710938
vt 0.351562 0.695312
vt 0.359375 0.695312
vt 0.156250 0.289062
vt 0.460938 0.507812
vt 0.257812 0.460938
vt 0.257812 0.476562
vt 0.351562 0.726562
vt 0.359375 0.679688
vt 0.351562 0.710938
vt 0.250000 0.460938
vt 0.250000 0.460938
vt 0.257812 0.460938
vt 0.257812 0.476562
vt 0.257812 0.476562
vt 0.250000 0.523438
vt 0.265625 0.492188
vt 0.265625 0.492188
vt 0.257812 0.507812
vt 0.453125 0.460938
vt 0.460938 0.460938
vt 0.257812 0.523438
vt 0.257812 0.492188
vt 0.242188 0.492188
vt 0.250000 0.523438
vt 0.250000 0.476562
vt 0.054688 0.914062
vt 0.054688 0.710938
vt 0.046875 0.914062
vt 0.046875 0.710938
vt 0.046875 0.695312
vt 0.054688 0.710938
vt 0.054688 0.914062
vt 0.054688 0.710938
vt 0.054688 0.710938
vt 0.054688 0.914062
vt 0.046875 0.710938
vt 0.156250 0.914062
vt 0.054688 0.710938
vt 0.046875 0.710938
vt 0.046875 0.914062
vt 0.148438 0.914062
vt 0.054688 0.914062
vt 0.054688 0.710938
vt 0.054688 0.710938
vt 0.054688 0.914062
vt 0.046875 0.710938
vt 0.156250 0.914062
vt 0.054688 0.710938
vt 0.046875 0.710938
vt 0.156250 0.898438
vt 0.046875 0.914062
vt 0.148438 0.914062
vt 0.054688 0.914062
vt 0.054688 0.710938
vt 0.046875 0.914062
vt 0.046875 0.710938
vt 0.046875 0.695312
vt 0.054688 0.710938
vt 0.148438 0.898438
vt 0.156250 0.914062
vt 0.156250 0.898438
vt 0.156250 0.898438
vt 0.156250 0.914062
vt 0.136719 0.867188
vt 0.156250 0.898438
vt 0.339844 0.664062
vt 0.257812 0.507812
vt 0.136719 0.257812
vt 0.136719 0.257812
vt 0.035156 0.257812
vt 0.035156 0.257812
vt 0.453125 0.695312
vt 0.468750 0.898438
vt 0.460938 0.898438
vt 0.359375 0.289062
vt 0.359375 0.289062
vt 0.468750 0.914062
vt 0.460938 0.898438
vt 0.359375 0.304688
vt 0.460938 0.679688
vt 0.367188 0.289062
vt 0.359375 0.289062
vt 0.453125 0.710938
vt 0.460938 0.710938
vt 0.460938 0.898438
vt 0.351562 0.273438
vt 0.359375 0.273438
vt 0.468750 0.898438
vt 0.351562 0.710938
vt 0.351562 0.710938
vt 0.343750 0.710938
vt 0.351562 0.710938
vt 0.351562 0.695312
vt 0.351562 0.710938
vt 0.351562 0.710938
vt 0.242188 0.507812
vt 0.250000 0.507812
vt 0.242188 0.492188
vt 0.250000 0.507812
vt 0.343750 0.710938
vt 0.351562 0.710938
vt 0.351562 0.695312
vt 0.343750 0.695312
vt 0.343750 0.710938
vt 0.343750 0.695312
vt 0.351562 0.507812
vt 0.351562 0.507812
vt 0.343750 0.507812
vt 0.343750 0.492188
vt 0.343750 0.507812
vt 0.351562 0.507812
vt 0.343750 0.507812
vt 0.343750 0.507812
vt 0.343750 0.507812
vt 0.343750 0.507812
vt 0.343750 0.710938
vt 0.351562 0.710938
vt 0.351562 0.695312
vt 0.257812 0.492188
vt 0.156250 0.304688
vt 0.148438 0.304688
vt 0.054688 0.289062
vt 0.257812 0.507812
vt 0.359375 0.710938
vt 0.351562 0.695312
vt 0.359375 0.695312
vt 0.156250 0.289062
vt 0.238281 0.460938
vt 0.238281 0.257812
vt 0.035156 0.257812
vt 0.238281 0.460938
vt 0.035156 0.257812
vt 0.035156 0.257812
vt 0.035156 0.257812
vt 0.257812 0.492188
vt 0.148438 0.304688
vt 0.156250 0.304688
vt 0.054688 0.289062
vt 0.257812 0.507812
vt 0.359375 0.695312
vt 0.359375 0.695312
vt 0.351562 0.695312
vt 0.156250 0.289062
vt 0.146484 0.273438
vt 0.460938 0.507812
vt 0.257812 0.476562
vt 0.257812 0.460938
vt 0.351562 0.726562
vt 0.359375 0.679688
vt 0.351562 0.710938
vt 0.250000 0.460938
vt 0.250000 0.460938
vt 0.250000 0.476562
vt 0.250000 0.476562
vt 0.257812 0.476562
vt 0.250000 0.523438
vt 0.265625 0.492188
vt 0.265625 0.507812
vt 0.257812 0.507812
vt 0.460938 0.460938
vt 0.453125 0.460938
vt 0.257812 0.523438
vt 0.257812 0.492188
vt 0.242188 0.492188
vt 0.250000 0.523438
vt 0.250000 0.476562
vt 0.054688 0.914062
vt 0.054688 0.710938
vt 0.046875 0.914062
vt 0.046875 0.695312
vt 0.046875 0.710938
vt 0.054688 0.710938
vt 0.054688 0.914062
vt 0.054688 0.710938
vt 0.054688 0.710938
vt 0.054688 0.914062
vt 0.046875 0.710938
vt 0.156250 0.914062
vt 0.046875 0.710938
vt 0.054688 0.710938
vt 0.046875 0.914062
vt 0.148438 0.898438
vt 0.054688 0.914062
vt 0.054688 0.710938
vt 0.054688 0.710938
vt 0.054688 0.914062
vt 0.046875 0.710938
vt 0.156250 0.914062
vt 0.046875 0.710938
vt 0.054688 0.710938
vt 0.156250 0.898438
vt 0.046875 0.914062
vt 0.148438 0.914062
vt 0.054688 0.914062
vt 0.054688 0.710938
vt 0.046875 0.914062
vt 0.046875 0.695312
vt 0.046875 0.710938
vt 0.054688 0.710938
vt 0.148438 0.898438
vt 0.156250 0.914062
vt 0.156250 0.898438
vt 0.156250 0.898438
vt 0.156250 0.914062
vt 0.136719 0.867188
vt 0.156250 0.898438
vt 0.257812 0.710938
vt 0.250000 0.898438
vt 0.257812 0.914062
vt 0.156250 0.695312
vt 0.156250 0.710938
vt 0.257812 0.914062
vt 0.257812 0.914062
vt 0.257812 0.710938
vt 0.250000 0.695312
vt 0.156250 0.695312
vt 0.148438 0.710938
vt 0.250000 0.914062
vt 0.257812 0.898438
vt 0.156250 0.710938
vt 0.250000 0.914062
vt 0.250000 0.898438
vt 0.257812 0.914062
vt 0.250000 0.914062
vt 0.257812 0.898438
vt 0.257812 0.914062
vt 0.250000 0.898438
vt 0.257812 0.710938
vt 0.265625 0.507812
vt 0.257812 0.523438
vt 0.250000 0.476562
vt 0.468750 0.492188
vt 0.460938 0.476562
vt 0.445312 0.492188
vt 0.257812 0.507812
vt 0.367188 0.695312
vt 0.351562 0.710938
vt 0.460938 0.507812
vt 0.359375 0.679688
vt 0.257812 0.507812
vt 0.257812 0.523438
vt 0.250000 0.523438
vt 0.250000 0.523438
vt 0.265625 0.492188
vt 0.265625 0.507812
vt 0.250000 0.492188
vt 0.257812 0.492188
vt 0.250000 0.507812
vt 0.250000 0.507812
vt 0.257812 0.507812
vt 0.257812 0.523438
vt 0.359375 0.695312
vt 0.359375 0.695312
vt 0.367188 0.695312
vt 0.460938 0.492188
vt 0.460938 0.507812
vt 0.250000 0.492188
vt 0.250000 0.476562
vt 0.367188 0.710938
vt 0.359375 0.695312
vt 0.367188 0.695312
vt 0.250000 0.507812
vt 0.250000 0.492188
vt 0.257812 0.476562
vt 0.250000 0.476562
vt 0.250000 0.476562
vt 0.250000 0.476562
vt 0.250000 0.460938
vt 0.265625 0.492188
vt 0.265625 0.492188
vt 0.257812 0.492188
vt 0.250000 0.460938
vt 0.257812 0.460938
vt 0.250000 0.523438
vt 0.250000 0.507812
vt 0.257812 0.492188
vt 0.257812 0.507812
vt 0.359375 0.710938
vt 0.460938 0.507812
vt 0.460938 0.492188
vt 0.460938 0.507812
vt 0.359375 0.710938
vt 0.351562 0.695312
vt 0.367188 0.695312
vt 0.367188 0.695312
vt 0.367188 0.710938
vt 0.359375 0.695312
vt 0.257812 0.460938
vt 0.257812 0.476562
vt 0.453125 0.460938
vt 0.460938 0.460938
vt 0.351562 0.726562
vt 0.359375 0.679688
vt 0.257812 0.507812
vt 0.257812 0.523438
vt 0.250000 0.523438
vt 0.445312 0.507812
vt 0.359375 0.679688
vt 0.453125 0.507812
vt 0.343750 0.695312
vt 0.343750 0.695312
vt 0.343750 0.695312
vt 0.351562 0.710938
vt 0.351562 0.695312
vt 0.351562 0.710938
vt 0.351562 0.710938
vt 0.460938 0.476562
vt 0.257812 0.507812
vt 0.250000 0.898438
vt 0.250000 0.914062
vt 0.156250 0.710938
vt 0.156250 0.695312
vt 0.257812 0.914062
vt 0.257812 0.914062
vt 0.257812 0.710938
vt 0.250000 0.695312
vt 0.250000 0.710938
vt 0.257812 0.710938
vt 0.156250 0.695312
vt 0.148438 0.710938
vt 0.250000 0.914062
vt 0.257812 0.898438
vt 0.156250 0.710938
vt 0.250000 0.914062
vt 0.250000 0.898438
vt 0.250000 0.914062
vt 0.257812 0.914062
vt 0.257812 0.898438
vt 0.257812 0.914062
vt 0.257812 0.898438
vt 0.250000 0.898438
vt 0.257812 0.710938
vt 0.265625 0.507812
vt 0.257812 0.523438
vt 0.250000 0.476562
vt 0.468750 0.492188
vt 0.460938 0.476562
vt 0.445312 0.492188
vt 0.445312 0.507812
vt 0.257812 0.507812
vt 0.367188 0.710938
vt 0.351562 0.710938
vt 0.460938 0.507812
vt 0.359375 0.679688
vt 0.250000 0.523438
vt 0.265625 0.492188
vt 0.257812 0.492188
vt 0.250000 0.507812
vt 0.250000 0.492188
vt 0.250000 0.507812
vt 0.250000 0.507812
vt 0.250000 0.523438
vt 0.359375 0.695312
vt 0.359375 0.695312
vt 0.359375 0.710938
vt 0.460938 0.492188
vt 0.460938 0.507812
vt 0.250000 0.476562
vt 0.250000 0.492188
vt 0.367188 0.710938
vt 0.367188 0.695312
vt 0.359375 0.695312
vt 0.250000 0.492188
vt 0.250000 0.507812
vt 0.250000 0.476562
vt 0.257812 0.476562
vt 0.250000 0.476562
vt 0.257812 0.460938
vt 0.250000 0.460938
vt 0.265625 0.492188
vt 0.257812 0.507812
vt 0.265625 0.492188
vt 0.257812 0.492188
vt 0.257812 0.460938
vt 0.250000 0.460938
vt 0.250000 0.507812
vt 0.250000 0.523438
vt 0.257812 0.492188
vt 0.257812 0.507812
vt 0.359375 0.710938
vt 0.460938 0.507812
vt 0.453125 0.492188
vt 0.359375 0.710938
vt 0.343750 0.710938
vt 0.367188 0.695312
vt 0.359375 0.710938
vt 0.367188 0.695312
vt 0.359375 0.695312
vt 0.257812 0.476562
vt 0.257812 0.460938
vt 0.460938 0.460938
vt 0.453125 0.460938
vt 0.351562 0.726562
vt 0.359375 0.679688
vt 0.257812 0.523438
vt 0.257812 0.507812
vt 0.445312 0.507812
vt 0.359375 0.679688
vt 0.445312 0.507812
vt 0.445312 0.507812
vt 0.343750 0.695312
vt 0.343750 0.710938
vt 0.343750 0.695312
vt 0.343750 0.695312
vt 0.351562 0.695312
vt 0.343750 0.710938
vt 0.351562 0.710938
vt 0.460938 0.476562
vt 0.250000 0.507812
vt 0.453125 0.695312
vt 0.468750 0.898438
vt 0.460938 0.898438
vt 0.359375 0.289062
vt 0.359375 0.289062
vt 0.468750 0.914062
vt 0.460938 0.898438
vt 0.359375 0.304688
vt 0.460938 0.679688
vt 0.367188 0.289062
vt 0.359375 0.289062
vt 0.453125 0.710938
vt 0.460938 0.710938
vt 0.460938 0.898438
vt 0.351562 0.273438
vt 0.359375 0.273438
vt 0.468750 0.898438
vt 0.460938 0.679688
vt 0.460938 0.898438
vt 0.468750 0.898438
vt 0.359375 0.289062
vt 0.359375 0.289062
vt 0.468750 0.914062
vt 0.460938 0.898438
vt 0.359375 0.304688
vt 0.460938 0.679688
vt 0.359375 0.289062
vt 0.367188 0.289062
vt 0.460938 0.695312
vt 0.460938 0.710938
vt 0.460938 0.898438
vt 0.359375 0.273438
vt 0.359375 0.289062
vt 0.468750 0.898438
vn 0.0000 1.0000 0.0000
vn 1.0000 -0.0000 0.0000
vn -0.0000 0.0000 1.0000
vn -1.0000 -0.0000 0.0000
vn 0.0000 0.0000 -1.0000
vn 0.0000 -1.0000 0.0000
vn -0.2496 -0.5210 -0.8163
vn -0.1523 0.8536 -0.4982
vn 0.9563 -0.0000 -0.2924
vn -0.9563 0.0000 0.2924
vn -0.1418 0.8744 -0.4640
vn 0.2300 0.6173 0.7523
vn -0.0790 0.8634 -0.4983
vn -0.1382 0.8813 -0.4520
vn 0.1523 -0.8536 0.4982
vn 0.2496 0.5210 0.8163
vn 0.2496 -0.5210 -0.8163
vn 0.1523 0.8536 -0.4982
vn -0.9563 -0.0000 -0.2924
vn 0.9563 0.0000 0.2924
vn 0.1418 0.8744 -0.4640
vn -0.2300 0.6173 0.7523
vn 0.2351 0.8618 -0.4495
vn -0.1523 -0.8536 0.4982
vn -0.2496 0.5210 0.8163
vn 0.0000 0.4852 -0.8744
vn 0.0000 -0.8744 -0.4852
vn -0.0000 -0.4852 0.8744
vn -0.0000 0.8744 0.4852
vn -0.5938 -0.8046 0.0000
vn -0.8046 0.5938 0.0000
vn 0.5938 0.8046 -0.0000
vn 0.8046 -0.5938 0.0000
vn 0.5938 -0.8046 0.0000
vn 0.8046 0.5938 0.0000
vn -0.5938 0.8046 -0.0000
vn -0.8046 -0.5938 0.0000
vn -0.9121 0.0078 0.4099
vn -0.1110 0.9578 -0.2651
vn 0.9121 -0.0078 -0.4099
vn 0.1110 -0.9578 0.2651
vn -0.3947 -0.2873 -0.8727
vn 0.3947 0.2873 0.8727
vn -0.9785 -0.0041 0.2062
vn 0.0132 0.9965 0.0827
vn 0.9785 0.0041 -0.2062
vn -0.0132 -0.9965 -0.0827
vn -0.2058 0.0836 -0.9750
vn 0.2058 -0.0836 0.9750
vn 0.9121 0.0078 0.4099
vn 0.1110 0.9578 -0.2651
vn -0.9121 -0.0078 -0.4099
vn -0.1110 -0.9578 0.2651
vn 0.3947 -0.2873 -0.8727
vn -0.3947 0.2873 0.8727
vn 0.9785 -0.0041 0.2062
vn -0.0132 0.9965 0.0827
vn -0.9785 0.0041 -0.2062
vn 0.0132 -0.9965 -0.0827
vn 0.2058 0.0836 -0.9750
vn -0.2058 -0.0836 0.9750
vn 0.0000 -0.9063 -0.4226
vn -0.0000 0.9063 0.4226
vn 0.0000 0.4226 -0.9063
vn 0.0000 -0.4226 0.9063
vn -0.0000 0.9938 -0.1116
vn 0.0000 -0.9938 0.1116
vn 0.0000 -0.1116 -0.9938
vn -0.0000 0.1116 0.9938
vn -0.2351 0.8618 -0.4495
vn 0.0790 0.8634 -0.4983
vn 0.1382 0.8813 -0.4520
vn -0.1110 0.9578 -0.2652
vn 0.1110 0.9578 -0.2652
usemtl Minecraft_Sonic
s 1
f 3/1/1 1/2/1 7/3/1
f 2/4/1 4/5/1 3/6/1
f 5/7/1 8/8/1 6/9/1
f 2/10/1 6/11/1 9/12/1
f 23/13/2 10/14/2 31/15/2
f 20/16/2 18/17/2 23/18/2
f 10/19/2 14/20/2 12/21/2
f 15/22/2 11/23/2 10/24/2
f 18/25/2 12/26/2 14/27/2
f 19/28/2 16/29/2 15/22/2
f 19/30/2 15/31/2 18/32/2
f 23/18/3 21/33/3 20/16/3
f 22/34/3 21/35/3 36/36/3
f 22/37/3 54/38/3 27/39/3
f 25/40/3 24/41/3 23/42/3
f 56/43/3 27/44/3 55/45/3
f 57/46/3 29/47/3 56/48/3
f 59/49/3 61/50/3 34/51/3
f 32/52/3 25/53/3 28/54/3
f 33/55/3 61/56/3 46/57/3
f 42/58/3 35/59/3 36/60/3
f 41/61/3 42/62/3 37/63/3
f 47/64/3 43/65/3 38/66/3
f 45/67/3 40/68/3 26/69/3
f 53/70/3 44/71/3 47/72/3
f 58/73/3 48/74/3 51/75/3
f 44/76/3 37/77/3 43/78/3
f 45/79/3 52/80/3 47/81/3
f 41/82/3 44/83/3 53/84/3
f 55/85/3 54/86/3 50/87/3
f 60/88/3 52/89/3 61/90/3
f 33/91/3 46/92/3 32/93/3
f 60/94/3 48/95/3 53/96/3
f 62/97/4 70/98/4 64/99/4
f 76/100/4 74/101/4 72/102/4
f 68/103/4 8/104/4 67/105/4
f 72/106/4 71/107/4 63/108/4
f 76/109/4 77/110/4 75/111/4
f 75/112/4 77/113/4 69/114/4
f 70/115/4 73/116/4 64/117/4
f 78/118/5 99/119/5 66/120/5
f 95/121/5 92/122/5 91/123/5
f 67/124/5 8/8/5 95/125/5
f 79/126/5 92/127/5 78/128/5
f 81/129/5 1/130/5 80/131/5
f 82/132/5 98/133/5 90/134/5
f 83/135/5 94/136/5 81/137/5
f 89/138/5 86/139/5 88/140/5
f 85/141/5 84/142/5 93/143/5
f 85/144/5 94/145/5 84/146/5
f 96/147/5 89/148/5 88/149/5
f 87/150/5 86/151/5 98/152/5
f 101/153/6 20/154/6 104/155/6
f 100/156/6 66/157/6 101/158/6
f 102/159/6 62/160/6 103/161/6
f 100/162/6 103/163/6 105/164/6
f 131/165/7 106/166/7 107/167/7
f 114/168/7 129/169/7 131/170/7
f 123/171/8 141/172/8 146/173/8
f 113/174/9 111/175/9 110/176/9
f 112/177/7 114/178/7 113/174/7
f 116/179/9 115/180/9 114/168/9
f 121/181/7 118/182/7 128/183/7
f 127/184/10 126/185/10 124/186/10
f 117/187/10 119/188/10 118/189/10
f 112/190/7 121/191/7 129/192/7
f 120/193/10 135/194/10 124/195/10
f 128/196/7 130/197/7 131/198/7
f 123/199/7 106/200/7 130/201/7
f 124/202/10 145/203/10 125/204/10
f 144/205/11 139/206/11 148/207/11
f 134/208/10 133/209/10 132/210/10
f 139/211/10 143/212/10 142/213/10
f 140/214/12 139/215/12 138/216/12
f 142/217/10 145/218/10 135/219/10
f 141/220/8 144/221/8 146/222/8
f 141/220/10 125/223/10 145/224/10
f 150/225/13 144/226/13 149/227/13
f 140/228/12 149/229/12 148/230/12
f 150/231/8 151/232/8 108/233/8
f 152/234/9 155/235/9 151/236/9
f 149/237/14 154/238/14 153/239/14
f 159/240/12 149/241/12 158/242/12
f 152/243/9 161/244/9 156/245/9
f 160/246/9 161/247/9 164/248/9
f 164/249/9 163/250/9 162/251/9
f 165/252/9 157/253/9 159/254/9
f 163/255/9 152/256/9 157/257/9
f 167/258/9 110/259/9 162/260/9
f 112/261/15 110/259/15 132/262/15
f 166/263/16 159/264/16 158/265/16
f 160/266/9 116/267/9 156/268/9
f 193/269/17 168/270/17 192/271/17
f 193/272/17 191/273/17 176/274/17
f 169/275/18 209/276/18 208/277/18
f 173/278/19 175/279/19 172/280/19
f 176/281/17 174/282/17 175/279/17
f 176/274/19 173/283/19 177/284/19
f 179/285/17 184/286/17 183/287/17
f 180/288/20 188/289/20 182/290/20
f 179/291/20 181/292/20 194/293/20
f 174/294/17 183/295/17 184/296/17
f 197/297/20 182/298/20 186/299/20
f 193/300/17 192/301/17 190/302/17
f 192/303/17 185/304/17 189/305/17
f 207/306/20 186/307/20 187/308/20
f 210/309/21 205/310/21 206/311/21
f 198/312/20 194/313/20 196/314/20
f 200/315/20 199/316/20 204/317/20
f 201/318/22 202/319/22 200/320/22
f 196/321/20 195/322/20 197/323/20
f 206/324/18 203/325/18 208/326/18
f 207/327/20 187/328/20 203/325/20
f 208/329/18 209/330/18 212/331/18
f 202/332/22 211/333/22 220/334/22
f 170/335/18 209/336/18 171/337/18
f 214/338/19 219/339/19 215/340/19
f 215/341/23 211/342/23 212/343/23
f 211/344/22 221/345/22 220/346/22
f 223/347/19 225/348/19 214/349/19
f 223/350/19 222/351/19 226/352/19
f 225/353/19 226/354/19 224/355/19
f 227/356/19 228/357/19 221/358/19
f 219/359/19 214/360/19 225/361/19
f 172/362/19 224/363/19 226/364/19
f 172/362/24 174/365/24 194/366/24
f 220/367/25 228/368/25 199/369/25
f 222/370/19 178/371/19 177/372/19
f 231/373/26 248/374/26 230/375/26
f 232/376/2 237/377/2 233/378/2
f 232/376/26 249/379/26 231/380/26
f 235/381/27 241/382/27 234/383/27
f 236/384/2 237/385/2 241/386/2
f 233/387/26 235/388/26 249/389/26
f 243/390/4 251/391/4 230/392/4
f 240/393/2 241/394/2 237/395/2
f 246/396/28 240/397/28 238/398/28
f 247/399/4 242/400/4 243/401/4
f 247/402/4 244/403/4 246/396/4
f 250/404/4 245/405/4 247/406/4
f 234/407/27 241/394/27 240/393/27
f 250/408/27 234/409/27 245/410/27
f 249/411/26 250/412/26 248/413/26
f 230/375/26 252/414/26 231/373/26
f 252/415/29 251/391/29 257/416/29
f 256/417/29 255/418/29 257/419/29
f 242/400/4 257/419/4 243/401/4
f 242/420/28 254/421/28 256/422/28
f 231/380/26 253/423/26 232/376/26
f 238/424/2 255/418/2 254/425/2
f 239/426/2 253/423/2 255/427/2
f 261/428/2 264/429/2 260/430/2
f 265/431/3 262/432/3 264/429/3
f 263/433/4 258/434/4 262/432/4
f 330/435/3 440/436/3 441/437/3
f 299/438/2 298/439/2 300/440/2
f 273/441/3 272/442/3 281/443/3
f 277/444/3 276/445/3 275/446/3
f 273/447/3 275/448/3 274/449/3
f 269/450/3 272/451/3 268/452/3
f 275/453/3 278/454/3 277/455/3
f 293/456/4 277/457/4 278/458/4
f 279/459/4 293/460/4 278/461/4
f 281/462/3 269/463/3 282/464/3
f 282/464/2 299/465/2 300/466/2
f 299/467/3 268/468/3 267/469/3
f 289/470/6 283/471/6 285/472/6
f 286/473/1 288/474/1 290/475/1
f 290/475/2 285/476/2 286/477/2
f 290/475/3 287/478/3 289/470/3
f 292/479/4 291/480/4 276/445/4
f 294/481/4 293/482/4 295/483/4
f 288/474/4 283/484/4 287/478/4
f 297/485/2 298/486/2 266/487/2
f 271/488/2 298/489/2 270/490/2
f 266/487/6 291/491/6 297/492/6
f 303/493/4 377/494/4 302/495/4
f 319/496/6 315/497/6 318/498/6
f 310/499/6 302/495/6 377/500/6
f 305/501/3 308/502/3 309/503/3
f 377/504/4 364/505/4 308/502/4
f 309/503/6 364/506/6 307/507/6
f 303/493/3 302/495/3 304/508/3
f 393/509/3 314/510/3 317/511/3
f 392/512/4 311/513/4 314/510/4
f 317/511/6 311/514/6 313/515/6
f 400/516/3 393/517/3 317/518/3
f 317/519/4 315/520/4 316/521/4
f 401/522/3 316/521/3 319/496/3
f 320/523/2 319/496/2 318/524/2
f 322/525/2 323/526/2 321/527/2
f 404/528/3 401/529/3 323/526/3
f 321/530/6 401/529/6 320/531/6
f 324/532/3 325/533/3 326/534/3
f 328/535/2 437/536/2 325/533/2
f 324/537/6 322/538/6 327/539/6
f 325/533/6 324/532/6 327/540/6
f 439/541/2 333/542/2 330/543/2
f 328/544/3 331/545/3 333/542/3
f 330/546/6 331/545/6 329/547/6
f 335/548/3 334/549/3 342/550/3
f 357/551/4 354/552/4 355/553/4
f 340/554/3 337/555/3 339/556/3
f 338/557/4 336/558/4 337/559/4
f 339/556/6 336/560/6 345/561/6
f 345/562/3 347/563/3 344/564/3
f 336/565/4 343/566/4 347/563/4
f 344/567/3 346/568/3 463/569/3
f 346/570/4 343/571/4 355/572/4
f 348/573/4 350/574/4 349/575/4
f 353/576/4 341/577/4 349/578/4
f 351/579/4 355/580/4 354/581/4
f 357/582/4 352/583/4 360/584/4
f 353/585/4 355/586/4 343/587/4
f 362/588/4 360/589/4 352/590/4
f 307/591/3 334/592/3 366/593/3
f 358/594/4 361/595/4 369/596/4
f 372/597/1 428/598/1 370/599/1
f 358/600/5 369/601/5 370/602/5
f 427/603/1 436/604/1 371/605/1
f 372/606/4 361/607/4 363/608/4
f 363/609/4 374/610/4 373/611/4
f 348/612/4 349/613/4 365/614/4
f 306/615/4 382/616/4 376/617/4
f 383/618/4 381/619/4 378/620/4
f 424/621/1 375/622/1 380/623/1
f 383/624/4 382/625/4 303/626/4
f 391/627/3 388/628/3 303/626/3
f 384/629/4 386/630/4 383/631/4
f 394/632/3 388/633/3 390/634/3
f 389/635/3 384/636/3 388/637/3
f 395/638/3 390/639/3 391/640/3
f 403/641/3 393/642/3 400/643/3
f 397/644/3 396/645/3 406/646/3
f 397/647/1 411/648/1 403/649/1
f 396/650/3 403/651/3 400/652/3
f 402/653/3 405/654/3 396/655/3
f 326/656/3 398/657/3 405/658/3
f 430/659/2 408/660/2 407/661/2
f 408/662/3 398/663/3 407/664/3
f 414/665/1 409/666/1 410/667/1
f 414/668/1 410/669/1 416/670/1
f 380/671/1 378/672/1 381/673/1
f 419/674/1 413/675/1 414/676/1
f 429/677/1 424/678/1 422/679/1
f 422/680/1 418/681/1 419/682/1
f 427/683/1 420/684/1 434/685/1
f 434/686/1 421/687/1 417/688/1
f 387/689/1 409/690/1 413/691/1
f 416/692/1 423/693/1 415/694/1
f 412/695/1 421/696/1 411/697/1
f 416/698/1 421/699/1 420/700/1
f 437/701/2 407/702/2 326/656/2
f 435/703/2 431/704/2 438/705/2
f 434/706/1 417/707/1 431/708/1
f 431/709/2 433/710/2 432/711/2
f 448/712/2 452/713/2 450/714/2
f 462/715/2 330/716/2 441/717/2
f 441/718/2 444/719/2 456/720/2
f 445/721/3 442/722/3 444/723/3
f 456/724/6 442/722/6 455/725/6
f 453/726/2 452/727/2 448/728/2
f 461/729/2 448/730/2 447/731/2
f 450/732/2 451/733/2 459/734/2
f 451/735/3 457/736/3 459/737/3
f 453/738/2 451/739/2 452/740/2
f 456/741/3 454/742/3 451/739/3
f 367/743/2 368/744/2 460/745/2
f 439/746/2 462/747/2 446/748/2
f 351/579/3 458/749/3 457/750/3
f 356/751/6 359/752/6 367/753/6
f 312/754/6 304/508/6 310/755/6
f 342/756/4 365/757/4 341/758/4
f 340/554/1 342/550/1 338/759/1
f 441/760/1 443/761/1 445/721/1
f 492/762/5 493/763/5 494/764/5
f 483/765/3 466/766/3 482/767/3
f 482/768/30 465/769/30 480/770/30
f 467/771/3 468/772/3 470/773/3
f 469/774/31 475/775/31 493/776/31
f 471/777/3 479/778/3 489/779/3
f 471/777/32 474/780/32 472/781/32
f 495/782/33 473/783/33 486/784/33
f 475/785/32 472/786/32 476/787/32
f 476/788/5 493/789/5 475/790/5
f 494/791/5 477/792/5 495/782/5
f 477/793/32 472/794/32 473/795/32
f 478/796/3 479/797/3 468/798/3
f 491/799/3 478/800/3 484/801/3
f 484/802/30 480/803/30 481/804/30
f 486/805/3 489/806/3 485/807/3
f 488/808/30 490/809/30 487/810/30
f 485/811/3 479/812/3 478/813/3
f 491/799/30 481/814/30 490/815/30
f 481/816/30 464/817/30 490/818/30
f 526/819/5 525/820/5 524/821/5
f 498/822/3 515/823/3 514/824/3
f 497/825/34 514/826/34 512/827/34
f 502/828/3 500/829/3 499/830/3
f 525/831/35 501/832/35 499/830/35
f 511/833/3 500/834/3 503/835/3
f 503/835/36 502/828/36 501/836/36
f 518/837/37 505/838/37 527/839/37
f 504/840/36 507/841/36 508/842/36
f 508/843/5 525/844/5 526/845/5
f 526/846/5 509/847/5 508/848/5
f 504/849/36 509/850/36 505/851/36
f 510/852/3 516/853/3 515/854/3
f 523/855/3 510/856/3 517/857/3
f 512/858/34 516/853/34 513/859/34
f 517/860/3 521/861/3 518/862/3
f 522/863/34 520/864/34 519/865/34
f 517/866/3 511/867/3 521/868/3
f 513/869/34 523/855/34 522/870/34
f 513/871/34 524/872/34 512/873/34
f 628/874/38 529/875/38 528/876/38
f 529/877/38 532/878/38 599/879/38
f 534/880/38 530/881/38 625/882/38
f 531/883/38 533/884/38 535/885/38
f 533/886/38 536/887/38 535/888/38
f 537/889/38 568/890/38 536/891/38
f 536/892/38 596/893/38 535/894/38
f 576/895/39 541/896/39 649/897/39
f 540/898/40 548/899/40 538/900/40
f 598/901/38 600/902/38 599/903/38
f 623/904/41 582/905/41 585/906/41
f 585/907/40 594/908/40 551/909/40
f 549/910/40 548/911/40 547/912/40
f 551/913/40 550/914/40 549/915/40
f 555/916/40 552/917/40 554/918/40
f 556/919/40 552/920/40 553/921/40
f 553/922/40 561/923/40 556/924/40
f 559/925/40 558/926/40 557/927/40
f 553/928/40 552/929/40 551/930/40
f 561/931/40 559/932/40 560/933/40
f 534/934/38 532/935/38 530/936/38
f 595/937/38 563/938/38 562/939/38
f 569/940/38 565/941/38 564/942/38
f 587/943/42 578/944/42 563/945/42
f 572/946/42 573/947/42 571/948/42
f 634/949/39 570/950/39 624/951/39
f 618/952/41 607/953/41 619/954/41
f 574/955/39 646/956/39 651/957/39
f 576/958/39 574/959/39 651/960/39
f 579/961/41 597/962/41 577/963/41
f 579/964/42 577/965/42 578/966/42
f 582/967/41 580/968/41 583/969/41
f 593/970/40 585/971/40 584/972/40
f 584/973/41 582/974/41 583/975/41
f 567/976/42 571/977/42 589/978/42
f 587/979/42 589/980/42 588/981/42
f 587/982/42 590/983/42 578/984/42
f 588/985/42 589/986/42 591/987/42
f 557/988/40 594/989/40 593/990/40
f 591/991/42 575/992/42 593/990/42
f 605/993/41 602/994/41 604/995/41
f 604/996/41 603/997/41 606/998/41
f 595/999/41 562/1000/41 577/1001/41
f 600/1002/41 598/1003/41 605/1004/41
f 604/1005/41 606/1006/41 613/1007/41
f 638/1008/39 637/1009/39 636/1010/39
f 642/1011/39 640/1012/39 635/1013/39
f 613/1014/41 618/1015/41 614/1016/41
f 615/1017/41 614/1018/41 545/1019/41
f 622/1020/41 616/1021/41 621/1022/41
f 644/1023/39 648/1024/39 541/1025/39
f 546/1026/41 614/1027/41 616/1028/41
f 623/1029/41 581/1030/41 582/1031/41
f 631/1032/39 626/1033/39 632/1034/39
f 608/1035/41 613/1036/41 615/1037/41
f 624/1038/39 564/1039/39 566/1040/39
f 630/1041/39 631/1042/39 633/1043/39
f 629/1044/38 630/1045/38 625/1046/38
f 636/1047/39 635/1048/39 632/1049/39
f 611/1050/41 610/1051/41 612/1052/41
f 640/1053/39 645/1054/39 633/1055/39
f 638/1056/43 612/1057/43 547/1058/43
f 622/1059/41 621/1060/41 617/1061/41
f 643/1062/39 648/1063/39 645/1064/39
f 572/1065/39 634/1066/39 646/1067/39
f 542/1068/39 641/1069/39 642/1070/39
f 541/1071/39 643/1072/39 649/1073/39
f 649/1074/39 641/1075/39 542/1076/39
f 651/1077/39 647/1078/39 650/1079/39
f 652/1080/44 749/1081/44 653/1082/44
f 656/1083/44 723/1084/44 653/1085/44
f 658/1086/44 654/1087/44 749/1088/44
f 655/1089/44 657/1090/44 659/1091/44
f 657/1092/44 660/1093/44 659/1094/44
f 660/1095/44 693/1096/44 692/1097/44
f 720/1098/44 723/1099/44 659/1100/44
f 666/1101/45 663/1102/45 664/1103/45
f 664/1104/46 672/1105/46 662/1106/46
f 722/1107/44 724/1108/44 725/1109/44
f 746/1110/47 747/1111/47 709/1112/47
f 709/1113/46 675/1114/46 667/1115/46
f 673/1116/46 672/1117/46 671/1118/46
f 675/1119/46 674/1120/46 673/1121/46
f 679/1122/46 676/1123/46 678/1124/46
f 680/1125/46 676/1126/46 677/1127/46
f 677/1128/46 685/1129/46 680/1130/46
f 681/1131/46 685/1132/46 682/1133/46
f 677/1134/46 676/1135/46 675/1136/46
f 680/1137/46 685/1138/46 684/1139/46
f 654/1140/44 655/1141/44 656/1142/44
f 720/1143/44 686/1144/44 719/1145/44
f 693/1146/44 687/1147/44 692/1148/44
f 711/1149/48 702/1150/48 687/1151/48
f 696/1152/48 695/1153/48 694/1154/48
f 758/1155/45 694/1156/45 748/1157/45
f 742/1158/47 731/1159/47 743/1160/47
f 775/1161/45 697/1162/45 770/1163/45
f 699/1164/45 775/1165/45 700/1166/45
f 731/1167/47 701/1168/47 703/1169/47
f 686/1170/48 687/1171/48 702/1172/48
f 706/1173/47 704/1174/47 707/1175/47
f 717/1176/46 709/1177/46 708/1178/46
f 709/1179/47 707/1180/47 708/1181/47
f 710/1182/48 713/1183/48 691/1184/48
f 691/1185/48 712/1186/48 711/1187/48
f 711/1188/48 714/1189/48 702/1190/48
f 712/1191/48 713/1192/48 715/1193/48
f 681/1194/46 718/1195/46 717/1196/46
f 715/1197/48 699/1198/48 717/1196/48
f 729/1199/47 726/1200/47 728/1201/47
f 728/1202/47 727/1203/47 730/1204/47
f 719/1205/47 686/1206/47 701/1207/47
f 722/1208/47 729/1209/47 733/1210/47
f 728/1211/47 730/1212/47 737/1213/47
f 762/1214/45 761/1215/45 760/1216/45
f 766/1217/45 764/1218/45 759/1219/45
f 737/1220/47 742/1221/47 740/1222/47
f 739/1223/47 738/1224/47 669/1225/47
f 670/1226/47 745/1227/47 746/1228/47
f 768/1229/45 772/1230/45 665/1231/45
f 670/1232/47 738/1233/47 740/1234/47
f 706/1235/47 743/1236/47 705/1237/47
f 755/1238/45 750/1239/45 756/1240/45
f 732/1241/47 737/1242/47 739/1243/47
f 694/1244/45 688/1245/45 690/1246/45
f 754/1247/45 755/1248/45 757/1249/45
f 750/1250/44 749/1081/44 751/1251/44
f 756/1252/45 751/1253/45 760/1254/45
f 736/1255/47 733/1256/47 734/1257/47
f 759/1258/45 764/1259/45 755/1260/45
f 671/1261/49 763/1262/49 736/1263/49
f 746/1264/47 745/1265/47 741/1266/47
f 767/1267/45 772/1268/45 769/1269/45
f 697/1270/45 696/1271/45 758/1272/45
f 666/1273/45 765/1274/45 766/1275/45
f 772/1276/45 773/1277/45 665/1278/45
f 773/1279/45 765/1280/45 666/1281/45
f 775/1282/45 771/1283/45 774/1284/45
f 777/1285/50 876/1286/50 776/1287/50
f 847/1288/50 780/1289/50 777/1290/50
f 785/1291/50 817/1292/50 813/1293/50
f 779/1294/50 781/1295/50 782/1296/50
f 781/1297/50 784/1298/50 785/1299/50
f 816/1300/50 785/1301/50 784/1302/50
f 783/1303/50 779/1304/50 847/1305/50
f 897/1306/51 789/1307/51 824/1308/51
f 786/1309/52 788/1310/52 824/1311/52
f 851/1312/50 843/1313/50 844/1314/50
f 870/1315/53 794/1316/53 833/1317/53
f 791/1318/52 799/1319/52 833/1320/52
f 797/1321/52 796/1322/52 786/1323/52
f 797/1324/52 798/1325/52 799/1326/52
f 803/1327/52 800/1328/52 798/1329/52
f 800/1330/52 804/1331/52 801/1332/52
f 809/1333/52 801/1334/52 804/1335/52
f 806/1336/52 807/1337/52 805/1338/52
f 842/1339/52 799/1340/52 801/1341/52
f 802/1342/52 803/1343/52 786/1344/52
f 780/1345/50 782/1346/50 778/1347/50
f 843/1348/50 811/1349/50 844/1350/50
f 817/1351/50 816/1352/50 811/1353/50
f 811/1354/54 835/1355/54 815/1356/54
f 839/1357/54 822/1358/54 821/1359/54
f 882/1360/51 818/1361/51 820/1362/51
f 866/1363/53 865/1364/53 867/1365/53
f 894/1366/51 822/1367/51 899/1368/51
f 899/1369/51 823/1370/51 824/1371/51
f 827/1372/53 845/1373/53 855/1374/53
f 831/1375/54 832/1376/54 840/1377/54
f 828/1378/53 830/1379/53 831/1380/53
f 833/1381/52 841/1382/52 832/1383/52
f 832/1384/53 830/1385/53 833/1386/53
f 815/1387/54 819/1388/54 834/1389/54
f 835/1390/54 837/1391/54 815/1392/54
f 838/1393/54 835/1394/54 826/1395/54
f 836/1396/54 838/1397/54 840/1398/54
f 805/1399/52 807/1400/52 841/1401/52
f 823/1402/54 822/1403/54 839/1404/54
f 850/1405/53 853/1406/53 852/1407/53
f 851/1408/53 852/1409/53 854/1410/53
f 843/1411/53 851/1412/53 854/1413/53
f 846/1414/53 848/1415/53 857/1416/53
f 861/1417/53 866/1418/53 854/1419/53
f 885/1420/51 886/1421/51 884/1422/51
f 883/1423/51 888/1424/51 890/1425/51
f 864/1426/53 869/1427/53 866/1428/53
f 863/1429/53 858/1430/53 868/1431/53
f 870/1432/53 864/1433/53 794/1434/53
f 789/1435/51 896/1436/51 892/1437/51
f 794/1438/53 862/1439/53 793/1440/53
f 830/1441/53 867/1442/53 871/1443/53
f 879/1444/51 874/1445/51 877/1446/51
f 863/1447/53 861/1448/53 856/1449/53
f 814/1450/51 818/1451/51 872/1452/51
f 879/1453/51 878/1454/51 881/1455/51
f 873/1456/50 878/1457/50 877/1458/50
f 884/1459/51 875/1460/51 874/1461/51
f 858/1462/53 859/1463/53 860/1464/53
f 872/1465/51 882/1466/51 893/1467/51
f 795/1468/55 860/1469/55 776/1470/55
f 865/1471/53 869/1472/53 870/1473/53
f 888/1474/51 893/1475/51 891/1476/51
f 894/1477/51 895/1478/51 882/1479/51
f 790/1480/51 787/1481/51 890/1482/51
f 789/1483/51 891/1484/51 896/1485/51
f 897/1486/51 889/1487/51 891/1488/51
f 899/1489/51 895/1490/51 894/1491/51
f 900/1492/56 997/1493/56 1000/1494/56
f 971/1495/56 904/1496/56 901/1497/56
f 909/1498/56 941/1499/56 937/1500/56
f 903/1501/56 905/1502/56 906/1503/56
f 905/1504/56 908/1505/56 909/1506/56
f 908/1507/56 941/1508/56 909/1509/56
f 907/1510/56 903/1511/56 971/1512/56
f 913/1513/57 948/1514/57 1021/1515/57
f 910/1516/58 912/1517/58 948/1518/58
f 975/1519/56 967/1520/56 968/1521/56
f 957/1522/59 918/1523/59 917/1524/59
f 915/1525/58 923/1526/58 957/1527/58
f 921/1528/58 920/1529/58 910/1530/58
f 921/1531/58 922/1532/58 923/1533/58
f 927/1534/58 924/1535/58 922/1536/58
f 924/1537/58 928/1538/58 925/1539/58
f 933/1540/58 925/1541/58 928/1542/58
f 929/1543/58 933/1544/58 931/1545/58
f 930/1546/58 966/1547/58 925/1548/58
f 928/1549/58 926/1550/58 932/1551/58
f 902/1552/56 903/1553/56 906/1554/56
f 934/1555/56 968/1556/56 967/1557/56
f 941/1558/56 936/1559/56 937/1560/56
f 959/1561/60 939/1562/60 935/1563/60
f 963/1564/60 946/1565/60 945/1566/60
f 1006/1567/57 942/1568/57 944/1569/57
f 990/1570/59 989/1571/59 991/1572/59
f 1023/1573/57 945/1574/57 946/1575/57
f 1023/1576/57 947/1577/57 948/1578/57
f 949/1579/59 979/1580/59 951/1581/59
f 955/1582/60 956/1583/60 964/1584/60
f 952/1585/59 954/1586/59 955/1587/59
f 957/1588/58 965/1589/58 956/1590/58
f 955/1591/59 957/1592/59 956/1593/59
f 961/1594/60 958/1595/60 939/1596/60
f 960/1597/60 939/1598/60 959/1599/60
f 962/1600/60 959/1601/60 950/1602/60
f 960/1603/60 962/1604/60 964/1605/60
f 929/1606/58 931/1607/58 965/1608/58
f 947/1609/60 946/1610/60 963/1611/60
f 974/1612/59 977/1613/59 976/1614/59
f 975/1615/59 976/1616/59 978/1617/59
f 975/1618/59 978/1619/59 969/1620/59
f 972/1621/59 983/1622/59 981/1623/59
f 985/1624/59 990/1625/59 978/1626/59
f 1009/1627/57 1010/1628/57 1008/1629/57
f 1007/1630/57 1012/1631/57 1014/1632/57
f 988/1633/59 993/1634/59 990/1635/59
f 917/1636/59 987/1637/59 982/1638/59
f 993/1639/59 918/1640/59 994/1641/59
f 913/1642/57 1020/1643/57 1016/1644/57
f 918/1645/59 986/1646/59 917/1647/59
f 954/1648/59 991/1649/59 995/1650/59
f 1004/1651/57 1001/1652/57 1003/1653/57
f 987/1654/59 985/1655/59 980/1656/59
f 996/1657/57 1005/1658/57 938/1659/57
f 1003/1660/57 1002/1661/57 1005/1662/57
f 937/1663/56 938/1664/56 1002/1665/56
f 998/1666/57 1008/1667/57 999/1668/57
f 984/1669/59 981/1670/59 983/1671/59
f 1017/1672/57 1012/1673/57 1005/1674/57
f 984/1675/61 900/1676/61 1011/1677/61
f 989/1678/59 993/1679/59 994/1680/59
f 1017/1681/57 1015/1682/57 1013/1683/57
f 1018/1684/57 1019/1685/57 1006/1686/57
f 914/1687/57 911/1688/57 1014/1689/57
f 1021/1690/57 1020/1691/57 913/1692/57
f 1021/1693/57 1013/1694/57 1015/1695/57
f 1023/1696/57 1019/1697/57 1018/1698/57
f 1030/1699/3 1033/1700/3 1032/1701/3
f 1026/1702/3 1029/1703/3 1028/1704/3
f 1032/1705/3 1035/1706/3 1034/1707/3
f 1024/1708/3 1027/1709/3 1026/1710/3
f 1036/1711/4 1109/1712/4 1037/1713/4
f 1037/1714/4 1038/1715/4 1102/1716/4
f 1038/1717/4 1039/1718/4 1041/1719/4
f 1044/1720/4 1043/1721/4 1042/1722/4
f 1104/1723/4 1043/1724/4 1097/1725/4
f 1043/1726/4 1071/1727/4 1070/1728/4
f 1041/1729/4 1104/1730/4 1100/1731/4
f 1104/1732/4 1096/1733/4 1103/1734/4
f 1085/1735/2 1052/1736/2 1051/1737/2
f 1082/1738/62 1085/1739/62 1051/1740/62
f 1047/1741/63 1130/1742/63 1129/1743/63
f 1131/1744/63 1130/1745/63 1047/1746/63
f 1060/1747/2 1061/1748/2 1077/1749/2
f 1106/1750/62 1081/1751/62 1107/1752/62
f 1056/1753/2 1053/1754/2 1055/1755/2
f 1055/1756/2 1048/1757/2 1050/1758/2
f 1054/1759/2 1059/1760/2 1060/1761/2
f 1059/1762/2 1056/1763/2 1058/1764/2
f 1062/1765/64 1079/1766/64 1078/1767/64
f 1097/1768/4 1062/1769/4 1096/1770/4
f 1064/1771/64 1086/1772/64 1068/1773/64
f 1070/1774/4 1071/1775/4 1067/1776/4
f 1133/1777/63 1075/1778/63 1074/1779/63
f 1067/1780/64 1086/1781/64 1069/1782/64
f 1069/1783/64 1089/1784/64 1079/1785/64
f 1090/1786/64 1086/1787/64 1073/1788/64
f 1073/1789/63 1108/1790/63 1117/1791/63
f 1120/1792/63 1129/1793/63 1118/1794/63
f 1092/1795/2 1057/1796/2 1094/1797/2
f 1076/1798/63 1133/1799/63 1077/1800/63
f 1079/1801/64 1080/1802/64 1078/1803/64
f 1106/1804/62 1078/1805/62 1080/1806/62
f 1081/1807/64 1089/1808/64 1088/1809/64
f 1083/1810/64 1088/1811/64 1091/1812/64
f 1084/1813/2 1095/1814/2 1085/1815/2
f 1085/1816/62 1083/1817/62 1084/1818/62
f 1086/1819/64 1090/1820/64 1088/1821/64
f 1094/1822/64 1093/1823/64 1083/1824/64
f 1103/1825/62 1096/1826/62 1098/1827/62
f 1098/1828/62 1105/1829/62 1101/1830/62
f 1081/1831/62 1083/1832/62 1082/1833/62
f 1110/1834/63 1113/1835/63 1115/1836/63
f 1115/1837/63 1114/1838/63 1110/1839/63
f 1065/1840/4 1109/1712/4 1114/1841/4
f 1119/1842/63 1121/1843/63 1115/1844/63
f 1119/1845/63 1120/1846/63 1118/1847/63
f 1055/1848/65 1119/1849/65 1036/1850/65
f 1126/1851/63 1121/1852/63 1122/1853/63
f 1124/1854/63 1126/1855/63 1123/1856/63
f 1074/1857/63 1073/1858/63 1117/1859/63
f 1126/1860/63 1122/1861/63 1130/1862/63
f 1125/1863/63 1123/1864/63 1131/1865/63
f 1050/1866/62 1048/1867/62 1049/1868/62
f 1039/1869/4 1040/1870/4 1065/1871/4
f 1058/1872/2 1052/1873/2 1095/1874/2
f 1072/1875/63 1064/1876/63 1066/1877/63
f 1228/1878/4 1136/1879/4 1134/1880/4
f 1138/1881/4 1139/1882/4 1165/1883/4
f 1135/1884/4 1134/1885/4 1136/1886/4
f 1137/1887/4 1138/1888/4 1140/1889/4
f 1143/1890/4 1142/1891/4 1141/1892/4
f 1196/1893/4 1194/1894/4 1193/1895/4
f 1197/1896/4 1198/1897/4 1135/1898/4
f 1203/1899/4 1142/1900/4 1196/1901/4
f 1180/1902/2 1152/1903/2 1151/1904/2
f 1144/1905/66 1145/1906/66 1147/1907/66
f 1145/1908/2 1154/1909/2 1160/1910/2
f 1180/1911/67 1151/1912/67 1223/1913/67
f 1156/1914/2 1153/1915/2 1155/1916/2
f 1156/1917/2 1155/1918/2 1148/1919/2
f 1153/1920/2 1160/1921/2 1154/1922/2
f 1161/1923/2 1159/1924/2 1158/1925/2
f 1194/1926/4 1162/1927/4 1193/1928/4
f 1164/1929/68 1181/1930/68 1168/1931/68
f 1165/1932/4 1164/1933/4 1168/1934/4
f 1168/1935/68 1169/1936/68 1167/1937/68
f 1163/1938/68 1169/1939/68 1182/1940/68
f 1173/1941/68 1184/1942/68 1172/1943/68
f 1161/1944/2 1157/1945/2 1191/1946/2
f 1252/1947/66 1175/1948/66 1174/1949/66
f 1176/1950/67 1179/1951/67 1178/1952/67
f 1179/1953/68 1176/1954/68 1188/1955/68
f 1179/1956/2 1192/1957/2 1180/1958/2
f 1181/1959/68 1183/1960/68 1169/1961/68
f 1186/1962/68 1185/1963/68 1188/1964/68
f 1185/1965/68 1184/1966/68 1187/1967/68
f 1187/1968/68 1174/1969/68 1191/1970/68
f 1208/1971/67 1202/1972/67 1195/1973/67
f 1206/1974/67 1198/1975/67 1197/1976/67
f 1206/1977/67 1200/1978/67 1205/1979/67
f 1210/1980/67 1214/1981/67 1211/1982/67
f 1205/1983/67 1201/1984/67 1207/1985/67
f 1206/1986/67 1205/1987/67 1212/1988/67
f 1199/1989/67 1198/1990/67 1204/1991/67
f 1207/1992/67 1208/1993/67 1215/1994/67
f 1222/1995/67 1215/1996/67 1221/1997/67
f 1150/1998/67 1213/1999/67 1215/2000/67
f 1178/2001/67 1218/2002/67 1177/2003/67
f 1229/2004/66 1232/2005/66 1231/2006/66
f 1171/2007/66 1164/2008/66 1166/2009/66
f 1230/2010/66 1231/2011/66 1233/2012/66
f 1226/2013/4 1229/2014/4 1225/2015/4
f 1232/2016/66 1227/2017/66 1237/2018/66
f 1239/2019/66 1238/2020/66 1237/2021/66
f 1231/2022/66 1232/2023/66 1236/2024/66
f 1224/2025/66 1246/2026/66 1235/2027/66
f 1243/2028/66 1241/2029/66 1236/2030/66
f 1155/2031/69 1240/2032/69 1135/1898/69
f 1246/2033/66 1245/2034/66 1248/2035/66
f 1241/2036/66 1243/2037/66 1242/2038/66
f 1238/2039/66 1147/2040/66 1243/2041/66
f 1245/2042/66 1249/2043/66 1146/2044/66
f 1146/2045/66 1244/2046/66 1250/2047/66
f 1250/2048/66 1242/2049/66 1147/2050/66
f 1252/2051/66 1248/2052/66 1251/2053/66
f 1142/2054/4 1170/2055/4 1194/2056/4
f 1183/2057/68 1184/2058/68 1185/2059/68
f 1157/2060/2 1152/2061/2 1192/2062/2
f 1222/2063/67 1221/2064/67 1216/2065/67
f 1218/2066/67 1217/2067/67 1209/2068/67
f 1214/2069/67 1213/2070/67 1149/2071/67
f 1217/2072/67 1195/2073/67 1209/2074/67
f 1288/2075/3 1261/2076/3 1260/2077/3
f 1260/2078/3 1314/2079/3 1300/2080/3
f 1255/2081/3 1261/2082/3 1254/2083/3
f 1319/2084/3 1258/2085/3 1320/2086/3
f 1256/2087/3 1255/2088/3 1254/2089/3
f 1256/2090/3 1258/2091/3 1259/2092/3
f 1262/2093/2 1263/2094/2 1281/2095/2
f 1271/2096/5 1270/2097/5 1274/2098/5
f 1264/2099/3 1268/2100/3 1267/2101/3
f 1263/2102/3 1265/2103/3 1266/2104/3
f 1283/2105/2 1268/2106/2 1262/2107/2
f 1272/2108/1 1285/2109/1 1282/2110/1
f 1279/2111/2 1278/2112/2 1281/2113/2
f 1275/2114/6 1280/2115/6 1351/2116/6
f 1280/2117/2 1276/2118/2 1273/2119/2
f 1276/2118/5 1275/2120/5 1274/2121/5
f 1266/2122/6 1351/2123/6 1279/2111/6
f 1279/2124/2 1273/2125/2 1278/2126/2
f 1262/2127/2 1284/2128/2 1282/2129/2
f 1276/2130/2 1284/2131/2 1273/2132/2
f 1267/2133/1 1283/2134/1 1285/2135/1
f 1290/2136/6 1308/2137/6 1307/2138/6
f 1292/2139/6 1293/2140/6 1294/2141/6
f 1306/2142/6 1290/2143/6 1307/2144/6
f 1295/2145/6 1302/2146/6 1296/2147/6
f 1287/2148/6 1298/2149/6 1289/2150/6
f 1286/2151/6 1313/2152/6 1298/2153/6
f 1308/2154/6 1311/2155/6 1307/2156/6
f 1305/2157/6 1306/2158/6 1310/2159/6
f 1297/2160/6 1304/2161/6 1302/2162/6
f 1295/2163/6 1294/2164/6 1293/2165/6
f 1303/2166/6 1286/2167/6 1288/2168/6
f 1301/2169/6 1296/2170/6 1302/2171/6
f 1310/2172/6 1311/2173/6 1299/2174/6
f 1308/2175/6 1289/2176/6 1298/2177/6
f 1300/2178/4 1316/2179/4 1299/2180/4
f 1318/2181/4 1315/2182/4 1316/2183/4
f 1338/2184/4 1323/2185/4 1318/2186/4
f 1320/2187/4 1318/2188/4 1319/2189/4
f 1323/2190/4 1322/2191/4 1324/2192/4
f 1318/2186/4 1329/2193/4 1315/2194/4
f 1329/2195/4 1324/2192/4 1328/2196/4
f 1327/2197/4 1326/2198/4 1332/2199/4
f 1299/2200/4 1316/2201/4 1315/2202/4
f 1331/2203/4 1326/2204/4 1317/2205/4
f 1324/2206/4 1325/2207/4 1331/2208/4
f 1330/2209/5 1325/2207/5 1348/2210/5
f 1331/2203/5 1349/2211/5 1326/2212/5
f 1332/2213/5 1349/2214/5 1301/2215/5
f 1257/2216/1 1334/2217/1 1258/2091/1
f 1345/2218/1 1322/2191/1 1321/2219/1
f 1322/2220/1 1348/2210/1 1325/2207/1
f 1338/2184/1 1345/2221/1 1321/2222/1
f 1334/2223/1 1320/2086/1 1258/2085/1
f 1333/2224/1 1335/2225/1 1336/2226/1
f 1341/2227/2 1288/2228/2 1287/2229/2
f 1341/2230/2 1340/2231/2 1343/2232/2
f 1346/2233/2 1336/2234/2 1343/2235/2
f 1343/2236/2 1335/2237/2 1344/2238/2
f 1339/2239/2 1346/2240/2 1347/2241/2
f 1351/2242/2 1343/2235/2 1340/2243/2
f 1347/2241/2 1351/2244/2 1350/2245/2
f 1349/2246/2 1296/2247/2 1301/2248/2
f 1350/2245/2 1351/2249/2 1287/2250/2
f 1347/2251/2 1350/2252/2 1342/2253/2
f 1348/2210/2 1347/2254/2 1330/2209/2
f 1352/2255/4 1358/2256/4 1360/2257/4
f 1355/2258/3 1375/2259/3 1354/2260/3
f 1363/2261/2 1354/2260/2 1379/2262/2
f 1352/2263/5 1364/2264/5 1377/2265/5
f 1368/2266/4 1358/2267/4 1359/2268/4
f 1368/2269/5 1364/2270/5 1360/2271/5
f 1359/2268/3 1358/2267/3 1374/2272/3
f 1355/2273/2 1366/2274/2 1372/2275/2
f 1362/2276/5 1363/2277/5 1356/2278/5
f 1362/2279/5 1356/2280/5 1357/2281/5
f 1365/2282/5 1366/2283/5 1362/2284/5
f 1369/2285/5 1361/2286/5 1368/2287/5
f 1369/2288/4 1359/2289/4 1371/2290/4
f 1370/2291/1 1369/2292/1 1371/2290/1
f 1371/2290/3 1372/2293/3 1373/2294/3
f 1373/2294/2 1366/2283/2 1367/2295/2
f 1374/2296/3 1353/2297/3 1384/2298/3
f 1376/2299/3 1384/2300/3 1375/2301/3
f 1356/2302/5 1363/2261/5 1379/2262/5
f 1378/2303/5 1377/2304/5 1379/2305/5
f 1353/2306/4 1380/2307/4 1382/2308/4
f 1383/2309/2 1379/2305/2 1354/2310/2
f 1384/2311/3 1353/2306/3 1382/2308/3
f 1382/2308/3 1389/2312/3 1383/2309/3
f 1388/2313/6 1387/2314/6 1386/2315/6
f 1383/2309/2 1385/2316/2 1378/2303/2
f 1380/2307/4 1388/2313/4 1382/2308/4
f 1381/2317/5 1387/2318/5 1380/2319/5
f 1378/2303/5 1386/2320/5 1381/2321/5
f 1391/2322/5 1390/2323/5 1430/2324/5
f 1392/2325/5 1393/2326/5 1391/2327/5
f 1395/2328/5 1392/2329/5 1397/2330/5
f 1433/2331/3 1403/2332/3 1404/2333/3
f 1398/2334/5 1399/2335/5 1396/2336/5
f 1399/2337/5 1424/2338/5 1396/2339/5
f 1401/2340/3 1403/2341/3 1400/2342/3
f 1417/2343/3 1404/2344/3 1401/2345/3
f 1408/2346/3 1405/2347/3 1407/2348/3
f 1418/2349/3 1407/2350/3 1417/2351/3
f 1409/2352/3 1418/2353/3 1426/2354/3
f 1409/2355/3 1406/2356/3 1408/2357/3
f 1409/2358/3 1426/2359/3 1427/2360/3
f 1403/2341/3 1411/2361/3 1400/2342/3
f 1402/2362/3 1412/2363/3 1403/2332/3
f 1414/2364/2 1415/2365/2 1413/2366/2
f 1421/2367/2 1416/2368/2 1414/2369/2
f 1420/2370/2 1417/2371/2 1419/2372/2
f 1422/2373/2 1419/2374/2 1421/2375/2
f 1423/2376/2 1422/2377/2 1424/2378/2
f 1423/2379/2 1418/2380/2 1420/2381/2
f 1423/2382/2 1424/2383/2 1425/2384/2
f 1407/2385/3 1433/2331/3 1404/2333/3
f 1415/2365/2 1428/2386/2 1413/2366/2
f 1400/2387/2 1429/2388/2 1415/2389/2
f 1433/2390/4 1431/2391/4 1432/2392/4
f 1405/2393/4 1434/2394/4 1433/2395/4
f 1436/2396/4 1405/2397/4 1438/2398/4
f 1439/2399/4 1441/2400/4 1437/2401/4
f 1441/2402/4 1440/2403/4 1437/2404/4
f 1441/2402/1 1427/2360/1 1399/2337/1
f 1440/2405/4 1435/2406/4 1437/2407/4
f 1394/2408/5 1424/2409/5 1421/2410/5
f 1434/2411/4 1392/2412/4 1391/2413/4
f 1394/2408/5 1414/2414/5 1393/2415/5
f 1419/2416/2 1401/2417/2 1416/2418/2
f 1415/2389/2 1401/2417/2 1400/2387/2
f 1414/2414/5 1390/2419/5 1393/2415/5
f 1434/2411/4 1430/2420/4 1431/2421/4
f 1450/2422/3 1477/2423/3 1449/2424/3
f 1503/2425/3 1449/2426/3 1489/2427/3
f 1443/2428/3 1450/2429/3 1444/2430/3
f 1447/2431/3 1508/2432/3 1509/2433/3
f 1524/2434/3 1443/2435/3 1445/2436/3
f 1447/2437/3 1445/2438/3 1448/2439/3
f 1451/2440/4 1452/2441/4 1457/2442/4
f 1463/2443/5 1459/2444/5 1460/2445/5
f 1456/2446/3 1457/2447/3 1453/2448/3
f 1454/2449/3 1452/2450/3 1455/2451/3
f 1457/2452/4 1472/2453/4 1451/2454/4
f 1474/2455/1 1461/2456/1 1471/2457/1
f 1470/2458/4 1467/2459/4 1468/2460/4
f 1540/2461/6 1469/2462/6 1464/2463/6
f 1465/2464/4 1469/2465/4 1462/2466/4
f 1465/2464/5 1464/2467/5 1466/2468/5
f 1540/2469/6 1455/2470/6 1468/2460/6
f 1462/2471/4 1468/2472/4 1467/2473/4
f 1451/2474/4 1472/2475/4 1471/2476/4
f 1473/2477/4 1465/2478/4 1462/2479/4
f 1474/2480/1 1472/2481/1 1456/2482/1
f 1496/2483/6 1480/2484/6 1479/2485/6
f 1482/2486/6 1481/2487/6 1483/2488/6
f 1496/2489/6 1481/2490/6 1495/2491/6
f 1491/2492/6 1484/2493/6 1485/2494/6
f 1487/2495/6 1476/2496/6 1478/2497/6
f 1487/2498/6 1492/2499/6 1475/2500/6
f 1500/2501/6 1497/2502/6 1496/2503/6
f 1495/2504/6 1494/2505/6 1499/2506/6
f 1493/2507/6 1486/2508/6 1491/2509/6
f 1482/2510/6 1484/2511/6 1486/2512/6
f 1492/2513/6 1489/2514/6 1477/2515/6
f 1490/2516/6 1521/2517/6 1493/2518/6
f 1494/2519/6 1516/2520/6 1499/2521/6
f 1487/2522/6 1480/2523/6 1497/2524/6
f 1505/2525/2 1489/2526/2 1488/2527/2
f 1505/2528/2 1504/2529/2 1507/2530/2
f 1512/2531/2 1527/2532/2 1507/2533/2
f 1507/2534/2 1509/2535/2 1508/2536/2
f 1511/2537/2 1512/2538/2 1513/2539/2
f 1518/2540/2 1507/2533/2 1504/2541/2
f 1513/2539/2 1518/2542/2 1517/2543/2
f 1515/2544/2 1516/2545/2 1521/2546/2
f 1518/2547/2 1504/2548/2 1488/2549/2
f 1513/2550/2 1517/2551/2 1506/2552/2
f 1514/2553/2 1513/2554/2 1520/2555/2
f 1514/2553/5 1519/2556/5 1537/2557/5
f 1538/2558/5 1520/2559/5 1515/2560/5
f 1538/2561/5 1521/2562/5 1490/2563/5
f 1523/2564/1 1446/2565/1 1447/2437/1
f 1511/2537/1 1534/2566/1 1510/2567/1
f 1537/2557/1 1511/2568/1 1514/2553/1
f 1510/2569/1 1525/2570/1 1527/2532/1
f 1509/2433/1 1523/2571/1 1447/2431/1
f 1524/2434/1 1446/2572/1 1522/2573/1
f 1477/2574/4 1530/2575/4 1476/2576/4
f 1532/2577/4 1529/2578/4 1530/2579/4
f 1525/2570/4 1535/2580/4 1532/2581/4
f 1524/2582/4 1532/2583/4 1533/2584/4
f 1535/2585/4 1528/2586/4 1536/2587/4
f 1532/2581/4 1540/2588/4 1529/2589/4
f 1540/2590/4 1536/2587/4 1539/2591/4
f 1485/2592/4 1538/2593/4 1490/2594/4
f 1476/2595/4 1530/2596/4 1529/2597/4
f 1519/2598/4 1538/2599/4 1531/2600/4
f 1536/2601/4 1537/2557/4 1519/2556/4
f 1547/2602/2 1541/2603/2 1549/2604/2
f 1564/2605/3 1544/2606/3 1543/2607/3
f 1543/2607/4 1552/2608/4 1568/2609/4
f 1566/2610/5 1553/2611/5 1541/2612/5
f 1547/2613/2 1557/2614/2 1548/2615/2
f 1553/2616/5 1557/2617/5 1549/2618/5
f 1563/2619/3 1547/2613/3 1548/2615/3
f 1555/2620/4 1544/2621/4 1561/2622/4
f 1552/2623/5 1551/2624/5 1545/2625/5
f 1551/2626/5 1554/2627/5 1559/2628/5
f 1555/2629/5 1554/2630/5 1551/2631/5
f 1550/2632/5 1558/2633/5 1557/2634/5
f 1548/2635/2 1558/2636/2 1560/2637/2
f 1560/2637/1 1559/2638/1 1554/2639/1
f 1561/2640/3 1560/2637/3 1562/2641/3
f 1555/2629/4 1562/2641/4 1556/2642/4
f 1542/2643/3 1563/2644/3 1573/2645/3
f 1573/2646/3 1565/2647/3 1564/2648/3
f 1568/2609/5 1552/2608/5 1545/2649/5
f 1566/2650/5 1567/2651/5 1568/2652/5
f 1569/2653/2 1542/2654/2 1571/2655/2
f 1568/2652/4 1572/2656/4 1543/2657/4
f 1571/2655/3 1542/2654/3 1573/2658/3
f 1578/2659/3 1571/2655/3 1572/2656/3
f 1575/2660/6 1576/2661/6 1577/2662/6
f 1574/2663/4 1572/2656/4 1567/2651/4
f 1577/2662/2 1569/2653/2 1571/2655/2
f 1576/2664/5 1570/2665/5 1569/2666/5
f 1575/2667/5 1567/2651/5 1570/2668/5
f 1579/2669/5 1580/2670/5 1619/2671/5
f 1582/2672/5 1581/2673/5 1580/2674/5
f 1581/2675/5 1584/2676/5 1586/2677/5
f 1592/2678/3 1622/2679/3 1593/2680/3
f 1585/2681/5 1588/2682/5 1587/2683/5
f 1613/2684/5 1588/2685/5 1585/2686/5
f 1592/2687/3 1590/2688/3 1589/2689/3
f 1593/2690/3 1606/2691/3 1590/2692/3
f 1594/2693/3 1597/2694/3 1596/2695/3
f 1596/2696/3 1607/2697/3 1606/2698/3
f 1607/2699/3 1598/2700/3 1615/2701/3
f 1595/2702/3 1598/2703/3 1597/2704/3
f 1616/2705/3 1615/2706/3 1598/2707/3
f 1600/2708/3 1592/2687/3 1589/2689/3
f 1592/2678/3 1621/2709/3 1591/2710/3
f 1604/2711/4 1603/2712/4 1602/2713/4
f 1605/2714/4 1610/2715/4 1603/2716/4
f 1606/2717/4 1609/2718/4 1608/2719/4
f 1608/2720/4 1611/2721/4 1610/2722/4
f 1611/2723/4 1612/2724/4 1613/2725/4
f 1607/2726/4 1612/2727/4 1609/2728/4
f 1614/2729/4 1613/2730/4 1612/2731/4
f 1622/2679/3 1596/2732/3 1593/2680/3
f 1617/2733/4 1604/2711/4 1602/2713/4
f 1618/2734/4 1589/2735/4 1604/2736/4
f 1620/2737/2 1622/2738/2 1621/2739/2
f 1623/2740/2 1594/2741/2 1622/2742/2
f 1594/2743/2 1625/2744/2 1627/2745/2
f 1626/2746/2 1630/2747/2 1628/2748/2
f 1629/2749/2 1630/2750/2 1626/2751/2
f 1588/2685/1 1616/2705/1 1630/2750/1
f 1624/2752/2 1629/2753/2 1626/2754/2
f 1613/2755/5 1583/2756/5 1610/2757/5
f 1581/2758/2 1623/2759/2 1580/2760/2
f 1603/2761/5 1583/2756/5 1582/2762/5
f 1590/2763/4 1608/2764/4 1605/2765/4
f 1590/2763/4 1604/2736/4 1589/2735/4
f 1579/2766/5 1603/2761/5 1582/2762/5
f 1619/2767/2 1623/2759/2 1620/2768/2
f 1632/2769/6 1645/2770/6 1643/2771/6
f 1652/2772/3 1643/2773/3 1633/2774/3
f 1631/2775/4 1649/2776/4 1641/2777/4
f 1642/2778/5 1638/2779/5 1639/2780/5
f 1646/2781/4 1647/2782/4 1636/2783/4
f 1642/2784/4 1646/2785/4 1648/2786/4
f 1639/2787/5 1638/2788/5 1637/2789/5
f 1637/2790/1 1651/2791/1 1650/2792/1
f 1650/2793/1 1635/2794/1 1634/2795/1
f 1631/2775/6 1644/2796/6 1632/2797/6
f 1651/2798/1 1636/2783/1 1635/2794/1
f 1638/2799/1 1646/2800/1 1651/2791/1
f 1642/2801/5 1644/2796/5 1641/2777/5
f 1636/2783/3 1652/2772/3 1635/2794/3
f 1652/2802/3 1631/2775/3 1632/2803/3
f 1640/2804/2 1650/2793/2 1633/2774/2
f 1654/2805/3 1664/2806/3 1665/2807/3
f 1654/2808/1 1668/2809/1 1667/2810/1
f 1662/2811/5 1657/2812/5 1656/2813/5
f 1659/2814/5 1658/2815/5 1655/2816/5
f 1662/2817/6 1666/2818/6 1661/2819/6
f 1657/2820/2 1668/2809/2 1664/2821/2
f 1653/2822/3 1666/2823/3 1664/2824/3
f 1667/2810/1 1655/2825/1 1658/2826/1
f 1662/2811/5 1660/2827/5 1659/2828/5
f 1675/2829/3 1672/2830/3 1673/2831/3
f 1671/2832/1 1669/2833/1 1675/2829/1
f 1669/2833/4 1674/2834/4 1672/2830/4
f 1671/2835/5 1674/2836/5 1670/2837/5
f 1673/2831/6 1674/2838/6 1679/2839/6
f 1680/2840/3 1673/2841/3 1677/2842/3
f 1675/2843/1 1683/2844/1 1671/2845/1
f 1671/2846/5 1686/2847/5 1679/2848/5
f 1678/2849/6 1673/2841/6 1679/2850/6
f 1681/2851/3 1677/2852/3 1684/2853/3
f 1689/2854/5 1691/2855/5 1688/2856/5
f 1682/2857/1 1676/2858/1 1683/2859/1
f 1684/2853/6 1678/2860/6 1685/2861/6
f 1683/2862/1 1681/2851/1 1682/2863/1
f 1685/2864/6 1686/2865/6 1691/2866/6
f 1689/2854/2 1690/2867/2 1692/2868/2
f 1689/2869/1 1688/2870/1 1682/2871/1
f 1676/2872/5 1691/2873/5 1686/2874/5
f 1685/2875/6 1691/2876/6 1692/2877/6
f 1687/2878/3 1684/2879/3 1690/2867/3
f 1716/2880/4 1694/2881/4 1695/2882/4
f 1695/2882/1 1696/2883/1 1733/2884/1
f 1696/2883/3 1694/2881/3 1718/2885/3
f 1712/2886/4 1715/2887/4 1717/2888/4
f 1700/2889/1 1733/2890/1 1697/2891/1
f 1702/2892/2 1746/2893/2 1750/2894/2
f 1708/2895/1 1704/2896/1 1709/2897/1
f 1704/2898/2 1707/2899/2 1729/2900/2
f 1708/2901/1 1731/2902/1 1730/2903/1
f 1698/2904/1 1697/2905/1 1708/2906/1
f 1707/2899/3 1706/2907/3 1705/2908/3
f 1698/2909/1 1702/2910/1 1701/2911/1
f 1734/2912/5 1699/2913/5 1753/2914/5
f 1699/2915/1 1700/2916/1 1701/2917/1
f 1749/2918/5 1754/2919/5 1711/2920/5
f 1703/2921/2 1744/2922/2 1746/2923/2
f 1735/2924/4 1734/2925/4 1737/2926/4
f 1713/2927/3 1715/2928/3 1720/2929/3
f 1718/2930/3 1717/2931/3 1713/2932/3
f 1721/2933/3 1713/2934/3 1719/2935/3
f 1719/2936/3 1720/2937/3 1725/2938/3
f 1705/2939/3 1725/2940/3 1723/2941/3
f 1726/2942/6 1727/2943/6 1724/2944/6
f 1731/2945/1 1696/2946/1 1706/2947/1
f 1740/2948/5 1741/2949/5 1742/2950/5
f 1755/2951/5 1752/2952/5 1751/2953/5
f 1735/2954/4 1712/2955/4 1716/2956/4
f 1737/2957/5 1741/2958/5 1736/2959/5
f 1714/2960/4 1715/2928/4 1712/2961/4
f 1720/2937/6 1755/2962/6 1722/2963/6
f 1751/2964/5 1748/2965/5 1755/2966/5
f 1720/2929/6 1740/2967/6 1742/2968/6
f 1744/2969/6 1724/2970/6 1743/2971/6
f 1709/2972/2 1726/2973/2 1744/2974/2
f 1746/2893/6 1747/2975/6 1750/2976/6
f 1755/2977/6 1748/2978/6 1747/2979/6
f 1711/2920/2 1750/2980/2 1749/2918/2
f 1750/2981/6 1748/2982/6 1749/2983/6
f 1744/2922/6 1745/2984/6 1746/2985/6
f 1738/2986/5 1752/2987/5 1741/2988/5
f 1723/2989/3 1722/2990/3 1727/2991/3
f 1653/2992/4 1667/2810/4 1660/2993/4
f 1770/2994/6 1757/2995/6 1768/2996/6
f 1758/2997/3 1757/2998/3 1777/2999/3
f 1766/3000/2 1774/3001/2 1756/3002/2
f 1763/3003/5 1767/3004/5 1764/3005/5
f 1772/3006/2 1771/3007/2 1761/3008/2
f 1771/3009/2 1767/3010/2 1773/3011/2
f 1764/3012/5 1769/3013/5 1770/2994/5
f 1776/3014/1 1762/3015/1 1775/3016/1
f 1760/3017/1 1775/3018/1 1759/3019/1
f 1769/3020/6 1756/3002/6 1757/3021/6
f 1761/3008/1 1776/3022/1 1760/3017/1
f 1771/3023/1 1763/3024/1 1776/3014/1
f 1769/3020/5 1767/3025/5 1766/3000/5
f 1777/2999/3 1761/3008/3 1760/3017/3
f 1756/3002/3 1777/3026/3 1757/3027/3
f 1758/2997/4 1775/3018/4 1765/3028/4
f 1789/3029/3 1779/3030/3 1790/3031/3
f 1793/3032/1 1779/3033/1 1792/3034/1
f 1782/3035/5 1787/3036/5 1781/3037/5
f 1783/3038/5 1785/3039/5 1784/3040/5
f 1791/3041/6 1781/3042/6 1787/3043/6
f 1789/3044/4 1793/3032/4 1782/3045/4
f 1791/3046/3 1778/3047/3 1789/3048/3
f 1780/3049/1 1792/3034/1 1783/3050/1
f 1785/3051/5 1787/3036/5 1784/3052/5
f 1797/3053/3 1800/3054/3 1798/3055/3
f 1794/3056/1 1796/3057/1 1800/3054/1
f 1799/3058/2 1794/3056/2 1797/3053/2
f 1799/3059/5 1796/3060/5 1795/3061/5
f 1799/3062/6 1798/3055/6 1804/3063/6
f 1798/3064/3 1805/3065/3 1802/3066/3
f 1796/3067/1 1808/3068/1 1800/3069/1
f 1811/3070/5 1796/3071/5 1804/3072/5
f 1798/3064/6 1802/3066/6 1803/3073/6
f 1802/3074/3 1806/3075/3 1809/3076/3
f 1816/3077/5 1814/3078/5 1813/3079/5
f 1808/3080/1 1813/3081/1 1807/3082/1
f 1803/3083/6 1809/3076/6 1810/3084/6
f 1806/3075/1 1808/3085/1 1807/3086/1
f 1811/3087/6 1810/3088/6 1816/3089/6
f 1815/3090/4 1814/3078/4 1817/3091/4
f 1807/3092/1 1813/3093/1 1814/3094/1
f 1816/3095/5 1801/3096/5 1811/3097/5
f 1817/3098/6 1816/3099/6 1810/3100/6
f 1809/3101/3 1812/3102/3 1815/3090/3
f 1860/3103/2 1859/3104/2 1824/3105/2
f 1858/3106/1 1820/3107/1 1818/3108/1
f 1843/3109/3 1819/3110/3 1821/3111/3
f 1841/3112/2 1819/3113/2 1842/3114/2
f 1825/3115/1 1826/3116/1 1823/3117/1
f 1871/3118/4 1827/3119/4 1875/3120/4
f 1829/3121/1 1833/3122/1 1834/3123/1
f 1854/3124/4 1832/3125/4 1829/3126/4
f 1856/3127/1 1833/3128/1 1855/3129/1
f 1833/3130/1 1822/3131/1 1823/3132/1
f 1830/3133/3 1831/3134/3 1832/3125/3
f 1827/3135/1 1823/3136/1 1826/3137/1
f 1863/3138/5 1878/3139/5 1859/3140/5
f 1825/3141/1 1818/3142/1 1824/3143/1
f 1836/3144/5 1879/3145/5 1874/3146/5
f 1869/3147/4 1828/3148/4 1871/3149/4
f 1862/3150/2 1859/3151/2 1860/3152/2
f 1845/3153/3 1840/3154/3 1838/3155/3
f 1842/3156/3 1843/3157/3 1838/3158/3
f 1838/3159/3 1846/3160/3 1844/3161/3
f 1844/3162/3 1846/3163/3 1857/3164/3
f 1850/3165/3 1830/3166/3 1848/3167/3
f 1851/3168/6 1852/3169/6 1853/3170/6
f 1821/3171/1 1858/3172/1 1856/3173/1
f 1867/3174/5 1866/3175/5 1865/3176/5
f 1876/3177/5 1877/3178/5 1880/3179/5
f 1837/3180/2 1860/3181/2 1841/3182/2
f 1866/3183/5 1862/3184/5 1861/3185/5
f 1839/3186/2 1865/3187/2 1864/3188/2
f 1880/3189/6 1845/3190/6 1847/3191/6
f 1873/3192/5 1876/3193/5 1880/3194/5
f 1865/3195/6 1845/3153/6 1867/3196/6
f 1869/3197/6 1849/3198/6 1851/3199/6
f 1851/3199/4 1834/3200/4 1869/3201/4
f 1875/3202/6 1870/3203/6 1871/3118/6
f 1868/3204/6 1847/3205/6 1849/3206/6
f 1875/3207/4 1836/3144/4 1874/3146/4
f 1874/3208/6 1872/3209/6 1875/3210/6
f 1870/3211/6 1869/3147/6 1871/3212/6
f 1877/3213/5 1863/3214/5 1866/3215/5
f 1852/3216/3 1850/3217/3 1848/3218/3
f 1778/3219/2 1785/3039/2 1792/3034/2
f 1881/3220/4 1882/3221/4 1887/3222/4
f 1893/3223/3 1889/3224/3 1890/3225/3
f 1886/3226/5 1887/3227/5 1883/3228/5
f 1884/3229/5 1882/3230/5 1885/3231/5
f 1887/3232/4 1902/3233/4 1881/3234/4
f 1904/3235/6 1891/3236/6 1901/3237/6
f 1900/3238/4 1897/3239/4 1898/3240/4
f 1905/3241/1 1899/3242/1 1894/3243/1
f 1895/3244/4 1899/3245/4 1892/3246/4
f 1895/3244/3 1894/3247/3 1896/3248/3
f 1905/3249/1 1885/3250/1 1898/3240/1
f 1892/3251/4 1898/3252/4 1897/3253/4
f 1881/3254/4 1902/3255/4 1901/3256/4
f 1903/3257/4 1895/3258/4 1892/3259/4
f 1904/3260/6 1902/3261/6 1886/3262/6
f 1906/3263/2 1907/3264/2 1925/3265/2
f 1915/3266/3 1914/3267/3 1918/3268/3
f 1908/3269/5 1912/3270/5 1911/3271/5
f 1907/3272/5 1909/3273/5 1910/3274/5
f 1927/3275/2 1912/3276/2 1906/3277/2
f 1916/3278/6 1929/3279/6 1926/3280/6
f 1923/3281/2 1922/3282/2 1925/3283/2
f 1919/3284/1 1924/3285/1 1930/3286/1
f 1924/3287/2 1920/3288/2 1917/3289/2
f 1920/3288/3 1919/3290/3 1918/3291/3
f 1910/3292/1 1930/3293/1 1923/3281/1
f 1923/3294/2 1917/3295/2 1922/3296/2
f 1906/3297/2 1928/3298/2 1926/3299/2
f 1920/3300/2 1928/3301/2 1917/3302/2
f 1911/3303/6 1927/3304/6 1929/3305/6
f 3/1/1 31/3306/1 1/2/1
f 2/4/1 9/3307/1 4/5/1
f 5/7/1 7/3308/1 8/8/1
f 2/10/1 5/3309/1 6/11/1
f 13/3310/2 10/14/2 23/13/2
f 10/14/2 11/3311/2 31/15/2
f 20/16/2 17/3312/2 18/17/2
f 10/19/2 13/3313/2 14/20/2
f 15/22/2 16/29/2 11/23/2
f 18/25/2 15/3314/2 12/26/2
f 19/28/2 1/3315/2 16/29/2
f 17/3316/2 99/3317/2 18/32/2
f 99/3317/2 19/30/2 18/32/2
f 23/18/3 36/3318/3 21/33/3
f 22/34/3 62/3319/3 21/35/3
f 35/3320/3 54/38/3 22/37/3
f 54/38/3 55/3321/3 27/39/3
f 25/40/3 26/3322/3 24/41/3
f 56/43/3 29/3323/3 27/44/3
f 57/46/3 30/3324/3 29/47/3
f 34/51/3 4/3325/3 59/49/3
f 4/3325/3 30/3326/3 57/3327/3
f 57/3327/3 59/49/3 4/3325/3
f 32/52/3 26/3328/3 25/53/3
f 33/55/3 34/3329/3 61/56/3
f 38/3330/3 43/3331/3 39/3332/3
f 43/3331/3 37/3333/3 36/60/3
f 42/58/3 54/3334/3 35/59/3
f 40/3335/3 38/3330/3 39/3332/3
f 43/3331/3 36/60/3 39/3332/3
f 37/3333/3 42/58/3 36/60/3
f 41/61/3 49/3336/3 42/62/3
f 47/64/3 44/3337/3 43/65/3
f 39/3338/3 24/3339/3 40/68/3
f 24/3339/3 26/69/3 40/68/3
f 26/69/3 32/3340/3 45/67/3
f 32/3340/3 46/3341/3 45/67/3
f 47/72/3 52/3342/3 53/70/3
f 52/3342/3 60/3343/3 53/70/3
f 58/73/3 50/3344/3 48/74/3
f 44/76/3 41/3345/3 37/77/3
f 38/3346/3 40/3347/3 47/81/3
f 40/3347/3 45/79/3 47/81/3
f 53/84/3 48/3348/3 41/82/3
f 48/3348/3 50/3349/3 41/82/3
f 50/3349/3 49/3350/3 41/82/3
f 42/3351/3 49/3352/3 54/86/3
f 49/3352/3 50/87/3 54/86/3
f 58/3353/3 59/3354/3 57/3355/3
f 50/87/3 58/3353/3 55/85/3
f 58/3353/3 57/3355/3 56/3356/3
f 56/3356/3 55/85/3 58/3353/3
f 52/89/3 45/3357/3 46/3358/3
f 61/90/3 59/3359/3 51/3360/3
f 59/3359/3 58/3361/3 51/3360/3
f 52/89/3 46/3358/3 61/90/3
f 51/3360/3 60/88/3 61/90/3
f 28/3362/3 31/3363/3 32/93/3
f 31/3363/3 33/91/3 32/93/3
f 60/94/3 51/3364/3 48/95/3
f 67/3365/4 66/3366/4 65/3367/4
f 66/3366/4 62/97/4 64/99/4
f 65/3367/4 66/3366/4 64/99/4
f 62/97/4 29/3368/4 63/3369/4
f 29/3368/4 77/3370/4 76/3371/4
f 63/3369/4 29/3368/4 72/3372/4
f 76/3371/4 72/3372/4 29/3368/4
f 63/3369/4 71/3373/4 70/98/4
f 73/3374/4 68/3375/4 65/3367/4
f 64/99/4 73/3374/4 65/3367/4
f 62/97/4 63/3369/4 70/98/4
f 76/100/4 75/3376/4 74/101/4
f 67/105/4 65/3377/4 68/103/4
f 68/103/4 69/3378/4 8/104/4
f 72/106/4 74/3379/4 71/107/4
f 4/3380/4 69/114/4 77/113/4
f 69/114/4 68/3381/4 75/112/4
f 68/3381/4 73/3382/4 75/112/4
f 73/3382/4 71/3383/4 74/3384/4
f 74/3384/4 75/112/4 73/3382/4
f 77/113/4 29/3385/4 4/3380/4
f 70/115/4 71/3386/4 73/116/4
f 67/3387/5 79/3388/5 66/120/5
f 79/3388/5 78/118/5 66/120/5
f 81/3389/5 80/3390/5 99/119/5
f 78/118/5 81/3389/5 99/119/5
f 95/121/5 93/3391/5 92/122/5
f 96/3392/5 95/125/5 8/8/5
f 95/125/5 91/3393/5 67/124/5
f 91/3393/5 79/3394/5 67/124/5
f 91/3395/5 92/127/5 79/126/5
f 92/127/5 83/3396/5 78/128/5
f 81/129/5 82/3397/5 1/130/5
f 89/3398/5 97/3399/5 90/134/5
f 97/3399/5 82/132/5 90/134/5
f 81/137/5 78/3400/5 83/135/5
f 83/135/5 84/3401/5 94/136/5
f 89/138/5 90/3402/5 86/139/5
f 92/3403/5 93/143/5 84/142/5
f 93/143/5 88/3404/5 85/141/5
f 92/3403/5 84/142/5 83/3405/5
f 88/3404/5 86/3406/5 85/141/5
f 85/144/5 87/3407/5 94/145/5
f 93/3408/5 95/3409/5 88/149/5
f 95/3409/5 96/147/5 88/149/5
f 96/147/5 97/3410/5 89/148/5
f 85/3411/5 86/151/5 87/150/5
f 86/151/5 90/3412/5 98/152/5
f 101/153/6 99/3413/6 20/154/6
f 100/156/6 105/3414/6 66/157/6
f 102/159/6 104/3415/6 62/160/6
f 100/162/6 102/3416/6 103/163/6
f 131/165/7 130/3417/7 106/166/7
f 107/3418/7 109/3419/7 131/170/7
f 109/3419/7 114/168/7 131/170/7
f 146/173/8 147/3420/8 107/167/8
f 107/167/8 106/166/8 146/173/8
f 106/166/8 123/171/8 146/173/8
f 113/174/9 114/178/9 111/175/9
f 112/177/7 129/3421/7 114/178/7
f 115/180/9 111/3422/9 114/168/9
f 114/168/9 109/3419/9 116/179/9
f 109/3419/9 108/3423/9 155/3424/9
f 155/3424/9 116/179/9 109/3419/9
f 121/181/7 122/3425/7 117/3426/7
f 118/182/7 126/3427/7 128/183/7
f 121/181/7 117/3426/7 118/182/7
f 126/185/10 118/3428/10 120/3429/10
f 118/3428/10 119/3430/10 120/3429/10
f 120/3429/10 124/186/10 126/185/10
f 124/186/10 125/3431/10 127/184/10
f 117/187/10 132/3432/10 119/188/10
f 112/190/7 122/3433/7 121/191/7
f 120/193/10 133/3434/10 135/194/10
f 131/198/7 129/3435/7 128/196/7
f 129/3435/7 121/3436/7 128/196/7
f 130/201/7 128/3437/7 127/3438/7
f 128/3437/7 126/3439/7 127/3438/7
f 127/3438/7 123/199/7 130/201/7
f 124/202/10 135/3440/10 145/203/10
f 144/205/11 143/3441/11 139/206/11
f 133/209/10 120/3442/10 119/3443/10
f 119/3443/10 132/210/10 133/209/10
f 132/210/10 136/3444/10 134/208/10
f 136/3444/10 137/3445/10 134/208/10
f 142/213/10 134/3446/10 137/3447/10
f 137/3447/10 138/3448/10 142/213/10
f 138/3448/10 139/211/10 142/213/10
f 140/214/12 148/3449/12 139/215/12
f 135/219/10 133/3450/10 134/3451/10
f 134/3451/10 142/217/10 135/219/10
f 141/220/8 143/3452/8 144/221/8
f 141/220/10 123/171/10 125/223/10
f 123/171/10 127/3453/10 125/223/10
f 142/3454/10 143/3455/10 145/224/10
f 143/3455/10 141/220/10 145/224/10
f 150/225/8 147/3456/8 146/3457/8
f 146/3457/8 144/226/8 150/225/8
f 144/226/11 148/3458/11 149/227/11
f 140/228/12 158/3459/12 149/229/12
f 108/233/8 109/3460/8 107/3461/8
f 107/3461/8 147/3462/8 108/233/8
f 147/3462/8 150/231/8 108/233/8
f 108/3463/9 151/236/9 155/235/9
f 151/236/9 153/3464/9 152/234/9
f 153/3464/9 157/3465/9 152/234/9
f 153/239/8 151/3466/8 150/3467/8
f 150/3467/70 149/237/70 153/239/70
f 159/240/12 154/3468/12 149/241/12
f 116/3469/9 155/3470/9 156/245/9
f 155/3470/9 152/243/9 156/245/9
f 152/243/9 163/3471/9 161/244/9
f 160/246/9 156/3472/9 161/247/9
f 164/249/9 161/3473/9 163/250/9
f 153/3474/9 154/3475/9 157/253/9
f 154/3475/9 159/254/9 157/253/9
f 159/254/9 166/3476/9 165/252/9
f 157/257/9 165/3477/9 163/255/9
f 165/3477/9 162/3478/9 163/255/9
f 115/3479/9 160/3480/9 111/3481/9
f 160/3480/9 164/3482/9 110/259/9
f 162/260/9 165/3483/9 167/258/9
f 165/3483/9 166/263/9 167/258/9
f 160/3480/9 110/259/9 111/3481/9
f 164/3482/9 162/260/9 110/259/9
f 112/261/15 113/3484/15 110/259/15
f 110/259/15 167/258/15 136/3444/15
f 136/3444/15 132/262/15 110/259/15
f 132/262/15 117/3426/15 122/3433/15
f 112/261/15 132/262/15 122/3433/15
f 158/265/16 140/3485/16 137/3486/16
f 140/3485/16 138/3487/16 137/3486/16
f 137/3486/16 136/3488/16 166/263/16
f 158/265/16 137/3486/16 166/263/16
f 136/3488/16 167/258/16 166/263/16
f 160/266/9 115/3489/9 116/267/9
f 193/269/17 169/275/17 168/270/17
f 176/274/17 171/3490/17 193/272/17
f 171/3490/17 169/3491/17 193/272/17
f 208/277/18 203/3492/18 168/270/18
f 203/3492/18 185/3493/18 168/270/18
f 168/270/18 169/275/18 208/277/18
f 173/278/19 176/281/19 175/279/19
f 176/281/17 191/3494/17 174/282/17
f 177/284/19 178/3495/19 176/274/19
f 178/3495/19 217/3496/19 171/3490/19
f 176/274/19 178/3495/19 171/3490/19
f 217/3496/19 170/3497/19 171/3490/19
f 183/287/17 190/3498/17 180/3499/17
f 190/3498/17 188/3500/17 180/3499/17
f 180/3499/17 179/285/17 183/287/17
f 188/289/20 189/3501/20 187/3502/20
f 187/3502/20 186/3503/20 188/289/20
f 186/3503/20 182/290/20 188/289/20
f 182/290/20 181/3504/20 180/288/20
f 179/291/20 180/3505/20 181/292/20
f 174/294/17 191/3506/17 183/295/17
f 197/297/20 195/3507/20 182/298/20
f 183/3508/17 191/3509/17 190/302/17
f 191/3509/17 193/300/17 190/302/17
f 188/3510/17 190/3511/17 189/305/17
f 190/3511/17 192/303/17 189/305/17
f 192/303/17 168/3512/17 185/304/17
f 207/306/20 197/3513/20 186/307/20
f 210/309/21 201/3514/21 205/310/21
f 181/3515/20 182/3516/20 195/3517/20
f 196/314/20 199/3518/20 198/312/20
f 181/3515/20 195/3517/20 194/313/20
f 195/3517/20 196/314/20 194/313/20
f 199/316/20 196/3519/20 204/317/20
f 204/317/20 205/3520/20 201/3521/20
f 201/3521/20 200/315/20 204/317/20
f 201/318/22 210/3522/22 202/319/22
f 197/323/20 207/3523/20 204/3524/20
f 204/3524/20 196/321/20 197/323/20
f 206/324/18 205/3525/18 203/325/18
f 185/3493/20 203/325/20 189/3526/20
f 203/325/20 205/3527/20 207/327/20
f 189/3526/20 203/325/20 187/328/20
f 205/3527/20 204/3528/20 207/327/20
f 212/331/71 211/3529/71 206/3530/71
f 211/3529/21 210/3531/21 206/3530/21
f 206/3530/18 208/329/18 212/331/18
f 202/332/22 210/3532/22 211/333/22
f 170/335/18 213/3533/18 212/3534/18
f 209/336/18 169/3535/18 171/337/18
f 170/335/18 212/3534/18 209/336/18
f 215/340/19 213/3536/19 214/338/19
f 213/3536/19 170/3537/19 217/3538/19
f 214/338/19 213/3536/19 217/3538/19
f 212/343/18 213/3539/18 215/341/18
f 215/341/72 216/3540/72 211/342/72
f 211/344/22 216/3541/22 221/345/22
f 214/349/19 217/3542/19 218/3543/19
f 217/3542/19 178/3544/19 218/3543/19
f 218/3543/19 223/347/19 214/349/19
f 223/350/19 218/3545/19 222/351/19
f 225/353/19 223/3546/19 226/354/19
f 221/358/19 216/3547/19 219/3548/19
f 216/3547/19 215/3549/19 219/3548/19
f 219/3548/19 227/356/19 221/358/19
f 224/3550/19 227/3551/19 225/361/19
f 227/3551/19 219/359/19 225/361/19
f 226/364/19 222/3552/19 172/362/19
f 222/3552/19 177/3553/19 173/3554/19
f 172/362/19 222/3552/19 173/3554/19
f 172/362/19 229/3555/19 224/363/19
f 229/3555/19 228/368/19 227/3556/19
f 224/363/19 229/3555/19 227/3556/19
f 172/362/24 175/3557/24 174/365/24
f 174/365/24 184/296/24 194/366/24
f 184/296/24 179/285/24 194/366/24
f 194/366/24 198/312/24 172/362/24
f 198/312/24 229/3555/24 172/362/24
f 220/367/25 221/3558/25 228/368/25
f 228/368/25 229/3555/25 198/3559/25
f 198/3559/25 199/369/25 228/368/25
f 199/369/25 200/3560/25 202/3561/25
f 220/367/25 199/369/25 202/3561/25
f 222/370/19 218/3562/19 178/371/19
f 231/373/26 249/3563/26 248/374/26
f 232/376/2 239/426/2 237/377/2
f 232/376/26 233/3564/26 249/379/26
f 235/381/27 236/3565/27 241/382/27
f 236/384/2 233/3566/2 237/385/2
f 233/387/26 236/3567/26 235/388/26
f 243/390/4 257/416/4 251/391/4
f 237/395/2 239/3568/2 238/424/2
f 238/424/2 240/393/2 237/395/2
f 238/398/28 242/420/28 246/396/28
f 246/396/28 244/3569/28 240/397/28
f 247/399/4 246/3570/4 242/400/4
f 247/402/4 245/3571/4 244/403/4
f 243/390/4 230/392/4 247/406/4
f 230/392/4 248/3572/4 247/406/4
f 248/3572/4 250/404/4 247/406/4
f 240/393/27 244/3573/27 234/407/27
f 244/3573/27 245/3574/27 234/407/27
f 250/408/27 235/3575/27 234/409/27
f 249/411/26 235/3576/26 250/412/26
f 230/375/26 251/3577/26 252/414/26
f 257/416/29 255/427/29 252/415/29
f 255/427/29 253/423/29 252/415/29
f 256/417/29 254/425/29 255/418/29
f 242/400/4 256/417/4 257/419/4
f 242/420/28 238/398/28 254/421/28
f 231/380/26 252/3578/26 253/423/26
f 238/424/2 239/3568/2 255/418/2
f 239/426/2 232/376/2 253/423/2
f 261/428/2 265/431/2 264/429/2
f 265/431/3 263/433/3 262/432/3
f 263/433/4 259/3579/4 258/434/4
f 330/435/3 329/3580/3 440/436/3
f 299/438/2 267/3581/2 298/439/2
f 273/441/3 274/3582/3 272/442/3
f 266/487/3 267/3583/3 268/3584/3
f 272/3585/3 274/3586/3 276/445/3
f 274/3586/3 275/446/3 276/445/3
f 272/3585/3 276/445/3 266/487/3
f 266/487/3 268/3584/3 272/3585/3
f 273/447/3 280/3587/3 275/448/3
f 269/450/3 281/3588/3 272/451/3
f 275/453/3 280/3589/3 278/454/3
f 293/456/4 292/3590/4 277/457/4
f 279/459/4 296/3591/4 293/460/4
f 282/464/3 279/459/3 281/462/3
f 279/459/3 278/461/3 280/3592/3
f 280/3592/3 273/3593/3 279/459/3
f 273/3593/3 281/462/3 279/459/3
f 269/463/3 299/465/3 282/464/3
f 271/3594/2 301/3595/2 300/466/2
f 301/3595/2 282/464/2 300/466/2
f 299/467/3 269/3596/3 268/468/3
f 289/470/6 287/478/6 283/471/6
f 286/473/1 284/3597/1 288/474/1
f 290/475/2 289/470/2 285/476/2
f 290/475/3 288/474/3 287/478/3
f 276/445/4 277/444/4 292/479/4
f 292/479/4 294/3598/4 291/480/4
f 292/3599/4 293/482/4 294/481/4
f 293/482/4 296/3600/4 295/483/4
f 288/474/4 284/3601/4 283/484/4
f 270/3602/2 298/486/2 297/485/2
f 298/486/2 267/3583/2 266/487/2
f 271/488/2 300/3603/2 298/489/2
f 266/487/6 276/445/6 291/491/6
f 303/493/4 382/3604/4 377/494/4
f 319/496/6 316/521/6 315/497/6
f 377/500/6 305/3605/6 310/499/6
f 310/499/6 304/3606/6 302/495/6
f 305/501/3 377/504/3 308/502/3
f 377/504/4 306/3607/4 364/505/4
f 309/503/6 308/502/6 364/506/6
f 304/508/3 392/3608/3 391/3609/3
f 391/3609/3 303/493/3 304/508/3
f 393/509/3 392/512/3 314/510/3
f 392/512/4 312/3610/4 311/513/4
f 317/511/6 314/510/6 311/514/6
f 317/518/3 401/3611/3 400/516/3
f 401/3611/3 402/3612/3 400/516/3
f 317/519/4 313/3613/4 315/520/4
f 401/522/3 317/519/3 316/521/3
f 320/523/2 401/522/2 319/496/2
f 322/525/2 404/528/2 323/526/2
f 404/528/3 402/3614/3 401/529/3
f 321/530/6 323/526/6 401/529/6
f 326/534/3 405/3615/3 324/532/3
f 405/3615/3 404/3616/3 324/532/3
f 438/3617/2 437/536/2 328/535/2
f 437/536/2 326/534/2 325/533/2
f 324/537/6 404/3616/6 322/538/6
f 332/3618/6 328/3619/6 327/540/6
f 328/3619/6 325/533/6 327/540/6
f 439/541/2 328/544/2 333/542/2
f 328/544/3 332/3620/3 331/545/3
f 330/546/6 333/542/6 331/545/6
f 335/548/3 366/3621/3 334/549/3
f 357/551/4 356/3622/4 354/552/4
f 340/554/3 338/759/3 337/555/3
f 338/557/4 342/3623/4 336/558/4
f 339/556/6 337/555/6 336/560/6
f 345/562/3 336/565/3 347/563/3
f 336/565/4 341/3624/4 343/566/4
f 344/567/3 347/3625/3 346/568/3
f 346/570/4 347/3626/4 343/571/4
f 348/573/4 363/3627/4 350/574/4
f 350/3628/4 362/3629/4 349/578/4
f 362/3629/4 352/3630/4 353/576/4
f 353/576/4 343/3631/4 341/577/4
f 362/3629/4 353/576/4 349/578/4
f 341/577/4 365/3632/4 349/578/4
f 351/579/4 346/3633/4 355/580/4
f 358/3634/4 359/3635/4 360/584/4
f 359/3635/4 356/3636/4 360/584/4
f 357/582/4 353/3637/4 352/583/4
f 356/3636/4 357/582/4 360/584/4
f 353/585/4 357/3638/4 355/586/4
f 362/588/4 361/3639/4 360/589/4
f 307/591/3 364/3640/3 334/592/3
f 360/3641/4 361/595/4 358/594/4
f 361/595/4 372/3642/4 369/596/4
f 370/599/1 369/3643/1 372/597/1
f 372/597/1 373/3644/1 428/598/1
f 428/598/1 429/3645/1 370/599/1
f 371/3646/5 368/744/5 370/602/5
f 368/744/5 367/743/5 359/3647/5
f 370/602/5 368/744/5 358/600/5
f 359/3647/5 358/600/5 368/744/5
f 429/3648/1 422/3649/1 423/3650/1
f 425/3651/1 426/3652/1 370/3653/1
f 426/3652/1 427/603/1 371/605/1
f 425/3651/1 370/3653/1 429/3648/1
f 429/3648/1 423/3650/1 425/3651/1
f 371/605/1 370/3653/1 426/3652/1
f 362/3654/4 350/3655/4 361/607/4
f 350/3655/4 363/608/4 361/607/4
f 363/608/4 373/3656/4 372/606/4
f 348/3657/4 374/610/4 363/609/4
f 374/610/4 375/3658/4 373/611/4
f 334/592/4 364/3659/4 365/614/4
f 364/3659/4 306/3660/4 348/612/4
f 365/614/4 364/3659/4 348/612/4
f 306/3660/4 376/3661/4 374/3662/4
f 374/3662/4 348/612/4 306/3660/4
f 377/3663/4 382/616/4 306/615/4
f 382/616/4 379/3664/4 376/617/4
f 378/620/4 375/3665/4 376/3666/4
f 375/3665/4 374/3667/4 376/3666/4
f 376/3666/4 379/3668/4 378/620/4
f 379/3668/4 383/618/4 378/620/4
f 424/621/1 428/3669/1 373/3670/1
f 375/622/1 378/3671/1 380/623/1
f 424/621/1 373/3670/1 375/622/1
f 380/623/1 418/3672/1 424/621/1
f 303/626/4 384/3673/4 383/624/4
f 383/624/4 379/3674/4 382/625/4
f 390/3675/3 388/628/3 391/627/3
f 388/628/3 384/3673/3 303/626/3
f 385/3676/4 386/630/4 384/629/4
f 386/630/4 381/3677/4 383/631/4
f 394/632/3 389/3678/3 388/633/3
f 389/635/3 385/3679/3 384/636/3
f 392/3680/3 393/3681/3 391/640/3
f 393/3681/3 395/638/3 391/640/3
f 395/638/3 394/3682/3 390/639/3
f 403/641/3 395/3683/3 393/642/3
f 406/646/3 398/3684/3 399/3685/3
f 399/3685/3 397/644/3 406/646/3
f 412/3686/1 411/648/1 399/3687/1
f 411/648/1 410/3688/1 403/649/1
f 394/3689/1 410/3688/1 409/3690/1
f 409/3690/1 387/3691/1 389/3692/1
f 387/3691/1 386/3693/1 385/3694/1
f 389/3692/1 387/3691/1 385/3694/1
f 430/3695/1 412/3686/1 399/3687/1
f 410/3688/1 394/3689/1 395/3696/1
f 394/3689/1 409/3690/1 389/3692/1
f 395/3696/1 403/649/1 410/3688/1
f 411/648/1 397/647/1 399/3687/1
f 399/3687/1 408/3697/1 430/3695/1
f 400/652/3 402/3698/3 396/650/3
f 396/650/3 397/3699/3 403/651/3
f 404/3700/3 405/654/3 402/653/3
f 405/654/3 406/3701/3 396/655/3
f 407/702/3 398/657/3 326/656/3
f 398/657/3 406/3702/3 405/658/3
f 407/661/2 432/3703/2 430/659/2
f 432/3703/2 433/3704/2 430/659/2
f 408/662/3 399/3705/3 398/663/3
f 414/665/1 413/3706/1 409/666/1
f 421/3707/1 416/670/1 411/3708/1
f 416/670/1 415/3709/1 414/668/1
f 411/3708/1 416/670/1 410/669/1
f 415/3709/1 419/3710/1 414/668/1
f 386/3711/1 387/3712/1 381/673/1
f 387/3712/1 380/671/1 381/673/1
f 419/674/1 418/3713/1 413/675/1
f 429/677/1 428/3714/1 424/678/1
f 419/682/1 415/3715/1 423/3716/1
f 422/680/1 424/3717/1 418/681/1
f 419/682/1 423/3716/1 422/680/1
f 427/683/1 426/3718/1 420/684/1
f 434/686/1 420/3719/1 421/687/1
f 413/691/1 418/3720/1 380/3721/1
f 380/3721/1 387/689/1 413/691/1
f 416/692/1 425/3722/1 423/693/1
f 412/695/1 417/3723/1 421/696/1
f 426/3724/1 425/3725/1 420/700/1
f 425/3725/1 416/698/1 420/700/1
f 437/701/2 432/3726/2 407/702/2
f 328/3727/2 439/3728/2 438/705/2
f 439/3728/2 435/703/2 438/705/2
f 430/3729/1 433/3730/1 412/3731/1
f 433/3730/1 431/708/1 417/707/1
f 412/3731/1 433/3730/1 417/707/1
f 435/3732/1 436/3733/1 427/3734/1
f 431/708/1 435/3732/1 434/706/1
f 435/3732/1 427/3734/1 434/706/1
f 437/3735/2 438/3736/2 432/711/2
f 438/3736/2 431/709/2 432/711/2
f 450/714/2 460/3737/2 448/712/2
f 460/3737/2 447/3738/2 448/712/2
f 456/3739/2 453/3740/2 441/717/2
f 453/3740/2 462/715/2 441/717/2
f 441/718/2 445/3741/2 444/719/2
f 445/721/3 443/761/3 442/722/3
f 456/724/6 444/723/6 442/722/6
f 448/728/2 449/3742/2 453/726/2
f 449/3742/2 446/3743/2 453/726/2
f 446/3743/2 462/3744/2 453/726/2
f 461/729/2 449/3745/2 448/730/2
f 450/732/2 452/3746/2 451/733/2
f 451/735/3 454/3747/3 457/736/3
f 453/738/2 456/741/2 451/739/2
f 456/741/3 455/3748/3 454/742/3
f 460/745/2 450/3749/2 458/749/2
f 450/3749/2 459/3750/2 458/749/2
f 458/749/2 367/743/2 460/745/2
f 460/3751/2 368/3752/2 447/3753/2
f 368/3752/2 371/3646/2 461/3754/2
f 447/3753/2 368/3752/2 461/3754/2
f 436/3755/2 435/3756/2 439/746/2
f 446/748/2 449/3757/2 461/3754/2
f 371/3646/2 436/3755/2 446/748/2
f 436/3755/2 439/746/2 446/748/2
f 439/746/2 330/3758/2 462/747/2
f 446/748/2 461/3754/2 371/3646/2
f 459/3750/3 457/750/3 458/749/3
f 457/750/3 463/3759/3 351/579/3
f 463/3759/3 346/3633/3 351/579/3
f 367/753/6 458/3760/6 356/751/6
f 458/3760/6 351/3761/6 354/3762/6
f 354/3762/6 356/751/6 458/3760/6
f 312/754/6 392/3608/6 304/508/6
f 341/758/4 336/3763/4 342/756/4
f 342/756/4 334/3764/4 365/757/4
f 340/554/1 335/548/1 342/550/1
f 441/760/1 440/436/1 443/761/1
f 495/3765/5 464/3766/5 494/764/5
f 464/3766/5 492/762/5 494/764/5
f 483/765/3 467/3767/3 466/766/3
f 482/768/30 466/3768/30 465/769/30
f 483/3769/3 468/772/3 467/771/3
f 468/772/3 471/3770/3 470/773/3
f 493/776/31 492/3771/31 467/771/31
f 492/3771/31 465/3772/31 467/771/31
f 465/3772/31 466/3768/31 467/771/31
f 467/771/31 470/773/31 493/776/31
f 470/773/31 469/774/31 493/776/31
f 486/3773/3 474/780/3 489/779/3
f 474/780/3 471/777/3 489/779/3
f 471/777/3 468/3774/3 479/778/3
f 473/3775/32 472/781/32 474/780/32
f 472/781/32 469/3776/32 471/777/32
f 469/3776/32 470/773/32 471/777/32
f 487/3777/33 464/3766/33 495/782/33
f 495/782/33 477/792/33 473/783/33
f 473/783/33 474/780/33 486/784/33
f 486/784/33 488/3778/33 487/3777/33
f 487/3777/33 495/782/33 486/784/33
f 475/785/32 469/3779/32 472/786/32
f 476/788/5 494/3780/5 493/789/5
f 494/791/5 476/3781/5 477/792/5
f 477/793/32 476/3782/32 472/794/32
f 468/798/3 483/3783/3 478/796/3
f 483/3783/3 482/3784/3 484/802/3
f 478/796/3 483/3783/3 484/802/3
f 491/799/3 485/3785/3 478/800/3
f 484/802/30 482/3784/30 480/803/30
f 491/3786/3 488/808/3 485/807/3
f 488/808/3 486/805/3 485/807/3
f 488/808/30 491/3786/30 490/809/30
f 485/811/3 489/3787/3 479/812/3
f 491/799/30 484/801/30 481/814/30
f 481/816/30 480/3788/30 492/3789/30
f 480/3788/30 465/3790/30 492/3789/30
f 492/3789/30 464/817/30 481/816/30
f 464/817/30 487/3777/30 490/818/30
f 524/821/5 496/3791/5 526/819/5
f 496/3791/5 527/3792/5 526/819/5
f 498/822/3 499/3793/3 515/823/3
f 497/825/34 498/3794/34 514/826/34
f 503/3795/3 500/829/3 502/828/3
f 500/829/3 515/3796/3 499/830/3
f 525/831/35 507/3797/35 501/832/35
f 501/832/35 502/828/35 499/830/35
f 499/830/35 498/3794/35 497/3798/35
f 497/3798/35 524/3799/35 499/830/35
f 524/3799/35 525/831/35 499/830/35
f 503/835/3 506/3800/3 521/3801/3
f 506/3800/3 518/3802/3 521/3801/3
f 521/3801/3 511/833/3 503/835/3
f 501/836/36 504/3803/36 503/835/36
f 504/3803/36 505/3804/36 506/3800/36
f 503/835/36 504/3803/36 506/3800/36
f 527/839/37 496/3791/37 519/3805/37
f 519/3805/37 520/3806/37 518/837/37
f 518/837/37 506/3800/37 505/838/37
f 505/838/37 509/847/37 527/839/37
f 527/839/37 519/3805/37 518/837/37
f 504/840/36 501/3807/36 507/841/36
f 508/843/5 507/3808/5 525/844/5
f 526/846/5 527/839/5 509/847/5
f 504/849/36 508/3809/36 509/850/36
f 514/3810/3 515/854/3 516/853/3
f 515/854/3 500/3811/3 510/852/3
f 500/3811/3 511/3812/3 510/852/3
f 523/855/3 516/3813/3 510/856/3
f 512/858/34 514/3810/34 516/853/34
f 518/862/3 520/864/3 517/860/3
f 520/864/3 523/3814/3 517/860/3
f 522/863/34 523/3814/34 520/864/34
f 517/866/3 510/3815/3 511/867/3
f 513/869/34 516/3813/34 523/855/34
f 513/871/34 522/3816/34 496/3817/34
f 522/3816/34 519/3805/34 496/3817/34
f 496/3817/34 524/872/34 513/871/34
f 524/872/34 497/3818/34 512/873/34
f 628/874/38 625/1046/38 529/875/38
f 599/879/38 601/3819/38 529/877/38
f 601/3819/38 528/3820/38 529/877/38
f 529/877/38 530/3821/38 532/878/38
f 529/3822/38 625/882/38 530/881/38
f 625/882/38 565/3823/38 534/880/38
f 565/3823/38 569/3824/38 537/3825/38
f 537/3825/38 533/3826/38 565/3823/38
f 533/3826/38 534/880/38 565/3823/38
f 531/883/38 534/3827/38 533/884/38
f 533/886/38 537/3828/38 536/887/38
f 537/889/38 569/3829/38 568/890/38
f 599/3830/38 532/3831/38 531/3832/38
f 599/3830/38 531/3832/38 535/894/38
f 568/3833/38 596/893/38 536/892/38
f 596/893/38 599/3830/38 535/894/38
f 540/3834/39 576/895/39 542/3835/39
f 576/895/39 651/3836/39 650/3837/39
f 576/895/39 650/3837/39 541/896/39
f 542/3835/39 539/3838/39 540/3834/39
f 649/897/39 542/3835/39 576/895/39
f 538/900/40 560/3839/40 576/3840/40
f 576/3840/40 540/898/40 538/900/40
f 599/903/38 596/3841/38 603/3842/38
f 596/3841/38 595/3843/38 603/3842/38
f 603/3842/38 602/3844/38 599/903/38
f 602/3844/38 598/901/38 599/903/38
f 600/902/38 601/3845/38 599/903/38
f 585/906/41 543/3846/41 545/3847/41
f 543/3846/41 620/3848/41 545/3847/41
f 585/906/41 545/3847/41 546/3849/41
f 546/3849/41 622/3850/41 585/906/41
f 622/3850/41 623/904/41 585/906/41
f 551/909/40 544/3851/40 543/3852/40
f 543/3852/40 585/907/40 551/909/40
f 549/910/40 538/3853/40 548/911/40
f 547/3854/40 544/3855/40 549/915/40
f 544/3855/40 551/913/40 549/915/40
f 550/914/40 555/3856/40 549/915/40
f 555/916/40 550/3857/40 552/917/40
f 556/919/40 554/3858/40 552/920/40
f 553/922/40 558/3859/40 561/923/40
f 559/925/40 561/3860/40 558/926/40
f 552/929/40 550/3861/40 551/930/40
f 551/930/40 594/3862/40 553/928/40
f 594/3862/40 557/3863/40 558/3864/40
f 553/928/40 594/3862/40 558/3864/40
f 560/933/40 538/3865/40 554/3866/40
f 538/3865/40 549/3867/40 555/3868/40
f 554/3866/40 538/3865/40 555/3868/40
f 554/3866/40 556/3869/40 560/933/40
f 556/3869/40 561/931/40 560/933/40
f 534/934/38 531/3870/38 532/935/38
f 595/937/38 596/3871/38 563/938/38
f 565/941/38 566/3872/38 564/942/38
f 564/942/38 563/3873/38 569/940/38
f 563/3873/38 596/3874/38 568/3875/38
f 563/3873/38 568/3875/38 569/940/38
f 563/945/42 564/3876/42 567/3877/42
f 564/3876/42 570/3878/42 586/3879/42
f 586/3879/42 567/3877/42 564/3876/42
f 567/3877/42 587/943/42 563/945/42
f 573/947/42 574/3880/42 591/3881/42
f 571/948/42 586/3882/42 570/3883/42
f 573/947/42 591/3881/42 571/948/42
f 571/948/42 570/3883/42 572/946/42
f 634/949/39 572/3884/39 570/950/39
f 580/3885/41 581/3886/41 579/3887/41
f 581/3886/41 619/954/41 607/953/41
f 579/3887/41 581/3886/41 607/953/41
f 619/954/41 617/3888/41 618/952/41
f 574/955/39 573/3889/73 646/956/39
f 576/958/39 575/3890/39 574/959/39
f 579/961/41 607/3891/41 597/962/41
f 578/966/42 590/3892/42 579/964/42
f 590/3892/42 592/3893/42 580/3894/42
f 592/3893/42 593/3895/42 583/3896/42
f 593/3895/42 584/3897/42 583/3896/42
f 562/3898/42 563/3899/42 577/965/42
f 563/3899/42 578/966/42 577/965/42
f 590/3892/42 580/3894/42 579/964/42
f 592/3893/42 583/3896/42 580/3894/42
f 582/967/41 581/3900/41 580/968/41
f 593/970/40 594/3901/40 585/971/40
f 584/973/41 585/3902/41 582/974/41
f 567/976/42 586/3903/42 571/977/42
f 587/979/42 567/3904/42 589/980/42
f 587/982/42 588/3905/42 590/983/42
f 571/3906/42 591/987/42 589/986/42
f 591/987/42 592/3907/42 588/985/42
f 592/3907/42 590/3908/42 588/985/42
f 593/990/40 575/992/40 559/3909/40
f 575/992/40 576/958/40 560/3910/40
f 560/3910/40 559/3909/40 575/992/40
f 559/3909/40 557/988/40 593/990/40
f 593/990/42 592/3911/42 591/991/42
f 591/991/42 574/3912/42 575/992/42
f 605/993/41 598/3913/41 602/994/41
f 604/996/41 602/3914/41 603/997/41
f 577/1001/41 597/3915/41 595/999/41
f 597/3915/41 606/3916/41 595/999/41
f 606/3916/41 603/3917/41 595/999/41
f 608/3918/41 609/3919/41 605/1004/41
f 609/3919/41 611/3920/41 600/1002/41
f 605/1004/41 609/3919/41 600/1002/41
f 606/1006/41 597/3921/41 618/3922/41
f 597/3921/41 607/3923/41 618/3922/41
f 618/3922/41 613/1007/41 606/1006/41
f 613/1007/41 608/3924/41 604/1005/41
f 604/1005/41 608/3924/41 605/3925/41
f 638/1008/39 639/3926/39 637/1009/39
f 636/3927/39 637/3928/39 635/1013/39
f 637/3928/39 642/1011/39 635/1013/39
f 618/1015/41 617/3929/41 621/3930/41
f 621/3930/41 616/3931/41 618/1015/41
f 616/3931/41 614/1016/41 618/1015/41
f 614/1016/41 615/3932/41 613/1014/41
f 545/1019/41 620/3933/41 610/3934/41
f 620/3933/41 612/3935/41 610/3934/41
f 610/3934/41 615/1017/41 545/1019/41
f 622/1020/41 546/3936/41 616/1021/41
f 541/1025/39 650/3937/39 644/1023/39
f 650/3937/39 647/3938/39 644/1023/39
f 546/1026/41 545/3939/41 614/1027/41
f 623/1029/41 619/3940/41 581/1030/41
f 631/1032/39 629/3941/39 626/1033/39
f 615/1037/41 610/3942/41 608/1035/41
f 610/3942/41 609/3943/41 608/1035/41
f 566/1040/39 630/3944/39 633/3945/39
f 624/1038/39 570/3946/39 564/1039/39
f 566/1040/39 633/3945/39 624/1038/39
f 630/1041/39 629/3947/39 631/1042/39
f 630/1045/38 566/3948/38 565/3949/38
f 565/3949/38 625/1046/38 630/1045/38
f 625/1046/38 628/874/38 627/3950/38
f 629/1044/38 625/1046/38 626/3951/38
f 627/3950/38 626/3951/38 625/1046/38
f 632/1049/39 626/3952/39 636/1047/39
f 626/3952/39 627/3953/39 636/1047/39
f 627/3953/39 638/3954/39 636/1047/39
f 611/1050/41 609/3955/41 610/1051/41
f 645/1054/39 634/3956/39 624/3957/39
f 633/1055/39 631/3958/39 640/1053/39
f 631/3958/39 632/3959/39 635/3960/39
f 645/1054/39 624/3957/39 633/1055/39
f 635/3960/39 640/1053/39 631/3958/39
f 540/3834/43 539/3961/43 548/3962/43
f 539/3961/43 639/3963/43 548/3962/43
f 638/1056/43 627/3950/43 628/874/43
f 639/3963/43 638/1056/43 547/1058/43
f 548/3962/43 639/3963/43 547/1058/43
f 638/1056/43 628/874/43 528/3820/43
f 528/3820/43 601/3845/43 611/3964/43
f 601/3845/43 600/902/43 611/3964/43
f 528/3820/43 611/3964/43 612/1057/43
f 620/3848/43 543/3846/43 544/3965/43
f 612/1057/43 620/3848/43 544/3965/43
f 612/1057/43 544/3965/43 547/1058/43
f 638/1056/43 528/3820/43 612/1057/43
f 619/3966/41 623/3967/41 617/1061/41
f 623/3967/41 622/1059/41 617/1061/41
f 648/1063/39 644/3968/39 645/1064/39
f 645/1064/39 640/3969/39 643/1062/39
f 640/3969/39 642/3970/39 641/3971/39
f 643/1062/39 640/3969/39 641/3971/39
f 634/1066/39 645/3972/39 647/3973/39
f 645/3972/39 644/3974/39 647/3973/39
f 647/3973/39 646/1067/39 634/1066/39
f 646/1067/39 573/3975/73 572/1065/39
f 642/1070/39 637/3976/39 539/3977/39
f 637/3976/39 639/3978/39 539/3977/39
f 539/3977/39 542/1068/39 642/1070/39
f 541/1071/39 648/3979/39 643/1072/39
f 649/1074/39 643/3980/39 641/1075/39
f 651/1077/39 646/3981/39 647/1078/39
f 652/1080/44 752/3982/44 749/1081/44
f 723/1084/44 725/3983/44 653/1085/44
f 725/3983/44 652/3984/44 653/1085/44
f 653/1085/44 654/3985/44 656/1083/44
f 653/3986/44 749/1088/44 654/1087/44
f 749/1088/44 689/3987/44 658/1086/44
f 689/3987/44 693/3988/44 661/3989/44
f 661/3989/44 657/3990/44 689/3987/44
f 657/3990/44 658/1086/44 689/3987/44
f 655/1089/44 658/3991/44 657/1090/44
f 657/1092/44 661/3992/44 660/1093/44
f 660/1095/44 661/3993/44 693/1096/44
f 723/1099/44 656/3994/44 655/3995/44
f 659/1100/44 660/3996/44 720/1098/44
f 660/3996/44 692/3997/44 720/1098/44
f 723/1099/44 655/3995/44 659/1100/44
f 664/1103/45 700/3998/45 666/1101/45
f 700/3998/45 775/3999/45 774/4000/45
f 665/4001/45 700/3998/45 774/4000/45
f 665/4001/45 773/4002/45 700/3998/45
f 773/4002/45 666/1101/45 700/3998/45
f 662/1106/46 684/4003/46 700/4004/46
f 700/4004/46 664/1104/46 662/1106/46
f 725/1109/44 723/4005/44 722/1107/44
f 723/4005/44 720/4006/44 727/4007/44
f 720/4006/44 719/4008/44 727/4007/44
f 727/4007/44 726/4009/44 723/4005/44
f 726/4009/44 722/1107/44 723/4005/44
f 709/1112/47 667/4010/47 669/4011/47
f 667/4010/47 744/4012/47 669/4011/47
f 709/1112/47 670/4013/47 746/1110/47
f 669/4011/47 670/4013/47 709/1112/47
f 747/1111/47 706/4014/47 709/1112/47
f 718/4015/46 675/1114/46 709/1113/46
f 675/1114/46 668/4016/46 667/1115/46
f 673/1116/46 662/4017/46 672/1117/46
f 671/4018/46 668/4019/46 673/1121/46
f 668/4019/46 675/1119/46 673/1121/46
f 674/1120/46 679/4020/46 673/1121/46
f 679/1122/46 674/4021/46 676/1123/46
f 680/1125/46 678/4022/46 676/1126/46
f 677/1128/46 682/4023/46 685/1129/46
f 681/1131/46 683/4024/46 685/1132/46
f 676/1135/46 674/4025/46 675/1136/46
f 675/1136/46 718/4026/46 677/1134/46
f 718/4026/46 681/4027/46 682/4028/46
f 718/4026/46 682/4028/46 677/1134/46
f 684/1139/46 662/4029/46 678/4030/46
f 662/4029/46 673/4031/46 679/4032/46
f 662/4029/46 679/4032/46 678/4030/46
f 685/1138/46 683/4033/46 684/1139/46
f 678/4030/46 680/1137/46 684/1139/46
f 654/1140/44 658/4034/44 655/1141/44
f 720/1143/44 687/4035/44 686/1144/44
f 693/1146/44 689/4036/44 688/4037/44
f 689/4036/44 690/4038/44 688/4037/44
f 688/4037/44 687/1147/44 693/1146/44
f 687/1147/44 720/4039/44 692/1148/44
f 687/1151/48 688/4040/48 691/4041/48
f 688/4040/48 694/4042/48 710/4043/48
f 710/4043/48 691/4041/48 688/4040/48
f 691/4041/48 711/1149/48 687/1151/48
f 696/1152/48 697/4044/48 695/1153/48
f 697/4044/48 698/4045/48 715/4046/48
f 695/1153/48 697/4044/48 715/4046/48
f 695/1153/48 710/4047/48 694/1154/48
f 758/1155/45 696/4048/45 694/1156/45
f 704/4049/47 705/4050/47 703/4051/47
f 705/4050/47 743/1160/47 731/1159/47
f 703/4051/47 705/4050/47 731/1159/47
f 743/1160/47 741/4052/47 742/1158/47
f 775/1161/45 698/4053/45 697/1162/45
f 699/1164/45 698/4054/45 775/1165/45
f 731/1167/47 721/4055/47 701/1168/47
f 702/1172/48 714/4056/48 703/4057/48
f 714/4056/48 716/4058/48 704/4059/48
f 716/4058/48 717/4060/48 708/4061/48
f 708/4061/48 707/4062/48 716/4058/48
f 707/4062/48 704/4059/48 716/4058/48
f 704/4059/48 703/4057/48 714/4056/48
f 703/4057/48 701/4063/48 702/1172/48
f 701/4063/48 686/1170/48 702/1172/48
f 706/1173/47 705/4064/47 704/1174/47
f 717/1176/46 718/4065/46 709/1177/46
f 709/1179/47 706/4066/47 707/1180/47
f 710/1182/48 695/4067/48 713/1183/48
f 691/1185/48 713/4068/48 712/1186/48
f 711/1188/48 712/4069/48 714/1189/48
f 695/4070/48 715/1193/48 713/1192/48
f 715/1193/48 716/4071/48 712/1191/48
f 716/4071/48 714/4072/48 712/1191/48
f 717/1196/46 699/1198/46 683/4073/46
f 699/1198/46 700/1166/46 684/4074/46
f 684/4074/46 683/4073/46 699/1198/46
f 683/4073/46 681/1194/46 717/1196/46
f 717/1196/48 716/4075/48 715/1197/48
f 715/1197/48 698/4076/48 699/1198/48
f 729/1199/47 722/4077/47 726/1200/47
f 728/1202/47 726/4078/47 727/1203/47
f 701/1207/47 721/4079/47 719/1205/47
f 721/4079/47 730/4080/47 719/1205/47
f 730/4080/47 727/4081/47 719/1205/47
f 732/4082/47 733/1210/47 729/1209/47
f 733/1210/47 735/4083/47 724/4084/47
f 722/1208/47 733/1210/47 724/4084/47
f 730/1212/47 721/4085/47 742/4086/47
f 721/4085/47 731/4087/47 742/4086/47
f 742/4086/47 737/1213/47 730/1212/47
f 737/1213/47 732/4088/47 728/1211/47
f 732/4088/47 729/4089/47 728/1211/47
f 762/1214/45 763/4090/45 761/1215/45
f 760/4091/45 761/4092/45 759/1219/45
f 761/4092/45 766/1217/45 759/1219/45
f 742/1221/47 741/4093/47 745/4094/47
f 740/1222/47 738/4095/47 737/1220/47
f 738/4095/47 739/4096/47 737/1220/47
f 742/1221/47 745/4094/47 740/1222/47
f 669/1225/47 744/4097/47 734/4098/47
f 744/4097/47 736/4099/47 734/4098/47
f 734/4098/47 739/1223/47 669/1225/47
f 670/1226/47 740/4100/47 745/1227/47
f 665/1231/45 774/4101/45 768/1229/45
f 774/4101/45 771/4102/45 768/1229/45
f 670/1232/47 669/4103/47 738/1233/47
f 706/1235/47 747/4104/47 743/1236/47
f 755/1238/45 753/4105/45 750/1239/45
f 739/1243/47 734/4106/47 732/1241/47
f 734/4106/47 733/4107/47 732/1241/47
f 690/1246/45 754/4108/45 757/4109/45
f 757/4109/45 748/4110/45 690/1246/45
f 748/4110/45 694/1244/45 690/1246/45
f 754/1247/45 753/4111/45 755/1248/45
f 750/1250/44 753/4112/44 749/1081/44
f 753/4112/44 754/4113/44 749/1081/44
f 754/4113/44 690/4114/44 689/4115/44
f 689/4115/44 749/1081/44 754/4113/44
f 749/1081/44 752/3982/44 751/1251/44
f 756/1252/45 750/4116/45 751/1253/45
f 751/1253/45 762/4117/45 760/1254/45
f 760/1254/45 759/4118/45 756/1252/45
f 736/1255/47 735/4119/47 733/1256/47
f 764/1259/45 769/4120/45 757/4121/45
f 769/4120/45 758/4122/45 748/4123/45
f 757/4121/45 769/4120/45 748/4123/45
f 755/1260/45 756/4124/45 759/1258/45
f 757/4121/45 755/1260/45 764/1259/45
f 664/1103/49 663/4125/49 672/4126/49
f 663/4125/49 763/1262/49 672/4126/49
f 763/1262/49 762/4127/49 652/3984/49
f 762/4127/49 751/1251/49 752/3982/49
f 752/3982/49 652/3984/49 762/4127/49
f 652/3984/49 725/1109/49 735/4128/49
f 763/1262/49 652/3984/49 736/1263/49
f 668/4129/49 671/1261/49 736/1263/49
f 671/1261/49 672/4126/49 763/1262/49
f 744/4012/49 667/4010/49 668/4129/49
f 724/1108/49 735/4128/49 725/1109/49
f 735/4128/49 736/1263/49 652/3984/49
f 736/1263/49 744/4012/49 668/4129/49
f 743/4130/47 747/4131/47 741/1266/47
f 747/4131/47 746/1264/47 741/1266/47
f 772/1268/45 768/4132/45 769/1269/45
f 769/1269/45 764/4133/45 767/1267/45
f 764/4133/45 766/4134/45 765/4135/45
f 767/1267/45 764/4133/45 765/4135/45
f 758/1272/45 769/4136/45 771/4137/45
f 769/4136/45 768/4138/45 771/4137/45
f 771/4137/45 770/4139/45 758/1272/45
f 770/4139/45 697/1270/45 758/1272/45
f 766/1275/45 761/4140/45 663/4141/45
f 761/4140/45 763/4142/45 663/4141/45
f 663/4141/45 666/1273/45 766/1275/45
f 772/1276/45 767/4143/45 773/1277/45
f 773/1279/45 767/4144/45 765/1280/45
f 775/1282/45 770/4145/45 771/1283/45
f 777/1285/50 873/1456/50 876/1286/50
f 776/1470/50 849/4146/50 777/1290/50
f 849/4146/50 847/1288/50 777/1290/50
f 780/1289/50 778/4147/50 777/1290/50
f 813/1293/50 873/4148/50 782/4149/50
f 873/4148/50 777/4150/50 778/4151/50
f 782/4149/50 873/4148/50 778/4151/50
f 782/4149/50 781/4152/50 813/1293/50
f 781/4152/50 785/1291/50 813/1293/50
f 779/1294/50 783/4153/50 781/1295/50
f 781/1297/50 783/4154/50 784/1298/50
f 816/1300/50 817/4155/50 785/1301/50
f 779/1304/50 780/4156/50 847/1305/50
f 847/1305/50 844/4157/50 783/1303/50
f 844/4157/50 816/4158/50 784/4159/50
f 784/4159/50 783/1303/50 844/4157/50
f 899/4160/51 824/1308/51 898/4161/51
f 824/1308/51 788/4162/51 790/4163/51
f 898/4161/51 824/1308/51 789/1307/51
f 788/4162/51 787/4164/51 790/4163/51
f 790/4163/51 897/1306/51 824/1308/51
f 824/1311/52 808/4165/52 786/1309/52
f 786/1309/52 796/4166/52 788/1310/52
f 844/1314/50 847/4167/50 851/1312/50
f 847/4167/50 849/4168/50 846/4169/50
f 849/4168/50 848/4170/50 846/4169/50
f 846/4169/50 850/4171/50 847/4167/50
f 850/4171/50 851/1312/50 847/4167/50
f 868/4172/53 791/4173/53 793/4174/53
f 791/4173/53 833/1317/53 793/4174/53
f 793/4174/53 833/1317/53 794/1316/53
f 833/1317/53 830/4175/53 871/4176/53
f 871/4176/53 870/1315/53 833/1317/53
f 792/4177/52 799/1319/52 791/1318/52
f 799/1319/52 842/4178/52 833/1320/52
f 797/1321/52 795/4179/52 796/1322/52
f 799/1326/52 792/4180/52 797/1324/52
f 792/4180/52 795/4181/52 797/1324/52
f 797/1324/52 803/4182/52 798/1325/52
f 803/1327/52 802/4183/52 800/1328/52
f 800/1330/52 802/4184/52 804/1331/52
f 809/1333/52 806/4185/52 801/1334/52
f 806/1336/52 809/4186/52 807/1337/52
f 799/1340/52 798/4187/52 800/4188/52
f 801/1341/52 806/4189/52 842/1339/52
f 806/4189/52 805/4190/52 842/1339/52
f 799/1340/52 800/4188/52 801/1341/52
f 797/4191/52 786/1344/52 803/1343/52
f 786/1344/52 808/4192/52 802/1342/52
f 808/4192/52 807/4193/52 809/4194/52
f 809/4194/52 804/4195/52 808/4192/52
f 804/4195/52 802/1342/52 808/4192/52
f 780/1345/50 779/4196/50 782/1346/50
f 843/1348/50 810/4197/50 811/1349/50
f 816/1352/50 844/4198/50 811/1353/50
f 811/1353/50 812/4199/50 817/1351/50
f 812/4199/50 814/4200/50 813/4201/50
f 812/4199/50 813/4201/50 817/1351/50
f 818/4202/54 812/4203/54 834/4204/54
f 812/4203/54 811/1354/54 815/1356/54
f 834/4204/54 812/4203/54 815/1356/54
f 811/1354/54 826/4205/54 835/1355/54
f 821/1359/54 820/4206/54 819/4207/54
f 820/4206/54 818/4208/54 819/4207/54
f 818/4208/54 834/4209/54 819/4207/54
f 819/4207/54 839/1357/54 821/1359/54
f 882/1360/51 872/4210/51 818/1361/51
f 867/1365/53 829/4211/53 855/4212/53
f 829/4211/53 828/4213/53 855/4212/53
f 828/4213/53 827/4214/53 855/4212/53
f 855/4212/53 866/1363/53 867/1365/53
f 894/1366/51 821/4215/74 822/1367/51
f 899/1369/51 822/4216/51 823/1370/51
f 827/1372/53 825/4217/53 845/1373/53
f 826/4218/54 811/4219/54 825/4220/54
f 811/4219/54 810/4221/54 825/4220/54
f 825/4220/54 827/4222/54 826/4218/54
f 827/4222/54 828/4223/54 838/4224/54
f 826/4218/54 827/4222/54 838/4224/54
f 840/1377/54 838/4224/54 828/4223/54
f 832/1376/54 841/4225/54 840/1377/54
f 828/4223/54 831/1375/54 840/1377/54
f 828/1378/53 829/4226/53 830/1379/53
f 833/1381/52 842/4227/52 841/1382/52
f 832/1384/53 831/4228/53 830/1385/53
f 815/1387/54 837/4229/54 819/1388/54
f 835/1390/54 836/4230/54 837/1391/54
f 838/1393/54 836/4231/54 835/1394/54
f 840/1398/54 839/4232/54 837/4233/54
f 839/4232/54 819/4234/54 837/4233/54
f 837/4233/54 836/1396/54 840/1398/54
f 824/1371/52 823/1402/52 808/4235/52
f 823/1402/52 841/1401/52 807/1400/52
f 808/4235/52 823/1402/52 807/1400/52
f 841/1401/52 842/4236/52 805/1399/52
f 839/1404/54 840/4237/54 841/1401/54
f 841/1401/54 823/1402/54 839/1404/54
f 850/1405/53 846/4238/53 853/1406/53
f 851/1408/53 850/4239/53 852/1409/53
f 854/1413/53 845/4240/53 843/1411/53
f 845/4240/53 825/4241/53 843/1411/53
f 825/4241/53 810/4242/53 843/1411/53
f 859/4243/53 857/1416/53 848/1415/53
f 857/1416/53 856/4244/53 853/4245/53
f 846/1414/53 857/1416/53 853/4245/53
f 855/4246/53 845/4247/53 866/1418/53
f 845/4247/53 854/1419/53 866/1418/53
f 854/1419/53 852/4248/53 861/1417/53
f 852/4248/53 853/4249/53 856/4250/53
f 861/1417/53 852/4248/53 856/4250/53
f 885/1420/51 887/4251/51 886/1421/51
f 890/1425/51 885/4252/51 883/1423/51
f 885/4252/51 884/4253/51 883/1423/51
f 869/1427/53 865/4254/53 866/1428/53
f 866/1428/53 861/4255/53 864/1426/53
f 861/4255/53 863/4256/53 862/4257/53
f 864/1426/53 861/4255/53 862/4257/53
f 860/4258/53 868/1431/53 858/1430/53
f 868/1431/53 793/4259/53 863/1429/53
f 793/4259/53 862/4260/53 863/1429/53
f 870/1432/53 869/4261/53 864/1433/53
f 895/4262/51 898/4263/51 892/1437/51
f 898/4263/51 789/1435/51 892/1437/51
f 794/1438/53 864/4264/53 862/1439/53
f 830/1441/53 829/4265/53 867/1442/53
f 879/1444/51 880/4266/51 874/1445/51
f 857/4267/53 858/4268/53 856/1449/53
f 858/4268/53 863/1447/53 856/1449/53
f 881/4269/51 878/4270/51 814/1450/51
f 814/1450/51 812/4271/51 818/1451/51
f 872/1452/51 881/4269/51 814/1450/51
f 879/1453/51 877/4272/51 878/1454/51
f 877/1458/50 874/4273/50 873/1456/50
f 874/4273/50 875/4274/50 873/1456/50
f 875/4274/50 876/1286/50 873/1456/50
f 873/1456/50 813/4275/50 878/1457/50
f 813/4275/50 814/4276/50 878/1457/50
f 874/1461/51 880/4277/51 884/1459/51
f 880/4277/51 883/4278/51 884/1459/51
f 884/1459/51 886/4279/51 875/1460/51
f 858/1462/53 857/4280/53 859/1463/53
f 893/1467/51 888/4281/51 881/4282/51
f 888/4281/51 883/4283/51 879/4284/51
f 881/4282/51 888/4281/51 879/4284/51
f 883/4283/51 880/4285/51 879/4284/51
f 881/4282/51 872/1465/51 893/1467/51
f 887/4286/55 787/4287/55 796/4288/55
f 787/4287/55 788/4162/55 796/4288/55
f 796/4288/55 795/1468/55 887/4286/55
f 795/1468/55 792/4289/55 860/1469/55
f 860/1469/55 792/4289/55 868/4172/55
f 876/1286/55 875/4274/55 886/4290/55
f 886/4290/55 887/4286/55 795/1468/55
f 792/4289/55 791/4173/55 868/4172/55
f 876/1286/55 886/4290/55 776/1470/55
f 776/1470/55 886/4290/55 795/1468/55
f 848/4170/55 849/4168/55 859/4291/55
f 849/4168/55 776/1470/55 859/4291/55
f 859/4291/55 776/1470/55 860/1469/55
f 870/1473/53 871/4292/53 865/1471/53
f 871/4292/53 867/4293/53 865/1471/53
f 893/1475/51 892/4294/51 896/4295/51
f 891/1476/51 889/4296/51 888/1474/51
f 889/4296/51 890/4297/51 888/1474/51
f 893/1475/51 896/4295/51 891/1476/51
f 893/4298/51 882/1479/51 895/1478/51
f 882/1479/51 820/4299/51 894/1477/51
f 893/4298/51 895/1478/51 892/4300/51
f 820/4299/51 821/4301/74 894/1477/51
f 887/4302/51 885/4303/51 787/1481/51
f 885/4303/51 890/1482/51 787/1481/51
f 890/1482/51 889/4304/51 790/1480/51
f 789/1483/51 897/4305/51 891/1484/51
f 897/1486/51 790/4306/51 889/1487/51
f 899/1489/51 898/4307/51 895/1490/51
f 900/1492/56 901/4308/56 997/1493/56
f 900/1676/56 973/4309/56 901/1497/56
f 973/4309/56 971/1495/56 901/1497/56
f 904/1496/56 902/4310/56 901/1497/56
f 937/1500/56 997/4311/56 906/4312/56
f 997/4311/56 901/4313/56 902/4314/56
f 906/4312/56 997/4311/56 902/4314/56
f 906/4312/56 905/4315/56 937/1500/56
f 905/4315/56 909/1498/56 937/1500/56
f 903/1501/56 907/4316/56 905/1502/56
f 905/1504/56 907/4317/56 908/1505/56
f 908/1507/56 940/4318/56 941/1508/56
f 903/1511/56 904/4319/56 971/1512/56
f 971/1512/56 968/4320/56 907/1510/56
f 968/4320/56 940/4321/56 908/4322/56
f 907/1510/56 968/4320/56 908/4322/56
f 1023/4323/57 948/1514/57 1022/4324/57
f 948/1514/57 912/4325/57 914/4326/57
f 1022/4324/57 948/1514/57 913/1513/57
f 912/4325/57 911/4327/57 914/4326/57
f 914/4326/57 1021/1515/57 948/1514/57
f 948/1518/58 932/4328/58 910/1516/58
f 910/1516/58 920/4329/58 912/1517/58
f 968/1521/56 971/4330/56 975/1519/56
f 971/4330/56 973/4331/56 970/4332/56
f 973/4331/56 972/4333/56 970/4332/56
f 970/4332/56 974/4334/56 971/4330/56
f 974/4334/56 975/1519/56 971/4330/56
f 992/4335/59 915/4336/59 917/1524/59
f 915/4336/59 957/1522/59 917/1524/59
f 957/1522/59 954/4337/59 995/4338/59
f 957/1522/59 995/4338/59 994/4339/59
f 957/1522/59 994/4339/59 918/1523/59
f 916/4340/58 923/1526/58 915/1525/58
f 923/1526/58 966/4341/58 957/1527/58
f 921/1528/58 919/4342/58 920/1529/58
f 923/1533/58 916/4343/58 921/1531/58
f 916/4343/58 919/4344/58 921/1531/58
f 921/1531/58 927/4345/58 922/1532/58
f 927/1534/58 926/4346/58 924/1535/58
f 924/1537/58 926/4347/58 928/1538/58
f 933/1540/58 930/4348/58 925/1541/58
f 929/1543/58 930/4349/58 933/1544/58
f 923/4350/58 922/4351/58 924/4352/58
f 923/4350/58 924/4352/58 925/1548/58
f 929/4353/58 966/1547/58 930/1546/58
f 966/1547/58 923/4350/58 925/1548/58
f 921/4354/58 910/4355/58 927/4356/58
f 910/4355/58 932/1551/58 926/1550/58
f 927/4356/58 910/4355/58 926/1550/58
f 932/1551/58 931/4357/58 933/4358/58
f 933/4358/58 928/1549/58 932/1551/58
f 902/1552/56 904/4359/56 903/1553/56
f 934/1555/56 935/4360/56 968/1556/56
f 941/1558/56 940/4361/56 935/4362/56
f 940/4361/56 968/4363/56 935/4362/56
f 935/4362/56 936/1559/56 941/1558/56
f 936/1559/56 938/4364/56 937/1560/56
f 942/4365/60 936/4366/60 958/4367/60
f 936/4366/60 935/1563/60 939/1562/60
f 958/4367/60 936/4366/60 939/1562/60
f 935/1563/60 950/4368/60 959/1561/60
f 945/1566/60 944/4369/60 943/4370/60
f 944/4369/60 942/4371/60 943/4370/60
f 942/4371/60 958/4372/60 943/4370/60
f 943/4370/60 963/1564/60 945/1566/60
f 1006/1567/57 996/4373/57 942/1568/57
f 991/1572/59 953/4374/59 979/4375/59
f 953/4374/59 952/4376/59 979/4375/59
f 952/4376/59 951/4377/59 979/4375/59
f 979/4375/59 990/1570/59 991/1572/59
f 1023/1573/57 1018/4378/57 945/1574/57
f 1023/1576/57 946/4379/57 947/1577/57
f 949/1579/59 969/4380/59 979/1580/59
f 962/4381/60 950/4382/60 951/4383/60
f 950/4382/60 935/4384/60 949/4385/60
f 951/4383/60 950/4382/60 949/4385/60
f 935/4384/60 934/4386/60 949/4385/60
f 951/4383/60 952/4387/60 962/4381/60
f 952/4387/60 955/1582/60 964/1584/60
f 964/1584/60 962/4381/60 952/4387/60
f 956/1583/60 965/4388/60 964/1584/60
f 952/1585/59 953/4389/59 954/1586/59
f 957/1588/58 966/4390/58 965/1589/58
f 955/1591/59 954/4391/59 957/1592/59
f 961/1594/60 943/4392/60 958/1595/60
f 960/1597/60 961/4393/60 939/1598/60
f 962/1600/60 960/4394/60 959/1601/60
f 964/1605/60 963/4395/60 960/1603/60
f 963/4395/60 943/4396/60 961/4397/60
f 960/1603/60 963/4395/60 961/4397/60
f 948/1578/58 947/1609/58 932/4398/58
f 947/1609/58 965/1608/58 931/1607/58
f 932/4398/58 947/1609/58 931/1607/58
f 965/1608/58 966/4399/58 929/1606/58
f 963/1611/60 964/4400/60 965/1608/60
f 965/1608/60 947/1609/60 963/1611/60
f 974/1612/59 970/4401/59 977/1613/59
f 975/1615/59 974/4402/59 976/1616/59
f 969/1620/59 949/4403/59 934/4404/59
f 934/4404/59 967/4405/59 969/1620/59
f 967/4405/59 975/1618/59 969/1620/59
f 981/1623/59 980/4406/59 977/4407/59
f 977/4407/59 970/4408/59 981/1623/59
f 970/4408/59 972/1621/59 981/1623/59
f 979/4409/59 969/4410/59 990/1625/59
f 969/4410/59 978/1626/59 990/1625/59
f 978/1626/59 976/4411/59 985/1624/59
f 976/4411/59 977/4412/59 980/4413/59
f 985/1624/59 976/4411/59 980/4413/59
f 1009/1627/57 1011/4414/57 1010/1628/57
f 1014/1632/57 1009/4415/57 1007/1630/57
f 1009/4415/57 1008/4416/57 1007/1630/57
f 993/1634/59 989/4417/59 990/1635/59
f 990/1635/59 985/4418/59 988/1633/59
f 985/4418/59 987/4419/59 986/4420/59
f 988/1633/59 985/4418/59 986/4420/59
f 984/4421/59 992/4422/59 982/1638/59
f 992/4422/59 917/1636/59 982/1638/59
f 917/1636/59 986/4423/59 987/1637/59
f 993/1639/59 988/4424/59 918/1640/59
f 1019/4425/57 1022/4426/57 1016/1644/57
f 1022/4426/57 913/1642/57 1016/1644/57
f 918/1645/59 988/4427/59 986/1646/59
f 954/1648/59 953/4428/59 991/1649/59
f 1004/1651/57 998/4429/57 1001/1652/57
f 981/4430/59 982/4431/59 980/1656/59
f 982/4431/59 987/1654/59 980/1656/59
f 1005/1658/57 1002/4432/57 938/1659/57
f 938/1659/57 936/4433/57 996/1657/57
f 936/4433/57 942/4434/57 996/1657/57
f 1003/1660/57 1001/4435/57 1002/1661/57
f 1002/1665/56 1001/4436/56 997/1493/56
f 1001/4436/56 998/4437/56 997/1493/56
f 998/4437/56 999/4438/56 997/1493/56
f 999/4438/56 1000/1494/56 997/1493/56
f 997/1493/56 937/1663/56 1002/1665/56
f 998/1666/57 1004/4439/57 1008/1667/57
f 1004/4439/57 1007/4440/57 1008/1667/57
f 1008/1667/57 1010/4441/57 999/1668/57
f 984/1669/59 982/4442/59 981/1670/59
f 1012/1673/57 1007/4443/57 1003/4444/57
f 1007/4443/57 1004/4445/57 1003/4444/57
f 1003/4444/57 1005/1674/57 1012/1673/57
f 1005/1674/57 996/4446/57 1017/1672/57
f 996/4446/57 1006/4447/57 1017/1672/57
f 1011/1677/61 911/4448/61 920/4449/61
f 911/4448/61 912/4325/61 920/4449/61
f 920/4449/61 919/4450/61 1011/1677/61
f 916/4451/61 915/4336/61 992/4335/61
f 919/4450/61 916/4451/61 984/1675/61
f 1011/1677/61 919/4450/61 984/1675/61
f 999/4438/61 1010/4452/61 1000/1494/61
f 1010/4452/61 1011/1677/61 900/1676/61
f 1000/1494/61 1010/4452/61 900/1676/61
f 916/4451/61 992/4335/61 984/1675/61
f 984/1675/61 983/4453/61 900/1676/61
f 983/4453/61 972/4333/61 973/4331/61
f 973/4331/61 900/1676/61 983/4453/61
f 994/1680/59 995/4454/59 989/1678/59
f 995/4454/59 991/4455/59 989/1678/59
f 1017/1681/57 1016/4456/57 1020/4457/57
f 1017/1681/57 1020/4457/57 1015/1682/57
f 1014/4458/57 1012/4459/57 1013/1683/57
f 1012/4459/57 1017/1681/57 1013/1683/57
f 1017/4460/57 1006/1686/57 1019/1685/57
f 1006/1686/57 944/4461/57 1018/1684/57
f 1017/4460/57 1019/1685/57 1016/4462/57
f 944/4461/57 945/4463/57 1018/1684/57
f 1011/4464/57 1009/4465/57 911/1688/57
f 1009/4465/57 1014/1689/57 911/1688/57
f 1014/1689/57 1013/4466/57 914/1687/57
f 1021/1690/57 1015/4467/57 1020/1691/57
f 1021/1693/57 914/4468/57 1013/1694/57
f 1023/1696/57 1022/4469/57 1019/1697/57
f 1030/1699/3 1031/4470/3 1033/1700/3
f 1026/1702/3 1027/4471/3 1029/1703/3
f 1032/1705/3 1033/4472/3 1035/1706/3
f 1024/1708/3 1025/4473/3 1027/1709/3
f 1036/1711/4 1112/4474/4 1109/1712/4
f 1102/1716/4 1099/4475/4 1037/1714/4
f 1099/4475/4 1036/1850/4 1037/1714/4
f 1037/1714/4 1040/4476/4 1038/1715/4
f 1038/1717/4 1040/4477/4 1039/1718/4
f 1041/4478/4 1039/4479/4 1042/1722/4
f 1039/4479/4 1044/1720/4 1042/1722/4
f 1042/4480/4 1043/1724/4 1104/1723/4
f 1043/1724/4 1070/4481/4 1097/1725/4
f 1043/1726/4 1044/4482/4 1071/1727/4
f 1041/1729/4 1042/4483/4 1104/1730/4
f 1104/1730/4 1103/4484/4 1100/1731/4
f 1100/1731/4 1102/4485/4 1038/4486/4
f 1038/4486/4 1041/1729/4 1100/1731/4
f 1104/1732/4 1097/4487/4 1096/1733/4
f 1085/1735/2 1095/4488/2 1052/1736/2
f 1051/1740/62 1050/1758/62 1049/4489/62
f 1049/4489/62 1082/1738/62 1051/1740/62
f 1045/4490/63 1046/4491/63 1129/1743/63
f 1046/4491/63 1047/1741/63 1129/1743/63
f 1047/1746/63 1077/4492/63 1131/1744/63
f 1077/4492/63 1133/4493/63 1132/4494/63
f 1131/1744/63 1077/4492/63 1132/4494/63
f 1077/1749/2 1047/4495/2 1060/1747/2
f 1047/4495/2 1046/4496/2 1054/4497/2
f 1060/1747/2 1047/4495/2 1054/4497/2
f 1061/1748/2 1092/4498/2 1077/1749/2
f 1092/4498/2 1076/4499/2 1077/1749/2
f 1107/1752/62 1105/4500/62 1106/1750/62
f 1106/1750/62 1080/4501/62 1081/1751/62
f 1056/1753/2 1059/4502/2 1053/1754/2
f 1050/1758/2 1051/4503/2 1056/4504/2
f 1051/4503/2 1052/4505/2 1056/4504/2
f 1052/4505/2 1058/4506/2 1056/4504/2
f 1056/4504/2 1055/1756/2 1050/1758/2
f 1054/1759/2 1053/4507/2 1059/1760/2
f 1057/4508/2 1061/4509/2 1058/1764/2
f 1061/4509/2 1060/4510/2 1059/1762/2
f 1058/1764/2 1061/4509/2 1059/1762/2
f 1062/1765/64 1063/4511/64 1079/1766/64
f 1097/1768/4 1063/4512/4 1062/1769/4
f 1064/1771/64 1072/4513/64 1086/1772/64
f 1071/1775/4 1065/4514/4 1067/1776/4
f 1065/4514/4 1066/4515/4 1068/4516/4
f 1067/1776/4 1065/4514/4 1068/4516/4
f 1066/4515/4 1064/4517/4 1068/4516/4
f 1067/1776/4 1063/4518/4 1070/1774/4
f 1063/4518/4 1097/4519/4 1070/1774/4
f 1074/1779/63 1127/4520/63 1133/1777/63
f 1127/4520/63 1132/4521/63 1133/1777/63
f 1067/1780/64 1068/4522/64 1086/1781/64
f 1079/1785/64 1063/4523/64 1069/1783/64
f 1063/4523/64 1067/4524/64 1069/1783/64
f 1069/1783/64 1087/4525/64 1089/1784/64
f 1072/4526/64 1073/1788/64 1086/1787/64
f 1073/1788/64 1074/4527/64 1090/1786/64
f 1074/4527/64 1075/4528/64 1090/1786/64
f 1073/1789/63 1072/4529/63 1108/1790/63
f 1120/1792/63 1045/4530/63 1129/1793/63
f 1092/1795/2 1061/4531/2 1057/1796/2
f 1076/1798/63 1075/4532/63 1133/1799/63
f 1079/1801/64 1089/4533/64 1080/1802/64
f 1106/1804/62 1098/4534/62 1078/1805/62
f 1080/4535/64 1089/1808/64 1081/1807/64
f 1089/1808/64 1087/4536/64 1088/1809/64
f 1083/1810/64 1081/4537/64 1088/1811/64
f 1084/1813/2 1093/4538/2 1095/1814/2
f 1085/1816/62 1082/4539/62 1083/1817/62
f 1091/4540/64 1088/1821/64 1090/1820/64
f 1088/1821/64 1087/4541/64 1086/1819/64
f 1087/4541/64 1069/4542/64 1086/1819/64
f 1083/1824/64 1091/4543/64 1094/1822/64
f 1091/4543/64 1090/4544/64 1092/1795/64
f 1094/1822/64 1091/4543/64 1092/1795/64
f 1090/4544/64 1075/4545/64 1076/4499/64
f 1076/4499/64 1092/1795/64 1090/4544/64
f 1093/1823/64 1084/4546/64 1083/1824/64
f 1078/4547/62 1098/1827/62 1062/4548/62
f 1098/1827/62 1101/4549/62 1103/1825/62
f 1062/4548/62 1098/1827/62 1096/1826/62
f 1101/4549/62 1100/4550/62 1103/1825/62
f 1098/1828/62 1106/4551/62 1105/1829/62
f 1082/1833/62 1049/4552/62 1107/4553/62
f 1107/4553/62 1081/1831/62 1082/1833/62
f 1110/1834/63 1111/4554/63 1113/1835/63
f 1115/1837/63 1116/4555/63 1114/1838/63
f 1111/4556/4 1110/4557/4 1109/1712/4
f 1110/4557/4 1114/1841/4 1109/1712/4
f 1111/4556/4 1109/1712/4 1112/4474/4
f 1114/1841/4 1066/4558/4 1065/1840/4
f 1124/4559/63 1128/4560/63 1116/4561/63
f 1128/4560/63 1117/4562/63 1108/4563/63
f 1116/4561/63 1128/4560/63 1108/4563/63
f 1115/1844/63 1113/4564/63 1119/1842/63
f 1116/4561/63 1115/1844/63 1121/1843/63
f 1124/4559/63 1116/4561/63 1121/1843/63
f 1118/1847/63 1122/4565/63 1121/4566/63
f 1121/4566/63 1119/1845/63 1118/1847/63
f 1046/4567/65 1045/4568/65 1054/4569/65
f 1045/4568/65 1120/4570/65 1054/4569/65
f 1119/1849/65 1113/4571/65 1112/4474/65
f 1113/4571/65 1111/4556/65 1112/4474/65
f 1054/4569/65 1120/4570/65 1053/4572/65
f 1120/4570/65 1119/1849/65 1053/4572/65
f 1048/1757/65 1055/1848/65 1099/4475/65
f 1055/1848/65 1053/4572/65 1119/1849/65
f 1119/1849/65 1112/4474/65 1036/1850/65
f 1036/1850/65 1099/4475/65 1055/1848/65
f 1126/1851/63 1124/4573/63 1121/1852/63
f 1123/1856/63 1125/4574/63 1128/4575/63
f 1128/4575/63 1124/1854/63 1123/1856/63
f 1117/1859/63 1128/4576/63 1127/4577/63
f 1128/4576/63 1125/4578/63 1127/4577/63
f 1127/4577/63 1074/1857/63 1117/1859/63
f 1122/1861/63 1118/4579/63 1130/1862/63
f 1118/4579/63 1129/4580/63 1130/1862/63
f 1130/1862/63 1131/4581/63 1126/1860/63
f 1131/4581/63 1123/4582/63 1126/1860/63
f 1131/1865/63 1132/4583/63 1125/1863/63
f 1132/4583/63 1127/4584/63 1125/1863/63
f 1048/1867/62 1099/4585/62 1102/4586/62
f 1102/4586/62 1100/4587/62 1101/4588/62
f 1105/4589/62 1107/4590/62 1102/4586/62
f 1107/4590/62 1049/1868/62 1048/1867/62
f 1102/4586/62 1107/4590/62 1048/1867/62
f 1102/4586/62 1101/4588/62 1105/4589/62
f 1037/4591/4 1109/4592/4 1040/1870/4
f 1109/4592/4 1065/1871/4 1040/1870/4
f 1065/1871/4 1071/4593/4 1044/4594/4
f 1044/4594/4 1039/1869/4 1065/1871/4
f 1095/1874/2 1093/4595/2 1057/4596/2
f 1093/4595/2 1094/4597/2 1057/4596/2
f 1057/4596/2 1058/1872/2 1095/1874/2
f 1066/1877/63 1114/4598/63 1116/4599/63
f 1116/4599/63 1108/4600/63 1066/1877/63
f 1108/4600/63 1072/1875/63 1066/1877/63
f 1228/1878/4 1225/2015/4 1136/1879/4
f 1136/4601/4 1225/4602/4 1139/1882/4
f 1225/4602/4 1165/1883/4 1139/1882/4
f 1165/1883/4 1170/4603/4 1143/4604/4
f 1143/4604/4 1138/1881/4 1165/1883/4
f 1136/1886/4 1139/4605/4 1137/4606/4
f 1137/4606/4 1135/1884/4 1136/1886/4
f 1137/1887/4 1139/4607/4 1138/1888/4
f 1140/4608/4 1138/4609/4 1141/1892/4
f 1138/4609/4 1143/1890/4 1141/1892/4
f 1193/1895/4 1202/4610/4 1196/1893/4
f 1202/4610/4 1203/4611/4 1196/1893/4
f 1137/4612/4 1140/4613/4 1201/4614/4
f 1140/4613/4 1141/4615/4 1203/4616/4
f 1201/4614/4 1140/4613/4 1202/4617/4
f 1203/4616/4 1202/4617/4 1140/4613/4
f 1201/4614/4 1200/4618/4 1137/4612/4
f 1200/4618/4 1197/1896/4 1137/4612/4
f 1199/4619/4 1135/1898/4 1198/1897/4
f 1135/1898/4 1137/4612/4 1197/1896/4
f 1203/1899/4 1141/4620/4 1142/1900/4
f 1180/1902/2 1192/4621/2 1152/1903/2
f 1145/1906/66 1175/4622/66 1147/1907/66
f 1175/4622/66 1252/4623/66 1251/4624/66
f 1147/1907/66 1175/4622/66 1250/4625/66
f 1251/4624/66 1146/4626/66 1175/4622/66
f 1146/4626/66 1250/4625/66 1175/4622/66
f 1160/1910/2 1161/4627/2 1175/4628/2
f 1175/4628/2 1145/1908/2 1160/1910/2
f 1151/1912/67 1148/1919/67 1149/4629/67
f 1148/1919/67 1220/4630/67 1219/4631/67
f 1149/4629/67 1148/1919/67 1219/4631/67
f 1150/4632/67 1222/4633/67 1151/1912/67
f 1222/4633/67 1223/1913/67 1151/1912/67
f 1149/4629/67 1150/4632/67 1151/1912/67
f 1223/1913/67 1178/4634/67 1180/1911/67
f 1156/1914/2 1159/4635/2 1153/1915/2
f 1148/1919/2 1151/4636/2 1156/1917/2
f 1151/4636/2 1152/4637/2 1156/1917/2
f 1152/4637/2 1158/4638/2 1156/1917/2
f 1153/1920/2 1159/4639/2 1160/1921/2
f 1157/4640/2 1161/1923/2 1158/1925/2
f 1161/1923/2 1160/4641/2 1159/1924/2
f 1159/1924/2 1156/4642/2 1158/1925/2
f 1194/1926/4 1163/4643/4 1162/1927/4
f 1164/1929/68 1171/4644/68 1181/1930/68
f 1194/4645/4 1170/4646/4 1163/4647/4
f 1170/4646/4 1165/1932/4 1167/4648/4
f 1163/4647/4 1170/4646/4 1167/4648/4
f 1165/1932/4 1166/4649/4 1164/1933/4
f 1168/1934/4 1167/4648/4 1165/1932/4
f 1168/1935/68 1181/4650/68 1169/1936/68
f 1182/1940/68 1186/4651/68 1163/1938/68
f 1186/4651/68 1176/4652/68 1163/1938/68
f 1176/4652/68 1162/4653/68 1163/1938/68
f 1163/1938/68 1167/4654/68 1169/1939/68
f 1169/1939/68 1183/4655/68 1182/1940/68
f 1181/4656/68 1171/4657/68 1172/1943/68
f 1171/4657/68 1173/1941/68 1172/1943/68
f 1173/1941/68 1187/4658/68 1184/1942/68
f 1191/1946/2 1174/1969/2 1161/1944/2
f 1174/1969/2 1175/1948/2 1161/1944/2
f 1174/1949/66 1173/4659/66 1252/1947/66
f 1173/4659/66 1171/4660/66 1235/4661/66
f 1171/4660/66 1224/4662/66 1235/4661/66
f 1235/4661/66 1247/4663/66 1173/4659/66
f 1247/4663/66 1252/1947/66 1173/4659/66
f 1180/4664/67 1178/1952/67 1179/1951/67
f 1178/1952/67 1177/4665/67 1176/1950/67
f 1176/1950/67 1177/4665/67 1209/4666/67
f 1209/4666/67 1195/4667/67 1176/1950/67
f 1195/4667/67 1193/4668/67 1162/4669/67
f 1176/1950/67 1195/4667/67 1162/4669/67
f 1186/4670/68 1188/1955/68 1176/1954/68
f 1188/1955/68 1189/4671/68 1179/1953/68
f 1189/4671/68 1190/4672/68 1179/1953/68
f 1179/1956/2 1190/4673/2 1192/1957/2
f 1181/1959/68 1172/4674/68 1183/1960/68
f 1186/1962/68 1182/4675/68 1185/1963/68
f 1187/1967/68 1189/4676/68 1185/1965/68
f 1189/4676/68 1188/4677/68 1185/1965/68
f 1190/4678/68 1189/4679/68 1191/1970/68
f 1189/4679/68 1187/1968/68 1191/1970/68
f 1187/1968/68 1173/4680/68 1174/1969/68
f 1208/1971/67 1207/4681/67 1201/4682/67
f 1202/1972/67 1193/4683/67 1195/1973/67
f 1208/1971/67 1201/4682/67 1202/1972/67
f 1206/1974/67 1204/4684/67 1198/1975/67
f 1206/1977/67 1197/4685/67 1200/1978/67
f 1210/1980/67 1212/4686/67 1214/1981/67
f 1205/1983/67 1200/4687/67 1201/1984/67
f 1207/4688/67 1212/1988/67 1205/1987/67
f 1212/1988/67 1210/4689/67 1206/1986/67
f 1210/4689/67 1204/4690/67 1206/1986/67
f 1204/1991/67 1210/4691/67 1199/1989/67
f 1210/4691/67 1211/4692/67 1220/4693/67
f 1211/4692/67 1219/4694/67 1220/4693/67
f 1220/4693/67 1199/1989/67 1210/4691/67
f 1208/1993/67 1217/4695/67 1221/4696/67
f 1217/4695/67 1216/4697/67 1221/4696/67
f 1221/4696/67 1215/1994/67 1208/1993/67
f 1215/1994/67 1213/4698/67 1207/1992/67
f 1213/4698/67 1214/4699/67 1212/4700/67
f 1212/4700/67 1207/1992/67 1213/4698/67
f 1222/1995/67 1150/4701/67 1215/1996/67
f 1150/1998/67 1149/4702/67 1213/1999/67
f 1178/2001/67 1223/4703/67 1218/2002/67
f 1229/2004/66 1226/4704/66 1232/2005/66
f 1166/2009/66 1230/4705/66 1234/4706/66
f 1230/4705/66 1233/4707/66 1234/4706/66
f 1234/4706/66 1224/4708/66 1166/2009/66
f 1224/4708/66 1171/2007/66 1166/2009/66
f 1230/2010/66 1229/4709/66 1231/2011/66
f 1229/2014/4 1230/4710/4 1225/2015/4
f 1230/4710/4 1166/4711/4 1165/4712/4
f 1165/4712/4 1225/2015/4 1230/4710/4
f 1225/2015/4 1228/1878/4 1227/4713/4
f 1227/4713/4 1226/2013/4 1225/2015/4
f 1236/4714/66 1232/2016/66 1237/2018/66
f 1232/2016/66 1226/4715/66 1227/2017/66
f 1237/2018/66 1227/2017/66 1239/4716/66
f 1239/2019/66 1240/4717/66 1238/2020/66
f 1236/2024/66 1241/4718/66 1231/2022/66
f 1241/4718/66 1233/4719/66 1231/2022/66
f 1224/2025/66 1234/4720/66 1246/2026/66
f 1237/4721/66 1238/4722/66 1236/2030/66
f 1238/4722/66 1243/2028/66 1236/2030/66
f 1145/1906/69 1144/4723/69 1154/4724/69
f 1144/4723/69 1240/2032/69 1154/4724/69
f 1239/4725/69 1227/4713/69 1228/1878/69
f 1240/2032/69 1239/4725/69 1134/1885/69
f 1239/4725/69 1228/1878/69 1134/1885/69
f 1153/4726/69 1154/4724/69 1240/2032/69
f 1220/4630/69 1148/1919/69 1155/2031/69
f 1155/2031/69 1153/4726/69 1240/2032/69
f 1240/2032/69 1134/1885/69 1135/1898/69
f 1135/1898/69 1199/4619/69 1220/4630/69
f 1220/4630/69 1155/2031/69 1135/1898/69
f 1248/2035/66 1247/4727/66 1235/4728/66
f 1235/4728/66 1246/2033/66 1248/2035/66
f 1244/4729/66 1249/4730/66 1246/4731/66
f 1249/4730/66 1245/4732/66 1246/4731/66
f 1246/4731/66 1234/4733/66 1244/4729/66
f 1234/4733/66 1233/4734/66 1244/4729/66
f 1233/4734/66 1241/2036/66 1242/2038/66
f 1244/4729/66 1233/4734/66 1242/2038/66
f 1238/2039/66 1240/4735/66 1144/4736/66
f 1144/4736/66 1147/2040/66 1238/2039/66
f 1147/2040/66 1242/4737/66 1243/2041/66
f 1146/2044/66 1251/4738/66 1245/2042/66
f 1251/4738/66 1248/4739/66 1245/2042/66
f 1146/2045/66 1249/4740/66 1244/2046/66
f 1250/2048/66 1244/4741/66 1242/2049/66
f 1252/2051/66 1247/4742/66 1248/2052/66
f 1194/2056/4 1196/4743/4 1142/2054/4
f 1142/2054/4 1143/4744/4 1170/2055/4
f 1185/2059/68 1182/4745/68 1183/2057/68
f 1183/2057/68 1172/4746/68 1184/2058/68
f 1192/2062/2 1190/4747/2 1157/2060/2
f 1190/4747/2 1191/4748/2 1157/2060/2
f 1157/2060/2 1158/4749/2 1152/2061/2
f 1218/4750/67 1223/4751/67 1216/2065/67
f 1223/4751/67 1222/2063/67 1216/2065/67
f 1209/2068/67 1177/4752/67 1218/2066/67
f 1218/2066/67 1216/4753/67 1217/2067/67
f 1149/2071/67 1219/4754/67 1214/2069/67
f 1219/4754/67 1211/4755/67 1214/2069/67
f 1217/2072/67 1208/4756/67 1195/2073/67
f 1288/2075/3 1253/4757/3 1261/2076/3
f 1260/2078/3 1261/4758/3 1314/2079/3
f 1314/4759/3 1261/2082/3 1255/2081/3
f 1261/2082/3 1253/4760/3 1254/2083/3
f 1319/2084/3 1259/4761/3 1258/2085/3
f 1254/2089/3 1335/2225/3 1256/2087/3
f 1335/2225/3 1257/4762/3 1256/2087/3
f 1256/2087/3 1259/4761/3 1255/2088/3
f 1259/4761/3 1319/2084/3 1255/2088/3
f 1256/2090/3 1257/2216/3 1258/2091/3
f 1262/2093/2 1268/4763/2 1263/2094/2
f 1272/4764/5 1270/2097/5 1271/2096/5
f 1270/2097/5 1276/4765/5 1274/2098/5
f 1263/4766/3 1268/2100/3 1264/2099/3
f 1268/2100/3 1269/4767/3 1267/2101/3
f 1263/2102/3 1264/4768/3 1265/2103/3
f 1283/2105/2 1269/4769/2 1268/2106/2
f 1272/2108/1 1271/4770/1 1285/2109/1
f 1263/4771/2 1266/2122/2 1281/2113/2
f 1266/2122/2 1279/2111/2 1281/2113/2
f 1277/4772/6 1280/2115/6 1275/2114/6
f 1280/2115/6 1279/4773/6 1351/2116/6
f 1280/2117/2 1277/4774/2 1276/2118/2
f 1276/2118/5 1277/4774/5 1275/2120/5
f 1266/2122/6 1265/4775/6 1351/2123/6
f 1279/2124/2 1280/4776/2 1273/2125/2
f 1270/4777/2 1272/2108/2 1284/2128/2
f 1272/2108/2 1282/2129/2 1284/2128/2
f 1282/2129/2 1283/4778/2 1262/2127/2
f 1276/2130/2 1270/2097/2 1284/2131/2
f 1269/4769/1 1283/2134/1 1267/2133/1
f 1283/2134/1 1282/4779/1 1285/2135/1
f 1290/2136/6 1291/4780/6 1308/2137/6
f 1292/2139/6 1306/4781/6 1293/2140/6
f 1307/2144/6 1311/4782/6 1310/4783/6
f 1306/2142/6 1292/4784/6 1290/2143/6
f 1307/2144/6 1310/4783/6 1306/2142/6
f 1295/2145/6 1297/4785/6 1302/2146/6
f 1287/2148/6 1286/4786/6 1298/2149/6
f 1286/2151/6 1303/4787/6 1313/2152/6
f 1308/2154/6 1312/4788/6 1311/2155/6
f 1305/2157/6 1293/4789/6 1306/2158/6
f 1297/2160/6 1309/4790/6 1304/2161/6
f 1293/2165/6 1305/4791/6 1309/4792/6
f 1309/4792/6 1297/4793/6 1293/2165/6
f 1297/4793/6 1295/2163/6 1293/2165/6
f 1286/2167/6 1287/4794/6 1288/2168/6
f 1288/2168/6 1300/4795/6 1303/2166/6
f 1300/4795/6 1299/4796/6 1303/2166/6
f 1302/2171/6 1304/4797/6 1301/2169/6
f 1304/4797/6 1327/4798/6 1332/4799/6
f 1301/2169/6 1304/4797/6 1332/4799/6
f 1299/2174/6 1327/4800/6 1310/2172/6
f 1327/4800/6 1304/4801/6 1309/4802/6
f 1309/4802/6 1305/4803/6 1327/4800/6
f 1305/4803/6 1310/2172/6 1327/4800/6
f 1313/4804/6 1303/4805/6 1299/2174/6
f 1311/2173/6 1312/4806/6 1299/2174/6
f 1312/4806/6 1313/4804/6 1299/2174/6
f 1298/2177/6 1313/4807/6 1312/4808/6
f 1308/2175/6 1291/4809/6 1289/2176/6
f 1298/2177/6 1312/4808/6 1308/2175/6
f 1300/2178/4 1314/4810/4 1316/2179/4
f 1314/4811/4 1319/4812/4 1316/2183/4
f 1319/4812/4 1318/2181/4 1316/2183/4
f 1338/2184/4 1321/2222/4 1323/2185/4
f 1320/2187/4 1338/4813/4 1318/2188/4
f 1323/2190/4 1321/2219/4 1322/2191/4
f 1318/2186/4 1323/2185/4 1329/2193/4
f 1329/2195/4 1323/2190/4 1324/2192/4
f 1327/2197/4 1317/4814/4 1326/2198/4
f 1315/2202/4 1329/4815/4 1299/2200/4
f 1329/4815/4 1328/2196/4 1299/2200/4
f 1328/2196/4 1317/4816/4 1327/4817/4
f 1327/4817/4 1299/2200/4 1328/2196/4
f 1317/2205/4 1328/4818/4 1324/4819/4
f 1324/4819/4 1331/2203/4 1317/2205/4
f 1324/2206/4 1322/2220/4 1325/2207/4
f 1330/2209/5 1331/2208/5 1325/2207/5
f 1331/2203/5 1330/4820/5 1349/2211/5
f 1332/2213/5 1326/4821/5 1349/2214/5
f 1257/2216/1 1333/4822/1 1334/2217/1
f 1345/2218/1 1339/2239/1 1322/2191/1
f 1322/2220/1 1339/4823/1 1348/2210/1
f 1338/2184/1 1336/2234/1 1345/2221/1
f 1334/2223/1 1337/4824/1 1320/2086/1
f 1333/2224/1 1257/4762/1 1335/2225/1
f 1336/2226/1 1338/4825/1 1333/2224/1
f 1338/4825/1 1337/4824/1 1334/2223/1
f 1334/2223/1 1333/2224/1 1338/4825/1
f 1341/2227/2 1253/4826/2 1288/2228/2
f 1343/2232/2 1344/4827/2 1341/2230/2
f 1344/4827/2 1253/4828/2 1341/2230/2
f 1346/2233/2 1345/2221/2 1336/2234/2
f 1343/2236/2 1336/4829/2 1335/2237/2
f 1339/2239/2 1345/2218/2 1346/2240/2
f 1351/2242/2 1346/2233/2 1343/2235/2
f 1347/2241/2 1346/2240/2 1351/2244/2
f 1349/2246/2 1342/4830/2 1296/2247/2
f 1351/2249/2 1340/4831/2 1287/2250/2
f 1340/4831/2 1341/4832/2 1287/2250/2
f 1287/2250/2 1296/4833/2 1350/2245/2
f 1296/4833/2 1342/4834/2 1350/2245/2
f 1342/2253/2 1349/4835/2 1330/4820/2
f 1330/4820/2 1347/2251/2 1342/2253/2
f 1348/2210/2 1339/4823/2 1347/2254/2
f 1352/2255/4 1353/2297/4 1358/2256/4
f 1355/2258/3 1376/4836/3 1375/2259/3
f 1363/2261/2 1355/2258/2 1354/2260/2
f 1381/2317/5 1380/2319/5 1352/2263/5
f 1352/2263/5 1360/4837/5 1364/2264/5
f 1364/2264/5 1357/4838/5 1377/2265/5
f 1377/2265/5 1381/2317/5 1352/2263/5
f 1368/2266/4 1360/4839/4 1358/2267/4
f 1368/2269/5 1361/4840/5 1364/2270/5
f 1355/2273/3 1372/2275/3 1376/4841/3
f 1372/2275/3 1359/2268/3 1374/2272/3
f 1376/4841/3 1372/2275/3 1374/2272/3
f 1355/2273/2 1363/2277/2 1366/2274/2
f 1362/2276/5 1366/2274/5 1363/2277/5
f 1364/4842/5 1361/4843/5 1357/2281/5
f 1361/4843/5 1370/4844/5 1362/2279/5
f 1357/2281/5 1361/4843/5 1362/2279/5
f 1370/4844/5 1365/4845/5 1362/2279/5
f 1365/2282/5 1367/2295/5 1366/2283/5
f 1369/2285/5 1370/4846/5 1361/2286/5
f 1369/2288/4 1368/4847/4 1359/2289/4
f 1371/2290/1 1373/2294/1 1365/4848/1
f 1373/2294/1 1367/4849/1 1365/4848/1
f 1365/4848/1 1370/2291/1 1371/2290/1
f 1371/2290/3 1359/2289/3 1372/2293/3
f 1373/2294/2 1372/2293/2 1366/2283/2
f 1374/2296/3 1358/2256/3 1353/2297/3
f 1376/2299/3 1374/4850/3 1384/2300/3
f 1379/2262/5 1377/4851/5 1356/2302/5
f 1377/4851/5 1357/4852/5 1356/2302/5
f 1378/2303/5 1381/2321/5 1377/2304/5
f 1353/2306/4 1352/4853/4 1380/2307/4
f 1383/2309/2 1378/2303/2 1379/2305/2
f 1354/2310/3 1375/4854/3 1383/2309/3
f 1375/4854/3 1384/2311/3 1383/2309/3
f 1383/2309/3 1384/2311/3 1382/2308/3
f 1382/2308/3 1388/2313/3 1389/2312/3
f 1385/4855/6 1389/2312/6 1386/2315/6
f 1389/2312/6 1388/2313/6 1386/2315/6
f 1383/2309/2 1389/2312/2 1385/2316/2
f 1380/2307/4 1387/4856/4 1388/2313/4
f 1381/2317/5 1386/4857/5 1387/2318/5
f 1378/2303/5 1385/2316/5 1386/2320/5
f 1391/2322/5 1393/4858/5 1390/2323/5
f 1392/2325/5 1394/4859/5 1393/2326/5
f 1395/2328/5 1394/4860/5 1392/2329/5
f 1433/2331/3 1402/2362/3 1403/2332/3
f 1395/4861/5 1397/4862/5 1396/2336/5
f 1397/4862/5 1398/2334/5 1396/2336/5
f 1399/2337/5 1425/4863/5 1424/2338/5
f 1401/2340/3 1404/4864/3 1403/2341/3
f 1417/2343/3 1407/4865/3 1404/2344/3
f 1408/2346/3 1406/4866/3 1405/2347/3
f 1418/2349/3 1408/4867/3 1407/2350/3
f 1409/2352/3 1408/4868/3 1418/2353/3
f 1409/2355/3 1410/4869/3 1406/2356/3
f 1427/2360/3 1439/4870/3 1409/2358/3
f 1439/4870/3 1410/4871/3 1409/2358/3
f 1403/2341/3 1412/4872/3 1411/2361/3
f 1402/2362/3 1432/4873/3 1412/2363/3
f 1414/2364/2 1416/4874/2 1415/2365/2
f 1421/2367/2 1419/4875/2 1416/2368/2
f 1420/2370/2 1418/4876/2 1417/2371/2
f 1422/2373/2 1420/4877/2 1419/2374/2
f 1423/2376/2 1420/4878/2 1422/2377/2
f 1423/2379/2 1426/4879/2 1418/2380/2
f 1425/2384/2 1427/4880/2 1423/2382/2
f 1427/4880/2 1426/4881/2 1423/2382/2
f 1407/2385/3 1405/4882/3 1433/2331/3
f 1415/2365/2 1429/4883/2 1428/2386/2
f 1400/2387/2 1411/4884/2 1429/2388/2
f 1433/2390/4 1434/4885/4 1431/2391/4
f 1405/2393/4 1435/4886/4 1434/2394/4
f 1436/2396/4 1435/4887/4 1405/2397/4
f 1436/4888/4 1438/4889/4 1437/2401/4
f 1438/4889/4 1439/2399/4 1437/2401/4
f 1441/2402/4 1398/4890/4 1440/2403/4
f 1399/2337/1 1398/4890/1 1441/2402/1
f 1441/2402/1 1439/2399/1 1427/2360/1
f 1427/2360/1 1425/2384/1 1399/2337/1
f 1440/2405/4 1392/2412/4 1435/2406/4
f 1394/2408/5 1396/4891/5 1424/2409/5
f 1434/2411/4 1435/4892/4 1392/2412/4
f 1394/2408/5 1421/4893/5 1414/2414/5
f 1419/2416/2 1417/4894/2 1401/2417/2
f 1415/2389/2 1416/4895/2 1401/2417/2
f 1414/2414/5 1428/4896/5 1390/2419/5
f 1434/2411/4 1391/4897/4 1430/2420/4
f 1450/2422/3 1442/4898/3 1477/2423/3
f 1503/2425/3 1450/4899/3 1449/2426/3
f 1442/4900/3 1450/2429/3 1443/2428/3
f 1450/2429/3 1503/4901/3 1444/2430/3
f 1447/2431/3 1448/4902/3 1508/2432/3
f 1443/2435/3 1444/4903/3 1445/2436/3
f 1444/4903/3 1508/2432/3 1448/4902/3
f 1448/4902/3 1445/2436/3 1444/4903/3
f 1446/2572/3 1524/2434/3 1445/2436/3
f 1447/2437/3 1446/2565/3 1445/2438/3
f 1451/2440/4 1470/4904/4 1452/2441/4
f 1465/4905/5 1459/2444/5 1463/2443/5
f 1459/2444/5 1461/4906/5 1460/2445/5
f 1458/4907/3 1457/2447/3 1456/2446/3
f 1457/2447/3 1452/4908/3 1453/2448/3
f 1454/2449/3 1453/4909/3 1452/2450/3
f 1457/2452/4 1458/4910/4 1472/2453/4
f 1474/2455/1 1460/4911/1 1461/2456/1
f 1468/2460/4 1455/2470/4 1470/2458/4
f 1455/2470/4 1452/4912/4 1470/2458/4
f 1468/4913/6 1469/2462/6 1540/2461/6
f 1469/2462/6 1466/4914/6 1464/2463/6
f 1465/2464/4 1466/2468/4 1469/2465/4
f 1465/2464/5 1463/4915/5 1464/2467/5
f 1540/2469/6 1454/4916/6 1455/2470/6
f 1462/2471/4 1469/4917/4 1468/2472/4
f 1471/2476/4 1461/2456/4 1473/4918/4
f 1461/2456/4 1459/4919/4 1473/4918/4
f 1473/4918/4 1451/2474/4 1471/2476/4
f 1473/2477/4 1459/2444/4 1465/2478/4
f 1471/4920/1 1472/2481/1 1474/2480/1
f 1472/2481/1 1458/4910/1 1456/2482/1
f 1496/2483/6 1497/4921/6 1480/2484/6
f 1482/2486/6 1495/4922/6 1481/2487/6
f 1499/4923/6 1500/4924/6 1496/2489/6
f 1496/2489/6 1479/4925/6 1481/2490/6
f 1495/2491/6 1499/4923/6 1496/2489/6
f 1491/2492/6 1486/4926/6 1484/2493/6
f 1487/2495/6 1475/4927/6 1476/2496/6
f 1487/2498/6 1502/4928/6 1492/2499/6
f 1500/2501/6 1501/4929/6 1497/2502/6
f 1495/2504/6 1482/4930/6 1494/2505/6
f 1493/2507/6 1498/4931/6 1486/2508/6
f 1498/4932/6 1494/4933/6 1482/2510/6
f 1482/2510/6 1483/4934/6 1484/2511/6
f 1486/2512/6 1498/4932/6 1482/2510/6
f 1477/2515/6 1476/4935/6 1475/4936/6
f 1492/2513/6 1488/4937/6 1489/2514/6
f 1477/2515/6 1475/4936/6 1492/2513/6
f 1516/4938/6 1493/2518/6 1521/2517/6
f 1493/2518/6 1491/4939/6 1490/2516/6
f 1491/4939/6 1485/4940/6 1490/2516/6
f 1493/4941/6 1516/2520/6 1498/4942/6
f 1516/2520/6 1488/4943/6 1499/2521/6
f 1498/4942/6 1516/2520/6 1494/2519/6
f 1488/4943/6 1492/4944/6 1502/4945/6
f 1501/4946/6 1500/4947/6 1488/4943/6
f 1500/4947/6 1499/2521/6 1488/4943/6
f 1488/4943/6 1502/4945/6 1501/4946/6
f 1501/4948/6 1502/4949/6 1497/2524/6
f 1502/4949/6 1487/2522/6 1497/2524/6
f 1487/2522/6 1478/4950/6 1480/2523/6
f 1505/2525/2 1503/4951/2 1489/2526/2
f 1507/2530/2 1508/4952/2 1505/2528/2
f 1508/4952/2 1503/4953/2 1505/2528/2
f 1512/2531/2 1510/2569/2 1527/2532/2
f 1507/2534/2 1527/4954/2 1509/2535/2
f 1511/2537/2 1510/2567/2 1512/2538/2
f 1518/2540/2 1512/2531/2 1507/2533/2
f 1513/2539/2 1512/2538/2 1518/2542/2
f 1515/2544/2 1506/4955/2 1516/2545/2
f 1504/2548/2 1505/4956/2 1488/2549/2
f 1488/2549/2 1516/4957/2 1517/2543/2
f 1516/4957/2 1506/4958/2 1517/2543/2
f 1517/2543/2 1518/2547/2 1488/2549/2
f 1506/2552/2 1515/4959/2 1520/2559/2
f 1520/2559/2 1513/2550/2 1506/2552/2
f 1514/2553/2 1511/2568/2 1513/2554/2
f 1514/2553/5 1520/2555/5 1519/2556/5
f 1538/2558/5 1519/2598/5 1520/2559/5
f 1538/2561/5 1515/4960/5 1521/2562/5
f 1523/2564/1 1522/4961/1 1446/2565/1
f 1511/2537/1 1528/2586/1 1534/2566/1
f 1537/2557/1 1528/4962/1 1511/2568/1
f 1510/2569/1 1534/4963/1 1525/2570/1
f 1509/2433/1 1526/4964/1 1523/2571/1
f 1522/2573/1 1523/2571/1 1527/4965/1
f 1523/2571/1 1526/4964/1 1527/4965/1
f 1522/2573/1 1527/4965/1 1525/4966/1
f 1525/4966/1 1524/2434/1 1522/2573/1
f 1477/2574/4 1442/4967/4 1530/2575/4
f 1442/4968/4 1533/4969/4 1530/2579/4
f 1533/4969/4 1532/2577/4 1530/2579/4
f 1525/2570/4 1534/4963/4 1535/2580/4
f 1524/2582/4 1525/4970/4 1532/2583/4
f 1535/2585/4 1534/2566/4 1528/2586/4
f 1532/2581/4 1535/2580/4 1540/2588/4
f 1540/2590/4 1535/2585/4 1536/2587/4
f 1485/2592/4 1531/4971/4 1538/2593/4
f 1529/2597/4 1540/4972/4 1476/2595/4
f 1540/4972/4 1539/2591/4 1476/2595/4
f 1539/2591/4 1531/4973/4 1485/4974/4
f 1485/4974/4 1476/2595/4 1539/2591/4
f 1531/2600/4 1539/4975/4 1536/4976/4
f 1536/4976/4 1519/2598/4 1531/2600/4
f 1536/2601/4 1528/4962/4 1537/2557/4
f 1547/2602/2 1542/2643/2 1541/2603/2
f 1564/2605/3 1565/4977/3 1544/2606/3
f 1543/2607/4 1544/2606/4 1552/2608/4
f 1541/2612/5 1569/2666/5 1570/2665/5
f 1566/2610/5 1546/4978/5 1553/2611/5
f 1541/2612/5 1570/2665/5 1566/2610/5
f 1553/2611/5 1549/4979/5 1541/2612/5
f 1547/2613/2 1549/4980/2 1557/2614/2
f 1553/2616/5 1550/4981/5 1557/2617/5
f 1548/2615/3 1561/2622/3 1563/2619/3
f 1561/2622/3 1544/2621/3 1565/4982/3
f 1565/4982/3 1563/2619/3 1561/2622/3
f 1555/2620/4 1552/2623/4 1544/2621/4
f 1552/2623/5 1555/2620/5 1551/2624/5
f 1559/2628/5 1550/4983/5 1551/2626/5
f 1550/4983/5 1553/4984/5 1546/4985/5
f 1546/4985/5 1545/4986/5 1551/2626/5
f 1550/4983/5 1546/4985/5 1551/2626/5
f 1555/2629/5 1556/2642/5 1554/2630/5
f 1550/2632/5 1559/4987/5 1558/2633/5
f 1548/2635/2 1557/4988/2 1558/2636/2
f 1556/4989/1 1562/2641/1 1554/2639/1
f 1562/2641/1 1560/2637/1 1554/2639/1
f 1560/2637/1 1558/4990/1 1559/2638/1
f 1561/2640/3 1548/2635/3 1560/2637/3
f 1555/2629/4 1561/2640/4 1562/2641/4
f 1542/2643/3 1547/2602/3 1563/2644/3
f 1573/2646/3 1563/4991/3 1565/2647/3
f 1546/4992/5 1566/4993/5 1545/2649/5
f 1566/4993/5 1568/2609/5 1545/2649/5
f 1566/2650/5 1570/2668/5 1567/2651/5
f 1569/2653/2 1541/4994/2 1542/2654/2
f 1568/2652/4 1567/2651/4 1572/2656/4
f 1573/2658/3 1564/4995/3 1572/2656/3
f 1564/4995/3 1543/2657/3 1572/2656/3
f 1573/2658/3 1572/2656/3 1571/2655/3
f 1578/2659/3 1577/2662/3 1571/2655/3
f 1577/2662/6 1578/2659/6 1575/2660/6
f 1578/2659/6 1574/4996/6 1575/2660/6
f 1574/2663/4 1578/2659/4 1572/2656/4
f 1577/2662/2 1576/4997/2 1569/2653/2
f 1576/2664/5 1575/4998/5 1570/2665/5
f 1575/2667/5 1574/2663/5 1567/2651/5
f 1579/2669/5 1582/4999/5 1580/2670/5
f 1582/2672/5 1583/5000/5 1581/2673/5
f 1581/2675/5 1583/5001/5 1584/2676/5
f 1592/2678/3 1591/2710/3 1622/2679/3
f 1587/2683/5 1586/5002/5 1585/2681/5
f 1586/5002/5 1584/5003/5 1585/2681/5
f 1613/2684/5 1614/5004/5 1588/2685/5
f 1592/2687/3 1593/5005/3 1590/2688/3
f 1593/2690/3 1596/5006/3 1606/2691/3
f 1594/2693/3 1595/5007/3 1597/2694/3
f 1596/2696/3 1597/5008/3 1607/2697/3
f 1607/2699/3 1597/5009/3 1598/2700/3
f 1595/2702/3 1599/5010/3 1598/2703/3
f 1599/5011/3 1628/5012/3 1598/2707/3
f 1628/5012/3 1616/2705/3 1598/2707/3
f 1600/2708/3 1601/5013/3 1592/2687/3
f 1592/2678/3 1601/5014/3 1621/2709/3
f 1604/2711/4 1605/5015/4 1603/2712/4
f 1605/2714/4 1608/5016/4 1610/2715/4
f 1606/2717/4 1607/5017/4 1609/2718/4
f 1608/2720/4 1609/5018/4 1611/2721/4
f 1611/2723/4 1609/5019/4 1612/2724/4
f 1607/2726/4 1615/5020/4 1612/2727/4
f 1615/5021/4 1616/5022/4 1612/2731/4
f 1616/5022/4 1614/2729/4 1612/2731/4
f 1622/2679/3 1594/5023/3 1596/2732/3
f 1617/2733/4 1618/5024/4 1604/2711/4
f 1618/2734/4 1600/5025/4 1589/2735/4
f 1620/2737/2 1623/5026/2 1622/2738/2
f 1623/2740/2 1624/5027/2 1594/2741/2
f 1594/2743/2 1624/5028/2 1625/2744/2
f 1628/2748/2 1627/5029/2 1626/2746/2
f 1627/5029/2 1625/5030/2 1626/2746/2
f 1629/2749/2 1587/5031/2 1630/2750/2
f 1630/2750/1 1587/5031/1 1588/2685/1
f 1588/2685/1 1614/2729/1 1616/2705/1
f 1616/2705/1 1628/2748/1 1630/2750/1
f 1624/2752/2 1581/2758/2 1629/2753/2
f 1613/2755/5 1585/5032/5 1583/2756/5
f 1581/2758/2 1624/5033/2 1623/2759/2
f 1603/2761/5 1610/5034/5 1583/2756/5
f 1590/2763/4 1606/5035/4 1608/2764/4
f 1590/2763/4 1605/5036/4 1604/2736/4
f 1579/2766/5 1617/5037/5 1603/2761/5
f 1619/2767/2 1580/5038/2 1623/2759/2
f 1632/2769/6 1644/5039/6 1645/2770/6
f 1633/2774/3 1634/5040/3 1635/2794/3
f 1652/2772/3 1632/5041/3 1643/2773/3
f 1633/2774/3 1635/2794/3 1652/2772/3
f 1647/5042/4 1649/2776/4 1631/2775/4
f 1649/2776/4 1642/5043/4 1641/2777/4
f 1642/2778/5 1648/5044/5 1638/2779/5
f 1646/2781/4 1649/5045/4 1647/2782/4
f 1642/2784/4 1649/5046/4 1646/2785/4
f 1637/2789/5 1640/5047/5 1639/2787/5
f 1640/5047/5 1645/2770/5 1639/2787/5
f 1645/2770/5 1644/5039/5 1639/2787/5
f 1637/2790/1 1638/2788/1 1651/2791/1
f 1650/2793/1 1651/2798/1 1635/2794/1
f 1631/2775/6 1641/2777/6 1644/2796/6
f 1651/2798/1 1646/2781/1 1636/2783/1
f 1638/2799/1 1648/2786/1 1646/2800/1
f 1642/2801/5 1639/5048/5 1644/2796/5
f 1636/2783/3 1647/2782/3 1652/2772/3
f 1652/2802/3 1647/5049/3 1631/2775/3
f 1633/2774/2 1643/2773/2 1645/5050/2
f 1640/2804/2 1637/5051/2 1650/2793/2
f 1633/2774/2 1645/5050/2 1640/2804/2
f 1650/2793/2 1634/5040/2 1633/2774/2
f 1654/2805/3 1653/5052/3 1664/2806/3
f 1654/2808/1 1665/5053/1 1668/2809/1
f 1662/2811/5 1659/2828/5 1657/2812/5
f 1655/2816/5 1657/5054/5 1659/2814/5
f 1659/2814/5 1660/2993/5 1658/2815/5
f 1661/2819/6 1663/5055/6 1662/2817/6
f 1662/2817/6 1656/5056/6 1666/2818/6
f 1664/2821/2 1666/5057/2 1656/5058/2
f 1656/5058/2 1657/2820/2 1664/2821/2
f 1657/2820/2 1655/2816/2 1668/2809/2
f 1668/2809/2 1665/5059/2 1664/2821/2
f 1653/2822/3 1661/5060/3 1666/2823/3
f 1667/2810/1 1668/2809/1 1655/2825/1
f 1662/2811/5 1663/5055/5 1660/2827/5
f 1675/2829/3 1669/2833/3 1672/2830/3
f 1671/2832/1 1670/5061/1 1669/2833/1
f 1669/2833/4 1670/5062/4 1674/2834/4
f 1671/2835/5 1679/5063/5 1674/2836/5
f 1673/2831/6 1672/2830/6 1674/2838/6
f 1680/2840/3 1675/2843/3 1673/2841/3
f 1680/2840/1 1683/2844/1 1675/2843/1
f 1683/2844/1 1676/5064/1 1671/2845/1
f 1671/2846/5 1676/5065/5 1686/2847/5
f 1679/2850/6 1686/5066/6 1678/2849/6
f 1678/2849/6 1677/2842/6 1673/2841/6
f 1681/2851/3 1680/5067/3 1677/2852/3
f 1689/2854/5 1692/2868/5 1691/2855/5
f 1682/2857/1 1688/5068/1 1676/2858/1
f 1684/2853/6 1677/2852/6 1678/2860/6
f 1683/2862/1 1680/5067/1 1681/2851/1
f 1685/2864/6 1678/5069/6 1686/2865/6
f 1689/2854/2 1687/2878/2 1690/2867/2
f 1681/5070/1 1687/2878/1 1682/2871/1
f 1687/2878/1 1689/2869/1 1682/2871/1
f 1676/2872/5 1688/5071/5 1691/2873/5
f 1692/2877/6 1690/2867/6 1685/2875/6
f 1690/2867/6 1684/2879/6 1685/2875/6
f 1687/2878/3 1681/5070/3 1684/2879/3
f 1695/2882/4 1693/5072/4 1716/2880/4
f 1693/5072/4 1699/5073/4 1735/5074/4
f 1716/2880/4 1693/5072/4 1735/5074/4
f 1699/5073/4 1734/5075/4 1735/5074/4
f 1733/2884/1 1700/5076/1 1693/5077/1
f 1693/5077/1 1695/2882/1 1733/2884/1
f 1705/5078/3 1706/5079/3 1732/5080/3
f 1706/5079/3 1696/2883/3 1732/5080/3
f 1696/2883/3 1695/2882/3 1694/2881/3
f 1718/2885/3 1721/5081/3 1696/2883/3
f 1721/5081/3 1732/5080/3 1696/2883/3
f 1717/2888/4 1694/5082/4 1716/5083/4
f 1716/5083/4 1712/2886/4 1717/2888/4
f 1731/5084/1 1697/2891/1 1733/2890/1
f 1697/2891/1 1698/5085/1 1700/2889/1
f 1698/5085/1 1701/5086/1 1700/2889/1
f 1702/2892/2 1703/5087/2 1746/2893/2
f 1708/2895/1 1730/5088/1 1704/2896/1
f 1728/5089/2 1726/5090/2 1729/2900/2
f 1726/5090/2 1704/2898/2 1729/2900/2
f 1708/2901/1 1697/5091/1 1731/2902/1
f 1709/5092/1 1703/5093/1 1708/2906/1
f 1703/5093/1 1698/2904/1 1708/2906/1
f 1723/5094/3 1729/5095/3 1705/2908/3
f 1729/5095/3 1707/2899/3 1705/2908/3
f 1698/2909/1 1703/5087/1 1702/2910/1
f 1699/2913/5 1710/5096/5 1753/2914/5
f 1710/5096/5 1754/5097/5 1751/5098/5
f 1751/5098/5 1753/2914/5 1710/5096/5
f 1753/2914/5 1738/5099/5 1734/2912/5
f 1738/5099/5 1737/5100/5 1734/2912/5
f 1711/5101/1 1710/5102/1 1702/5103/1
f 1710/5102/1 1699/2915/1 1701/2917/1
f 1699/2915/1 1693/5072/1 1700/2916/1
f 1701/2917/1 1702/5103/1 1710/5102/1
f 1748/5104/5 1754/2919/5 1749/2918/5
f 1754/2919/5 1710/5105/5 1711/2920/5
f 1703/2921/2 1709/5092/2 1744/2922/2
f 1736/5106/4 1739/5107/4 1737/2926/4
f 1739/5107/4 1735/2924/4 1737/2926/4
f 1720/2929/3 1719/5108/3 1713/2927/3
f 1713/2927/3 1717/5109/3 1715/2928/3
f 1715/2928/3 1714/2960/3 1720/2929/3
f 1718/2930/3 1694/5110/3 1717/2931/3
f 1721/2933/3 1718/5111/3 1713/2934/3
f 1722/2963/3 1725/2938/3 1720/2937/3
f 1725/2938/3 1732/5112/3 1719/2936/3
f 1732/5112/3 1721/5113/3 1719/2936/3
f 1705/2939/3 1732/5114/3 1725/2940/3
f 1726/2942/6 1728/5115/6 1727/2943/6
f 1704/5116/1 1730/5117/1 1706/2947/1
f 1730/5117/1 1731/2945/1 1706/2947/1
f 1731/2945/1 1733/5118/1 1696/2946/1
f 1706/2947/1 1707/5119/1 1704/5116/1
f 1736/5120/5 1741/2949/5 1740/2948/5
f 1741/2949/5 1752/5121/5 1742/2950/5
f 1742/5122/5 1752/2952/5 1755/2951/5
f 1752/2952/5 1753/5123/5 1751/2953/5
f 1735/2954/4 1739/5124/4 1712/2955/4
f 1737/2957/5 1738/5125/5 1741/2958/5
f 1712/2961/4 1739/5126/4 1714/2960/4
f 1739/5126/4 1736/5127/4 1740/5128/4
f 1714/2960/4 1739/5126/4 1740/5128/4
f 1720/2937/6 1742/5129/6 1755/2962/6
f 1751/2964/5 1754/5130/5 1748/2965/5
f 1720/2929/6 1714/2960/6 1740/2967/6
f 1744/2969/6 1726/2973/6 1724/2970/6
f 1709/2972/2 1704/2896/2 1726/2973/2
f 1746/2893/6 1745/5131/6 1747/2975/6
f 1747/2979/6 1745/5132/6 1755/2977/6
f 1745/5132/6 1743/5133/6 1755/2977/6
f 1743/5133/6 1724/5134/6 1722/5135/6
f 1724/5134/6 1727/5136/6 1722/5135/6
f 1722/5135/6 1755/2977/6 1743/5133/6
f 1711/2920/2 1702/5103/2 1750/2980/2
f 1750/2981/6 1747/5137/6 1748/2982/6
f 1744/2922/6 1743/5138/6 1745/2984/6
f 1738/2986/5 1753/5139/5 1752/2987/5
f 1727/2991/3 1728/5089/3 1729/2900/3
f 1723/2989/3 1725/5140/3 1722/2990/3
f 1727/2991/3 1729/2900/3 1723/2989/3
f 1653/2992/4 1654/2808/4 1667/2810/4
f 1667/2810/4 1658/2826/4 1660/2993/4
f 1660/2993/4 1663/5055/4 1661/2819/4
f 1661/2819/4 1653/2992/4 1660/2993/4
f 1770/2994/6 1769/3013/6 1757/2995/6
f 1760/3017/3 1759/5141/3 1758/2997/3
f 1758/2997/3 1768/5142/3 1757/2998/3
f 1777/2999/3 1760/3017/3 1758/2997/3
f 1767/5143/2 1774/3001/2 1766/3000/2
f 1774/3001/2 1772/5144/2 1756/3002/2
f 1763/3003/5 1773/5145/5 1767/3004/5
f 1772/3006/2 1774/5146/2 1771/3007/2
f 1771/3009/2 1774/5147/2 1767/3010/2
f 1770/2994/5 1765/5148/5 1764/3012/5
f 1765/5148/5 1762/5149/5 1764/3012/5
f 1762/5149/5 1763/5150/5 1764/3012/5
f 1776/3014/1 1763/5150/1 1762/3015/1
f 1760/3017/1 1776/3022/1 1775/3018/1
f 1769/3020/6 1766/3000/6 1756/3002/6
f 1761/3008/1 1771/3007/1 1776/3022/1
f 1771/3023/1 1773/3011/1 1763/3024/1
f 1769/3020/5 1764/5151/5 1767/3025/5
f 1777/2999/3 1772/3006/3 1761/3008/3
f 1756/3002/3 1772/5152/3 1777/3026/3
f 1770/5153/4 1768/5142/4 1758/2997/4
f 1758/2997/4 1759/5141/4 1775/3018/4
f 1775/3018/4 1762/5154/4 1765/3028/4
f 1765/3028/4 1770/5153/4 1758/2997/4
f 1789/3029/3 1778/5155/3 1779/3030/3
f 1793/3032/1 1790/5156/1 1779/3033/1
f 1782/3035/5 1784/3052/5 1787/3036/5
f 1784/3040/5 1782/5157/5 1780/5158/5
f 1780/5158/5 1783/3038/5 1784/3040/5
f 1787/3043/6 1788/5159/6 1786/5160/6
f 1786/5160/6 1791/3041/6 1787/3043/6
f 1781/5161/4 1791/5162/4 1789/3044/4
f 1789/3044/4 1790/5163/4 1793/3032/4
f 1793/3032/4 1780/5158/4 1782/3045/4
f 1782/3045/4 1781/5161/4 1789/3044/4
f 1791/3046/3 1786/5164/3 1778/3047/3
f 1780/3049/1 1793/3032/1 1792/3034/1
f 1785/3051/5 1788/5159/5 1787/3036/5
f 1797/3053/3 1794/3056/3 1800/3054/3
f 1794/3056/1 1795/5165/1 1796/3057/1
f 1799/3058/2 1795/5166/2 1794/3056/2
f 1799/3059/5 1804/5167/5 1796/3060/5
f 1799/3062/6 1797/3053/6 1798/3055/6
f 1798/3064/3 1800/3069/3 1805/3065/3
f 1801/5168/1 1808/3068/1 1796/3067/1
f 1808/3068/1 1805/3065/1 1800/3069/1
f 1811/3070/5 1801/5169/5 1796/3071/5
f 1803/3073/6 1811/5170/6 1804/5171/6
f 1804/5171/6 1798/3064/6 1803/3073/6
f 1802/3074/3 1805/5172/3 1806/3075/3
f 1816/3077/5 1817/3091/5 1814/3078/5
f 1808/3080/1 1801/5173/1 1813/3081/1
f 1803/3083/6 1802/3074/6 1809/3076/6
f 1806/3075/1 1805/5172/1 1808/3085/1
f 1811/3087/6 1803/5174/6 1810/3088/6
f 1815/3090/4 1812/3102/4 1814/3078/4
f 1814/3094/1 1812/3102/1 1807/3092/1
f 1812/3102/1 1806/5175/1 1807/3092/1
f 1816/3095/5 1813/5176/5 1801/3096/5
f 1809/3101/6 1815/3090/6 1810/3100/6
f 1815/3090/6 1817/3098/6 1810/3100/6
f 1809/3101/3 1806/5175/3 1812/3102/3
f 1824/3105/2 1818/3142/2 1860/3103/2
f 1818/3142/2 1820/3107/2 1841/5177/2
f 1860/3103/2 1818/3142/2 1841/5177/2
f 1820/3107/2 1819/3110/2 1841/5177/2
f 1818/3108/1 1825/5178/1 1858/3106/1
f 1858/3106/1 1821/3111/1 1820/3107/1
f 1821/3111/3 1831/5179/3 1857/5180/3
f 1831/5179/3 1830/5181/3 1857/5180/3
f 1857/5180/3 1846/5182/3 1821/3111/3
f 1846/5182/3 1843/3109/3 1821/3111/3
f 1819/3110/3 1820/3107/3 1821/3111/3
f 1842/3114/2 1840/5183/2 1837/5184/2
f 1837/5184/2 1841/3112/2 1842/3114/2
f 1823/3117/1 1822/5185/1 1825/3115/1
f 1822/5185/1 1856/5186/1 1858/5187/1
f 1825/3115/1 1822/5185/1 1858/5187/1
f 1871/3118/4 1828/5188/4 1827/3119/4
f 1829/3121/1 1855/5189/1 1833/3122/1
f 1829/3126/4 1851/5190/4 1854/3124/4
f 1851/5190/4 1853/5191/4 1854/3124/4
f 1856/3127/1 1822/5192/1 1833/3128/1
f 1823/3132/1 1828/5193/1 1833/3130/1
f 1828/5193/1 1834/5194/1 1833/3130/1
f 1832/3125/3 1854/5195/3 1830/3133/3
f 1854/5195/3 1848/5196/3 1830/3133/3
f 1827/3135/1 1828/5188/1 1823/3136/1
f 1879/5197/5 1835/5198/5 1876/5199/5
f 1835/5198/5 1824/5200/5 1878/3139/5
f 1876/5199/5 1835/5198/5 1878/3139/5
f 1859/3140/5 1862/5201/5 1863/3138/5
f 1824/5200/5 1859/3140/5 1878/3139/5
f 1824/3143/1 1835/5202/1 1826/5203/1
f 1835/5202/1 1836/5204/1 1827/5205/1
f 1824/3143/1 1826/5203/1 1825/3141/1
f 1827/5205/1 1826/5203/1 1835/5202/1
f 1835/5206/5 1879/3145/5 1836/3144/5
f 1879/3145/5 1873/5207/5 1874/3146/5
f 1869/3147/4 1834/5194/4 1828/3148/4
f 1860/3152/2 1864/5208/2 1862/3150/2
f 1864/5208/2 1861/5209/2 1862/3150/2
f 1838/3155/3 1844/5210/3 1845/3153/3
f 1845/3153/3 1839/3186/3 1840/3154/3
f 1840/3154/3 1842/5211/3 1838/3155/3
f 1842/3156/3 1819/5212/3 1843/3157/3
f 1838/3159/3 1843/5213/3 1846/3160/3
f 1857/3164/3 1850/5214/3 1844/3162/3
f 1850/5214/3 1847/3191/3 1845/3190/3
f 1844/3162/3 1850/5214/3 1845/3190/3
f 1850/3165/3 1857/5215/3 1830/3166/3
f 1851/3168/6 1849/5216/6 1852/3169/6
f 1856/3173/1 1855/5217/1 1831/5218/1
f 1855/5217/1 1829/5219/1 1831/5218/1
f 1829/5219/1 1832/5220/1 1831/5218/1
f 1831/5218/1 1821/3171/1 1856/3173/1
f 1877/5221/5 1866/3175/5 1867/3174/5
f 1866/3175/5 1861/5222/5 1865/3176/5
f 1878/5223/5 1877/3178/5 1876/3177/5
f 1877/3178/5 1867/5224/5 1880/3179/5
f 1837/3180/2 1864/5225/2 1860/3181/2
f 1866/3183/5 1863/5226/5 1862/3184/5
f 1861/5227/2 1864/3188/2 1865/3187/2
f 1864/3188/2 1837/5228/2 1839/3186/2
f 1837/5228/2 1840/3154/2 1839/3186/2
f 1880/3189/6 1867/5229/6 1845/3190/6
f 1873/3192/5 1879/5230/5 1876/3193/5
f 1865/3195/6 1839/3186/6 1845/3153/6
f 1869/3197/6 1868/5231/6 1849/3198/6
f 1851/3199/4 1829/3121/4 1834/3200/4
f 1875/3202/6 1872/5232/6 1870/3203/6
f 1868/3204/6 1870/5233/6 1880/5234/6
f 1870/5233/6 1872/5235/6 1880/5234/6
f 1872/5235/6 1873/5236/6 1880/5234/6
f 1880/5234/6 1847/3205/6 1868/3204/6
f 1847/3205/6 1852/5237/6 1849/3206/6
f 1875/3207/4 1827/5205/4 1836/3144/4
f 1874/3208/6 1873/5238/6 1872/3209/6
f 1870/3211/6 1868/5239/6 1869/3147/6
f 1877/3213/5 1878/5240/5 1863/3214/5
f 1854/3124/3 1853/5191/3 1852/3216/3
f 1852/3216/3 1847/5241/3 1850/3217/3
f 1848/3218/3 1854/3124/3 1852/3216/3
f 1792/3034/2 1779/3033/2 1778/3219/2
f 1778/3219/2 1786/5160/2 1788/5159/2
f 1785/3039/2 1783/3050/2 1792/3034/2
f 1778/3219/2 1788/5159/2 1785/3039/2
f 1881/3220/4 1900/5242/4 1882/3221/4
f 1895/5243/3 1889/3224/3 1893/3223/3
f 1889/3224/3 1891/5244/3 1890/3225/3
f 1888/5245/5 1887/3227/5 1886/3226/5
f 1887/3227/5 1882/5246/5 1883/3228/5
f 1884/3229/5 1883/5247/5 1882/3230/5
f 1887/3232/4 1888/5248/4 1902/3233/4
f 1904/3235/6 1890/5249/6 1891/3236/6
f 1898/3240/4 1885/3250/4 1900/3238/4
f 1885/3250/4 1882/5250/4 1900/3238/4
f 1898/5251/1 1899/3242/1 1905/3241/1
f 1899/3242/1 1896/5252/1 1894/3243/1
f 1895/3244/4 1896/3248/4 1899/3245/4
f 1895/3244/3 1893/5253/3 1894/3247/3
f 1905/3249/1 1884/5254/1 1885/3250/1
f 1892/3251/4 1899/5255/4 1898/3252/4
f 1901/3256/4 1891/3236/4 1903/5256/4
f 1891/3236/4 1889/5257/4 1903/5256/4
f 1903/5256/4 1881/3254/4 1901/3256/4
f 1903/3257/4 1889/3224/4 1895/3258/4
f 1901/5258/6 1902/3261/6 1904/3260/6
f 1902/3261/6 1888/5248/6 1886/3262/6
f 1906/3263/2 1912/5259/2 1907/3264/2
f 1916/5260/3 1914/3267/3 1915/3266/3
f 1914/3267/3 1920/5261/3 1918/3268/3
f 1907/5262/5 1912/3270/5 1908/3269/5
f 1912/3270/5 1913/5263/5 1911/3271/5
f 1907/3272/5 1908/5264/5 1909/3273/5
f 1927/3275/2 1913/5265/2 1912/3276/2
f 1916/3278/6 1915/5266/6 1929/3279/6
f 1907/5267/2 1910/3292/2 1925/3283/2
f 1910/3292/2 1923/3281/2 1925/3283/2
f 1921/5268/1 1924/3285/1 1919/3284/1
f 1924/3285/1 1923/5269/1 1930/3286/1
f 1924/3287/2 1921/5270/2 1920/3288/2
f 1920/3288/3 1921/5270/3 1919/3290/3
f 1910/3292/1 1909/5271/1 1930/3293/1
f 1923/3294/2 1924/5272/2 1917/3295/2
f 1914/5273/2 1916/3278/2 1928/3298/2
f 1916/3278/2 1926/3299/2 1928/3298/2
f 1926/3299/2 1927/5274/2 1906/3297/2
f 1920/3300/2 1914/3267/2 1928/3301/2
f 1913/5265/6 1927/3304/6 1911/3303/6
f 1927/3304/6 1926/5275/6 1929/3305/6
